specimen_id,strut_id,isolation_forest_anomaly,isolation_forest_anomaly_score,ct_severity_layer
0.5-1,0,False,-0.21172991189257734,supported
0.5-1,1,False,-0.23547364947943533,supported
0.5-1,2,False,-0.22447188722704958,supported
0.5-1,3,False,-0.2253545571371074,supported
0.5-1,4,False,-0.08985171658409208,watch
0.5-1,5,False,-0.01792762986944285,moderate
0.5-1,6,False,-0.31065700812884667,supported
0.5-1,7,False,-0.19437231885220974,supported
0.5-1,8,False,-0.263132078893262,supported
0.5-1,9,False,-0.11364494893649146,watch
0.5-1,10,True,0.01246079608137407,high
0.5-1,11,False,-0.28882024198653306,supported
0.5-1,12,False,-0.2925230892939719,supported
0.5-1,13,False,-0.24250324122579947,supported
0.5-1,14,False,-0.2561107347975409,supported
0.5-1,15,False,-0.23039202242867968,supported
0.5-1,16,False,-0.30579690606948323,supported
0.5-1,17,False,-0.25904575000481644,supported
0.5-1,18,False,-0.2941650011132825,supported
0.5-1,19,False,-0.22414239408584552,supported
0.5-1,20,False,-0.2678152144913078,supported
0.5-1,21,False,-0.3155097609323336,supported
0.5-1,22,False,-0.2915504980025031,supported
0.5-1,23,False,-0.23506153592485646,supported
0.5-1,24,False,-0.2403667678608276,supported
0.5-1,25,False,-0.22947942705089425,supported
0.5-1,26,False,-0.22854350055358885,supported
0.5-1,27,False,-0.22873589891387924,supported
0.5-1,28,False,-0.24580096989190403,supported
0.5-1,29,False,-0.2357171850955122,supported
0.5-1,30,False,-0.2988148352914579,supported
0.5-1,31,False,-0.31185866496936243,supported
0.5-1,32,False,-0.27332853260791,supported
0.5-1,33,False,-0.24574043661850015,supported
0.5-1,34,False,-0.304728436265496,supported
0.5-1,35,False,-0.3053962875539803,supported
0.5-1,36,False,-0.27928702132250216,supported
0.5-1,37,False,-0.26365779407702244,supported
0.5-1,38,False,-0.2748537470606836,supported
0.5-1,39,False,-0.23751515198521628,supported
0.5-1,40,False,-0.3078056111821361,supported
0.5-1,41,False,-0.24833126561043983,supported
0.5-1,42,False,-0.29008449060711017,supported
0.5-1,43,False,-0.24057457139723237,supported
0.5-1,44,False,-0.27368715618688033,supported
0.5-1,45,False,-0.29617800025916674,supported
0.5-1,46,False,-0.3057832331561166,supported
0.5-1,47,False,-0.2520631613652004,supported
0.5-1,48,False,-0.23350845758811395,supported
0.5-1,49,False,-0.23238627871412265,supported
0.5-1,50,False,-0.22877749073584935,supported
0.5-1,51,False,-0.23768459693737637,supported
0.5-1,52,False,-0.25937357344191053,supported
0.5-1,53,False,-0.2634112932743356,supported
0.5-1,54,False,-0.30273505007636936,supported
0.5-1,55,False,-0.30879922696743106,supported
0.5-1,56,False,-0.24625309770829001,supported
0.5-1,57,False,-0.25935268713836424,supported
0.5-1,58,False,-0.28144160569962573,supported
0.5-1,59,False,-0.3019188490707168,supported
0.5-1,60,False,-0.27873740842238237,supported
0.5-1,61,False,-0.27752843269369176,supported
0.5-1,62,False,-0.2740576210233963,supported
0.5-1,63,False,-0.24734430677638714,supported
0.5-1,64,False,-0.28973616013878944,supported
0.5-1,65,False,-0.24429959333322138,supported
0.5-1,66,False,-0.3048308730556652,supported
0.5-1,67,False,-0.23369463524281125,supported
0.5-1,68,False,-0.27234904097628293,supported
0.5-1,69,False,-0.29718992943786543,supported
0.5-1,70,False,-0.30765083270376803,supported
0.5-1,71,False,-0.28317998693646707,supported
0.5-1,72,False,-0.23020592474709195,supported
0.5-1,73,False,-0.22112225544274283,supported
0.5-1,74,False,-0.23997453175746164,supported
0.5-1,75,False,-0.22891061206770047,supported
0.5-1,76,False,-0.2756255093098089,supported
0.5-1,77,False,-0.2508085067664989,supported
0.5-1,78,False,-0.3020524172572502,supported
0.5-1,79,False,-0.3132740280078766,supported
0.5-1,80,False,-0.24368093082879871,supported
0.5-1,81,False,-0.16282211153560855,supported
0.5-1,82,False,-0.28579634069774995,supported
0.5-1,83,False,-0.31246172584640536,supported
0.5-1,84,False,-0.27715493525445356,supported
0.5-1,85,False,-0.3099690092984734,supported
0.5-1,86,False,-0.2633006764428017,supported
0.5-1,87,False,-0.22243014905942865,supported
0.5-1,88,False,-0.2829411374211476,supported
0.5-1,89,False,-0.24195095250822518,supported
0.5-1,90,False,-0.2752059026168299,supported
0.5-1,91,False,-0.25144191932967347,supported
0.5-1,92,False,-0.24908087950815583,supported
0.5-1,93,False,-0.2994734647309929,supported
0.5-1,94,False,-0.3087504888225461,supported
0.5-1,95,False,-0.2787514940082438,supported
0.5-1,96,False,-0.22392428541110476,supported
0.5-1,97,False,-0.20123521745813278,supported
0.5-1,98,False,-0.22099526904753242,supported
0.5-1,99,False,-0.22598845755677016,supported
0.5-1,100,False,-0.2716367873283033,supported
0.5-1,101,False,-0.27581626483584276,supported
0.5-1,102,False,-0.29517972073311466,supported
0.5-1,103,False,-0.3160036031837495,supported
0.5-1,104,False,-0.24156231427232172,supported
0.5-1,105,False,-0.29414604638350367,supported
0.5-1,106,False,-0.2983998622673672,supported
0.5-1,107,False,-0.3021609765817052,supported
0.5-1,108,False,-0.30884541430297285,supported
0.5-1,109,False,-0.3149840278629928,supported
0.5-1,110,False,-0.2578956082758313,supported
0.5-1,111,False,-0.22556715120932036,supported
0.5-1,112,False,-0.2804028759122126,supported
0.5-1,113,False,-0.2317715013658994,supported
0.5-1,114,False,-0.28141771902434054,supported
0.5-1,115,False,-0.24797356593004577,supported
0.5-1,116,False,-0.2068184639434122,supported
0.5-1,117,False,-0.30280607734850906,supported
0.5-1,118,False,-0.31123207765035,supported
0.5-1,119,False,-0.26314152186604645,supported
0.5-1,120,False,-0.20555505231101817,supported
0.5-1,121,False,-0.18596436089192114,supported
0.5-1,122,False,-0.2069167098839847,supported
0.5-1,123,False,-0.2032765339537807,supported
0.5-1,124,False,-0.2854941046036384,supported
0.5-1,125,False,-0.1478355034133203,watch
0.5-1,126,False,-0.2756130443054337,supported
0.5-1,127,False,-0.30369823483409797,supported
0.5-1,128,False,-0.24167135874203316,supported
0.5-1,129,False,-0.28864945909045353,supported
0.5-1,130,False,-0.29790165413526754,supported
0.5-1,131,False,-0.1901266733882152,supported
0.5-1,132,False,-0.2905298748720833,supported
0.5-1,133,False,-0.3118363059305046,supported
0.5-1,134,False,-0.14802029138902695,supported
0.5-1,135,False,-0.2060772973707462,supported
0.5-1,136,False,-0.24844901945143677,supported
0.5-1,137,False,-0.17603293029359712,supported
0.5-1,138,False,-0.2440710524632771,supported
0.5-1,139,False,-0.269395763518236,supported
0.5-1,140,False,-0.17650902599921858,supported
0.5-1,141,False,-0.24894931917658875,supported
0.5-1,142,False,-0.20722593690922703,supported
0.5-1,143,False,-0.282915327770873,supported
0.5-1,144,False,-0.17275829697167167,supported
0.5-1,145,False,-0.14519781541587884,supported
0.5-1,146,False,-0.1631469861567182,supported
0.5-1,147,False,-0.1709114927590879,supported
0.5-1,148,False,-0.29906265409880395,supported
0.5-1,149,False,-0.2735100761555403,supported
0.5-1,150,False,-0.2343598878826123,supported
0.5-1,151,False,-0.2895517982182978,supported
0.5-1,152,False,-0.19962982535583412,supported
0.5-1,153,False,-0.26279117922410394,supported
0.5-1,154,False,-0.24277713229016012,supported
0.5-1,155,False,-0.16306262222479861,supported
0.5-1,156,False,-0.21206658137187484,supported
0.5-1,157,False,-0.29111307289443467,supported
0.5-1,158,False,-0.15350167064097286,supported
0.5-1,159,False,-0.16739029903381142,supported
0.5-1,160,False,-0.2033352761537866,supported
0.5-1,161,False,-0.15365726491750298,supported
0.5-1,162,False,-0.1978893341474971,supported
0.5-1,163,False,-0.20175885213439598,supported
0.5-1,164,False,-0.15313227825028364,supported
0.5-1,165,False,-0.1777879163307291,supported
0.5-1,166,False,-0.18384990528679968,supported
0.5-1,167,False,-0.20653313691873987,supported
0.5-1,168,False,-0.13290632475934305,supported
0.5-1,169,False,-0.11339902583217143,supported
0.5-1,170,False,-0.1145980476178955,supported
0.5-1,171,False,-0.13588033548543288,supported
0.5-1,172,False,-0.29436396469098713,supported
0.5-1,173,False,-0.29851527450180654,supported
0.5-1,174,False,-0.2080900652305533,supported
0.5-1,175,False,-0.2123072468120023,supported
0.5-1,176,False,-0.18938627457315,supported
0.5-1,177,False,-0.220692739200181,supported
0.5-1,178,False,-0.09302445596756137,supported
0.5-1,179,False,-0.17501583098199647,supported
0.5-1,180,False,-0.19425076300500282,supported
0.5-1,181,False,-0.23687776430123825,supported
0.5-1,182,False,-0.15171634433563252,supported
0.5-1,183,False,-0.14834492569970614,supported
0.5-1,184,False,-0.19008713158832202,supported
0.5-1,185,False,-0.14718579550229516,supported
0.5-1,186,False,-0.1408968909419206,supported
0.5-1,187,False,-0.18785318192212952,supported
0.5-1,188,False,-0.14087462954079089,supported
0.5-1,189,False,-0.20875796460657248,supported
0.5-1,190,False,-0.21265802327966665,supported
0.5-1,191,False,-0.188954835369804,supported
0.5-1,192,False,-0.10988277621567177,supported
0.5-1,193,False,-0.12045270190235147,supported
0.5-1,194,False,-0.10190176225727465,supported
0.5-1,195,False,-0.08814066498048778,supported
0.5-1,196,False,-0.19891790404190918,supported
0.5-1,197,False,-0.19843505019452728,supported
0.5-1,198,False,-0.17389942973235328,supported
0.5-1,199,False,-0.213008647293087,supported
0.5-1,200,False,-0.15862901094408877,supported
0.5-1,201,False,-0.1626545505949908,supported
0.5-1,202,False,-0.16329661694573594,supported
0.5-1,203,False,-0.1443062903213641,supported
0.5-1,204,False,-0.21302930498860356,supported
0.5-1,205,False,-0.21215572584901043,supported
0.5-1,206,False,-0.14192149660288045,supported
0.5-1,207,False,-0.17466267023576887,supported
0.5-1,208,False,-0.17640110974292822,supported
0.5-1,209,False,-0.1958747357630013,supported
0.5-1,210,False,-0.11894190222241408,supported
0.5-1,211,False,-0.14074352415490243,supported
0.5-1,212,False,-0.20299256175410102,supported
0.5-1,213,False,-0.13738618739247555,supported
0.5-1,214,False,-0.14214414590009095,supported
0.5-1,215,False,-0.19756896641566102,supported
0.5-1,216,False,-0.12150955077078751,supported
0.5-1,217,False,-0.188499406048787,supported
0.5-1,218,False,-0.18975600836083734,supported
0.5-1,219,False,-0.1487259472728426,supported
0.5-1,220,False,-0.23288552180102495,supported
0.5-1,221,False,-0.21661324086742817,supported
0.5-1,222,False,-0.2224551428605246,supported
0.5-1,223,False,-0.22192795286922018,supported
0.5-1,224,False,-0.13033222551396806,watch
0.5-1,225,False,-0.039309739746291705,moderate
0.5-1,226,False,-0.1535743751556321,supported
0.5-1,227,False,-0.29441562947959343,supported
0.5-1,228,False,-0.3148813959674446,supported
0.5-1,229,False,-0.2760612160570814,supported
0.5-1,230,False,-0.19145998919092216,supported
0.5-1,231,False,-0.28713653716252696,supported
0.5-1,232,False,-0.24821588362055264,supported
0.5-1,233,False,-0.2751903472217119,supported
0.5-1,234,False,-0.24794112855976158,supported
0.5-1,235,False,-0.21575359740241995,supported
0.5-1,236,False,-0.31879871688620487,supported
0.5-1,237,False,-0.24943147919453773,supported
0.5-1,238,False,-0.29346866714878717,supported
0.5-1,239,False,-0.1569351068717889,watch
0.5-1,240,False,-0.2673173222225386,supported
0.5-1,241,False,-0.29318532441171397,supported
0.5-1,242,False,-0.2988669469559261,supported
0.5-1,243,False,-0.24649894638678854,supported
0.5-1,244,False,-0.24101233787867293,supported
0.5-1,245,False,-0.22110329433949794,supported
0.5-1,246,False,-0.21600797140183536,supported
0.5-1,247,False,-0.22549664861196145,supported
0.5-1,248,False,-0.25762720134569655,supported
0.5-1,249,False,-0.2408375636565251,supported
0.5-1,250,False,-0.29838794381305583,supported
0.5-1,251,False,-0.3074095067109652,supported
0.5-1,252,False,-0.30206597160303744,supported
0.5-1,253,False,-0.28022499611167795,supported
0.5-1,254,False,-0.30848625674630886,supported
0.5-1,255,False,-0.27421247827930206,supported
0.5-1,256,False,-0.2723061405599187,supported
0.5-1,257,False,-0.28656209046117465,supported
0.5-1,258,False,-0.2696176335158182,supported
0.5-1,259,False,-0.25012689080716993,supported
0.5-1,260,False,-0.3072923422526494,supported
0.5-1,261,False,-0.2580904058328518,supported
0.5-1,262,False,-0.3019289660344944,supported
0.5-1,263,False,-0.2237766557380209,watch
0.5-1,264,False,-0.2678487488445329,supported
0.5-1,265,False,-0.30947087306868837,supported
0.5-1,266,False,-0.30924284252577366,supported
0.5-1,267,False,-0.27687581154438234,supported
0.5-1,268,False,-0.22138142139655342,supported
0.5-1,269,False,-0.2230812000747195,supported
0.5-1,270,False,-0.23421709694157788,supported
0.5-1,271,False,-0.22117523049721016,supported
0.5-1,272,False,-0.28305494180194785,supported
0.5-1,273,False,-0.258367441334639,supported
0.5-1,274,False,-0.30227800110535863,supported
0.5-1,275,False,-0.31032196331174605,supported
0.5-1,276,False,-0.31181243841921086,supported
0.5-1,277,False,-0.2984872236479435,supported
0.5-1,278,False,-0.31346300992445647,supported
0.5-1,279,False,-0.2907804650061429,supported
0.5-1,280,False,-0.2979506470865297,supported
0.5-1,281,False,-0.2969202027926738,supported
0.5-1,282,False,-0.2687980070646436,supported
0.5-1,283,False,-0.2643089107991529,supported
0.5-1,284,False,-0.3190418339365199,supported
0.5-1,285,False,-0.25154920959062427,supported
0.5-1,286,False,-0.29470452670305114,supported
0.5-1,287,False,-0.24268502010935233,supported
0.5-1,288,False,-0.2625638053791408,supported
0.5-1,289,False,-0.3018493683619277,supported
0.5-1,290,False,-0.3056185128063237,supported
0.5-1,291,False,-0.2935558510372387,supported
0.5-1,292,False,-0.21942735509936206,supported
0.5-1,293,False,-0.20950593506129517,supported
0.5-1,294,False,-0.22527437953475904,supported
0.5-1,295,False,-0.20611709758333496,supported
0.5-1,296,False,-0.2863232563562165,supported
0.5-1,297,False,-0.2624438288405228,supported
0.5-1,298,False,-0.29336627972422386,supported
0.5-1,299,False,-0.3154918423941099,supported
0.5-1,300,False,-0.30713381220965374,supported
0.5-1,301,False,-0.28651005376308225,supported
0.5-1,302,False,-0.3041503032219517,supported
0.5-1,303,False,-0.321075808029564,supported
0.5-1,304,False,-0.3046053453976915,supported
0.5-1,305,False,-0.3070696162810741,supported
0.5-1,306,False,-0.2529629301871896,supported
0.5-1,307,False,-0.25902977070599204,supported
0.5-1,308,False,-0.29677498456595774,supported
0.5-1,309,False,-0.24727299456648844,supported
0.5-1,310,False,-0.29655619255339377,supported
0.5-1,311,False,-0.2694474329853375,supported
0.5-1,312,False,-0.272110838016371,supported
0.5-1,313,False,-0.30094329049373336,supported
0.5-1,314,False,-0.2976545514968549,supported
0.5-1,315,False,-0.294515594231751,supported
0.5-1,316,False,-0.22114127795608474,supported
0.5-1,317,False,-0.21032292072807485,supported
0.5-1,318,False,-0.2260064124752143,supported
0.5-1,319,False,-0.22208635694010925,supported
0.5-1,320,False,-0.29785929689920293,supported
0.5-1,321,False,-0.28690791915466357,supported
0.5-1,322,False,-0.2869676885508041,supported
0.5-1,323,False,-0.31618461897860617,supported
0.5-1,324,False,-0.29005621337837895,supported
0.5-1,325,False,-0.2973611165186953,supported
0.5-1,326,False,-0.28762577236645487,supported
0.5-1,327,False,-0.2552432301341196,supported
0.5-1,328,False,-0.3199646798476237,supported
0.5-1,329,False,-0.3053416720183119,supported
0.5-1,330,False,-0.24993062589309756,supported
0.5-1,331,False,-0.25295110922096253,supported
0.5-1,332,False,-0.2717323226974659,supported
0.5-1,333,False,-0.250135457173477,supported
0.5-1,334,False,-0.24392374119784893,supported
0.5-1,335,False,-0.2766816155498029,supported
0.5-1,336,False,-0.20433562374918196,supported
0.5-1,337,False,-0.29642657832725416,supported
0.5-1,338,False,-0.3016671884645415,supported
0.5-1,339,False,-0.2794931082432841,supported
0.5-1,340,False,-0.2174093464845896,supported
0.5-1,341,False,-0.2006381873914242,supported
0.5-1,342,False,-0.21433266614822272,supported
0.5-1,343,False,-0.21101938324728553,supported
0.5-1,344,False,-0.14029355121735887,supported
0.5-1,345,False,-0.25179568443742556,supported
0.5-1,346,False,-0.28079162194862417,supported
0.5-1,347,False,-0.2955811704384861,supported
0.5-1,348,False,-0.27840731137185676,supported
0.5-1,349,False,-0.2836904619764668,supported
0.5-1,350,False,-0.269970209494951,supported
0.5-1,351,False,-0.19671746375534632,supported
0.5-1,352,False,-0.2085743665838372,supported
0.5-1,353,False,-0.28485565594323603,supported
0.5-1,354,False,-0.13803366691625307,supported
0.5-1,355,False,-0.18255775917233552,supported
0.5-1,356,False,-0.24510856493535377,supported
0.5-1,357,False,-0.19575580237807494,supported
0.5-1,358,False,-0.22931411962072767,supported
0.5-1,359,False,-0.2989789443879857,supported
0.5-1,360,False,-0.16160366418720962,supported
0.5-1,361,False,-0.29094524655320503,supported
0.5-1,362,False,-0.20742127998079024,supported
0.5-1,363,False,-0.3001636801309441,supported
0.5-1,364,False,-0.19826862948738566,supported
0.5-1,365,False,-0.16594600120114067,supported
0.5-1,366,False,-0.176330946827834,supported
0.5-1,367,False,-0.1841257106289408,supported
0.5-1,368,False,-0.2655363448085643,supported
0.5-1,369,False,-0.2853894763721465,supported
0.5-1,370,False,-0.2683957564469928,supported
0.5-1,371,False,-0.20492810816971735,supported
0.5-1,372,False,-0.15492068758698907,supported
0.5-1,373,False,-0.25868671917592956,supported
0.5-1,374,False,-0.22395188151317147,supported
0.5-1,375,False,-0.19389324788485135,supported
0.5-1,376,False,-0.20346971029659927,supported
0.5-1,377,False,-0.25468817477699074,supported
0.5-1,378,False,-0.1610546448096688,supported
0.5-1,379,False,-0.11439116490384127,supported
0.5-1,380,False,-0.12408474681670256,supported
0.5-1,381,False,-0.15920009232792565,supported
0.5-1,382,False,-0.18877984644292617,supported
0.5-1,383,False,-0.24069547993995133,supported
0.5-1,384,False,-0.16067635868892893,supported
0.5-1,385,False,-0.18628676335357147,supported
0.5-1,386,False,-0.1951921383883392,supported
0.5-1,387,False,-0.27418515130782173,supported
0.5-1,388,False,-0.1397843621728858,supported
0.5-1,389,False,-0.10453041458453782,supported
0.5-1,390,False,-0.12014252766910649,supported
0.5-1,391,False,-0.14728397154835982,supported
0.5-1,392,False,-0.19433883692445697,supported
0.5-1,393,False,-0.19114295435531364,supported
0.5-1,394,False,-0.21712872923084298,supported
0.5-1,395,False,-0.21578757971671408,supported
0.5-1,396,False,-0.17357501258722863,supported
0.5-1,397,False,-0.1856041439388153,supported
0.5-1,398,False,-0.1629644620992805,supported
0.5-1,399,False,-0.18686466212017622,supported
0.5-1,400,False,-0.18528181741459715,supported
0.5-1,401,False,-0.21752442234429464,supported
0.5-1,402,False,-0.13872252600591373,supported
0.5-1,403,False,-0.14319005091561243,supported
0.5-1,404,False,-0.15950837146416297,supported
0.5-1,405,False,-0.13812594515106158,supported
0.5-1,406,False,-0.14522059313569913,supported
0.5-1,407,False,-0.19227957104413268,supported
0.5-1,408,False,-0.13680109027123666,supported
0.5-1,409,False,-0.19988606998768554,supported
0.5-1,410,False,-0.18792666302473893,supported
0.5-1,411,False,-0.17570404194436773,supported
0.5-1,412,False,-0.10455337972531853,supported
0.5-1,413,False,-0.08750306864064139,supported
0.5-1,414,False,-0.09196403506177742,supported
0.5-1,415,False,-0.09348212954621649,supported
0.5-1,416,False,-0.16211141266979134,supported
0.5-1,417,False,-0.15570765218202087,supported
0.5-1,418,False,-0.16192793712489295,supported
0.5-1,419,False,-0.20355648459639225,supported
0.5-1,420,False,-0.163407589275265,supported
0.5-1,421,False,-0.16184603991587954,supported
0.5-1,422,False,-0.17022693062748329,supported
0.5-1,423,False,-0.1323940262706813,supported
0.5-1,424,False,-0.17987034367056343,supported
0.5-1,425,False,-0.17344796322403078,supported
0.5-1,426,False,-0.1356616450383904,supported
0.5-1,427,False,-0.17935479143631594,supported
0.5-1,428,False,-0.18700181282376754,supported
0.5-1,429,False,-0.17046362970128048,supported
0.5-1,430,False,-0.10145648749138647,supported
0.5-1,431,False,-0.125427703820703,supported
0.5-1,432,False,-0.16225014909008972,supported
0.5-1,433,False,-0.12297873345695698,supported
0.5-1,434,False,-0.06900267310751496,supported
0.5-1,435,False,-0.1880904194069875,supported
0.5-1,436,False,-0.09708112177340911,supported
0.5-1,437,False,-0.16329160068839677,supported
0.5-1,438,False,-0.1617263669747837,supported
0.5-1,439,False,-0.14181104717942528,supported
0.5-1,440,False,-0.23610640293874774,supported
0.5-1,441,False,-0.21909176747185355,supported
0.5-1,442,False,-0.21775517765780605,supported
0.5-1,443,False,-0.21000592873049345,supported
0.5-1,444,False,-0.019518646187906774,moderate
0.5-1,445,False,-0.06007800301564259,moderate
0.5-1,446,False,-0.13352729196473678,supported
0.5-1,447,False,-0.2744728488613235,supported
0.5-1,448,False,-0.31997607549664625,supported
0.5-1,449,False,-0.23696150742781158,supported
0.5-1,450,False,-0.22492415746603384,supported
0.5-1,451,False,-0.26126367932972816,supported
0.5-1,452,False,-0.2565330153392566,supported
0.5-1,453,False,-0.26515587824771236,supported
0.5-1,454,False,-0.25853061537416366,supported
0.5-1,455,False,-0.23017005748740632,supported
0.5-1,456,False,-0.3195814285651162,supported
0.5-1,457,False,-0.24652133506405738,supported
0.5-1,458,False,-0.25418463111206085,supported
0.5-1,459,False,-0.25616723217625864,supported
0.5-1,460,False,-0.18102127177471583,supported
0.5-1,461,False,-0.28947674954431024,supported
0.5-1,462,False,-0.3023054260306797,supported
0.5-1,463,False,-0.2477259243135389,supported
0.5-1,464,False,-0.22237792820194563,supported
0.5-1,465,False,-0.204642527392486,supported
0.5-1,466,False,-0.224766845077345,supported
0.5-1,467,False,-0.21228945681907274,supported
0.5-1,468,False,-0.24991371821984626,supported
0.5-1,469,False,-0.24129076685125428,supported
0.5-1,470,False,-0.28847977888036425,supported
0.5-1,471,False,-0.30018806404846043,supported
0.5-1,472,False,-0.3093609682762035,supported
0.5-1,473,False,-0.25807852094439876,supported
0.5-1,474,False,-0.3103262836235846,supported
0.5-1,475,False,-0.11856802726762927,supported
0.5-1,476,False,-0.27101018233379554,supported
0.5-1,477,False,-0.27091142485210945,supported
0.5-1,478,False,-0.25471021192442467,supported
0.5-1,479,False,-0.2568493944626947,supported
0.5-1,480,False,-0.3168767571043631,supported
0.5-1,481,False,-0.25229389739333313,supported
0.5-1,482,False,-0.28972099070117147,supported
0.5-1,483,False,-0.2556623589447004,supported
0.5-1,484,False,-0.26113807424739865,supported
0.5-1,485,False,-0.2913127000150246,supported
0.5-1,486,False,-0.3079297058831773,supported
0.5-1,487,False,-0.2925856312030854,supported
0.5-1,488,False,-0.22850944157080172,supported
0.5-1,489,False,-0.22247097248712472,supported
0.5-1,490,False,-0.22782626871323225,supported
0.5-1,491,False,-0.21889779030758527,supported
0.5-1,492,False,-0.2940874639235414,supported
0.5-1,493,False,-0.2791055341701902,supported
0.5-1,494,False,-0.2951924723998287,supported
0.5-1,495,False,-0.3133337839290489,supported
0.5-1,496,False,-0.2972092165290566,supported
0.5-1,497,False,-0.1085579293197586,supported
0.5-1,498,False,-0.3195761409904913,supported
0.5-1,499,False,-0.30308860999880555,supported
0.5-1,500,False,-0.2665368239122757,supported
0.5-1,501,False,-0.27768061349025613,supported
0.5-1,502,False,-0.1527566948046818,supported
0.5-1,503,False,-0.26414192305688994,supported
0.5-1,504,False,-0.30176890030873715,supported
0.5-1,505,False,-0.21485344827066555,supported
0.5-1,506,False,-0.3126856956823836,supported
0.5-1,507,False,-0.2707688677999679,supported
0.5-1,508,False,-0.262358309780728,supported
0.5-1,509,False,-0.2941660212589792,supported
0.5-1,510,False,-0.31225478874309054,supported
0.5-1,511,False,-0.3024706496338386,supported
0.5-1,512,False,-0.2192172151171587,supported
0.5-1,513,False,-0.21667213345891,supported
0.5-1,514,False,-0.2312291078995104,supported
0.5-1,515,False,-0.21637312160629557,supported
0.5-1,516,False,-0.2834994999546942,supported
0.5-1,517,False,-0.26715770996854427,supported
0.5-1,518,False,-0.29509816102422115,supported
0.5-1,519,False,-0.3078890842903727,supported
0.5-1,520,False,-0.3047639688332745,supported
0.5-1,521,False,-0.30674892752826005,supported
0.5-1,522,False,-0.3064963990486743,supported
0.5-1,523,False,-0.23049325949583788,supported
0.5-1,524,False,-0.3085570443121945,supported
0.5-1,525,False,-0.270993130939339,supported
0.5-1,526,False,-0.2731364753879228,supported
0.5-1,527,False,-0.2512987471360286,supported
0.5-1,528,False,-0.3098814839621489,supported
0.5-1,529,False,-0.2595373824988915,supported
0.5-1,530,False,-0.31431922091693587,supported
0.5-1,531,False,-0.2791317230703553,supported
0.5-1,532,False,-0.2562061851427675,supported
0.5-1,533,False,-0.298656664503703,supported
0.5-1,534,False,-0.3088123554624233,supported
0.5-1,535,False,-0.30154031515103397,supported
0.5-1,536,False,-0.23227727550142918,supported
0.5-1,537,False,-0.2158443460847967,supported
0.5-1,538,False,-0.23171734771687097,supported
0.5-1,539,False,-0.21738378131865344,supported
0.5-1,540,False,-0.29994186122230815,supported
0.5-1,541,False,-0.2907118783850273,supported
0.5-1,542,False,-0.29076882539813764,supported
0.5-1,543,False,-0.3034472631364088,supported
0.5-1,544,False,-0.2907719356458984,supported
0.5-1,545,False,-0.29543634083795445,supported
0.5-1,546,False,-0.2727094572376025,supported
0.5-1,547,False,-0.3119890635129688,supported
0.5-1,548,False,-0.3071302067518242,supported
0.5-1,549,False,-0.2949203774428552,supported
0.5-1,550,False,-0.2522792856575404,supported
0.5-1,551,False,-0.260243015877743,supported
0.5-1,552,False,-0.31145491979110346,supported
0.5-1,553,False,-0.19927838667124875,supported
0.5-1,554,False,-0.2741293738933389,supported
0.5-1,555,False,-0.2759545783986828,supported
0.5-1,556,False,-0.203377266260113,supported
0.5-1,557,False,-0.29412959439024894,supported
0.5-1,558,False,-0.3022968320166363,supported
0.5-1,559,False,-0.29415650160251433,supported
0.5-1,560,False,-0.22346306806842947,supported
0.5-1,561,False,-0.19646460344424638,supported
0.5-1,562,False,-0.20829550751228737,supported
0.5-1,563,False,-0.21193504604929309,supported
0.5-1,564,False,-0.28905404214816866,supported
0.5-1,565,False,-0.2525146677115157,supported
0.5-1,566,False,-0.21355884562702915,supported
0.5-1,567,False,-0.3043638084648886,supported
0.5-1,568,False,-0.25305060102508353,supported
0.5-1,569,False,-0.23428361005520426,supported
0.5-1,570,False,-0.26391384669885803,supported
0.5-1,571,False,-0.24355581175370727,supported
0.5-1,572,False,-0.21468556686943335,supported
0.5-1,573,False,-0.3004958682751031,supported
0.5-1,574,False,-0.14975189925191945,supported
0.5-1,575,False,-0.17324088091299206,supported
0.5-1,576,False,-0.2792439578361439,supported
0.5-1,577,False,-0.15282093573441347,supported
0.5-1,578,False,-0.23623939468922406,supported
0.5-1,579,False,-0.28132880547660727,supported
0.5-1,580,False,-0.15218115038758162,supported
0.5-1,581,False,-0.2787752961812815,supported
0.5-1,582,False,-0.17930003917095538,supported
0.5-1,583,False,-0.301269066122643,supported
0.5-1,584,False,-0.1958141931221829,supported
0.5-1,585,False,-0.1660398932266397,supported
0.5-1,586,False,-0.1782655904939645,supported
0.5-1,587,False,-0.18347513515201785,supported
0.5-1,588,False,-0.26656900464444133,supported
0.5-1,589,False,-0.301631753349631,supported
0.5-1,590,False,-0.21999757519111873,supported
0.5-1,591,False,-0.27022972922229405,supported
0.5-1,592,False,-0.1287460154478759,supported
0.5-1,593,False,-0.2460647312250328,supported
0.5-1,594,False,-0.21105986486078487,supported
0.5-1,595,False,-0.2000245271425043,supported
0.5-1,596,False,-0.20086734010675983,supported
0.5-1,597,False,-0.2680541728074161,supported
0.5-1,598,False,-0.16214561066878175,supported
0.5-1,599,False,-0.13038461909274213,supported
0.5-1,600,False,-0.18425023503769955,supported
0.5-1,601,False,-0.14350315101754862,supported
0.5-1,602,False,-0.19447544774708575,supported
0.5-1,603,False,-0.21362966318227888,supported
0.5-1,604,False,-0.15916467289821234,supported
0.5-1,605,False,-0.14967488028856124,supported
0.5-1,606,False,-0.20842707711976433,supported
0.5-1,607,False,-0.2031512621396926,supported
0.5-1,608,False,-0.14517543816167422,supported
0.5-1,609,False,-0.10914378306550898,supported
0.5-1,610,False,-0.11036893992245944,supported
0.5-1,611,False,-0.1408665348245054,supported
0.5-1,612,False,-0.19325743395771228,supported
0.5-1,613,False,-0.27524652510929903,supported
0.5-1,614,False,-0.20958130261539587,supported
0.5-1,615,False,-0.21666882915881353,supported
0.5-1,616,False,-0.18296662965637633,supported
0.5-1,617,False,-0.16854686466493674,supported
0.5-1,618,False,-0.1446324290146379,supported
0.5-1,619,False,-0.19720774799815677,supported
0.5-1,620,False,-0.18769297310149402,supported
0.5-1,621,False,-0.21985927240329856,supported
0.5-1,622,False,-0.12894863818498803,supported
0.5-1,623,False,-0.14667915751576022,supported
0.5-1,624,False,-0.17198454709005628,supported
0.5-1,625,False,-0.13175806150783875,supported
0.5-1,626,False,-0.1391704499697367,supported
0.5-1,627,False,-0.21367822365225148,supported
0.5-1,628,False,-0.12991423286686388,supported
0.5-1,629,False,-0.19524155586702752,supported
0.5-1,630,False,-0.19036807681863155,supported
0.5-1,631,False,-0.1758338675756307,supported
0.5-1,632,False,-0.10806714340275125,supported
0.5-1,633,False,-0.08066624617352736,supported
0.5-1,634,False,-0.0862312128769297,supported
0.5-1,635,False,-0.0834420473964349,supported
0.5-1,636,False,-0.1470470368808946,supported
0.5-1,637,False,-0.1869520765581243,supported
0.5-1,638,False,-0.18611364647357487,supported
0.5-1,639,False,-0.18486081886509675,supported
0.5-1,640,False,-0.16992630423448674,supported
0.5-1,641,False,-0.16460177098088835,supported
0.5-1,642,False,-0.15037461118602158,supported
0.5-1,643,False,-0.137434802677331,supported
0.5-1,644,False,-0.17136411429708232,supported
0.5-1,645,False,-0.16434183595904472,supported
0.5-1,646,False,-0.12821874913407416,supported
0.5-1,647,False,-0.16835453517790977,supported
0.5-1,648,False,-0.1837946751774825,supported
0.5-1,649,False,-0.1620250873851532,supported
0.5-1,650,False,-0.09034401450094842,supported
0.5-1,651,False,-0.14432554946668996,supported
0.5-1,652,False,-0.15808481711780498,supported
0.5-1,653,False,-0.11976945285833762,supported
0.5-1,654,False,-0.11416699601140246,supported
0.5-1,655,False,-0.18558014734364014,supported
0.5-1,656,False,-0.08182452837989929,supported
0.5-1,657,False,-0.16029723297554077,supported
0.5-1,658,False,-0.1710791316688235,supported
0.5-1,659,False,-0.13119098721453792,supported
0.5-1,660,False,-0.2211422414835728,supported
0.5-1,661,False,-0.22149307131196344,supported
0.5-1,662,False,-0.22986551139320344,supported
0.5-1,663,False,-0.20936643787035003,supported
0.5-1,664,False,-0.006048522861246575,moderate
0.5-1,665,False,-0.02309063108452103,moderate
0.5-1,666,False,-0.13692088536198022,supported
0.5-1,667,False,-0.2974799615057281,supported
0.5-1,668,False,-0.31290995326441273,supported
0.5-1,669,False,-0.26349283578845795,supported
0.5-1,670,False,-0.20996601904038836,supported
0.5-1,671,False,-0.2759923462730073,supported
0.5-1,672,False,-0.260092564498157,supported
0.5-1,673,False,-0.02861114784626706,moderate
0.5-1,674,False,-0.2596789757251148,supported
0.5-1,675,False,-0.2312859343137288,supported
0.5-1,676,False,-0.3184580319409682,supported
0.5-1,677,False,-0.24708423350185615,supported
0.5-1,678,False,-0.20619284509375785,supported
0.5-1,679,False,-0.2619403574524192,supported
0.5-1,680,False,-0.2057171757999804,supported
0.5-1,681,False,-0.23848598664247522,supported
0.5-1,682,False,-0.2917719620583777,supported
0.5-1,683,False,-0.07708110063804474,watch
0.5-1,684,False,-0.22434398294304408,supported
0.5-1,685,False,-0.21741501938274443,supported
0.5-1,686,False,-0.2133664560651638,supported
0.5-1,687,False,-0.2195541346745048,supported
0.5-1,688,False,-0.23867769384960813,supported
0.5-1,689,False,-0.2637870849549126,supported
0.5-1,690,False,-0.2767773895392425,supported
0.5-1,691,False,-0.289500196624474,supported
0.5-1,692,False,-0.3036890212958287,supported
0.5-1,693,False,-0.23328164701695348,supported
0.5-1,694,False,-0.28875851065651786,supported
0.5-1,695,False,-0.27858189920425697,supported
0.5-1,696,False,-0.27714091372476524,supported
0.5-1,697,False,-0.24171338207263932,supported
0.5-1,698,False,-0.2621228944515964,supported
0.5-1,699,False,-0.2079813541046952,supported
0.5-1,700,False,-0.3192861125469185,supported
0.5-1,701,False,-0.25658270558060814,supported
0.5-1,702,False,-0.31544891721963864,supported
0.5-1,703,False,-0.2651990789274382,supported
0.5-1,704,False,-0.25008497383216854,supported
0.5-1,705,False,-0.3011240019398606,supported
0.5-1,706,False,-0.3074465269428826,supported
0.5-1,707,False,-0.23854670403992118,supported
0.5-1,708,False,-0.21902372930761443,supported
0.5-1,709,False,-0.2028739445386772,supported
0.5-1,710,False,-0.2113402539070423,supported
0.5-1,711,False,-0.21184332415307222,supported
0.5-1,712,False,-0.3012778207605578,supported
0.5-1,713,False,-0.2856868285467332,supported
0.5-1,714,False,-0.3087962320258258,supported
0.5-1,715,False,-0.31298684583194686,supported
0.5-1,716,False,-0.3161300404193039,supported
0.5-1,717,False,-0.2957334495220045,supported
0.5-1,718,False,-0.29816768797008,supported
0.5-1,719,False,-0.3138155881638778,supported
0.5-1,720,False,-0.2932785122579374,supported
0.5-1,721,False,-0.27735260675594275,supported
0.5-1,722,False,-0.2485124136006832,supported
0.5-1,723,False,-0.2101988812845938,supported
0.5-1,724,False,-0.31059890980333726,supported
0.5-1,725,False,-0.20956922654846588,supported
0.5-1,726,False,-0.29685088971219586,supported
0.5-1,727,False,-0.28226975199071047,supported
0.5-1,728,False,-0.17693801321454516,supported
0.5-1,729,False,-0.30086469212127626,supported
0.5-1,730,False,-0.29706249875289453,supported
0.5-1,731,False,-0.3011969273928348,supported
0.5-1,732,False,-0.20824629791508187,supported
0.5-1,733,False,-0.21557125094472707,supported
0.5-1,734,False,-0.21912842718899106,supported
0.5-1,735,False,-0.20734739647700084,supported
0.5-1,736,False,-0.2976601910331486,supported
0.5-1,737,False,-0.2798663789758386,supported
0.5-1,738,False,-0.2984875358013438,supported
0.5-1,739,False,-0.3078330300245264,supported
0.5-1,740,False,-0.31220004718958766,supported
0.5-1,741,False,-0.3092814748176787,supported
0.5-1,742,False,-0.31091616846569037,supported
0.5-1,743,False,-0.3137561751153855,supported
0.5-1,744,False,-0.29213256963811574,supported
0.5-1,745,False,-0.2976463885478219,supported
0.5-1,746,False,-0.15267924353490137,supported
0.5-1,747,False,-0.21214871730036922,supported
0.5-1,748,False,-0.31401551646284265,supported
0.5-1,749,False,-0.21515457196082888,supported
0.5-1,750,False,-0.3031880374871464,supported
0.5-1,751,False,-0.29453939471893376,supported
0.5-1,752,False,-0.12854434093402523,supported
0.5-1,753,False,-0.3068302608996742,supported
0.5-1,754,False,-0.3139825885479603,supported
0.5-1,755,False,-0.3015891096096524,supported
0.5-1,756,False,-0.21745509036421146,supported
0.5-1,757,False,-0.21123621121127556,supported
0.5-1,758,False,-0.23574960258475663,supported
0.5-1,759,False,-0.225098381253309,supported
0.5-1,760,False,-0.29633341178506906,supported
0.5-1,761,False,-0.28849157958389765,supported
0.5-1,762,False,-0.2929465082645398,supported
0.5-1,763,False,-0.3092711439549173,supported
0.5-1,764,False,-0.2848361341810322,supported
0.5-1,765,False,-0.2715595015833421,supported
0.5-1,766,False,-0.3000436655631357,supported
0.5-1,767,False,-0.20198401097770735,supported
0.5-1,768,False,-0.321416458469754,supported
0.5-1,769,False,-0.3066374415516526,supported
0.5-1,770,False,-0.13840628246509945,supported
0.5-1,771,False,-0.16707044510950497,supported
0.5-1,772,False,-0.2952509848062642,supported
0.5-1,773,False,-0.16631738038626265,supported
0.5-1,774,False,-0.26862498988049655,supported
0.5-1,775,False,-0.28876926655092977,supported
0.5-1,776,False,-0.19582977816011715,supported
0.5-1,777,False,-0.28650854696266365,supported
0.5-1,778,False,-0.312260776175485,supported
0.5-1,779,False,-0.2948819715338117,supported
0.5-1,780,False,-0.21279330994239115,supported
0.5-1,781,False,-0.21758777449132038,supported
0.5-1,782,False,-0.2066416829847582,supported
0.5-1,783,False,-0.20784990784345359,supported
0.5-1,784,False,-0.3089188591292124,supported
0.5-1,785,False,-0.2778208072005261,supported
0.5-1,786,False,-0.26671727555683145,supported
0.5-1,787,False,-0.2936321602541556,supported
0.5-1,788,False,-0.26296266428523535,supported
0.5-1,789,False,-0.22745147506876806,supported
0.5-1,790,False,-0.2629592843296331,supported
0.5-1,791,False,-0.17137690733408462,supported
0.5-1,792,False,-0.09612423151503624,supported
0.5-1,793,False,-0.3016347388176159,supported
0.5-1,794,False,-0.15091845916243285,supported
0.5-1,795,False,-0.18852765691354328,supported
0.5-1,796,False,-0.2559889403034978,supported
0.5-1,797,False,-0.16068300880850983,supported
0.5-1,798,False,-0.21670937986479377,supported
0.5-1,799,False,-0.30197817744530187,supported
0.5-1,800,False,-0.1528606026215924,supported
0.5-1,801,False,-0.2514189237003033,supported
0.5-1,802,False,-0.29402251033937293,supported
0.5-1,803,False,-0.30179089416975374,supported
0.5-1,804,False,-0.19444051648846294,supported
0.5-1,805,False,-0.17272548568828316,supported
0.5-1,806,False,-0.171221317930349,supported
0.5-1,807,False,-0.18785960111465078,supported
0.5-1,808,False,-0.24658281722704212,supported
0.5-1,809,False,-0.2946942478942067,supported
0.5-1,810,False,-0.18238137729406412,supported
0.5-1,811,False,-0.21326500317812092,supported
0.5-1,812,False,-0.201540329410765,supported
0.5-1,813,False,-0.14905567215814342,supported
0.5-1,814,False,-0.22254385622879952,supported
0.5-1,815,False,-0.16957634862405713,supported
0.5-1,816,False,-0.20774328787041574,supported
0.5-1,817,False,-0.2611566677110042,supported
0.5-1,818,False,-0.1580368420924333,supported
0.5-1,819,False,-0.13561279839596196,supported
0.5-1,820,False,-0.1863296038872581,supported
0.5-1,821,False,-0.160237723884591,supported
0.5-1,822,False,-0.18714369550915538,supported
0.5-1,823,False,-0.28628080295598324,supported
0.5-1,824,False,-0.15672742518668592,supported
0.5-1,825,False,-0.1928040924940938,supported
0.5-1,826,False,-0.1860689046118374,supported
0.5-1,827,False,-0.27011054504812854,supported
0.5-1,828,False,-0.14874121962880515,supported
0.5-1,829,False,-0.10524274067038575,supported
0.5-1,830,False,-0.12404936107077491,supported
0.5-1,831,False,-0.13862740275849605,supported
0.5-1,832,False,-0.18746897938169133,supported
0.5-1,833,False,-0.2749108941156956,supported
0.5-1,834,False,-0.1982821798433091,supported
0.5-1,835,False,-0.18868050005454495,supported
0.5-1,836,False,-0.1885987870729222,supported
0.5-1,837,False,-0.1563885611237812,supported
0.5-1,838,False,-0.1616431176186265,supported
0.5-1,839,False,-0.1827606848376625,supported
0.5-1,840,False,-0.18796491637210955,supported
0.5-1,841,False,-0.20530973248793472,supported
0.5-1,842,False,-0.1361721635977733,supported
0.5-1,843,False,-0.13423363380174513,supported
0.5-1,844,False,-0.177777776356963,supported
0.5-1,845,False,-0.1402217996960312,supported
0.5-1,846,False,-0.08079203581877181,supported
0.5-1,847,False,-0.23897985089563373,supported
0.5-1,848,False,-0.11356262642923365,supported
0.5-1,849,False,-0.2016436422345914,supported
0.5-1,850,False,-0.17722963870726416,supported
0.5-1,851,False,-0.1873438414398681,supported
0.5-1,852,False,-0.1073222994477866,supported
0.5-1,853,False,-0.07675549527151437,supported
0.5-1,854,False,-0.08333575636429169,supported
0.5-1,855,False,-0.09629723119413613,supported
0.5-1,856,False,-0.14911693134542792,supported
0.5-1,857,False,-0.18400567216616515,supported
0.5-1,858,False,-0.1856902816008592,supported
0.5-1,859,False,-0.1464034203878134,supported
0.5-1,860,False,-0.16748418200698267,supported
0.5-1,861,False,-0.17174537483917884,supported
0.5-1,862,False,-0.13952512146515217,supported
0.5-1,863,False,-0.13717080834854,supported
0.5-1,864,False,-0.17982087354183163,supported
0.5-1,865,False,-0.1614465018384298,supported
0.5-1,866,False,-0.11483283292161683,supported
0.5-1,867,False,-0.168687970785944,supported
0.5-1,868,False,-0.18108743616530143,supported
0.5-1,869,False,-0.1606644477160959,supported
0.5-1,870,False,-0.08611505658478169,supported
0.5-1,871,False,-0.1281353794243768,supported
0.5-1,872,False,-0.1495565448101449,supported
0.5-1,873,False,-0.12140667014517836,supported
0.5-1,874,False,-0.08542593015387367,supported
0.5-1,875,False,-0.17954117698286387,supported
0.5-1,876,False,-0.07916037879415949,supported
0.5-1,877,False,-0.15249118928036565,supported
0.5-1,878,False,-0.1318402772689099,supported
0.5-1,879,False,-0.13615419801586004,supported
0.5-1,880,False,-0.2247134217782047,supported
0.5-1,881,False,-0.2303825921401813,supported
0.5-1,882,False,-0.2230180391470114,supported
0.5-1,883,False,-0.20235882475423966,supported
0.5-1,884,True,0.006863966816020084,moderate
0.5-1,885,False,-0.024458963403668155,moderate
0.5-1,886,False,-0.12487233798165465,watch
0.5-1,887,False,-0.2948866257803907,supported
0.5-1,888,False,-0.3138714561627732,supported
0.5-1,889,False,-0.08891130381027401,watch
0.5-1,890,False,-0.21722060866047677,supported
0.5-1,891,False,-0.27886962239629265,supported
0.5-1,892,False,-0.24541012374602866,supported
0.5-1,893,False,-0.042982884338888194,watch
0.5-1,894,False,-0.2102437390009279,supported
0.5-1,895,False,-0.224611207717702,supported
0.5-1,896,False,-0.31977018622664855,supported
0.5-1,897,False,-0.23596275688792195,supported
0.5-1,898,False,-0.20411370821820557,supported
0.5-1,899,False,-0.24831323338649725,supported
0.5-1,900,False,-0.19749083995625244,supported
0.5-1,901,False,-0.20389018686989868,supported
0.5-1,902,False,-0.28547264642438064,supported
0.5-1,903,False,-0.07754409131340001,watch
0.5-1,904,False,-0.22339566525027227,supported
0.5-1,905,False,-0.21303922788133767,supported
0.5-1,906,False,-0.2155889278433663,supported
0.5-1,907,False,-0.22961336109663322,supported
0.5-1,908,False,-0.10771277520578593,watch
0.5-1,909,False,-0.24389663738379896,supported
0.5-1,910,False,-0.28388719635717063,supported
0.5-1,911,False,-0.3015823996227738,supported
0.5-1,912,False,-0.31251167533173263,supported
0.5-1,913,False,-0.11926780907987733,watch
0.5-1,914,False,-0.3026082018059348,supported
0.5-1,915,False,-0.27520581013773904,supported
0.5-1,916,False,-0.27535393260367313,supported
0.5-1,917,False,-0.23709482728018777,supported
0.5-1,918,False,-0.24924260571324264,supported
0.5-1,919,False,-0.2505309565730876,supported
0.5-1,920,False,-0.30340184946397025,supported
0.5-1,921,False,-0.18716266798281445,supported
0.5-1,922,False,-0.2689044848430258,supported
0.5-1,923,False,-0.25138242951042733,supported
0.5-1,924,False,-0.24410221880912486,supported
0.5-1,925,False,-0.2976834758260361,supported
0.5-1,926,False,-0.28751600606415434,supported
0.5-1,927,False,-0.24114868456363653,supported
0.5-1,928,False,-0.20709150400289345,supported
0.5-1,929,False,-0.21082192762959395,supported
0.5-1,930,False,-0.21086371947284938,supported
0.5-1,931,False,-0.20445661969729118,supported
0.5-1,932,False,-0.2711329774271945,supported
0.5-1,933,False,-0.27242777048182937,supported
0.5-1,934,False,-0.30332281197465877,supported
0.5-1,935,False,-0.30989601411213463,supported
0.5-1,936,False,-0.3066595264042663,supported
0.5-1,937,False,-0.24594706776896796,supported
0.5-1,938,False,-0.31712065803347433,supported
0.5-1,939,False,-0.305970892690905,supported
0.5-1,940,False,-0.30096609219798043,supported
0.5-1,941,False,-0.2566428714153312,supported
0.5-1,942,False,-0.26397579867387416,supported
0.5-1,943,False,-0.216979351816307,supported
0.5-1,944,False,-0.306467284179927,supported
0.5-1,945,False,-0.16545957278288614,supported
0.5-1,946,False,-0.008825573329904746,high
0.5-1,947,False,-0.27480977446031774,supported
0.5-1,948,False,-0.21056669379028925,supported
0.5-1,949,False,-0.298729033850071,supported
0.5-1,950,False,-0.2991537720010184,supported
0.5-1,951,False,-0.29157040830490755,supported
0.5-1,952,False,-0.2265142430909598,supported
0.5-1,953,False,-0.20599568637507415,supported
0.5-1,954,False,-0.2324286223664791,supported
0.5-1,955,False,-0.2283425585325003,supported
0.5-1,956,False,-0.25959406035228016,supported
0.5-1,957,False,-0.26669650637743514,supported
0.5-1,958,False,-0.3076432767700883,supported
0.5-1,959,False,-0.30884531520619635,supported
0.5-1,960,False,-0.30572188124039223,supported
0.5-1,961,False,-0.31483735292934883,supported
0.5-1,962,False,-0.2970024126873522,supported
0.5-1,963,False,-0.3173136875309334,supported
0.5-1,964,False,-0.3142402826576626,supported
0.5-1,965,False,-0.2812328980127359,supported
0.5-1,966,False,-0.20112724792261044,supported
0.5-1,967,False,-0.17907792866821237,supported
0.5-1,968,False,-0.30722541786190594,supported
0.5-1,969,False,-0.15917849769967907,supported
0.5-1,970,False,-0.3129167392868,supported
0.5-1,971,False,-0.28115630611860265,supported
0.5-1,972,False,-0.14477523465993303,supported
0.5-1,973,False,-0.30484854919487864,supported
0.5-1,974,False,-0.3115292656849701,supported
0.5-1,975,False,-0.29011438078057417,supported
0.5-1,976,False,-0.22248085636844628,supported
0.5-1,977,False,-0.22150411271698578,supported
0.5-1,978,False,-0.21717629883752754,supported
0.5-1,979,False,-0.21676281422334864,supported
0.5-1,980,False,-0.31059386167028713,supported
0.5-1,981,False,-0.29088177140494764,supported
0.5-1,982,False,-0.2919856400870323,supported
0.5-1,983,False,-0.31023939153603863,supported
0.5-1,984,False,-0.12857213908246223,supported
0.5-1,985,False,-0.29486057663832893,supported
0.5-1,986,False,-0.27888504590631713,supported
0.5-1,987,False,-0.3111867631495384,supported
0.5-1,988,False,-0.31553129987207185,supported
0.5-1,989,False,-0.25761748054321615,supported
0.5-1,990,False,-0.14475727305659736,supported
0.5-1,991,False,-0.1559724619990246,supported
0.5-1,992,False,-0.310946986955158,supported
0.5-1,993,False,-0.16542117966187286,supported
0.5-1,994,False,-0.2873198222940743,supported
0.5-1,995,False,-0.3031982220130043,supported
0.5-1,996,False,-0.1512330230373845,supported
0.5-1,997,False,-0.27910973769288494,supported
0.5-1,998,False,-0.2932110052530237,supported
0.5-1,999,False,-0.28068286756628763,supported
0.5-1,1000,False,-0.22422733288271252,supported
0.5-1,1001,False,-0.22583485861454883,supported
0.5-1,1002,False,-0.21454890232575952,supported
0.5-1,1003,False,-0.2171266744731149,supported
0.5-1,1004,False,-0.30057407471213354,supported
0.5-1,1005,False,-0.3068726941285935,supported
0.5-1,1006,False,-0.25889384164652024,supported
0.5-1,1007,False,-0.3068390887616636,supported
0.5-1,1008,False,-0.28190127628690265,supported
0.5-1,1009,False,-0.24516020277244038,supported
0.5-1,1010,False,-0.25796070523567616,supported
0.5-1,1011,False,-0.2040468806755058,supported
0.5-1,1012,False,-0.2506765633773629,supported
0.5-1,1013,False,-0.2802806678552947,supported
0.5-1,1014,False,-0.15864045772816893,supported
0.5-1,1015,False,-0.16467911337556362,supported
0.5-1,1016,False,-0.26783301781577223,supported
0.5-1,1017,False,-0.17323161225796402,supported
0.5-1,1018,False,-0.240979972476271,supported
0.5-1,1019,False,-0.30245501996059704,supported
0.5-1,1020,False,-0.15653872739039665,supported
0.5-1,1021,False,-0.2387857647717001,supported
0.5-1,1022,False,-0.29747727873381885,supported
0.5-1,1023,False,-0.2924921323731212,supported
0.5-1,1024,False,-0.1976033968093457,supported
0.5-1,1025,False,-0.1614586908701865,supported
0.5-1,1026,False,-0.18156936142479096,supported
0.5-1,1027,False,-0.1986143449331364,supported
0.5-1,1028,False,-0.26442460595362977,supported
0.5-1,1029,False,-0.3041119822242312,supported
0.5-1,1030,False,-0.22072213301252747,supported
0.5-1,1031,False,-0.2800775305737564,supported
0.5-1,1032,False,-0.1953883810232555,supported
0.5-1,1033,False,-0.22777336319162805,supported
0.5-1,1034,False,-0.1909560598449072,supported
0.5-1,1035,False,-0.19147772615126107,supported
0.5-1,1036,False,-0.20682852865964857,supported
0.5-1,1037,False,-0.2594726833090873,supported
0.5-1,1038,False,-0.1584617993533909,supported
0.5-1,1039,False,-0.15087130026029727,supported
0.5-1,1040,False,-0.2002267829576026,supported
0.5-1,1041,False,-0.1521593911552258,supported
0.5-1,1042,False,-0.19048149413570814,supported
0.5-1,1043,False,-0.30814090992841314,supported
0.5-1,1044,False,-0.1600211356669894,supported
0.5-1,1045,False,-0.19555802034504005,supported
0.5-1,1046,False,-0.1767080169298233,supported
0.5-1,1047,False,-0.271692526859628,supported
0.5-1,1048,False,-0.15426363710649893,supported
0.5-1,1049,False,-0.11431152783281517,supported
0.5-1,1050,False,-0.12626655966037637,supported
0.5-1,1051,False,-0.1396134700223175,supported
0.5-1,1052,False,-0.21115923144733806,supported
0.5-1,1053,False,-0.27030776911297977,supported
0.5-1,1054,False,-0.20049709485349076,supported
0.5-1,1055,False,-0.19505579829321956,supported
0.5-1,1056,False,-0.18199694270048916,supported
0.5-1,1057,False,-0.16192215102967178,supported
0.5-1,1058,False,-0.1568985929262281,supported
0.5-1,1059,False,-0.1834882078981147,supported
0.5-1,1060,False,-0.19363062896262612,supported
0.5-1,1061,False,-0.1996224020413288,supported
0.5-1,1062,False,-0.1401445145102963,supported
0.5-1,1063,False,-0.12067598755313091,supported
0.5-1,1064,False,-0.17744063753890815,supported
0.5-1,1065,False,-0.13171422747582995,supported
0.5-1,1066,False,-0.1443760072129049,supported
0.5-1,1067,False,-0.26110650561635884,supported
0.5-1,1068,False,-0.10956246066057906,supported
0.5-1,1069,False,-0.19569339960237386,supported
0.5-1,1070,False,-0.1479003237054376,supported
0.5-1,1071,False,-0.17580867740510142,supported
0.5-1,1072,False,-0.09866157347313653,supported
0.5-1,1073,False,-0.07429600770060174,supported
0.5-1,1074,False,-0.06592982199467923,supported
0.5-1,1075,False,-0.08644738512426176,supported
0.5-1,1076,False,-0.1696201773917443,supported
0.5-1,1077,False,-0.2543810319530402,supported
0.5-1,1078,False,-0.18429040255431006,supported
0.5-1,1079,False,-0.1626242445772873,supported
0.5-1,1080,False,-0.16753723579700097,supported
0.5-1,1081,False,-0.16647135352609244,supported
0.5-1,1082,False,-0.14306373598701672,supported
0.5-1,1083,False,-0.1413020859770605,supported
0.5-1,1084,False,-0.18953170984706935,supported
0.5-1,1085,False,-0.14622294434694783,supported
0.5-1,1086,False,-0.11454118407308322,supported
0.5-1,1087,False,-0.16635455320263193,supported
0.5-1,1088,False,-0.18268267964899887,supported
0.5-1,1089,False,-0.16207421513903197,supported
0.5-1,1090,False,-0.09757061325271743,supported
0.5-1,1091,False,-0.13234102834502426,supported
0.5-1,1092,False,-0.16483746734065663,supported
0.5-1,1093,False,-0.10330591737155648,supported
0.5-1,1094,False,-0.12066760391804943,supported
0.5-1,1095,False,-0.18768063322725848,supported
0.5-1,1096,False,-0.06730668856371902,supported
0.5-1,1097,False,-0.17819349245070315,supported
0.5-1,1098,False,-0.11597216121965404,supported
0.5-1,1099,False,-0.14744123327915548,supported
0.5-1,1100,False,-0.21246861653280685,supported
0.5-1,1101,False,-0.21621524597538977,supported
0.5-1,1102,False,-0.21292373774952433,supported
0.5-1,1103,False,-0.1785087979972675,supported
0.5-1,1104,True,0.010278318747367954,high
0.5-1,1105,False,-0.19615593857080732,supported
0.5-1,1106,False,-0.12844984648150737,watch
0.5-1,1107,False,-0.25962820946412446,supported
0.5-1,1108,False,-0.30980282268319953,supported
0.5-1,1109,False,-0.05087682398175997,watch
0.5-1,1110,False,-0.18857464565686538,supported
0.5-1,1111,False,-0.26866364253296116,supported
0.5-1,1112,False,-0.25055553870787184,supported
0.5-1,1113,False,-0.027932530946924383,moderate
0.5-1,1114,False,-0.1726726040979033,supported
0.5-1,1115,False,-0.2296489942119132,supported
0.5-1,1116,False,-0.3152035004075523,supported
0.5-1,1117,False,-0.23494813424944455,supported
0.5-1,1118,False,-0.30413171626483587,supported
0.5-1,1119,False,-0.2806056712145356,supported
0.5-1,1120,False,-0.22013342930373236,supported
0.5-1,1121,False,-0.20504105786790905,supported
0.5-1,1122,False,-0.2824971517215505,supported
0.5-1,1123,False,-0.025389152130419146,moderate
0.5-1,1124,False,-0.22525878945626365,supported
0.5-1,1125,False,-0.21056851945111416,supported
0.5-1,1126,False,-0.22007745131460205,supported
0.5-1,1127,False,-0.2157435602359245,supported
0.5-1,1128,False,-0.07377631843487831,watch
0.5-1,1129,False,-0.29321675813128695,supported
0.5-1,1130,False,-0.2829738225135895,supported
0.5-1,1131,False,-0.301565078869842,supported
0.5-1,1132,False,-0.30968589312923506,supported
0.5-1,1133,False,-0.07513919253318524,watch
0.5-1,1134,False,-0.19537085461266024,supported
0.5-1,1135,False,-0.28975740569500746,supported
0.5-1,1136,False,-0.2767520962814373,supported
0.5-1,1137,False,-0.0725985506352671,watch
0.5-1,1138,False,-0.20225807386886951,supported
0.5-1,1139,False,-0.2013135885740398,supported
0.5-1,1140,False,-0.316512447121716,supported
0.5-1,1141,False,-0.22457205465898433,supported
0.5-1,1142,False,-0.3065402890937354,supported
0.5-1,1143,False,-0.2971814881072564,supported
0.5-1,1144,False,-0.26167701560561885,supported
0.5-1,1145,False,-0.29665716968726774,supported
0.5-1,1146,False,-0.3005055702542772,supported
0.5-1,1147,False,-0.23036873426578997,supported
0.5-1,1148,False,-0.2169298985279825,supported
0.5-1,1149,False,-0.21984436550938863,supported
0.5-1,1150,False,-0.22516490651930948,supported
0.5-1,1151,False,-0.20985772431945154,supported
0.5-1,1152,False,-0.2548277484051049,supported
0.5-1,1153,False,-0.3040880455318906,supported
0.5-1,1154,False,-0.3004613462023864,supported
0.5-1,1155,False,-0.3016495758550045,supported
0.5-1,1156,False,-0.30394898902735656,supported
0.5-1,1157,False,-0.26899288012293693,supported
0.5-1,1158,False,-0.3210618256633003,supported
0.5-1,1159,False,-0.29787669298961944,supported
0.5-1,1160,False,-0.276797358092897,supported
0.5-1,1161,False,-0.23829803556655915,supported
0.5-1,1162,False,-0.2662067185479969,supported
0.5-1,1163,False,-0.16615155289553363,supported
0.5-1,1164,False,-0.31145273676617075,supported
0.5-1,1165,False,-0.14728707624736304,supported
0.5-1,1166,False,-0.3139402115007532,supported
0.5-1,1167,False,-0.2933553041334347,supported
0.5-1,1168,False,-0.2143264095643136,supported
0.5-1,1169,False,-0.2978748088704876,supported
0.5-1,1170,False,-0.3127614342031994,supported
0.5-1,1171,False,-0.2689199959479589,supported
0.5-1,1172,False,-0.21932466542518897,supported
0.5-1,1173,False,-0.2270786598186023,supported
0.5-1,1174,False,-0.2215321496970445,supported
0.5-1,1175,False,-0.2055352444130804,supported
0.5-1,1176,False,-0.27095679475718776,supported
0.5-1,1177,False,-0.282476816899061,supported
0.5-1,1178,False,-0.29091404233568896,supported
0.5-1,1179,False,-0.2997144465286195,supported
0.5-1,1180,False,-0.08717835366245885,supported
0.5-1,1181,False,-0.27304201589151,supported
0.5-1,1182,False,-0.3075271175138685,supported
0.5-1,1183,False,-0.3068785300196841,supported
0.5-1,1184,False,-0.2247485515336171,supported
0.5-1,1185,False,-0.2976044700468193,supported
0.5-1,1186,False,-0.2483794787889731,supported
0.5-1,1187,False,-0.17101837173207157,supported
0.5-1,1188,False,-0.2873457309772052,supported
0.5-1,1189,False,-0.15669133215435105,supported
0.5-1,1190,False,-0.29280206945226755,supported
0.5-1,1191,False,-0.27975360411563743,supported
0.5-1,1192,False,-0.15326402587975563,supported
0.5-1,1193,False,-0.27997059787711315,supported
0.5-1,1194,False,-0.29652631904041743,supported
0.5-1,1195,False,-0.27768441895961593,supported
0.5-1,1196,False,-0.21952364050865636,supported
0.5-1,1197,False,-0.22417956274223355,supported
0.5-1,1198,False,-0.221616030023775,supported
0.5-1,1199,False,-0.21843455371930304,supported
0.5-1,1200,False,-0.29652321890879674,supported
0.5-1,1201,False,-0.302403232780352,supported
0.5-1,1202,False,-0.2843693943983409,supported
0.5-1,1203,False,-0.3043518139346059,supported
0.5-1,1204,False,-0.2949741691898425,supported
0.5-1,1205,False,-0.31087578969728125,supported
0.5-1,1206,False,-0.2966207317507326,supported
0.5-1,1207,False,-0.18698548972157508,supported
0.5-1,1208,False,-0.30871151897426136,supported
0.5-1,1209,False,-0.3027230579406301,supported
0.5-1,1210,False,-0.19851061304443762,supported
0.5-1,1211,False,-0.148111302627294,supported
0.5-1,1212,False,-0.25118529339248175,supported
0.5-1,1213,False,-0.1635255087175822,supported
0.5-1,1214,False,-0.23437103621955513,supported
0.5-1,1215,False,-0.3003180376615626,supported
0.5-1,1216,False,-0.14741511869317037,supported
0.5-1,1217,False,-0.2862144718524305,supported
0.5-1,1218,False,-0.2820285887657997,supported
0.5-1,1219,False,-0.257718956725628,supported
0.5-1,1220,False,-0.23150329090621208,supported
0.5-1,1221,False,-0.19595973281052576,supported
0.5-1,1222,False,-0.2179956257191108,supported
0.5-1,1223,False,-0.21206373145160323,supported
0.5-1,1224,False,-0.2858043106492783,supported
0.5-1,1225,False,-0.2923903167835746,supported
0.5-1,1226,False,-0.2716899944122274,supported
0.5-1,1227,False,-0.2842707783890028,supported
0.5-1,1228,False,-0.2885352528545715,supported
0.5-1,1229,False,-0.3039491437345957,supported
0.5-1,1230,False,-0.25228399569486587,supported
0.5-1,1231,False,-0.23795577843932503,supported
0.5-1,1232,False,-0.2349342919383186,supported
0.5-1,1233,False,-0.3048812913423525,supported
0.5-1,1234,False,-0.15395037310767234,supported
0.5-1,1235,False,-0.17640350628095502,supported
0.5-1,1236,False,-0.1914368503947279,supported
0.5-1,1237,False,-0.16949175017373952,supported
0.5-1,1238,False,-0.21792414670942134,supported
0.5-1,1239,False,-0.29871248611148365,supported
0.5-1,1240,False,-0.15591449190510576,supported
0.5-1,1241,False,-0.22971436968045095,supported
0.5-1,1242,False,-0.27858547472683665,supported
0.5-1,1243,False,-0.269668886115409,supported
0.5-1,1244,False,-0.19685868292788938,supported
0.5-1,1245,False,-0.16203923218411453,supported
0.5-1,1246,False,-0.17438379197771958,supported
0.5-1,1247,False,-0.1825044162162781,supported
0.5-1,1248,False,-0.27959845239477954,supported
0.5-1,1249,False,-0.305698644601154,supported
0.5-1,1250,False,-0.19360053617211093,supported
0.5-1,1251,False,-0.279521673028969,supported
0.5-1,1252,False,-0.21943908204465618,supported
0.5-1,1253,False,-0.22783798512332354,supported
0.5-1,1254,False,-0.22430534489213744,supported
0.5-1,1255,False,-0.1887390720982141,supported
0.5-1,1256,False,-0.21859812755106822,supported
0.5-1,1257,False,-0.26666084855117633,supported
0.5-1,1258,False,-0.15858311682163562,supported
0.5-1,1259,False,-0.16739542790426298,supported
0.5-1,1260,False,-0.18841334668096732,supported
0.5-1,1261,False,-0.14995973665835272,supported
0.5-1,1262,False,-0.17188325591359888,supported
0.5-1,1263,False,-0.28621737854917706,supported
0.5-1,1264,False,-0.14830319896466415,supported
0.5-1,1265,False,-0.2094666284667162,supported
0.5-1,1266,False,-0.21065344008280928,supported
0.5-1,1267,False,-0.1940672542037556,supported
0.5-1,1268,False,-0.14401722331370082,supported
0.5-1,1269,False,-0.09799062608059339,supported
0.5-1,1270,False,-0.11204037265018929,supported
0.5-1,1271,False,-0.13637903492341275,supported
0.5-1,1272,False,-0.1975752069095013,supported
0.5-1,1273,False,-0.25413929447992606,supported
0.5-1,1274,False,-0.21847690746982756,supported
0.5-1,1275,False,-0.24573638365168465,supported
0.5-1,1276,False,-0.1938168888276236,supported
0.5-1,1277,False,-0.15253743012594845,supported
0.5-1,1278,False,-0.1641608978298873,supported
0.5-1,1279,False,-0.1944681246411784,supported
0.5-1,1280,False,-0.2205777898440449,supported
0.5-1,1281,False,-0.22281219935798768,supported
0.5-1,1282,False,-0.1452147493568925,supported
0.5-1,1283,False,-0.15204707207542612,supported
0.5-1,1284,False,-0.172090007512124,supported
0.5-1,1285,False,-0.12501426061379173,supported
0.5-1,1286,False,-0.12861752541421634,supported
0.5-1,1287,False,-0.2488654456637805,supported
0.5-1,1288,False,-0.12246021736126744,supported
0.5-1,1289,False,-0.19913931395942264,supported
0.5-1,1290,False,-0.1365504130484536,supported
0.5-1,1291,False,-0.17654342343027574,supported
0.5-1,1292,False,-0.0969398870186543,supported
0.5-1,1293,False,-0.06729132763021028,supported
0.5-1,1294,False,-0.07893519221079326,supported
0.5-1,1295,False,-0.08002529920612034,supported
0.5-1,1296,False,-0.1691173490935145,supported
0.5-1,1297,False,-0.23921372494270138,supported
0.5-1,1298,False,-0.1766394083838453,supported
0.5-1,1299,False,-0.11644466110466045,supported
0.5-1,1300,False,-0.1692053126168337,supported
0.5-1,1301,False,-0.1738885169611184,supported
0.5-1,1302,False,-0.13464562689146586,supported
0.5-1,1303,False,-0.1360978385618813,supported
0.5-1,1304,False,-0.18702778089712524,supported
0.5-1,1305,False,-0.1629786966098432,supported
0.5-1,1306,False,-0.12365494861212956,supported
0.5-1,1307,False,-0.1595493584453307,supported
0.5-1,1308,False,-0.17977555880570606,supported
0.5-1,1309,False,-0.15361765042209974,supported
0.5-1,1310,False,-0.11042214658698224,supported
0.5-1,1311,False,-0.09663449247929368,supported
0.5-1,1312,False,-0.16013599595111028,supported
0.5-1,1313,False,-0.1080646855052626,supported
0.5-1,1314,False,-0.11423733576635997,supported
0.5-1,1315,False,-0.15136841219958685,supported
0.5-1,1316,False,-0.0798079918967749,supported
0.5-1,1317,False,-0.1785326344135394,supported
0.5-1,1318,False,-0.10394905372192098,supported
0.5-1,1319,False,-0.16387707054125988,supported
0.5-1,1320,False,-0.19398019773457714,supported
0.5-1,1321,False,-0.2143869501800088,supported
0.5-1,1322,False,-0.2251110880159708,supported
0.5-1,1323,False,-0.17423413444560099,supported
0.5-1,1324,True,0.01324508460866547,high
0.5-1,1325,False,-0.19520045330031005,supported
0.5-1,1326,False,-0.1213987886564063,watch
0.5-1,1327,False,-0.30624695199662716,supported
0.5-1,1328,False,-0.315350121746384,supported
0.5-1,1329,False,-0.0274502200073935,watch
0.5-1,1330,False,-0.16123280239050464,supported
0.5-1,1331,False,-0.2495836032188739,supported
0.5-1,1332,False,-0.25173250019260274,supported
0.5-1,1333,False,-0.07513269178792503,watch
0.5-1,1334,False,-0.14986948487148466,supported
0.5-1,1335,False,-0.21562272556668766,supported
0.5-1,1336,False,-0.30467499009849724,supported
0.5-1,1337,False,-0.17729203003982275,supported
0.5-1,1338,False,-0.18987816777673028,supported
0.5-1,1339,False,-0.27810284270621594,supported
0.5-1,1340,False,-0.1892319135687518,supported
0.5-1,1341,False,-0.1938583288927216,supported
0.5-1,1342,False,-0.28402977411127717,supported
0.5-1,1343,False,-0.06615943034485361,watch
0.5-1,1344,False,-0.22049381863678674,supported
0.5-1,1345,False,-0.21734459542114581,supported
0.5-1,1346,False,-0.2164391838854129,supported
0.5-1,1347,False,-0.2115655247887655,supported
0.5-1,1348,False,-0.07556390492634968,watch
0.5-1,1349,False,-0.27435095401399406,supported
0.5-1,1350,False,-0.2102659289617394,supported
0.5-1,1351,False,-0.2745510286541499,supported
0.5-1,1352,False,-0.3128639150822308,supported
0.5-1,1353,False,-0.11367102944230478,watch
0.5-1,1354,False,-0.20441129781027972,supported
0.5-1,1355,False,-0.2764611808192092,supported
0.5-1,1356,False,-0.1988170003431008,supported
0.5-1,1357,False,-0.2501756370133788,supported
0.5-1,1358,False,-0.21670959931952732,supported
0.5-1,1359,False,-0.2611434100374966,supported
0.5-1,1360,False,-0.2951792219733846,supported
0.5-1,1361,False,-0.21371009411137043,supported
0.5-1,1362,False,-0.23669342436974267,supported
0.5-1,1363,False,-0.29581395524711107,supported
0.5-1,1364,False,-0.2567566157352916,supported
0.5-1,1365,False,-0.2696153417641054,supported
0.5-1,1366,False,-0.3063178420948167,supported
0.5-1,1367,False,-0.22883915473363986,watch
0.5-1,1368,False,-0.23511278654148315,supported
0.5-1,1369,False,-0.21351536116738917,supported
0.5-1,1370,False,-0.22098745433124173,supported
0.5-1,1371,False,-0.22110548466844648,supported
0.5-1,1372,False,-0.2594548911717167,supported
0.5-1,1373,False,-0.3107752937138618,supported
0.5-1,1374,False,-0.2476931578967867,supported
0.5-1,1375,False,-0.3008432664135673,supported
0.5-1,1376,False,-0.3055058223655345,supported
0.5-1,1377,False,-0.2718999268700959,supported
0.5-1,1378,False,-0.3175348553863816,supported
0.5-1,1379,False,-0.30352222757163383,supported
0.5-1,1380,False,-0.3072650770451806,supported
0.5-1,1381,False,-0.2330775918322286,supported
0.5-1,1382,False,-0.2731195682850034,supported
0.5-1,1383,False,-0.17182707831380484,supported
0.5-1,1384,False,-0.3076449247165486,supported
0.5-1,1385,False,-0.18140651155050413,supported
0.5-1,1386,False,-0.2958599776816663,supported
0.5-1,1387,False,-0.2928139799582781,supported
0.5-1,1388,False,-0.2545970071910151,supported
0.5-1,1389,False,-0.281011163115641,supported
0.5-1,1390,False,-0.3103784802768829,supported
0.5-1,1391,False,-0.27385499010083636,supported
0.5-1,1392,False,-0.21947616996341884,supported
0.5-1,1393,False,-0.20942888218955313,supported
0.5-1,1394,False,-0.21661364762402135,supported
0.5-1,1395,False,-0.21178757467344417,supported
0.5-1,1396,False,-0.25546967196756076,supported
0.5-1,1397,False,-0.2964388165308592,supported
0.5-1,1398,False,-0.282908563078943,supported
0.5-1,1399,False,-0.2859989090976214,supported
0.5-1,1400,False,-0.30780750732528717,supported
0.5-1,1401,False,-0.29648384769736735,supported
0.5-1,1402,False,-0.3150834751700869,supported
0.5-1,1403,False,-0.30690059415255,supported
0.5-1,1404,False,-0.30321527230199885,supported
0.5-1,1405,False,-0.31128020560859926,supported
0.5-1,1406,False,-0.2502504583387078,supported
0.5-1,1407,False,-0.17725702339331761,supported
0.5-1,1408,False,-0.30740026269075793,supported
0.5-1,1409,False,-0.17122613929522168,supported
0.5-1,1410,False,-0.273172298570855,supported
0.5-1,1411,False,-0.29123204898121025,supported
0.5-1,1412,False,-0.24899555030780424,supported
0.5-1,1413,False,-0.2843941199267519,supported
0.5-1,1414,False,-0.302436800236099,supported
0.5-1,1415,False,-0.2751461544650965,supported
0.5-1,1416,False,-0.22675169136829076,supported
0.5-1,1417,False,-0.20844212757580344,supported
0.5-1,1418,False,-0.22076770553140362,supported
0.5-1,1419,False,-0.22401604783187962,supported
0.5-1,1420,False,-0.2862254636019079,supported
0.5-1,1421,False,-0.2996997197059958,supported
0.5-1,1422,False,-0.24672981206886446,supported
0.5-1,1423,False,-0.2852366955718855,supported
0.5-1,1424,False,-0.27771215342716254,supported
0.5-1,1425,False,-0.2630220899961895,supported
0.5-1,1426,False,-0.29466137468315856,supported
0.5-1,1427,False,-0.3012400868701997,supported
0.5-1,1428,False,-0.31231848126623063,supported
0.5-1,1429,False,-0.3117559326394272,supported
0.5-1,1430,False,-0.2530344118144584,supported
0.5-1,1431,False,-0.15470661741257674,supported
0.5-1,1432,False,-0.302793443898827,supported
0.5-1,1433,False,-0.17303180694629627,supported
0.5-1,1434,False,-0.2535649668899736,supported
0.5-1,1435,False,-0.2962908434032085,supported
0.5-1,1436,False,-0.1565101528116437,supported
0.5-1,1437,False,-0.2807713770110743,supported
0.5-1,1438,False,-0.26985200680430915,supported
0.5-1,1439,False,-0.26715469054567104,supported
0.5-1,1440,False,-0.23081805362796037,supported
0.5-1,1441,False,-0.19398282852413523,supported
0.5-1,1442,False,-0.19553440696125302,supported
0.5-1,1443,False,-0.2062724417415538,supported
0.5-1,1444,False,-0.27021471229934546,supported
0.5-1,1445,False,-0.29344754924082284,supported
0.5-1,1446,False,-0.2741968824922895,supported
0.5-1,1447,False,-0.2803032178917106,supported
0.5-1,1448,False,-0.25008652165686923,supported
0.5-1,1449,False,-0.27401353504615983,supported
0.5-1,1450,False,-0.2665938853243497,supported
0.5-1,1451,False,-0.20140499444959714,supported
0.5-1,1452,False,-0.26638983272215766,supported
0.5-1,1453,False,-0.28105381685308717,supported
0.5-1,1454,False,-0.1497668089480375,supported
0.5-1,1455,False,-0.17781565820505407,supported
0.5-1,1456,False,-0.27552678771542266,supported
0.5-1,1457,False,-0.17424343484259586,supported
0.5-1,1458,False,-0.19114100518256222,supported
0.5-1,1459,False,-0.2922516569452658,supported
0.5-1,1460,False,-0.15444310349167523,supported
0.5-1,1461,False,-0.2631391777576333,supported
0.5-1,1462,False,-0.24504644453634716,supported
0.5-1,1463,False,-0.2710576291352742,supported
0.5-1,1464,False,-0.19529452208040188,supported
0.5-1,1465,False,-0.16487954376871672,supported
0.5-1,1466,False,-0.16296759932704508,supported
0.5-1,1467,False,-0.1724736223789457,supported
0.5-1,1468,False,-0.2924913482176984,supported
0.5-1,1469,False,-0.2641084809606626,supported
0.5-1,1470,False,-0.1848901175836002,supported
0.5-1,1471,False,-0.24633146532699646,supported
0.5-1,1472,False,-0.18017874243137189,supported
0.5-1,1473,False,-0.23801027977529898,supported
0.5-1,1474,False,-0.20728737020784643,supported
0.5-1,1475,False,-0.20564396223999798,supported
0.5-1,1476,False,-0.2138192007528515,supported
0.5-1,1477,False,-0.2372195573440926,supported
0.5-1,1478,False,-0.14885364165246096,supported
0.5-1,1479,False,-0.17478343118379025,supported
0.5-1,1480,False,-0.19083042972454767,supported
0.5-1,1481,False,-0.15006472648496305,supported
0.5-1,1482,False,-0.18299462895587737,supported
0.5-1,1483,False,-0.26816316823657876,supported
0.5-1,1484,False,-0.1578215253719174,supported
0.5-1,1485,False,-0.18203114412161248,supported
0.5-1,1486,False,-0.2151852740578128,supported
0.5-1,1487,False,-0.19827162998652054,supported
0.5-1,1488,False,-0.15190105889374106,supported
0.5-1,1489,False,-0.09358720847974011,supported
0.5-1,1490,False,-0.11096782186340659,supported
0.5-1,1491,False,-0.1294707712835964,supported
0.5-1,1492,False,-0.17837351624089537,supported
0.5-1,1493,False,-0.24700380851824905,supported
0.5-1,1494,False,-0.20162099402276512,supported
0.5-1,1495,False,-0.2262445956305736,supported
0.5-1,1496,False,-0.1733277822710998,supported
0.5-1,1497,False,-0.1767520769780807,supported
0.5-1,1498,False,-0.16046620836195724,supported
0.5-1,1499,False,-0.19582930114428465,supported
0.5-1,1500,False,-0.2097917992273033,supported
0.5-1,1501,False,-0.22241733736207708,supported
0.5-1,1502,False,-0.1411574208175721,supported
0.5-1,1503,False,-0.15123817402811424,supported
0.5-1,1504,False,-0.169737973264238,supported
0.5-1,1505,False,-0.11733950928334613,supported
0.5-1,1506,False,-0.1418990104679575,supported
0.5-1,1507,False,-0.2334197585822111,supported
0.5-1,1508,False,-0.11591279443060276,supported
0.5-1,1509,False,-0.20266524040834655,supported
0.5-1,1510,False,-0.2064640067076255,supported
0.5-1,1511,False,-0.18331629019042484,supported
0.5-1,1512,False,-0.09771720897638869,supported
0.5-1,1513,False,-0.05912749117193117,supported
0.5-1,1514,False,-0.06940079783173025,supported
0.5-1,1515,False,-0.07237447796826668,supported
0.5-1,1516,False,-0.1731286254123824,supported
0.5-1,1517,False,-0.18308380839092797,supported
0.5-1,1518,False,-0.20203450598229938,supported
0.5-1,1519,False,-0.10590448143630371,supported
0.5-1,1520,False,-0.16869476334234235,supported
0.5-1,1521,False,-0.15708481147204356,supported
0.5-1,1522,False,-0.12236774329131317,supported
0.5-1,1523,False,-0.13426669659458623,supported
0.5-1,1524,False,-0.1804723291451905,supported
0.5-1,1525,False,-0.15045431292879397,supported
0.5-1,1526,False,-0.10187456522926175,supported
0.5-1,1527,False,-0.15360155708683887,supported
0.5-1,1528,False,-0.1884933144956552,supported
0.5-1,1529,False,-0.15063627643968636,supported
0.5-1,1530,False,-0.10096921677398363,supported
0.5-1,1531,False,-0.09704587076794147,supported
0.5-1,1532,False,-0.1535374717878667,supported
0.5-1,1533,False,-0.10835231344990293,supported
0.5-1,1534,False,-0.0777218815391808,supported
0.5-1,1535,False,-0.13053133526999328,supported
0.5-1,1536,False,-0.07127371314440623,supported
0.5-1,1537,False,-0.16661099539991298,supported
0.5-1,1538,False,-0.11998414491951648,supported
0.5-1,1539,False,-0.17111699386478407,supported
0.5-1,1540,False,-0.19101709716589765,supported
0.5-1,1541,False,-0.2098875418309643,supported
0.5-1,1542,False,-0.20588172380574726,supported
0.5-1,1543,False,-0.17592383125970357,supported
0.5-1,1544,True,0.01499433663140981,high
0.5-1,1545,False,-0.06996878490492742,watch
0.5-1,1546,False,-0.12015579364371476,watch
0.5-1,1547,False,-0.28924657999898895,supported
0.5-1,1548,False,-0.3053335664300184,supported
0.5-1,1549,False,-0.06848190657728503,watch
0.5-1,1550,False,-0.20058030242959451,supported
0.5-1,1551,False,-0.2614895913931653,supported
0.5-1,1552,False,-0.2515018395712281,supported
0.5-1,1553,False,-0.023908384571226793,moderate
0.5-1,1554,False,-0.15312314857707565,supported
0.5-1,1555,False,-0.16417912764766018,supported
0.5-1,1556,False,-0.28410250671893833,supported
0.5-1,1557,False,-0.17765031552782284,supported
0.5-1,1558,False,-0.2231454856713443,supported
0.5-1,1559,False,-0.2839680866738265,supported
0.5-1,1560,False,-0.144638413501482,supported
0.5-1,1561,False,-0.2035117416070707,supported
0.5-1,1562,False,-0.28946323419177955,supported
0.5-1,1563,False,-0.02666281345431465,moderate
0.5-1,1564,False,-0.2263774759520794,supported
0.5-1,1565,False,-0.2069422573887454,supported
0.5-1,1566,False,-0.22839345711166098,supported
0.5-1,1567,False,-0.2142319892115252,supported
0.5-1,1568,False,-0.08288189707507976,watch
0.5-1,1569,False,-0.2617731160582264,supported
0.5-1,1570,False,-0.19328407437864348,supported
0.5-1,1571,False,-0.2803527316918796,supported
0.5-1,1572,False,-0.30680655089009834,supported
0.5-1,1573,False,-0.1369815552477619,watch
0.5-1,1574,False,-0.24832304548524853,supported
0.5-1,1575,False,-0.2827566157258691,supported
0.5-1,1576,False,-0.2894424631239822,supported
0.5-1,1577,False,-0.04042482619314458,moderate
0.5-1,1578,False,-0.14721492294197835,supported
0.5-1,1579,False,-0.15084729169472,supported
0.5-1,1580,False,-0.3178308731360559,supported
0.5-1,1581,False,-0.10774195461875513,supported
0.5-1,1582,False,-0.26530507333079784,supported
0.5-1,1583,False,-0.3004135378391509,supported
0.5-1,1584,False,-0.1708027638793368,supported
0.5-1,1585,False,-0.29150169681872595,supported
0.5-1,1586,False,-0.2965971773530562,supported
0.5-1,1587,False,-0.12174565710557361,watch
0.5-1,1588,False,-0.21597390831155389,supported
0.5-1,1589,False,-0.20442126774610175,supported
0.5-1,1590,False,-0.2239279594926722,supported
0.5-1,1591,False,-0.20949423058758132,supported
0.5-1,1592,False,-0.24774839800558696,supported
0.5-1,1593,False,-0.3073946777248348,supported
0.5-1,1594,False,-0.21439305346631954,supported
0.5-1,1595,False,-0.3031962682144046,supported
0.5-1,1596,False,-0.2757381701341671,supported
0.5-1,1597,False,-0.2394980658478829,supported
0.5-1,1598,False,-0.31588542140556686,supported
0.5-1,1599,False,-0.28339577811076855,supported
0.5-1,1600,False,-0.29640282760324876,supported
0.5-1,1601,False,-0.2480634895707528,supported
0.5-1,1602,False,-0.13549463605842527,supported
0.5-1,1603,False,-0.11952185344184618,supported
0.5-1,1604,False,-0.3097768197099122,supported
0.5-1,1605,False,-0.061397156449397916,watch
0.5-1,1606,False,-0.28733955435462744,supported
0.5-1,1607,False,-0.31138426632230276,supported
0.5-1,1608,False,-0.26442262303958647,supported
0.5-1,1609,False,-0.2884129838830086,supported
0.5-1,1610,False,-0.3028072649574639,supported
0.5-1,1611,False,-0.26697476026561295,supported
0.5-1,1612,False,-0.21808191442044517,supported
0.5-1,1613,False,-0.21541455249994268,supported
0.5-1,1614,False,-0.23288751850905653,supported
0.5-1,1615,False,-0.2112065006205487,supported
0.5-1,1616,False,-0.2598772944007793,supported
0.5-1,1617,False,-0.30490692960102767,supported
0.5-1,1618,False,-0.28538413232213156,supported
0.5-1,1619,False,-0.28380309619384325,supported
0.5-1,1620,False,-0.304089998739779,supported
0.5-1,1621,False,-0.2820614704554545,supported
0.5-1,1622,False,-0.3110650657818201,supported
0.5-1,1623,False,-0.3132067105988829,supported
0.5-1,1624,False,-0.3083238788194844,supported
0.5-1,1625,False,-0.2925747382498792,supported
0.5-1,1626,False,-0.13514938415035316,supported
0.5-1,1627,False,-0.19078196078939536,supported
0.5-1,1628,False,-0.31906987498536515,supported
0.5-1,1629,False,-0.14686157094834018,supported
0.5-1,1630,False,-0.31116527710536457,supported
0.5-1,1631,False,-0.3123422515102592,supported
0.5-1,1632,False,-0.2580751202982947,supported
0.5-1,1633,False,-0.22543975140350075,supported
0.5-1,1634,False,-0.2882284187896695,supported
0.5-1,1635,False,-0.24653287439584332,supported
0.5-1,1636,False,-0.21951434663682828,supported
0.5-1,1637,False,-0.21237549079433043,supported
0.5-1,1638,False,-0.21306016166585945,supported
0.5-1,1639,False,-0.2068568080696394,supported
0.5-1,1640,False,-0.27377091307599644,supported
0.5-1,1641,False,-0.2971463277761232,supported
0.5-1,1642,False,-0.21207512202979112,supported
0.5-1,1643,False,-0.29252754150231425,supported
0.5-1,1644,False,-0.30490749584391863,supported
0.5-1,1645,False,-0.3167254961233458,supported
0.5-1,1646,False,-0.29506144685747515,supported
0.5-1,1647,False,-0.3050396755718677,supported
0.5-1,1648,False,-0.3199903427987895,supported
0.5-1,1649,False,-0.299795952126764,supported
0.5-1,1650,False,-0.22191344907965072,supported
0.5-1,1651,False,-0.16048851364624583,supported
0.5-1,1652,False,-0.30442687726373635,supported
0.5-1,1653,False,-0.16146285975128205,supported
0.5-1,1654,False,-0.2910346383534298,supported
0.5-1,1655,False,-0.29950430857862925,supported
0.5-1,1656,False,-0.18984423294031672,supported
0.5-1,1657,False,-0.2440559526331348,supported
0.5-1,1658,False,-0.2668661486714043,supported
0.5-1,1659,False,-0.19983143647514856,supported
0.5-1,1660,False,-0.20879292642791158,supported
0.5-1,1661,False,-0.1986804030139523,supported
0.5-1,1662,False,-0.20101856177498695,supported
0.5-1,1663,False,-0.20218483000400467,supported
0.5-1,1664,False,-0.2605493325926893,supported
0.5-1,1665,False,-0.28587160645035387,supported
0.5-1,1666,False,-0.03692066615946099,watch
0.5-1,1667,False,-0.259076902718315,supported
0.5-1,1668,False,-0.2553614102478733,supported
0.5-1,1669,False,-0.26847919595409714,supported
0.5-1,1670,False,-0.22685497537310462,supported
0.5-1,1671,False,-0.2602345280837775,supported
0.5-1,1672,False,-0.20741872553985563,supported
0.5-1,1673,False,-0.2705990516204164,supported
0.5-1,1674,False,-0.1573734847961209,supported
0.5-1,1675,False,-0.17555106809474874,supported
0.5-1,1676,False,-0.29878338257656845,supported
0.5-1,1677,False,-0.17541934026416361,supported
0.5-1,1678,False,-0.23602807238686224,supported
0.5-1,1679,False,-0.28380854522143073,supported
0.5-1,1680,False,-0.1627321624821607,supported
0.5-1,1681,False,-0.20874605600851476,supported
0.5-1,1682,False,-0.26522066540675676,supported
0.5-1,1683,False,-0.2554913522655426,supported
0.5-1,1684,False,-0.17984205174875967,supported
0.5-1,1685,False,-0.15712267644453992,supported
0.5-1,1686,False,-0.15665254605154955,supported
0.5-1,1687,False,-0.16414663969544718,supported
0.5-1,1688,False,-0.29406647578720285,supported
0.5-1,1689,False,-0.25687967027733616,supported
0.5-1,1690,False,-0.19623593263977268,supported
0.5-1,1691,False,-0.24181685580356455,supported
0.5-1,1692,False,-0.1630842328229145,supported
0.5-1,1693,False,-0.23744440909340636,supported
0.5-1,1694,False,-0.16501466814085886,supported
0.5-1,1695,False,-0.19904120681581255,supported
0.5-1,1696,False,-0.2107095556075413,supported
0.5-1,1697,False,-0.23335997225893385,supported
0.5-1,1698,False,-0.158145693634959,supported
0.5-1,1699,False,-0.16981555657768332,supported
0.5-1,1700,False,-0.19876232189338294,supported
0.5-1,1701,False,-0.16315727920698087,supported
0.5-1,1702,False,-0.19047832607758552,supported
0.5-1,1703,False,-0.2635190786908163,supported
0.5-1,1704,False,-0.15713265541312937,supported
0.5-1,1705,False,-0.16647337183654665,supported
0.5-1,1706,False,-0.20861811580059658,supported
0.5-1,1707,False,-0.19696679228090863,supported
0.5-1,1708,False,-0.130369467919338,supported
0.5-1,1709,False,-0.09679152339120001,supported
0.5-1,1710,False,-0.0969580155151244,supported
0.5-1,1711,False,-0.12064492703559881,supported
0.5-1,1712,False,-0.19256576222741023,supported
0.5-1,1713,False,-0.22194805568404458,supported
0.5-1,1714,False,-0.21014371503661017,supported
0.5-1,1715,False,-0.2110153663532126,supported
0.5-1,1716,False,-0.18967322737428,supported
0.5-1,1717,False,-0.1914021352903193,supported
0.5-1,1718,False,-0.10675733484780503,supported
0.5-1,1719,False,-0.18098512272560996,supported
0.5-1,1720,False,-0.2134628974589743,supported
0.5-1,1721,False,-0.2242840858524125,supported
0.5-1,1722,False,-0.1458018360898108,supported
0.5-1,1723,False,-0.14990065500144123,supported
0.5-1,1724,False,-0.194005348746619,supported
0.5-1,1725,False,-0.145626736882833,supported
0.5-1,1726,False,-0.1442479377035314,supported
0.5-1,1727,False,-0.21040550133010477,supported
0.5-1,1728,False,-0.13763197188562548,supported
0.5-1,1729,False,-0.1760447413000633,supported
0.5-1,1730,False,-0.1586377991895509,supported
0.5-1,1731,False,-0.19563833541406578,supported
0.5-1,1732,False,-0.08807231010423167,supported
0.5-1,1733,False,-0.060387315390979523,supported
0.5-1,1734,False,-0.05969060031007134,supported
0.5-1,1735,False,-0.0656516329789224,supported
0.5-1,1736,False,-0.1882477369434855,supported
0.5-1,1737,False,-0.15091365446295857,supported
0.5-1,1738,False,-0.15537991874334411,supported
0.5-1,1739,False,-0.1506173369151863,supported
0.5-1,1740,False,-0.15949748548394915,supported
0.5-1,1741,False,-0.15468554647450727,supported
0.5-1,1742,False,-0.1100008698661421,supported
0.5-1,1743,False,-0.13967375932515802,supported
0.5-1,1744,False,-0.18056643962460672,supported
0.5-1,1745,False,-0.1637709849838821,supported
0.5-1,1746,False,-0.12314647117958089,supported
0.5-1,1747,False,-0.17279878762190404,supported
0.5-1,1748,False,-0.1857493338130063,supported
0.5-1,1749,False,-0.1576877732338452,supported
0.5-1,1750,False,-0.10675493195043284,supported
0.5-1,1751,False,-0.09398143362326727,supported
0.5-1,1752,False,-0.16627938891678495,supported
0.5-1,1753,False,-0.10589522784033767,supported
0.5-1,1754,False,-0.11634094200157052,supported
0.5-1,1755,False,-0.149807224788148,supported
0.5-1,1756,False,-0.07757943550056812,supported
0.5-1,1757,False,-0.177250080971741,supported
0.5-1,1758,False,-0.08315851116238404,supported
0.5-1,1759,False,-0.18425648997541633,supported
0.5-1,1760,False,-0.19777656732493643,supported
0.5-1,1761,False,-0.2110023508865333,supported
0.5-1,1762,False,-0.1544447257960917,supported
0.5-1,1763,False,-0.048349494563773354,supported
0.5-1,1764,True,0.01431321857747403,high
0.5-1,1765,False,-0.03440058896736908,moderate
0.5-1,1766,False,-0.17174320151572509,supported
0.5-1,1767,False,-0.3064713677243321,supported
0.5-1,1768,False,-0.2931335004249701,supported
0.5-1,1769,False,-0.22958539079651719,watch
0.5-1,1770,False,-0.1756449152646219,supported
0.5-1,1771,False,-0.2759437448337936,supported
0.5-1,1772,True,0.015980299835628098,high
0.5-1,1773,True,0.027571023567601105,high
0.5-1,1774,False,-0.14328222051344597,supported
0.5-1,1775,False,-0.1365433338350025,supported
0.5-1,1776,False,-0.2705160794049604,supported
0.5-1,1777,False,-0.00790094298852384,high
0.5-1,1778,False,-0.14265482599174195,supported
0.5-1,1779,False,-0.0018860866576217994,watch
0.5-1,1780,False,-0.32069440561373,supported
0.5-1,1781,False,-0.039698536085000735,supported
0.5-1,1782,False,-0.21782321065877674,supported
0.5-1,1783,False,-0.23749993660605107,supported
0.5-1,1784,False,-0.1304927664875778,supported
0.5-1,1785,False,-0.19382616656449253,supported
0.5-1,1786,False,-0.17919192158439257,supported
0.5-1,1787,False,-0.20678079958709855,supported
0.5-1,1788,False,-0.2114341869067649,supported
0.5-1,1789,False,-0.22702283200061407,supported
0.5-1,1790,False,-0.20312538789689794,supported
0.5-1,1791,False,-0.14642253149262352,supported
0.5-1,1792,False,-0.04748496646308831,watch
0.5-1,1793,False,-0.0706256030140412,supported
0.5-1,1794,False,-0.1868344580973349,supported
0.5-1,1795,False,-0.29350855429549133,supported
0.5-1,1796,False,-0.3021872112168787,supported
0.5-1,1797,False,-0.2625730983928051,supported
0.5-1,1798,False,-0.2158178766253201,supported
0.5-1,1799,False,-0.3030176698517009,supported
0.5-1,1800,True,0.016665379324032115,high
0.5-1,1801,True,0.016275934978195905,high
0.5-1,1802,False,-0.12627471541752966,supported
0.5-1,1803,False,-0.1308302565696,watch
0.5-1,1804,False,-0.28353427076371357,supported
0.5-1,1805,False,-0.005184109831574579,high
0.5-1,1806,False,-0.10163872893382753,supported
0.5-1,1807,False,-0.1028042759556157,watch
0.5-1,1808,False,-0.30418506904555787,supported
0.5-1,1809,False,-0.05294614154831334,watch
0.5-1,1810,False,-0.3053643777379552,supported
0.5-1,1811,False,-0.2763908238414453,supported
0.5-1,1812,False,-0.13021000615981237,supported
0.5-1,1813,False,-0.2676024209688971,supported
0.5-1,1814,False,-0.14499500979378466,supported
0.5-1,1815,False,-0.19673811382281747,supported
0.5-1,1816,False,-0.22635287272153892,supported
0.5-1,1817,False,-0.22185517318016085,supported
0.5-1,1818,False,-0.19553389390617631,supported
0.5-1,1819,False,-0.18695493301525273,supported
0.5-1,1820,False,-0.18402578821019133,supported
0.5-1,1821,False,-0.07720266293319833,supported
0.5-1,1822,False,-0.18693126559703677,supported
0.5-1,1823,False,-0.2977658052156105,supported
0.5-1,1824,False,-0.31689875701189296,supported
0.5-1,1825,False,-0.06902908325234614,watch
0.5-1,1826,False,-0.22739652199183263,supported
0.5-1,1827,False,-0.3055472317441946,supported
0.5-1,1828,True,0.02081743116428436,high
0.5-1,1829,True,0.019361750134466615,high
0.5-1,1830,False,-0.13176137196182658,watch
0.5-1,1831,False,-0.13185682810058397,watch
0.5-1,1832,False,-0.2913112282829052,supported
0.5-1,1833,False,-0.04779682023313725,moderate
0.5-1,1834,False,-0.07737424624340372,supported
0.5-1,1835,False,-0.04455083629205536,watch
0.5-1,1836,False,-0.309138482903258,supported
0.5-1,1837,False,-0.1356606570891551,supported
0.5-1,1838,False,-0.3010808182627928,supported
0.5-1,1839,False,-0.308689548756175,supported
0.5-1,1840,False,-0.12790126113334277,supported
0.5-1,1841,False,-0.2632393174957478,supported
0.5-1,1842,False,-0.13761712688129624,supported
0.5-1,1843,False,-0.2656779253890434,supported
0.5-1,1844,False,-0.2254791661854112,supported
0.5-1,1845,False,-0.21627256894399988,supported
0.5-1,1846,False,-0.1741369983721901,supported
0.5-1,1847,False,-0.18239120729815783,supported
0.5-1,1848,False,-0.2231772042563307,supported
0.5-1,1849,False,-0.06741004117547955,supported
0.5-1,1850,False,-0.19471242528502414,supported
0.5-1,1851,False,-0.2817623531369381,supported
0.5-1,1852,False,-0.30472451921742,supported
0.5-1,1853,False,-0.29552826631385987,supported
0.5-1,1854,False,-0.31459896241286806,supported
0.5-1,1855,False,-0.31118683631978616,supported
0.5-1,1856,True,0.0005152408630622052,high
0.5-1,1857,True,0.019078057447931562,high
0.5-1,1858,False,-0.13192579689011175,supported
0.5-1,1859,False,-0.14325516053276066,supported
0.5-1,1860,False,-0.30858987608496047,supported
0.5-1,1861,False,-0.2524263077626962,supported
0.5-1,1862,False,-0.13707477306662907,supported
0.5-1,1863,False,-0.05324710719712433,watch
0.5-1,1864,False,-0.30951271445715955,supported
0.5-1,1865,False,-0.1484880741024902,supported
0.5-1,1866,False,-0.3077777447886293,supported
0.5-1,1867,False,-0.30755008607735146,supported
0.5-1,1868,False,-0.12984609071033015,supported
0.5-1,1869,False,-0.19232782573080826,supported
0.5-1,1870,False,-0.1249731813442595,supported
0.5-1,1871,False,-0.25622781049922405,supported
0.5-1,1872,False,-0.225674931859363,supported
0.5-1,1873,False,-0.2117736510415898,supported
0.5-1,1874,False,-0.16834462927139737,supported
0.5-1,1875,False,-0.16158996913445933,supported
0.5-1,1876,False,-0.24669585519131904,supported
0.5-1,1877,False,-0.045243568966760184,supported
0.5-1,1878,False,-0.16871838178615606,supported
0.5-1,1879,False,-0.283147473335568,supported
0.5-1,1880,False,-0.3093893006524803,supported
0.5-1,1881,False,-0.30099042599103965,supported
0.5-1,1882,False,-0.3081497157430765,supported
0.5-1,1883,False,-0.2054163989666315,supported
0.5-1,1884,False,-0.07099995080382704,moderate
0.5-1,1885,False,-0.036292897318909945,moderate
0.5-1,1886,False,-0.1436097793491753,supported
0.5-1,1887,False,-0.15289719125757983,supported
0.5-1,1888,False,-0.3085320200499905,supported
0.5-1,1889,False,-0.3008370567684112,supported
0.5-1,1890,False,-0.13479683040707446,supported
0.5-1,1891,False,-0.1531872165905428,supported
0.5-1,1892,False,-0.25198193871646696,supported
0.5-1,1893,False,-0.15210861923602026,supported
0.5-1,1894,False,-0.27626133364937916,supported
0.5-1,1895,False,-0.31162270481876686,supported
0.5-1,1896,False,-0.14778623220383158,supported
0.5-1,1897,False,-0.20666473207656288,supported
0.5-1,1898,False,-0.1117808442639655,supported
0.5-1,1899,False,-0.24538436868052166,supported
0.5-1,1900,False,-0.21914891653224206,supported
0.5-1,1901,False,-0.1815717426335164,supported
0.5-1,1902,False,-0.13705775506985474,supported
0.5-1,1903,False,-0.15322924824169615,supported
0.5-1,1904,False,-0.19477636095102546,supported
0.5-1,1905,False,-0.05892098882814889,supported
0.5-1,1906,False,-0.13138284871047856,supported
0.5-1,1907,False,-0.26095402110898425,supported
0.5-1,1908,False,-0.2682236402435352,supported
0.5-1,1909,False,-0.28195681349984775,supported
0.5-1,1910,False,-0.28533421553372385,supported
0.5-1,1911,False,-0.21573442592666775,supported
0.5-1,1912,False,-0.0837495021134046,watch
0.5-1,1913,False,-0.07453817558099962,moderate
0.5-1,1914,False,-0.15835555937289592,supported
0.5-1,1915,False,-0.15130287046385904,supported
0.5-1,1916,False,-0.20827051979345856,supported
0.5-1,1917,False,-0.3132020618200194,supported
0.5-1,1918,False,-0.11897788158378186,supported
0.5-1,1919,False,-0.16479236986818757,supported
0.5-1,1920,False,-0.168614410622971,watch
0.5-1,1921,False,-0.14889411556650511,supported
0.5-1,1922,False,-0.22262649387748568,supported
0.5-1,1923,False,-0.2804120173149104,supported
0.5-1,1924,False,-0.15581354326359798,supported
0.5-1,1925,False,-0.21674068501106458,supported
0.5-1,1926,False,-0.1169990272992728,supported
0.5-1,1927,False,-0.25474951624576514,supported
0.5-1,1928,False,-0.18620204317580297,supported
0.5-1,1929,False,-0.13442889178652762,supported
0.5-1,1930,False,-0.10629677147705285,supported
0.5-1,1931,False,-0.12188485904563706,supported
0.5-1,1932,False,-0.2758296890031863,supported
0.5-1,1933,False,-0.05175871281226507,supported
0.5-1,1934,False,-0.1404631905235385,supported
0.5-1,1935,False,-0.2290583801162005,supported
0.5-1,1936,False,-0.20296577365651702,supported
0.5-1,1937,False,-0.23094635244619133,supported
0.5-1,1938,False,-0.23044335715406006,supported
0.5-1,1939,False,-0.1822615640715356,supported
0.5-1,1940,False,-0.10759235031625192,supported
0.5-1,1941,False,-0.10470049982468821,watch
0.5-1,1942,False,-0.1628925209559734,supported
0.5-1,1943,False,-0.1533385668384989,supported
0.5-1,1944,False,-0.226295630700793,supported
0.5-1,1945,False,-0.2716410153041144,supported
0.5-1,1946,False,-0.08773642983597862,supported
0.5-1,1947,False,-0.1674545653800078,supported
0.5-1,1948,False,-0.19750820646993433,supported
0.5-1,1949,False,-0.10431776383627833,supported
0.5-1,1950,False,-0.12442255403303837,supported
0.5-1,1951,False,-0.25089716358828656,supported
0.5-1,1952,False,-0.15256518692737886,supported
0.5-1,1953,False,-0.19230444618881104,supported
0.5-1,1954,False,-0.11442433758888282,supported
0.5-1,1955,False,-0.17625866822212144,supported
0.5-1,1956,False,-0.12833144219704928,supported
0.5-1,1957,False,-0.08186861269613244,supported
0.5-1,1958,False,-0.08259351651873192,supported
0.5-1,1959,False,-0.08282997525758473,supported
0.5-1,1960,False,-0.19702642773130574,supported
0.5-1,1961,False,-0.13838088625683953,supported
0.5-1,1962,False,-0.10627486213017667,supported
0.5-1,1963,False,-0.19032271461327227,supported
0.5-1,1964,False,-0.2010810047671403,supported
0.5-1,1965,False,-0.18186857340004692,supported
0.5-1,1966,False,-0.15502797344186536,supported
0.5-1,1967,False,-0.18829272394209978,supported
0.5-1,1968,False,-0.13934223288271552,supported
0.5-1,1969,False,-0.14722359242420346,supported
0.5-1,1970,False,-0.15115932503852292,supported
0.5-1,1971,False,-0.1191716300304273,supported
0.5-1,1972,False,-0.21769512823680887,supported
0.5-1,1973,False,-0.24462148783040633,supported
0.5-1,1974,False,-0.07219014738603746,supported
0.5-1,1975,False,-0.15581738962649783,supported
0.5-1,1976,False,-0.22593822158314975,supported
0.5-1,1977,False,-0.07632055510021196,supported
0.5-1,1978,False,-0.1269439713566869,supported
0.5-1,1979,False,-0.1860897900138324,supported
0.5-1,1980,False,-0.12631387997380883,supported
0.5-1,1981,False,-0.19318374591251242,supported
0.5-1,1982,False,-0.12095700467998105,supported
0.5-1,1983,False,-0.15344730248883398,supported
0.5-1,1984,False,-0.07655585022418832,supported
0.5-1,1985,False,-0.05851787870634273,supported
0.5-1,1986,True,0.00548051305823094,supported
0.5-1,1987,False,-0.05729808228498656,supported
0.5-1,1988,False,-0.20861919731441497,supported
0.5-1,1989,False,-0.12975585621408325,supported
0.5-1,1990,False,-0.09454787006693377,supported
0.5-1,1991,False,-0.14809636660685233,supported
0.5-1,1992,False,-0.1729887681961202,supported
0.5-1,1993,False,-0.08749182228761343,supported
0.5-1,1994,False,-0.11119576357137129,supported
0.5-1,1995,False,-0.079580036625307,supported
0.5-1,1996,False,-0.2082985985510527,supported
0.5-1,1997,False,-0.1353864230188212,supported
0.5-1,1998,False,-0.12878765578845286,supported
0.5-1,1999,False,-0.15451286827199717,supported
0.5-1,2000,False,-0.09645435130564539,supported
0.5-1,2001,False,-0.1530832509101545,supported
0.5-1,2002,False,-0.12488880157565896,supported
0.5-1,2003,False,-0.08397628153770209,supported
0.5-1,2004,False,-0.18789047408082338,supported
0.5-1,2005,False,-0.12110567087247825,supported
0.5-1,2006,False,-0.04542071330087727,supported
0.5-1,2007,False,-0.1393934482111392,supported
0.5-1,2008,False,-0.20693920854247366,supported
0.5-1,2009,False,-0.06342119367993848,supported
0.5-1,2010,False,-0.11385079109029039,supported
0.5-1,2011,False,-0.11952123555575056,supported
0.5-1,2012,False,-0.07906187181549773,supported
0.5-1,2013,False,-0.19366052416486673,supported
0.5-1,2014,False,-0.07575867684691806,supported
0.5-1,2015,False,-0.11325369230488802,supported
0.5-1,2016,False,-0.25694738465068145,supported
0.5-1,2017,False,-0.24172836618948063,supported
0.5-1,2018,False,-0.25661775828987116,supported
0.5-1,2019,False,-0.24054828963994174,supported
0.5-1,2020,False,-0.30822001658377,supported
0.5-1,2021,False,-0.2818236999058706,supported
0.5-1,2022,False,-0.2910335059807799,supported
0.5-1,2023,False,-0.29934412021946294,supported
0.5-1,2024,False,-0.26121140848209623,supported
0.5-1,2025,False,-0.3115080552281019,supported
0.5-1,2026,False,-0.296555215091195,supported
0.5-1,2027,False,-0.27569577716277377,supported
0.5-1,2028,False,-0.2795473088581525,supported
0.5-1,2029,False,-0.3030929422873913,supported
0.5-1,2030,False,-0.24924421402336816,supported
0.5-1,2031,False,-0.2231551651370161,supported
0.5-1,2032,False,-0.27461506361210675,supported
0.5-1,2033,False,-0.2504623747164355,supported
0.5-1,2034,False,-0.2678664179425791,supported
0.5-1,2035,False,-0.29997195022452194,supported
0.5-1,2036,False,-0.262746953603198,supported
0.5-1,2037,False,-0.3044042411556741,supported
0.5-1,2038,False,-0.2938401518110895,supported
0.5-1,2039,False,-0.3006809477551023,supported
0.5-1,2040,False,-0.25838253376868775,supported
0.5-1,2041,False,-0.249584057887571,supported
0.5-1,2042,False,-0.2674099045506315,supported
0.5-1,2043,False,-0.2457510803642285,supported
0.5-1,2044,False,-0.3032994978269924,supported
0.5-1,2045,False,-0.3088400671636459,supported
0.5-1,2046,False,-0.2955235097838012,supported
0.5-1,2047,False,-0.2829997308194968,supported
0.5-1,2048,False,-0.2873031427822228,supported
0.5-1,2049,False,-0.29203292599801634,supported
0.5-1,2050,False,-0.3021646758756214,supported
0.5-1,2051,False,-0.30960849650303984,supported
0.5-1,2052,False,-0.30275519885755414,supported
0.5-1,2053,False,-0.293994059943414,supported
0.5-1,2054,False,-0.26682656117582887,supported
0.5-1,2055,False,-0.24841683808438125,supported
0.5-1,2056,False,-0.25812596146647343,supported
0.5-1,2057,False,-0.27049499151915923,supported
0.5-1,2058,False,-0.29960858233694826,supported
0.5-1,2059,False,-0.28149354778568214,supported
0.5-1,2060,False,-0.26357865252129914,supported
0.5-1,2061,False,-0.25912394363749197,supported
0.5-1,2062,False,-0.2970616995272145,supported
0.5-1,2063,False,-0.30203043200038027,supported
0.5-1,2064,False,-0.26030796398178296,supported
0.5-1,2065,False,-0.243181560106346,supported
0.5-1,2066,False,-0.26456108236641424,supported
0.5-1,2067,False,-0.24356794769525136,supported
0.5-1,2068,False,-0.3013442681663856,supported
0.5-1,2069,False,-0.29687605155618324,supported
0.5-1,2070,False,-0.29037389118955464,supported
0.5-1,2071,False,-0.29758575613885546,supported
0.5-1,2072,False,-0.31083190104039954,supported
0.5-1,2073,False,-0.29063939871314565,supported
0.5-1,2074,False,-0.09900023938869729,supported
0.5-1,2075,False,-0.3080575003024646,supported
0.5-1,2076,False,-0.29699615001234,supported
0.5-1,2077,False,-0.2955758494175133,supported
0.5-1,2078,False,-0.2698250375536058,supported
0.5-1,2079,False,-0.2600979653495526,supported
0.5-1,2080,False,-0.2885631228498824,supported
0.5-1,2081,False,-0.26872998835251527,supported
0.5-1,2082,False,-0.30352051050173284,supported
0.5-1,2083,False,-0.31357678159734304,supported
0.5-1,2084,False,-0.26961154486259503,supported
0.5-1,2085,False,-0.30721970488897066,supported
0.5-1,2086,False,-0.29152191885388223,supported
0.5-1,2087,False,-0.2993427579837392,supported
0.5-1,2088,False,-0.26129274174284156,supported
0.5-1,2089,False,-0.24217010790538557,supported
0.5-1,2090,False,-0.18376719320297796,supported
0.5-1,2091,False,-0.26195140940623324,supported
0.5-1,2092,False,-0.2952036311163948,supported
0.5-1,2093,False,-0.31065672279585255,supported
0.5-1,2094,False,-0.3012969960169993,supported
0.5-1,2095,False,-0.3088614866093939,supported
0.5-1,2096,False,-0.317784348193181,supported
0.5-1,2097,False,-0.26491325257230397,supported
0.5-1,2098,False,-0.301121251653321,supported
0.5-1,2099,False,-0.28917206246302496,supported
0.5-1,2100,False,-0.24796135426286348,supported
0.5-1,2101,False,-0.2488608194895099,supported
0.5-1,2102,False,-0.27708657821482185,supported
0.5-1,2103,False,-0.26075169003641285,supported
0.5-1,2104,False,-0.31242715785318254,supported
0.5-1,2105,False,-0.26108765991604926,supported
0.5-1,2106,False,-0.28241853578532033,supported
0.5-1,2107,False,-0.30371584850349964,supported
0.5-1,2108,False,-0.25622681677166137,supported
0.5-1,2109,False,-0.30435355479720944,supported
0.5-1,2110,False,-0.3102842905197712,supported
0.5-1,2111,False,-0.296483144575655,supported
0.5-1,2112,False,-0.25762501306999946,supported
0.5-1,2113,False,-0.22938395750531554,supported
0.5-1,2114,False,-0.258436111845076,supported
0.5-1,2115,False,-0.2506151384273114,supported
0.5-1,2116,False,-0.2893908494189421,supported
0.5-1,2117,False,-0.31479350769743814,supported
0.5-1,2118,False,-0.3015926348301119,supported
0.5-1,2119,False,-0.3015617020233663,supported
0.5-1,2120,False,-0.2997342739609805,supported
0.5-1,2121,False,-0.2799517439294976,supported
0.5-1,2122,False,-0.2907030887744044,supported
0.5-1,2123,False,-0.3175003122657144,supported
0.5-1,2124,False,-0.2998353135122681,supported
0.5-1,2125,False,-0.27745312407633604,supported
0.5-1,2126,False,-0.2738050740857685,supported
0.5-1,2127,False,-0.2497098657149146,supported
0.5-1,2128,False,-0.31122696117543447,supported
0.5-1,2129,False,-0.24998449996455607,supported
0.5-1,2130,False,-0.267618838653866,supported
0.5-1,2131,False,-0.2889046800561975,supported
0.5-1,2132,False,-0.25074020549614434,supported
0.5-1,2133,False,-0.28834573658928636,supported
0.5-1,2134,False,-0.30373188902721365,supported
0.5-1,2135,False,-0.29756717318716375,supported
0.5-1,2136,False,-0.25210751275033916,supported
0.5-1,2137,False,-0.2117783252763945,supported
0.5-1,2138,False,-0.15243621589652834,supported
0.5-1,2139,False,-0.2316082254733658,supported
0.5-1,2140,False,-0.2922733026799814,supported
0.5-1,2141,False,-0.2852728989315255,supported
0.5-1,2142,False,-0.289043349274665,supported
0.5-1,2143,False,-0.3097788832211938,supported
0.5-1,2144,False,-0.3200397726299316,supported
0.5-1,2145,False,-0.2342461469235927,supported
0.5-1,2146,False,-0.27933947234388484,supported
0.5-1,2147,False,-0.3076223411065359,supported
0.5-1,2148,False,-0.3072957035600475,supported
0.5-1,2149,False,-0.2569943594750105,supported
0.5-1,2150,False,-0.26943371969241464,supported
0.5-1,2151,False,-0.2510317589487622,supported
0.5-1,2152,False,-0.20382459307045575,supported
0.5-1,2153,False,-0.16566690893451286,supported
0.5-1,2154,False,-0.22467508483916954,supported
0.5-1,2155,False,-0.2644122931067604,supported
0.5-1,2156,False,-0.21213695018266332,supported
0.5-1,2157,False,-0.29917789471753486,supported
0.5-1,2158,False,-0.30815171319258305,supported
0.5-1,2159,False,-0.27907829393897193,supported
0.5-1,2160,False,-0.2230146518779786,supported
0.5-1,2161,False,-0.14070916643625953,supported
0.5-1,2162,False,-0.142536249543042,supported
0.5-1,2163,False,-0.1801431036467841,supported
0.5-1,2164,False,-0.2614677499516467,supported
0.5-1,2165,False,-0.21582621177639932,supported
0.5-1,2166,False,-0.2880951880329011,supported
0.5-1,2167,False,-0.28601151002325836,supported
0.5-1,2168,False,-0.17824368578850525,supported
0.5-1,2169,False,-0.21330961000411908,supported
0.5-1,2170,False,-0.23922397268311557,supported
0.5-1,2171,False,-0.1986252013843383,supported
0.5-1,2172,False,-0.19522171919785497,supported
0.5-1,2173,False,-0.23222828940643142,supported
0.5-1,2174,False,-0.13876635123578984,supported
0.5-1,2175,False,-0.19808070062563748,supported
0.5-1,2176,False,-0.20747298967340855,supported
0.5-1,2177,False,-0.1661586820794183,supported
0.5-1,2178,False,-0.21207464363047507,supported
0.5-1,2179,False,-0.22790355589661077,supported
0.5-1,2180,False,-0.19528687702404396,supported
0.5-1,2181,False,-0.20835298064683638,supported
0.5-1,2182,False,-0.19919590738598836,supported
0.5-1,2183,False,-0.22123831516601294,supported
0.5-1,2184,False,-0.14237573292133443,supported
0.5-1,2185,False,-0.12938787715843225,supported
0.5-1,2186,False,-0.14469941049489943,supported
0.5-1,2187,False,-0.1495127771016146,supported
0.5-1,2188,False,-0.24869165345419314,supported
0.5-1,2189,False,-0.19479148741764374,supported
0.5-1,2190,False,-0.18306487828119544,supported
0.5-1,2191,False,-0.19873414451209792,supported
0.5-1,2192,False,-0.19064844985069584,supported
0.5-1,2193,False,-0.1652866497212796,supported
0.5-1,2194,False,-0.21367554712430586,supported
0.5-1,2195,False,-0.19239039332082097,supported
0.5-1,2196,False,-0.2114469165940946,supported
0.5-1,2197,False,-0.17703522471385147,supported
0.5-1,2198,False,-0.14176340467535464,supported
0.5-1,2199,False,-0.11920850336654698,supported
0.5-1,2200,False,-0.18894673325679523,supported
0.5-1,2201,False,-0.15572093014901378,supported
0.5-1,2202,False,-0.16372086258641116,supported
0.5-1,2203,False,-0.2124906683149962,supported
0.5-1,2204,False,-0.12529719496592284,supported
0.5-1,2205,False,-0.2047769974371041,supported
0.5-1,2206,False,-0.2140807876655173,supported
0.5-1,2207,False,-0.21207319274000602,supported
0.5-1,2208,False,-0.10890277358393552,supported
0.5-1,2209,False,-0.12903568529119858,supported
0.5-1,2210,False,-0.09086047354042759,supported
0.5-1,2211,False,-0.11392576145079603,supported
0.5-1,2212,False,-0.1868842620705159,supported
0.5-1,2213,False,-0.17434490909380496,supported
0.5-1,2214,False,-0.19431394249597594,supported
0.5-1,2215,False,-0.21523307815664317,supported
0.5-1,2216,False,-0.13037322248148686,supported
0.5-1,2217,False,-0.14907241103244395,supported
0.5-1,2218,False,-0.1606151681477206,supported
0.5-1,2219,False,-0.14866569226930437,supported
0.5-1,2220,False,-0.187294983943539,supported
0.5-1,2221,False,-0.1215488560082032,supported
0.5-1,2222,False,-0.15855233807141544,supported
0.5-1,2223,False,-0.17433401549570593,supported
0.5-1,2224,False,-0.19059632969793588,supported
0.5-1,2225,False,-0.1392356690057931,supported
0.5-1,2226,False,-0.12596026441265729,supported
0.5-1,2227,False,-0.1318069388559321,supported
0.5-1,2228,False,-0.17510112871756467,supported
0.5-1,2229,False,-0.13838606628282835,supported
0.5-1,2230,False,-0.12718436792985777,supported
0.5-1,2231,False,-0.20198892246800126,supported
0.5-1,2232,False,-0.08055803990264931,supported
0.5-1,2233,False,-0.18961398422182296,supported
0.5-1,2234,False,-0.19821340604662918,supported
0.5-1,2235,False,-0.17104859834692954,supported
0.5-1,2236,False,-0.2490020703140976,supported
0.5-1,2237,False,-0.25087942488327686,supported
0.5-1,2238,False,-0.25448684695726864,supported
0.5-1,2239,False,-0.22954407660901616,supported
0.5-1,2240,False,-0.3032513506359091,supported
0.5-1,2241,False,-0.30076291991902826,supported
0.5-1,2242,False,-0.22609055258090482,supported
0.5-1,2243,False,-0.3091401511370982,supported
0.5-1,2244,False,-0.24807319692511964,supported
0.5-1,2245,False,-0.28954393682466467,supported
0.5-1,2246,False,-0.3042559950814562,supported
0.5-1,2247,False,-0.3031554726435895,supported
0.5-1,2248,False,-0.27739383643939275,supported
0.5-1,2249,False,-0.30261538616684364,supported
0.5-1,2250,False,-0.24720213457696227,supported
0.5-1,2251,True,0.030261801697938018,high
0.5-1,2252,False,-0.2709505648697713,supported
0.5-1,2253,False,-0.26263197066491073,supported
0.5-1,2254,False,-0.30621737937879256,supported
0.5-1,2255,False,-0.30600707024988744,supported
0.5-1,2256,False,-0.26295474481156644,supported
0.5-1,2257,False,-0.31414919438993655,supported
0.5-1,2258,False,-0.2969548965650895,supported
0.5-1,2259,False,-0.27927135475674586,supported
0.5-1,2260,False,-0.26149635655000997,supported
0.5-1,2261,False,-0.20264386495249698,supported
0.5-1,2262,False,-0.26443703633242766,supported
0.5-1,2263,False,-0.2698304562297219,supported
0.5-1,2264,False,-0.3025691587633963,supported
0.5-1,2265,False,-0.30887595348972263,supported
0.5-1,2266,False,-0.3023600892405534,supported
0.5-1,2267,False,-0.3089382763884077,supported
0.5-1,2268,False,-0.27145547976527534,supported
0.5-1,2269,False,-0.3115729688518279,supported
0.5-1,2270,False,-0.31239602987485965,supported
0.5-1,2271,False,-0.3076821925870707,supported
0.5-1,2272,False,-0.2797742618693703,supported
0.5-1,2273,False,-0.29989309833107336,supported
0.5-1,2274,False,-0.2678582588679184,supported
0.5-1,2275,False,-0.2682483846292577,supported
0.5-1,2276,False,-0.27278874881616555,supported
0.5-1,2277,False,-0.27753645274800853,supported
0.5-1,2278,False,-0.2825598809527855,supported
0.5-1,2279,False,-0.2935280398862298,supported
0.5-1,2280,False,-0.2716029718629372,supported
0.5-1,2281,False,-0.30146797761759764,supported
0.5-1,2282,False,-0.3117592939789682,supported
0.5-1,2283,False,-0.3085430241694503,supported
0.5-1,2284,False,-0.2521408586794208,supported
0.5-1,2285,False,-0.2464909134930724,supported
0.5-1,2286,False,-0.2649837843979299,supported
0.5-1,2287,False,-0.2502349287006661,supported
0.5-1,2288,False,-0.29544181576748413,supported
0.5-1,2289,True,0.005977802429343537,high
0.5-1,2290,False,-0.30614002505344634,supported
0.5-1,2291,False,-0.3047501085750965,supported
0.5-1,2292,False,-0.29541294220213604,supported
0.5-1,2293,False,-0.30696071891478277,supported
0.5-1,2294,False,-0.30723345608610786,supported
0.5-1,2295,False,-0.2748448693885342,supported
0.5-1,2296,False,-0.2932124563981829,supported
0.5-1,2297,False,-0.2728221382723338,supported
0.5-1,2298,False,-0.26535135167762897,supported
0.5-1,2299,False,-0.2754537267425266,supported
0.5-1,2300,False,-0.24976898577282503,supported
0.5-1,2301,False,-0.2722377718767436,supported
0.5-1,2302,False,-0.11578234574047197,supported
0.5-1,2303,True,0.007390703345551586,high
0.5-1,2304,False,-0.25367605605363397,supported
0.5-1,2305,False,-0.3033706288974174,supported
0.5-1,2306,False,-0.30192871254797826,supported
0.5-1,2307,False,-0.2867379476824794,supported
0.5-1,2308,False,-0.2584837744493824,supported
0.5-1,2309,False,-0.2501307157977662,supported
0.5-1,2310,False,-0.2540950014784415,supported
0.5-1,2311,False,-0.25217984043746927,supported
0.5-1,2312,False,-0.2935964957043896,supported
0.5-1,2313,False,-0.3096755622488363,supported
0.5-1,2314,False,-0.3054196420068506,supported
0.5-1,2315,False,-0.3078444588561417,supported
0.5-1,2316,False,-0.29335459674630426,supported
0.5-1,2317,False,-0.284324670499731,supported
0.5-1,2318,False,-0.302044035626172,supported
0.5-1,2319,False,-0.29949541226107745,supported
0.5-1,2320,False,-0.29320050615376125,supported
0.5-1,2321,False,-0.29318217930891044,supported
0.5-1,2322,False,-0.2714597736810402,supported
0.5-1,2323,False,-0.27480082594809624,supported
0.5-1,2324,False,-0.30533235104476003,supported
0.5-1,2325,False,-0.2720409430943168,supported
0.5-1,2326,False,-0.27700452559430017,supported
0.5-1,2327,False,-0.3073508432305486,supported
0.5-1,2328,False,-0.27617483864097087,supported
0.5-1,2329,False,-0.30240060570864113,supported
0.5-1,2330,False,-0.30836913975241426,supported
0.5-1,2331,False,-0.29310482406052624,supported
0.5-1,2332,False,-0.20174463589114916,supported
0.5-1,2333,False,-0.16187130705972963,supported
0.5-1,2334,False,-0.17330412799712658,supported
0.5-1,2335,False,-0.21369273224043278,supported
0.5-1,2336,False,-0.2905719171268535,supported
0.5-1,2337,False,-0.30378827706237815,supported
0.5-1,2338,False,-0.28145751101713745,supported
0.5-1,2339,False,-0.30654899363957017,supported
0.5-1,2340,False,-0.31519987155281615,supported
0.5-1,2341,False,-0.262727605804276,supported
0.5-1,2342,False,-0.28636284228648146,supported
0.5-1,2343,False,-0.3053408368000156,supported
0.5-1,2344,False,-0.28635142317629864,supported
0.5-1,2345,False,-0.28233774617421553,supported
0.5-1,2346,False,-0.27198196749875464,supported
0.5-1,2347,False,-0.2646805168200106,supported
0.5-1,2348,False,-0.3206491732447552,supported
0.5-1,2349,False,-0.25875862652491544,supported
0.5-1,2350,False,-0.2639851544273794,supported
0.5-1,2351,False,-0.30686386715249203,supported
0.5-1,2352,False,-0.27202043822466604,supported
0.5-1,2353,False,-0.2996003207735361,supported
0.5-1,2354,False,-0.2928686149520681,supported
0.5-1,2355,False,-0.28686449929315916,supported
0.5-1,2356,False,-0.1756669529358298,supported
0.5-1,2357,False,-0.14794088056919763,supported
0.5-1,2358,False,-0.05222434346947036,supported
0.5-1,2359,True,0.00707643928205981,moderate
0.5-1,2360,False,-0.29379625270622434,supported
0.5-1,2361,False,-0.3064602927057841,supported
0.5-1,2362,False,-0.2936264551175421,supported
0.5-1,2363,False,-0.29408369534585377,supported
0.5-1,2364,False,-0.08241214835628652,supported
0.5-1,2365,False,-0.23651774333890901,supported
0.5-1,2366,False,-0.2775914440980454,supported
0.5-1,2367,False,-0.1853618022449285,supported
0.5-1,2368,False,-0.30739037622289944,supported
0.5-1,2369,False,-0.22321108379033022,supported
0.5-1,2370,False,-0.2644891617051626,supported
0.5-1,2371,False,-0.24338549435983575,supported
0.5-1,2372,False,-0.2073711978716446,supported
0.5-1,2373,False,-0.16424807484427095,supported
0.5-1,2374,False,-0.2214093464997554,supported
0.5-1,2375,False,-0.2909231206481577,supported
0.5-1,2376,False,-0.21767625589624534,supported
0.5-1,2377,False,-0.2818103449875987,supported
0.5-1,2378,False,-0.30347928754393966,supported
0.5-1,2379,False,-0.2858404018849625,supported
0.5-1,2380,False,-0.19491515656885594,supported
0.5-1,2381,False,-0.11888165321690003,supported
0.5-1,2382,False,-0.1401820507007535,supported
0.5-1,2383,False,-0.14641321725618905,supported
0.5-1,2384,False,-0.18341608302859336,supported
0.5-1,2385,False,-0.19811390258788675,supported
0.5-1,2386,False,-0.2744043572533067,supported
0.5-1,2387,False,-0.26147918277756,supported
0.5-1,2388,False,-0.19392508287472998,supported
0.5-1,2389,False,-0.18018316274709578,supported
0.5-1,2390,False,-0.23492057712209213,supported
0.5-1,2391,False,-0.17534958775663445,supported
0.5-1,2392,False,-0.20689765167776958,supported
0.5-1,2393,False,-0.1954356903245879,supported
0.5-1,2394,False,-0.1264932347335762,supported
0.5-1,2395,False,-0.1642705660110193,supported
0.5-1,2396,False,-0.17791681478836285,supported
0.5-1,2397,False,-0.16969847194668708,supported
0.5-1,2398,False,-0.2304026270664445,supported
0.5-1,2399,False,-0.1877756604844455,supported
0.5-1,2400,False,-0.13766845285956641,supported
0.5-1,2401,False,-0.20674320182102907,supported
0.5-1,2402,False,-0.19279312546010818,supported
0.5-1,2403,False,-0.19300911957228534,supported
0.5-1,2404,False,-0.14853596954479142,supported
0.5-1,2405,False,-0.13531395367416565,supported
0.5-1,2406,False,-0.1265671581075416,supported
0.5-1,2407,False,-0.1476089058889294,supported
0.5-1,2408,False,-0.19398598573029346,supported
0.5-1,2409,False,-0.21163687793800606,supported
0.5-1,2410,False,-0.21420869196113557,supported
0.5-1,2411,False,-0.2096842961236272,supported
0.5-1,2412,False,-0.17430759177219712,supported
0.5-1,2413,False,-0.1432371430888678,supported
0.5-1,2414,False,-0.16316327299743194,supported
0.5-1,2415,False,-0.1933712146888848,supported
0.5-1,2416,False,-0.19389984151761586,supported
0.5-1,2417,False,-0.17635578435427957,supported
0.5-1,2418,False,-0.1298058896983575,supported
0.5-1,2419,False,-0.13037930618879712,supported
0.5-1,2420,False,-0.1804198038359235,supported
0.5-1,2421,False,-0.14662714178833547,supported
0.5-1,2422,False,-0.16367511324643014,supported
0.5-1,2423,False,-0.2128658139527888,supported
0.5-1,2424,False,-0.13981782944013055,supported
0.5-1,2425,False,-0.1953455886415325,supported
0.5-1,2426,False,-0.20631454003870875,supported
0.5-1,2427,False,-0.21229174654080796,supported
0.5-1,2428,False,-0.1017250399110563,supported
0.5-1,2429,False,-0.1309064611615266,supported
0.5-1,2430,False,-0.06577113209314556,supported
0.5-1,2431,False,-0.1243356288227302,supported
0.5-1,2432,False,-0.18490330746556516,supported
0.5-1,2433,False,-0.2135416781614607,supported
0.5-1,2434,False,-0.19733878861513476,supported
0.5-1,2435,False,-0.21592587476383263,supported
0.5-1,2436,False,-0.13010305868578742,supported
0.5-1,2437,False,-0.1571369298365558,supported
0.5-1,2438,False,-0.17244772284294096,supported
0.5-1,2439,False,-0.1331962168233145,supported
0.5-1,2440,False,-0.1860391288232583,supported
0.5-1,2441,False,-0.10900043594016362,supported
0.5-1,2442,False,-0.13772452309803396,supported
0.5-1,2443,False,-0.17947090842495939,supported
0.5-1,2444,False,-0.19644729157394403,supported
0.5-1,2445,False,-0.12956974887803752,supported
0.5-1,2446,False,-0.09685754144487413,supported
0.5-1,2447,False,-0.13272191258281296,supported
0.5-1,2448,False,-0.15449102593729047,supported
0.5-1,2449,False,-0.13874782938124564,supported
0.5-1,2450,False,-0.1261083081141262,supported
0.5-1,2451,False,-0.18036921120380045,supported
0.5-1,2452,False,-0.08703933666830166,supported
0.5-1,2453,False,-0.16121296198815516,supported
0.5-1,2454,False,-0.17500780852410525,supported
0.5-1,2455,False,-0.15654470861822634,supported
0.5-1,2456,False,-0.2444550056461522,supported
0.5-1,2457,False,-0.2544853800515979,supported
0.5-1,2458,False,-0.2548914876324798,supported
0.5-1,2459,False,-0.22464852482982728,supported
0.5-1,2460,False,-0.1733030154732701,supported
0.5-1,2461,False,-0.3052876280643875,supported
0.5-1,2462,False,-0.11771367133375799,watch
0.5-1,2463,False,-0.2843807493173538,supported
0.5-1,2464,False,-0.23320831971377098,supported
0.5-1,2465,False,-0.30170524488796113,supported
0.5-1,2466,False,-0.27338498619736457,supported
0.5-1,2467,False,-0.2669630722178178,supported
0.5-1,2468,False,-0.2698234753013047,supported
0.5-1,2469,False,-0.22733570599139202,supported
0.5-1,2470,False,-0.25811814548651435,supported
0.5-1,2471,False,-0.23938850987160726,supported
0.5-1,2472,False,-0.2655805944697343,supported
0.5-1,2473,False,-0.26500390360762055,supported
0.5-1,2474,False,-0.29540432365519237,supported
0.5-1,2475,False,-0.2914999114238683,supported
0.5-1,2476,False,-0.2368922329232832,supported
0.5-1,2477,False,-0.2923729799701664,supported
0.5-1,2478,False,-0.2705150368503173,supported
0.5-1,2479,False,-0.2987866991386884,supported
0.5-1,2480,False,-0.2627697049533414,supported
0.5-1,2481,False,-0.16386771166253,supported
0.5-1,2482,False,-0.2668826909389906,supported
0.5-1,2483,False,-0.24955257893780286,supported
0.5-1,2484,False,-0.3098162127004837,supported
0.5-1,2485,False,-0.2971174750846531,supported
0.5-1,2486,False,-0.2957064244129174,supported
0.5-1,2487,False,-0.3086811737242832,supported
0.5-1,2488,False,-0.27789885724181196,supported
0.5-1,2489,False,-0.3231504856886903,supported
0.5-1,2490,False,-0.3230673074037857,supported
0.5-1,2491,False,-0.2956584833313379,supported
0.5-1,2492,False,-0.295685745374296,supported
0.5-1,2493,False,-0.3095482886364001,supported
0.5-1,2494,False,-0.2719683596673921,supported
0.5-1,2495,False,-0.2598482775536817,supported
0.5-1,2496,False,-0.2846214898649375,supported
0.5-1,2497,False,-0.2084661364405509,supported
0.5-1,2498,False,-0.2033037133876291,supported
0.5-1,2499,False,-0.2844604349131722,supported
0.5-1,2500,False,-0.26573398475378707,supported
0.5-1,2501,False,-0.30513175708025403,supported
0.5-1,2502,False,-0.2948257301254852,supported
0.5-1,2503,False,-0.2997252322464171,supported
0.5-1,2504,False,-0.275732478308885,supported
0.5-1,2505,False,-0.2106362817922755,supported
0.5-1,2506,False,-0.22120411341967933,supported
0.5-1,2507,False,-0.20667858000932537,supported
0.5-1,2508,False,-0.2939305908805758,supported
0.5-1,2509,False,-0.290012164289502,supported
0.5-1,2510,False,-0.29995147872234756,supported
0.5-1,2511,False,-0.31183847648890334,supported
0.5-1,2512,False,-0.27898107616334505,supported
0.5-1,2513,False,-0.2975185189147974,supported
0.5-1,2514,False,-0.29367231096482277,supported
0.5-1,2515,False,-0.29190055519411795,supported
0.5-1,2516,False,-0.28083418214839534,supported
0.5-1,2517,False,-0.08238599656997692,supported
0.5-1,2518,False,-0.2459322745018912,supported
0.5-1,2519,False,-0.25671124931391326,supported
0.5-1,2520,False,-0.2525089991716938,supported
0.5-1,2521,False,-0.25160382834497363,supported
0.5-1,2522,False,-0.08240927492369354,supported
0.5-1,2523,False,-0.30843463445949576,supported
0.5-1,2524,False,-0.26552286893306476,supported
0.5-1,2525,False,-0.3003970953314372,supported
0.5-1,2526,False,-0.30033935542595963,supported
0.5-1,2527,False,-0.29791508360356883,supported
0.5-1,2528,False,-0.2561341454865323,supported
0.5-1,2529,False,-0.17435916718665567,supported
0.5-1,2530,False,-0.16558243069688428,supported
0.5-1,2531,False,-0.18551732649113195,supported
0.5-1,2532,False,-0.2929040133420181,supported
0.5-1,2533,False,-0.31166214737648185,supported
0.5-1,2534,False,-0.3019068404299435,supported
0.5-1,2535,False,-0.3083325850371763,supported
0.5-1,2536,False,-0.3019764309139858,supported
0.5-1,2537,False,-0.280289631128616,supported
0.5-1,2538,False,-0.3088004020593121,supported
0.5-1,2539,False,-0.3231703648590472,supported
0.5-1,2540,False,-0.31103388294252743,supported
0.5-1,2541,False,-0.30304707998617214,supported
0.5-1,2542,False,-0.26981339603022175,supported
0.5-1,2543,False,-0.27246597133278105,supported
0.5-1,2544,False,-0.2827496269561119,supported
0.5-1,2545,False,-0.26707493994269504,supported
0.5-1,2546,False,-0.2982909776757754,supported
0.5-1,2547,False,-0.3112915285475022,supported
0.5-1,2548,False,-0.2641165959243597,supported
0.5-1,2549,False,-0.29007654659287724,supported
0.5-1,2550,False,-0.30471304669341315,supported
0.5-1,2551,False,-0.29175554598872205,supported
0.5-1,2552,False,-0.14027476912629155,supported
0.5-1,2553,False,-0.15881012502292513,supported
0.5-1,2554,False,-0.15511922420476987,supported
0.5-1,2555,False,-0.21889135567217155,supported
0.5-1,2556,False,-0.28802326207327167,supported
0.5-1,2557,False,-0.3017939506534443,supported
0.5-1,2558,False,-0.29427190601719005,supported
0.5-1,2559,False,-0.3152182316401144,supported
0.5-1,2560,False,-0.3129592964003179,supported
0.5-1,2561,False,-0.22347825331215976,supported
0.5-1,2562,False,-0.30299830603300615,supported
0.5-1,2563,False,-0.3183650079919024,supported
0.5-1,2564,False,-0.3089305198337335,supported
0.5-1,2565,False,-0.26198073061400334,supported
0.5-1,2566,False,-0.2698415333051102,supported
0.5-1,2567,False,-0.21170975281881255,supported
0.5-1,2568,False,-0.3046451749862287,supported
0.5-1,2569,False,-0.19225929019816995,supported
0.5-1,2570,False,-0.22686438332067277,supported
0.5-1,2571,False,-0.30096750496979857,supported
0.5-1,2572,False,-0.24471589197157712,supported
0.5-1,2573,False,-0.3075195726954678,supported
0.5-1,2574,False,-0.31136179040047113,supported
0.5-1,2575,False,-0.29222238895527725,supported
0.5-1,2576,False,-0.1531838392314887,supported
0.5-1,2577,False,-0.17326161108028892,supported
0.5-1,2578,False,-0.14027279309663687,supported
0.5-1,2579,False,-0.16818505061417788,supported
0.5-1,2580,False,-0.27373176587774445,supported
0.5-1,2581,False,-0.29829397664830826,supported
0.5-1,2582,False,-0.29762195749044007,supported
0.5-1,2583,False,-0.30852400345487346,supported
0.5-1,2584,False,-0.1825850090559764,supported
0.5-1,2585,False,-0.2565366168611813,supported
0.5-1,2586,False,-0.26261811667115303,supported
0.5-1,2587,False,-0.3089726838280761,supported
0.5-1,2588,False,-0.22535781460420712,supported
0.5-1,2589,False,-0.2268131449328855,supported
0.5-1,2590,False,-0.2543933395394197,supported
0.5-1,2591,False,-0.17739758567892827,supported
0.5-1,2592,False,-0.21059792620868145,supported
0.5-1,2593,False,-0.14815379756514258,supported
0.5-1,2594,False,-0.24738756756334823,supported
0.5-1,2595,False,-0.30288823095995165,supported
0.5-1,2596,False,-0.2241192215424797,supported
0.5-1,2597,False,-0.2718669056414561,supported
0.5-1,2598,False,-0.30094421512438324,supported
0.5-1,2599,False,-0.28943873105565254,supported
0.5-1,2600,False,-0.16705505301412737,supported
0.5-1,2601,False,-0.14047314890941986,supported
0.5-1,2602,False,-0.14518509160105164,supported
0.5-1,2603,False,-0.16413386736671043,supported
0.5-1,2604,False,-0.272375494621381,supported
0.5-1,2605,False,-0.20360038385976442,supported
0.5-1,2606,False,-0.2573392399128146,supported
0.5-1,2607,False,-0.29656670551640474,supported
0.5-1,2608,False,-0.19366513934250384,supported
0.5-1,2609,False,-0.17530068639560947,supported
0.5-1,2610,False,-0.2305773533096636,supported
0.5-1,2611,False,-0.20953029830247027,supported
0.5-1,2612,False,-0.22403579728445505,supported
0.5-1,2613,False,-0.22044632436674255,supported
0.5-1,2614,False,-0.1522970117933642,supported
0.5-1,2615,False,-0.15083214248876997,supported
0.5-1,2616,False,-0.19749085816012218,supported
0.5-1,2617,False,-0.1734243832048551,supported
0.5-1,2618,False,-0.18183779164129288,supported
0.5-1,2619,False,-0.19130871786126813,supported
0.5-1,2620,False,-0.1402497236224518,supported
0.5-1,2621,False,-0.2081186411807699,supported
0.5-1,2622,False,-0.1981626027460952,supported
0.5-1,2623,False,-0.21185577240623538,supported
0.5-1,2624,False,-0.14650290627628804,supported
0.5-1,2625,False,-0.1469287945291824,supported
0.5-1,2626,False,-0.11863306827042341,supported
0.5-1,2627,False,-0.14886944718734707,supported
0.5-1,2628,False,-0.18153655157394355,supported
0.5-1,2629,False,-0.2081609333980297,supported
0.5-1,2630,False,-0.2200059247007053,supported
0.5-1,2631,False,-0.21925002982258712,supported
0.5-1,2632,False,-0.18514634053905288,supported
0.5-1,2633,False,-0.07162828109492192,supported
0.5-1,2634,False,-0.18417471650311878,supported
0.5-1,2635,False,-0.19427658954096966,supported
0.5-1,2636,False,-0.19280829353104123,supported
0.5-1,2637,False,-0.15867745112079124,supported
0.5-1,2638,False,-0.13452277102134758,supported
0.5-1,2639,False,-0.1418227412376839,supported
0.5-1,2640,False,-0.18458280830232032,supported
0.5-1,2641,False,-0.14193777193509316,supported
0.5-1,2642,False,-0.16296472810682683,supported
0.5-1,2643,False,-0.20630986509647553,supported
0.5-1,2644,False,-0.12782839461810214,supported
0.5-1,2645,False,-0.16905632401356274,supported
0.5-1,2646,False,-0.20388302183201723,supported
0.5-1,2647,False,-0.1950021925964054,supported
0.5-1,2648,False,-0.10466492687023543,supported
0.5-1,2649,False,-0.12992681354072277,supported
0.5-1,2650,False,-0.06976575951821518,supported
0.5-1,2651,False,-0.13425983270158726,supported
0.5-1,2652,False,-0.1888276540632079,supported
0.5-1,2653,False,-0.1893123751532536,supported
0.5-1,2654,False,-0.16157315833420816,supported
0.5-1,2655,False,-0.2106362196462766,supported
0.5-1,2656,False,-0.13750275194716066,supported
0.5-1,2657,False,-0.1430117320192703,supported
0.5-1,2658,False,-0.1588844359934506,supported
0.5-1,2659,False,-0.1291676624238005,supported
0.5-1,2660,False,-0.19074702919346376,supported
0.5-1,2661,False,-0.12178682065619795,supported
0.5-1,2662,False,-0.1314039823556079,supported
0.5-1,2663,False,-0.17429445355225204,supported
0.5-1,2664,False,-0.2140602861401435,supported
0.5-1,2665,False,-0.1303530640536893,supported
0.5-1,2666,False,-0.09119006657308393,supported
0.5-1,2667,False,-0.1535125552455998,supported
0.5-1,2668,False,-0.15956726731011406,supported
0.5-1,2669,False,-0.14639643908786004,supported
0.5-1,2670,False,-0.10870250705265705,supported
0.5-1,2671,False,-0.17400694051011045,supported
0.5-1,2672,False,-0.05384047966879313,supported
0.5-1,2673,False,-0.16543082806164566,supported
0.5-1,2674,False,-0.2004776652702952,supported
0.5-1,2675,False,-0.14656413886801634,supported
0.5-1,2676,False,-0.25500181960943213,supported
0.5-1,2677,False,-0.2351709093223699,supported
0.5-1,2678,False,-0.25685508322667505,supported
0.5-1,2679,False,-0.2198189279216627,supported
0.5-1,2680,False,-0.15685651245286925,supported
0.5-1,2681,False,-0.3029256217236563,supported
0.5-1,2682,False,-0.1352521885950021,watch
0.5-1,2683,False,-0.26246512401618255,supported
0.5-1,2684,False,-0.2482190310407787,supported
0.5-1,2685,False,-0.3042663930513126,supported
0.5-1,2686,False,-0.1949695185891714,supported
0.5-1,2687,False,-0.2819211278077128,supported
0.5-1,2688,False,-0.2834808634931117,supported
0.5-1,2689,False,-0.12388206538674829,watch
0.5-1,2690,False,-0.15461641119076897,supported
0.5-1,2691,False,-0.23752144548947113,supported
0.5-1,2692,False,-0.272551548451407,supported
0.5-1,2693,False,-0.24585313693188243,supported
0.5-1,2694,False,-0.3070025173771786,supported
0.5-1,2695,False,-0.2971411364290231,supported
0.5-1,2696,False,-0.21185235901628874,supported
0.5-1,2697,False,-0.2624628916423885,supported
0.5-1,2698,False,-0.28284117034061873,supported
0.5-1,2699,False,-0.22029531849002387,supported
0.5-1,2700,False,-0.263322531667848,supported
0.5-1,2701,False,-0.21287847679037997,supported
0.5-1,2702,False,-0.2664456942060762,supported
0.5-1,2703,False,-0.22510918678280656,supported
0.5-1,2704,False,-0.3001364608715692,supported
0.5-1,2705,False,-0.3062843963105305,supported
0.5-1,2706,False,-0.27704263443008575,supported
0.5-1,2707,False,-0.30558080884845773,supported
0.5-1,2708,False,-0.2816605902986101,supported
0.5-1,2709,False,-0.3078172453772589,supported
0.5-1,2710,False,-0.3208557891019608,supported
0.5-1,2711,False,-0.3054260638561928,supported
0.5-1,2712,False,-0.2919778238501149,supported
0.5-1,2713,False,-0.2941812727840775,supported
0.5-1,2714,False,-0.26037307859211145,supported
0.5-1,2715,False,-0.2607100582246371,supported
0.5-1,2716,False,-0.30286275367607296,supported
0.5-1,2717,False,-0.19812518594386086,supported
0.5-1,2718,False,-0.31042549902515953,supported
0.5-1,2719,False,-0.2864158870455216,supported
0.5-1,2720,False,-0.26605676025363223,supported
0.5-1,2721,False,-0.31295783331363664,supported
0.5-1,2722,False,-0.3024202123385409,supported
0.5-1,2723,False,-0.2835329719661294,supported
0.5-1,2724,False,-0.2667401594235141,supported
0.5-1,2725,False,-0.24963297336815932,supported
0.5-1,2726,False,-0.25412286552663854,supported
0.5-1,2727,False,-0.2537578550425516,supported
0.5-1,2728,False,-0.2978633224251001,supported
0.5-1,2729,False,-0.3022600769610517,supported
0.5-1,2730,False,-0.30354860969640163,supported
0.5-1,2731,False,-0.3112895379585113,supported
0.5-1,2732,False,-0.2759485240227772,supported
0.5-1,2733,False,-0.28517860652112315,supported
0.5-1,2734,False,-0.3178444705320035,supported
0.5-1,2735,False,-0.3035977204881223,supported
0.5-1,2736,False,-0.2992690525306668,supported
0.5-1,2737,False,-0.3142529464686551,supported
0.5-1,2738,False,-0.2550411504773016,supported
0.5-1,2739,False,-0.1843013057938686,supported
0.5-1,2740,False,-0.2853682239438326,supported
0.5-1,2741,False,-0.23538040147029016,supported
0.5-1,2742,False,-0.31693596197152557,supported
0.5-1,2743,False,-0.29539021882441074,supported
0.5-1,2744,False,-0.27032897375610443,supported
0.5-1,2745,False,-0.2981937395687165,supported
0.5-1,2746,False,-0.28231365238778816,supported
0.5-1,2747,False,-0.29929436785239105,supported
0.5-1,2748,False,-0.257084837510727,supported
0.5-1,2749,False,-0.16973091163764642,supported
0.5-1,2750,False,-0.25538420940747836,supported
0.5-1,2751,False,-0.21480000253728598,supported
0.5-1,2752,False,-0.2965984384983191,supported
0.5-1,2753,False,-0.3116163481839255,supported
0.5-1,2754,False,-0.30474251310879785,supported
0.5-1,2755,False,-0.3095290310428148,supported
0.5-1,2756,False,-0.29187134132294573,supported
0.5-1,2757,False,-0.2818808766257455,supported
0.5-1,2758,False,-0.2878918191658733,supported
0.5-1,2759,False,-0.31823339303681675,supported
0.5-1,2760,False,-0.31065941634346395,supported
0.5-1,2761,False,-0.3023059156700441,supported
0.5-1,2762,False,-0.24995380123534172,supported
0.5-1,2763,False,-0.17716154203305867,supported
0.5-1,2764,False,-0.30570787993040077,supported
0.5-1,2765,False,-0.1734635515515328,supported
0.5-1,2766,False,-0.30198358921117935,supported
0.5-1,2767,False,-0.2959247897553014,supported
0.5-1,2768,False,-0.1678387899815681,supported
0.5-1,2769,False,-0.30916288464706243,supported
0.5-1,2770,False,-0.31245550551995094,supported
0.5-1,2771,False,-0.28751664910728786,supported
0.5-1,2772,False,-0.199606264337992,supported
0.5-1,2773,False,-0.1748789431253882,supported
0.5-1,2774,False,-0.19144278997582143,supported
0.5-1,2775,False,-0.16402983991115383,supported
0.5-1,2776,False,-0.2949455269627243,supported
0.5-1,2777,False,-0.279281137296965,supported
0.5-1,2778,False,-0.29779116453510085,supported
0.5-1,2779,False,-0.3111660885804249,supported
0.5-1,2780,False,-0.30615061852815,supported
0.5-1,2781,False,-0.25401964114220577,supported
0.5-1,2782,False,-0.27781468177115776,supported
0.5-1,2783,False,-0.24220733553999252,supported
0.5-1,2784,False,-0.30761117557600365,supported
0.5-1,2785,False,-0.27641550508324864,supported
0.5-1,2786,False,-0.1629478497383422,supported
0.5-1,2787,False,-0.16947937142077574,supported
0.5-1,2788,False,-0.2619013033873839,supported
0.5-1,2789,False,-0.15503438921162838,supported
0.5-1,2790,False,-0.26479055894010767,supported
0.5-1,2791,False,-0.30295058090999655,supported
0.5-1,2792,False,-0.26580726907652275,supported
0.5-1,2793,False,-0.28714267288503464,supported
0.5-1,2794,False,-0.3095919306884896,supported
0.5-1,2795,False,-0.3014420188054904,supported
0.5-1,2796,False,-0.15800844412768322,supported
0.5-1,2797,False,-0.17352903066915581,supported
0.5-1,2798,False,-0.1576276823068815,supported
0.5-1,2799,False,-0.1662552972119713,supported
0.5-1,2800,False,-0.28605855038603667,supported
0.5-1,2801,False,-0.30265569926438834,supported
0.5-1,2802,False,-0.2907625966353632,supported
0.5-1,2803,False,-0.3031680920890843,supported
0.5-1,2804,False,-0.20834763762495712,supported
0.5-1,2805,False,-0.2541318618146152,supported
0.5-1,2806,False,-0.24673764437648266,supported
0.5-1,2807,False,-0.20131226105871303,supported
0.5-1,2808,False,-0.20415672968260618,supported
0.5-1,2809,False,-0.14647338741571736,supported
0.5-1,2810,False,-0.1504080618270639,supported
0.5-1,2811,False,-0.1578553156825594,supported
0.5-1,2812,False,-0.19110841528210487,supported
0.5-1,2813,False,-0.1216543937675264,supported
0.5-1,2814,False,-0.2564135426007567,supported
0.5-1,2815,False,-0.30619356970912404,supported
0.5-1,2816,False,-0.20667505535195624,supported
0.5-1,2817,False,-0.2747970774241152,supported
0.5-1,2818,False,-0.30699643731803616,supported
0.5-1,2819,False,-0.27949352840387204,supported
0.5-1,2820,False,-0.15993358600682295,supported
0.5-1,2821,False,-0.1526971479736957,supported
0.5-1,2822,False,-0.1436603722747568,supported
0.5-1,2823,False,-0.174126633425419,supported
0.5-1,2824,False,-0.26621134601602714,supported
0.5-1,2825,False,-0.2424673207330088,supported
0.5-1,2826,False,-0.19149487222401318,supported
0.5-1,2827,False,-0.3084201324306104,supported
0.5-1,2828,False,-0.20089527796473716,supported
0.5-1,2829,False,-0.160233352002363,supported
0.5-1,2830,False,-0.22775293152604964,supported
0.5-1,2831,False,-0.1708901008664735,supported
0.5-1,2832,False,-0.1979003942875473,supported
0.5-1,2833,False,-0.19547632929511932,supported
0.5-1,2834,False,-0.18574522214751277,supported
0.5-1,2835,False,-0.1503378533806986,supported
0.5-1,2836,False,-0.1877922630026695,supported
0.5-1,2837,False,-0.1746031325083377,supported
0.5-1,2838,False,-0.19478562343196948,supported
0.5-1,2839,False,-0.2310779081687691,supported
0.5-1,2840,False,-0.1429545323710678,supported
0.5-1,2841,False,-0.19093410223020196,supported
0.5-1,2842,False,-0.21661143741701355,supported
0.5-1,2843,False,-0.20091720644304495,supported
0.5-1,2844,False,-0.1374848747970655,supported
0.5-1,2845,False,-0.1506641037889116,supported
0.5-1,2846,False,-0.1328205552110132,supported
0.5-1,2847,False,-0.14306822568013144,supported
0.5-1,2848,False,-0.17906841932849005,supported
0.5-1,2849,False,-0.2136607675551176,supported
0.5-1,2850,False,-0.21081248232325,supported
0.5-1,2851,False,-0.188062797679504,supported
0.5-1,2852,False,-0.18662446064998195,supported
0.5-1,2853,False,-0.1383477384665006,supported
0.5-1,2854,False,-0.15338410762337829,supported
0.5-1,2855,False,-0.19635989328872855,supported
0.5-1,2856,False,-0.1866558269599255,supported
0.5-1,2857,False,-0.16022690552927543,supported
0.5-1,2858,False,-0.12768372833588892,supported
0.5-1,2859,False,-0.1487881132282195,supported
0.5-1,2860,False,-0.18646172769737696,supported
0.5-1,2861,False,-0.14026546375543703,supported
0.5-1,2862,False,-0.1445364334829642,supported
0.5-1,2863,False,-0.19588085231211522,supported
0.5-1,2864,False,-0.12235591166686799,supported
0.5-1,2865,False,-0.20046051644934443,supported
0.5-1,2866,False,-0.16713980947216478,supported
0.5-1,2867,False,-0.21299658362567453,supported
0.5-1,2868,False,-0.09748512220319072,supported
0.5-1,2869,False,-0.11665711786739474,supported
0.5-1,2870,False,-0.08014989934068051,supported
0.5-1,2871,False,-0.13562275603814555,supported
0.5-1,2872,False,-0.17905326798810528,supported
0.5-1,2873,False,-0.18537263230421674,supported
0.5-1,2874,False,-0.18152758988061524,supported
0.5-1,2875,False,-0.17324087311903003,supported
0.5-1,2876,False,-0.14064733386549522,supported
0.5-1,2877,False,-0.1566228378132586,supported
0.5-1,2878,False,-0.15067745435342028,supported
0.5-1,2879,False,-0.13850093925734142,supported
0.5-1,2880,False,-0.1887098525006794,supported
0.5-1,2881,False,-0.09740865420355016,supported
0.5-1,2882,False,-0.13561280238363382,supported
0.5-1,2883,False,-0.17313925545725006,supported
0.5-1,2884,False,-0.19384077395345034,supported
0.5-1,2885,False,-0.12770709471493658,supported
0.5-1,2886,False,-0.08266213852945714,supported
0.5-1,2887,False,-0.15622747645696455,supported
0.5-1,2888,False,-0.16062866895248895,supported
0.5-1,2889,False,-0.13259377217632484,supported
0.5-1,2890,False,-0.05769737081511639,supported
0.5-1,2891,False,-0.17667389537099532,supported
0.5-1,2892,False,-0.049085201283741164,supported
0.5-1,2893,False,-0.18014426122687766,supported
0.5-1,2894,False,-0.16985940727272197,supported
0.5-1,2895,False,-0.17409271701820317,supported
0.5-1,2896,False,-0.26265916779847465,supported
0.5-1,2897,False,-0.23681354126324333,supported
0.5-1,2898,False,-0.15263247009575476,supported
0.5-1,2899,False,-0.1909726979757927,supported
0.5-1,2900,False,-0.11825655396755808,watch
0.5-1,2901,False,-0.2886712630542415,supported
0.5-1,2902,False,-0.08506467768780657,watch
0.5-1,2903,False,-0.3084937403366088,supported
0.5-1,2904,False,-0.25671391530208676,supported
0.5-1,2905,False,-0.218537766986235,supported
0.5-1,2906,False,-0.1655864581709784,supported
0.5-1,2907,False,-0.29915213101790555,supported
0.5-1,2908,False,-0.2752672378230831,supported
0.5-1,2909,False,-0.20108221879868116,supported
0.5-1,2910,False,-0.15072069697690615,supported
0.5-1,2911,False,-0.2386266521562086,supported
0.5-1,2912,False,-0.2591381738468183,supported
0.5-1,2913,False,-0.21379366034254754,supported
0.5-1,2914,False,-0.19544968427532017,supported
0.5-1,2915,False,-0.2993019700338232,supported
0.5-1,2916,False,-0.23666039990276416,supported
0.5-1,2917,False,-0.19052270364521612,supported
0.5-1,2918,False,-0.27825498173067525,supported
0.5-1,2919,False,-0.2868259027359173,supported
0.5-1,2920,False,-0.25163495489062637,supported
0.5-1,2921,False,-0.23804554299594521,supported
0.5-1,2922,False,-0.17849248839220566,supported
0.5-1,2923,False,-0.10851096277290884,supported
0.5-1,2924,False,-0.22856161463504743,supported
0.5-1,2925,False,-0.27927004758240676,supported
0.5-1,2926,False,-0.2745442026749387,supported
0.5-1,2927,False,-0.3004095294207787,supported
0.5-1,2928,False,-0.27158815119392116,supported
0.5-1,2929,False,-0.25359008053060655,supported
0.5-1,2930,False,-0.3102722675216639,supported
0.5-1,2931,False,-0.03251555484179258,supported
0.5-1,2932,False,-0.2839626729419019,supported
0.5-1,2933,False,-0.3068375610113034,supported
0.5-1,2934,False,-0.2753285633985955,supported
0.5-1,2935,False,-0.2471447105069846,supported
0.5-1,2936,False,-0.30124048290563693,supported
0.5-1,2937,False,-0.1773585918281232,supported
0.5-1,2938,False,-0.3237874246228928,supported
0.5-1,2939,False,-0.3086409653583017,supported
0.5-1,2940,False,-0.26468270672570504,supported
0.5-1,2941,False,-0.2937567032517335,supported
0.5-1,2942,False,-0.2908347732275268,supported
0.5-1,2943,False,-0.3059348987598252,supported
0.5-1,2944,False,-0.27404941077721473,supported
0.5-1,2945,False,-0.2523119959990098,supported
0.5-1,2946,False,-0.25548487293860334,supported
0.5-1,2947,False,-0.2660456328923971,supported
0.5-1,2948,False,-0.30229313326513,supported
0.5-1,2949,False,-0.3041898975302956,supported
0.5-1,2950,False,-0.308117154737786,supported
0.5-1,2951,False,-0.29888822172976826,supported
0.5-1,2952,False,-0.29499158689202926,supported
0.5-1,2953,False,-0.32074623124823104,supported
0.5-1,2954,False,-0.2909156589997582,supported
0.5-1,2955,False,-0.30712558231050524,supported
0.5-1,2956,False,-0.3132807578835788,supported
0.5-1,2957,False,-0.32111744590347324,supported
0.5-1,2958,False,-0.27115284496010794,supported
0.5-1,2959,False,-0.22484916703437585,supported
0.5-1,2960,False,-0.31050030763888886,supported
0.5-1,2961,False,-0.15827242378013628,supported
0.5-1,2962,False,-0.30722515345499185,supported
0.5-1,2963,False,-0.30814675156639326,supported
0.5-1,2964,False,-0.2717967341084567,supported
0.5-1,2965,False,-0.3045617767129113,supported
0.5-1,2966,False,-0.2997205922532083,supported
0.5-1,2967,False,-0.2969898818735604,supported
0.5-1,2968,False,-0.2270632718392941,supported
0.5-1,2969,False,-0.17478437623611953,supported
0.5-1,2970,False,-0.2569148050175746,supported
0.5-1,2971,False,-0.21702259035434535,supported
0.5-1,2972,False,-0.29972418136910944,supported
0.5-1,2973,False,-0.3047665794935261,supported
0.5-1,2974,False,-0.3051713445878939,supported
0.5-1,2975,False,-0.29264313906212547,supported
0.5-1,2976,False,-0.29685055627216916,supported
0.5-1,2977,False,-0.2922559006439897,supported
0.5-1,2978,False,-0.29356368011039286,supported
0.5-1,2979,False,-0.30613963762115803,supported
0.5-1,2980,False,-0.1530065968749631,supported
0.5-1,2981,False,-0.3112308355256118,supported
0.5-1,2982,False,-0.2557651855616854,supported
0.5-1,2983,False,-0.1592843062089464,supported
0.5-1,2984,False,-0.2999123937493728,supported
0.5-1,2985,False,-0.06946336426207844,watch
0.5-1,2986,False,-0.28145139944480074,supported
0.5-1,2987,False,-0.31132305000457744,supported
0.5-1,2988,False,-0.2534628556566804,supported
0.5-1,2989,False,-0.3024522683146036,supported
0.5-1,2990,False,-0.3117829741411598,supported
0.5-1,2991,False,-0.3030861218218562,supported
0.5-1,2992,False,-0.16684897607658478,supported
0.5-1,2993,False,-0.17261931290725685,supported
0.5-1,2994,False,-0.1589069294462524,supported
0.5-1,2995,False,-0.15128410241468637,supported
0.5-1,2996,False,-0.26357430980544305,supported
0.5-1,2997,False,-0.30930933384456805,supported
0.5-1,2998,False,-0.30536701342418615,supported
0.5-1,2999,False,-0.2848892362326537,supported
0.5-1,3000,False,-0.31876772862007763,supported
0.5-1,3001,False,-0.25919180321625673,supported
0.5-1,3002,False,-0.2735748436740794,supported
0.5-1,3003,False,-0.2596402935003255,supported
0.5-1,3004,False,-0.31270525328671334,supported
0.5-1,3005,False,-0.283501307249462,supported
0.5-1,3006,False,-0.17747674599416785,supported
0.5-1,3007,False,-0.13932454249399817,supported
0.5-1,3008,False,-0.31270280964654623,supported
0.5-1,3009,False,-0.1439948375665876,supported
0.5-1,3010,False,-0.2722904069379355,supported
0.5-1,3011,False,-0.2955224380238598,supported
0.5-1,3012,False,-0.16719441800022805,supported
0.5-1,3013,False,-0.2846630390103959,supported
0.5-1,3014,False,-0.2921930963959634,supported
0.5-1,3015,False,-0.2948233389539825,supported
0.5-1,3016,False,-0.15587260907575395,supported
0.5-1,3017,False,-0.1753658914871259,supported
0.5-1,3018,False,-0.16584164960851078,supported
0.5-1,3019,False,-0.17689174070103542,supported
0.5-1,3020,False,-0.2900616533834132,supported
0.5-1,3021,False,-0.28960951370166205,supported
0.5-1,3022,False,-0.27730503932459966,supported
0.5-1,3023,False,-0.31217371947912037,supported
0.5-1,3024,False,-0.31347576793610765,supported
0.5-1,3025,False,-0.2386040789600714,supported
0.5-1,3026,False,-0.2553123772994203,supported
0.5-1,3027,False,-0.2110532873186201,supported
0.5-1,3028,False,-0.2395534715591464,supported
0.5-1,3029,False,-0.2665715241765228,supported
0.5-1,3030,False,-0.1523718992248898,supported
0.5-1,3031,False,-0.1469201109039302,supported
0.5-1,3032,False,-0.2681483953559638,supported
0.5-1,3033,False,-0.16369925503777694,supported
0.5-1,3034,False,-0.2571471222193552,supported
0.5-1,3035,False,-0.29036187558513216,supported
0.5-1,3036,False,-0.16088286345109049,supported
0.5-1,3037,False,-0.28074854476404454,supported
0.5-1,3038,False,-0.2957147396375733,supported
0.5-1,3039,False,-0.23825500977616565,supported
0.5-1,3040,False,-0.16220596725025682,supported
0.5-1,3041,False,-0.17543527425040906,supported
0.5-1,3042,False,-0.14256801878588377,supported
0.5-1,3043,False,-0.18068003471245064,supported
0.5-1,3044,False,-0.2009558867391446,supported
0.5-1,3045,False,-0.2549937662799082,supported
0.5-1,3046,False,-0.25353268095403153,supported
0.5-1,3047,False,-0.3090900464523881,supported
0.5-1,3048,False,-0.19454386398898038,supported
0.5-1,3049,False,-0.1686681313207904,supported
0.5-1,3050,False,-0.23477783598080543,supported
0.5-1,3051,False,-0.2004287988074704,supported
0.5-1,3052,False,-0.1933649908236843,supported
0.5-1,3053,False,-0.1981641045598036,supported
0.5-1,3054,False,-0.15787479554667116,supported
0.5-1,3055,False,-0.15678681307497455,supported
0.5-1,3056,False,-0.19582231326489669,supported
0.5-1,3057,False,-0.16254558604609548,supported
0.5-1,3058,False,-0.20622430705260902,supported
0.5-1,3059,False,-0.2888838169292991,supported
0.5-1,3060,False,-0.15918941048717994,supported
0.5-1,3061,False,-0.20195500362366353,supported
0.5-1,3062,False,-0.28667951862752367,supported
0.5-1,3063,False,-0.1917677291366261,supported
0.5-1,3064,False,-0.1272958457797957,supported
0.5-1,3065,False,-0.15053171178685787,supported
0.5-1,3066,False,-0.11912158757375535,supported
0.5-1,3067,False,-0.14263199827516593,supported
0.5-1,3068,False,-0.18085615001167377,supported
0.5-1,3069,False,-0.19445911919605163,supported
0.5-1,3070,False,-0.2060963907614929,supported
0.5-1,3071,False,-0.20156414260108413,supported
0.5-1,3072,False,-0.20394459294098333,supported
0.5-1,3073,False,-0.11926803063600377,supported
0.5-1,3074,False,-0.1720381540194924,supported
0.5-1,3075,False,-0.183461355826539,supported
0.5-1,3076,False,-0.1826342200762352,supported
0.5-1,3077,False,-0.1660501434424645,supported
0.5-1,3078,False,-0.1326173176712816,supported
0.5-1,3079,False,-0.14756034917938354,supported
0.5-1,3080,False,-0.1928485928019818,supported
0.5-1,3081,False,-0.13933375779262724,supported
0.5-1,3082,False,-0.14925231494141977,supported
0.5-1,3083,False,-0.2218365387558543,supported
0.5-1,3084,False,-0.1157388951201408,supported
0.5-1,3085,False,-0.20756428046130515,supported
0.5-1,3086,False,-0.1842279866520099,supported
0.5-1,3087,False,-0.1902236879398218,supported
0.5-1,3088,False,-0.08155375690775357,supported
0.5-1,3089,False,-0.1329875473663219,supported
0.5-1,3090,False,-0.07815745693188936,supported
0.5-1,3091,False,-0.13918000963795318,supported
0.5-1,3092,False,-0.18910213119299474,supported
0.5-1,3093,False,-0.17026617866000693,supported
0.5-1,3094,False,-0.18389165409139774,supported
0.5-1,3095,False,-0.1898291153487432,supported
0.5-1,3096,False,-0.13774855755677906,supported
0.5-1,3097,False,-0.12703329549231035,supported
0.5-1,3098,False,-0.15940970533041277,supported
0.5-1,3099,False,-0.14865320057483766,supported
0.5-1,3100,False,-0.18983638342745818,supported
0.5-1,3101,False,-0.11116007718394783,supported
0.5-1,3102,False,-0.13488217958172244,supported
0.5-1,3103,False,-0.17739821521407717,supported
0.5-1,3104,False,-0.19435706761228017,supported
0.5-1,3105,False,-0.1344755262789592,supported
0.5-1,3106,False,-0.10201314581618459,supported
0.5-1,3107,False,-0.1563861718427766,supported
0.5-1,3108,False,-0.1701785605479128,supported
0.5-1,3109,False,-0.13031569953438282,supported
0.5-1,3110,False,-0.09190049705973447,supported
0.5-1,3111,False,-0.13511496433943282,supported
0.5-1,3112,False,-0.09315810077335773,supported
0.5-1,3113,False,-0.19072036604168452,supported
0.5-1,3114,False,-0.14774892013302032,supported
0.5-1,3115,False,-0.15743135862375424,supported
0.5-1,3116,False,-0.14398002662418286,supported
0.5-1,3117,False,-0.20628889190611488,supported
0.5-1,3118,False,-0.14868926675469096,supported
0.5-1,3119,False,-0.15266211950580222,supported
0.5-1,3120,False,-0.11143364129149136,watch
0.5-1,3121,False,-0.23215437666078131,supported
0.5-1,3122,False,-0.05140973317597086,moderate
0.5-1,3123,False,-0.2988693197909008,supported
0.5-1,3124,False,-0.255110958778751,supported
0.5-1,3125,False,-0.20210992300623737,supported
0.5-1,3126,False,-0.2178606344078166,supported
0.5-1,3127,False,-0.2825726717970894,supported
0.5-1,3128,False,-0.2754677590312861,supported
0.5-1,3129,False,-0.18785490052206777,supported
0.5-1,3130,False,-0.1392887388590195,supported
0.5-1,3131,False,-0.23604866405459568,supported
0.5-1,3132,False,-0.2734261845979541,supported
0.5-1,3133,False,-0.24289736258462996,supported
0.5-1,3134,False,-0.10784735721917793,supported
0.5-1,3135,False,-0.28810588243693513,supported
0.5-1,3136,False,-0.2131159746781383,supported
0.5-1,3137,False,-0.2683426014576851,supported
0.5-1,3138,False,-0.28625599950758135,supported
0.5-1,3139,False,-0.17982855355129734,supported
0.5-1,3140,False,-0.12565953583833844,supported
0.5-1,3141,False,-0.14012865965343413,supported
0.5-1,3142,False,-0.13478731951367484,supported
0.5-1,3143,False,-0.1641394063229188,supported
0.5-1,3144,False,-0.201053822900998,supported
0.5-1,3145,False,-0.2818738371921501,supported
0.5-1,3146,False,-0.20174107295484495,supported
0.5-1,3147,False,-0.29788443993413044,supported
0.5-1,3148,False,-0.25028983842130303,supported
0.5-1,3149,False,-0.236015642444577,supported
0.5-1,3150,False,-0.30852005847093955,supported
0.5-1,3151,False,-0.2891198503656461,supported
0.5-1,3152,False,-0.28954221132790586,supported
0.5-1,3153,False,-0.3023018993494592,supported
0.5-1,3154,False,-0.18034371207350575,supported
0.5-1,3155,False,-0.2467682229516417,supported
0.5-1,3156,False,-0.2954273907981445,supported
0.5-1,3157,False,-0.20802395620712538,supported
0.5-1,3158,False,-0.298842468045062,supported
0.5-1,3159,False,-0.2947671870688348,supported
0.5-1,3160,False,-0.26288109159091333,supported
0.5-1,3161,False,-0.3023097029837414,supported
0.5-1,3162,False,-0.2948571528063927,supported
0.5-1,3163,False,-0.2786202655737374,supported
0.5-1,3164,False,-0.13835073731527736,supported
0.5-1,3165,False,-0.01763010366697082,watch
0.5-1,3166,False,-0.1337733322404312,supported
0.5-1,3167,False,-0.07637666955649502,watch
0.5-1,3168,False,-0.28589859379138327,supported
0.5-1,3169,False,-0.29192231519871165,supported
0.5-1,3170,False,-0.29671259594493643,supported
0.5-1,3171,False,-0.29169627038460894,supported
0.5-1,3172,False,-0.27663171784486157,supported
0.5-1,3173,False,-0.3098532488123801,supported
0.5-1,3174,False,-0.31317061740539964,supported
0.5-1,3175,False,-0.294803918971441,supported
0.5-1,3176,False,-0.28335787393658063,supported
0.5-1,3177,False,-0.3118430564464683,supported
0.5-1,3178,False,-0.2607182032962292,supported
0.5-1,3179,False,-0.13411292028900856,supported
0.5-1,3180,False,-0.31527176174262184,supported
0.5-1,3181,False,-0.1397487131261178,supported
0.5-1,3182,False,-0.2929993096090293,supported
0.5-1,3183,False,-0.3064395723501426,supported
0.5-1,3184,False,-0.25409170105924234,supported
0.5-1,3185,False,-0.30319390396051055,supported
0.5-1,3186,False,-0.2854441768475507,supported
0.5-1,3187,False,-0.2268847782719548,supported
0.5-1,3188,False,-0.1492603191714177,supported
0.5-1,3189,False,-0.1114691733721005,supported
0.5-1,3190,False,-0.04784617925916279,watch
0.5-1,3191,False,-0.0011800120245795132,watch
0.5-1,3192,False,-0.30232369586538527,supported
0.5-1,3193,False,-0.30703638171163034,supported
0.5-1,3194,False,-0.2843278862351138,supported
0.5-1,3195,False,-0.29115977184741726,supported
0.5-1,3196,False,-0.3064863834373098,supported
0.5-1,3197,False,-0.31760832942278183,supported
0.5-1,3198,False,-0.276430416078804,supported
0.5-1,3199,False,-0.06695347432961962,supported
0.5-1,3200,False,-0.3185205530468457,supported
0.5-1,3201,False,-0.3150108578000282,supported
0.5-1,3202,False,-0.25948627733604096,supported
0.5-1,3203,False,-0.13023377661646818,supported
0.5-1,3204,False,-0.3076068686958386,supported
0.5-1,3205,False,-0.04682933578506199,watch
0.5-1,3206,False,-0.19051448532792575,supported
0.5-1,3207,False,-0.2934763553709742,supported
0.5-1,3208,False,-0.24513877425994574,supported
0.5-1,3209,False,-0.3090849519677518,supported
0.5-1,3210,False,-0.30034683097420084,supported
0.5-1,3211,False,-0.28310688133138306,supported
0.5-1,3212,False,-0.14741564850613798,supported
0.5-1,3213,False,-0.15512546736786348,supported
0.5-1,3214,False,-0.04607566401815921,supported
0.5-1,3215,False,-0.04211109231349386,watch
0.5-1,3216,False,-0.2773936431182724,supported
0.5-1,3217,False,-0.29187384997062243,supported
0.5-1,3218,False,-0.3055390652729749,supported
0.5-1,3219,False,-0.28612156332774485,supported
0.5-1,3220,False,-0.3054728670552573,supported
0.5-1,3221,False,-0.30015720499837284,supported
0.5-1,3222,False,-0.2966749064471634,supported
0.5-1,3223,False,-0.2335898503733454,supported
0.5-1,3224,False,-0.32040629185674097,supported
0.5-1,3225,False,-0.30451961403136074,supported
0.5-1,3226,False,-0.1994610528197744,supported
0.5-1,3227,False,-0.08395662296983175,watch
0.5-1,3228,False,-0.19936268319124717,supported
0.5-1,3229,False,-0.09239186544481148,supported
0.5-1,3230,False,-0.23885106859925725,supported
0.5-1,3231,False,-0.30385593198275396,supported
0.5-1,3232,False,-0.15905302468425575,supported
0.5-1,3233,False,-0.294855277199255,supported
0.5-1,3234,False,-0.2774431607628373,supported
0.5-1,3235,False,-0.21375019934936035,supported
0.5-1,3236,False,-0.14764477012455957,supported
0.5-1,3237,False,-0.16300234382579026,supported
0.5-1,3238,False,-0.1593365306589989,supported
0.5-1,3239,False,-0.15999179363853144,supported
0.5-1,3240,False,-0.2800404564640307,supported
0.5-1,3241,False,-0.28448204642219854,supported
0.5-1,3242,False,-0.24464194767820602,supported
0.5-1,3243,False,-0.2922689118105391,supported
0.5-1,3244,False,-0.20602112755620516,supported
0.5-1,3245,False,-0.24081495764649996,supported
0.5-1,3246,False,-0.23107037619101373,supported
0.5-1,3247,False,-0.21880907499310154,supported
0.5-1,3248,False,-0.28075414676419325,supported
0.5-1,3249,False,-0.23399055447617878,supported
0.5-1,3250,False,-0.15500240762795647,supported
0.5-1,3251,False,-0.10523809928578143,watch
0.5-1,3252,False,-0.198609501955189,supported
0.5-1,3253,False,-0.11747574797368843,supported
0.5-1,3254,False,-0.05352769500663568,supported
0.5-1,3255,False,-0.29585480838908945,supported
0.5-1,3256,True,0.011104773842574023,watch
0.5-1,3257,False,-0.2345548489945341,supported
0.5-1,3258,False,-0.2874202205371154,supported
0.5-1,3259,False,-0.19630509806135188,supported
0.5-1,3260,False,-0.15563003141086795,supported
0.5-1,3261,False,-0.174882830241193,supported
0.5-1,3262,False,-0.1497063057299809,supported
0.5-1,3263,False,-0.17590377760740106,supported
0.5-1,3264,False,-0.21893394198950467,supported
0.5-1,3265,False,-0.25959735964088265,supported
0.5-1,3266,False,-0.21091270897762576,supported
0.5-1,3267,False,-0.2845688968409177,supported
0.5-1,3268,False,-0.21079315945617677,supported
0.5-1,3269,False,-0.16616530142153352,supported
0.5-1,3270,False,-0.23014685237584814,supported
0.5-1,3271,False,-0.21108262710148346,supported
0.5-1,3272,False,-0.21273844783264528,supported
0.5-1,3273,False,-0.1932470563921262,supported
0.5-1,3274,False,-0.15414020931865768,supported
0.5-1,3275,False,-0.14949523672720344,supported
0.5-1,3276,False,-0.18475487766214593,supported
0.5-1,3277,False,-0.16838374544052015,supported
0.5-1,3278,False,-0.1988725942132462,supported
0.5-1,3279,False,-0.19665784681690424,supported
0.5-1,3280,False,-0.15096716761753826,supported
0.5-1,3281,False,-0.19081562321762957,supported
0.5-1,3282,False,-0.24020344176615627,supported
0.5-1,3283,False,-0.217037724996215,supported
0.5-1,3284,False,-0.1321255054564724,supported
0.5-1,3285,False,-0.15051791479032728,supported
0.5-1,3286,False,-0.10892800886724108,supported
0.5-1,3287,False,-0.15835772866102404,supported
0.5-1,3288,False,-0.21457492915305953,supported
0.5-1,3289,False,-0.21894696574816513,supported
0.5-1,3290,False,-0.21912301122029376,supported
0.5-1,3291,False,-0.21657129587313984,supported
0.5-1,3292,False,-0.1911225760706134,supported
0.5-1,3293,False,-0.12625597713013414,supported
0.5-1,3294,False,-0.15819958407259882,supported
0.5-1,3295,False,-0.2111724636195798,supported
0.5-1,3296,False,-0.19580907182904922,supported
0.5-1,3297,False,-0.1560703981643139,supported
0.5-1,3298,False,-0.13966281066795994,supported
0.5-1,3299,False,-0.16049306376971073,supported
0.5-1,3300,False,-0.19720410236044733,supported
0.5-1,3301,False,-0.1388286701026542,supported
0.5-1,3302,False,-0.14055064537034012,supported
0.5-1,3303,False,-0.15169741181072416,supported
0.5-1,3304,False,-0.13779605190156474,supported
0.5-1,3305,False,-0.1955488457275879,supported
0.5-1,3306,False,-0.14380476928078978,supported
0.5-1,3307,False,-0.20390616704261738,supported
0.5-1,3308,False,-0.07615974235908418,supported
0.5-1,3309,False,-0.12465273240739672,supported
0.5-1,3310,False,-0.0741909809613498,supported
0.5-1,3311,False,-0.14515675914731385,supported
0.5-1,3312,False,-0.20564840598191347,supported
0.5-1,3313,False,-0.1078680780663277,supported
0.5-1,3314,False,-0.19853055008886866,supported
0.5-1,3315,False,-0.14907853815736638,supported
0.5-1,3316,False,-0.13207043738160495,supported
0.5-1,3317,False,-0.125186693277487,supported
0.5-1,3318,False,-0.1352436916389227,supported
0.5-1,3319,False,-0.14484628463034965,supported
0.5-1,3320,False,-0.1903173075197857,supported
0.5-1,3321,False,-0.11806907282980195,supported
0.5-1,3322,False,-0.13553557649253667,supported
0.5-1,3323,False,-0.17669458991427245,supported
0.5-1,3324,False,-0.21209662142874253,supported
0.5-1,3325,False,-0.1219923510204689,supported
0.5-1,3326,False,-0.08777759692079101,supported
0.5-1,3327,False,-0.14566997662972825,supported
0.5-1,3328,False,-0.16111189799487502,supported
0.5-1,3329,False,-0.13166616325779423,supported
0.5-1,3330,False,-0.10771520084509567,supported
0.5-1,3331,False,-0.1384790305039374,supported
0.5-1,3332,False,-0.07856050097479028,supported
0.5-1,3333,False,-0.19420060823823243,supported
0.5-1,3334,False,-0.12061960579824305,supported
0.5-1,3335,False,-0.184853402709502,supported
0.5-1,3336,False,-0.1638083154140879,supported
0.5-1,3337,False,-0.19286318615967052,supported
0.5-1,3338,False,-0.15646966746877988,supported
0.5-1,3339,False,-0.218236246903031,supported
0.5-1,3340,False,-0.12229027014638472,watch
0.5-1,3341,False,-0.2876644454001343,supported
0.5-1,3342,False,-0.07651750488163878,watch
0.5-1,3343,False,-0.2945154418790208,supported
0.5-1,3344,False,-0.24657186637881984,supported
0.5-1,3345,False,-0.2538202012135269,supported
0.5-1,3346,False,-0.15966757015703004,watch
0.5-1,3347,False,-0.28471636412674095,supported
0.5-1,3348,False,-0.25569055081236086,supported
0.5-1,3349,False,-0.18750086858551018,supported
0.5-1,3350,False,-0.13913241757336414,supported
0.5-1,3351,False,-0.23837368100591322,supported
0.5-1,3352,False,-0.2676259635214928,supported
0.5-1,3353,False,-0.14727742003495203,supported
0.5-1,3354,False,-0.1754284903311386,supported
0.5-1,3355,False,-0.28441335207509094,supported
0.5-1,3356,False,-0.14410205301473344,supported
0.5-1,3357,False,-0.18269710744660195,watch
0.5-1,3358,False,-0.2666595230288049,supported
0.5-1,3359,False,-0.19205460249878947,supported
0.5-1,3360,False,-0.13977785349394523,supported
0.5-1,3361,False,-0.1007703022663049,supported
0.5-1,3362,False,-0.14340679526103184,supported
0.5-1,3363,False,-0.17523560753341616,supported
0.5-1,3364,False,-0.20524975605588835,supported
0.5-1,3365,False,-0.29536322584379304,supported
0.5-1,3366,False,-0.21689156712147117,supported
0.5-1,3367,False,-0.2941569316420282,supported
0.5-1,3368,False,-0.27208103773087855,supported
0.5-1,3369,False,-0.30398783399214946,supported
0.5-1,3370,False,-0.23927135961040064,supported
0.5-1,3371,False,-0.30353033670531404,supported
0.5-1,3372,False,-0.2832835749051531,supported
0.5-1,3373,False,-0.23496185659943702,supported
0.5-1,3374,False,-0.2536036997946389,supported
0.5-1,3375,False,-0.22119902277095943,supported
0.5-1,3376,False,-0.2656216671672975,supported
0.5-1,3377,False,-0.2088867411507772,supported
0.5-1,3378,False,-0.2862369282105806,supported
0.5-1,3379,False,-0.29267572462139924,supported
0.5-1,3380,False,-0.2711683236746685,supported
0.5-1,3381,False,-0.19205936635819443,supported
0.5-1,3382,False,-0.30438205424261494,supported
0.5-1,3383,False,-0.27960642207409603,supported
0.5-1,3384,False,-0.14094365456145386,supported
0.5-1,3385,False,-0.029476232841015082,watch
0.5-1,3386,False,-0.1743421050131696,supported
0.5-1,3387,False,-0.08554403218958118,watch
0.5-1,3388,False,-0.3023530655265522,supported
0.5-1,3389,False,-0.2846758007831712,supported
0.5-1,3390,False,-0.2817343322872763,supported
0.5-1,3391,False,-0.296440231566665,supported
0.5-1,3392,False,-0.26833786602544496,supported
0.5-1,3393,False,-0.3175729601217988,supported
0.5-1,3394,False,-0.2992025150021403,supported
0.5-1,3395,False,-0.30137612231138955,supported
0.5-1,3396,False,-0.29908964292846535,supported
0.5-1,3397,False,-0.31040599652418777,supported
0.5-1,3398,False,-0.27641304299514635,supported
0.5-1,3399,False,-0.13103186573444137,supported
0.5-1,3400,False,-0.2994200546685418,supported
0.5-1,3401,False,-0.09817611366633239,supported
0.5-1,3402,False,-0.3098924797504792,supported
0.5-1,3403,False,-0.2855164225876333,supported
0.5-1,3404,False,-0.2596982065960241,supported
0.5-1,3405,False,-0.2907752505912769,supported
0.5-1,3406,False,-0.29139447299041105,supported
0.5-1,3407,False,-0.21687888676659356,supported
0.5-1,3408,False,-0.13318518397573031,supported
0.5-1,3409,False,-0.03720915089653298,watch
0.5-1,3410,False,-0.1417771790538681,supported
0.5-1,3411,False,-0.0788695632846963,watch
0.5-1,3412,False,-0.2871452344980931,supported
0.5-1,3413,False,-0.28511440619746253,supported
0.5-1,3414,False,-0.29536465759714736,supported
0.5-1,3415,False,-0.28236554883259823,supported
0.5-1,3416,False,-0.3150822426211581,supported
0.5-1,3417,False,-0.2982588933606723,supported
0.5-1,3418,False,-0.3146116367988022,supported
0.5-1,3419,False,-0.319985983979047,supported
0.5-1,3420,False,-0.31426187684235707,supported
0.5-1,3421,False,-0.2745978046832291,supported
0.5-1,3422,False,-0.26422196858094793,supported
0.5-1,3423,False,-0.08809409168800886,watch
0.5-1,3424,False,-0.3068059746376813,supported
0.5-1,3425,False,-0.14122632910181976,supported
0.5-1,3426,False,-0.3027994695179277,supported
0.5-1,3427,False,-0.277395333631919,supported
0.5-1,3428,False,-0.20115649060895213,supported
0.5-1,3429,False,-0.3012465079466795,supported
0.5-1,3430,False,-0.3031410640835436,supported
0.5-1,3431,False,-0.28762196786642663,supported
0.5-1,3432,False,-0.1429721062510454,supported
0.5-1,3433,False,-0.024454950572968315,watch
0.5-1,3434,False,-0.15200314731132503,supported
0.5-1,3435,False,-0.15469353211401304,supported
0.5-1,3436,False,-0.28463312908757454,supported
0.5-1,3437,False,-0.2675111872620962,supported
0.5-1,3438,False,-0.20810346499214688,supported
0.5-1,3439,False,-0.28510925486513283,supported
0.5-1,3440,False,-0.3168133713325528,supported
0.5-1,3441,False,-0.2744103678565373,supported
0.5-1,3442,False,-0.30456240946774304,supported
0.5-1,3443,False,-0.26461634496466235,supported
0.5-1,3444,False,-0.3026554538094046,supported
0.5-1,3445,False,-0.2820287466759433,supported
0.5-1,3446,False,-0.26527529999202193,supported
0.5-1,3447,False,-0.06531496078993582,supported
0.5-1,3448,False,-0.31478690785155083,supported
0.5-1,3449,False,-0.16173802853555708,supported
0.5-1,3450,False,-0.28491801129755906,supported
0.5-1,3451,False,-0.29326233246614786,supported
0.5-1,3452,False,-0.18697152030471959,supported
0.5-1,3453,False,-0.2894927605423748,supported
0.5-1,3454,False,-0.28065644165411024,supported
0.5-1,3455,False,-0.23658185000302334,supported
0.5-1,3456,False,-0.14332509204350885,supported
0.5-1,3457,False,-0.15680033958397033,supported
0.5-1,3458,False,-0.15094990273035203,supported
0.5-1,3459,False,-0.15857917859958282,supported
0.5-1,3460,False,-0.2252492464951289,supported
0.5-1,3461,False,-0.24298586254071292,supported
0.5-1,3462,False,-0.21774906106985875,supported
0.5-1,3463,False,-0.2839607797421929,supported
0.5-1,3464,False,-0.21558910042092194,supported
0.5-1,3465,False,-0.21099923554288108,supported
0.5-1,3466,False,-0.19659913223216235,supported
0.5-1,3467,False,-0.2155158115218196,supported
0.5-1,3468,False,-0.31333445870926535,supported
0.5-1,3469,False,-0.25552380479629055,supported
0.5-1,3470,False,-0.16586017709062462,supported
0.5-1,3471,False,-0.16248428064428277,supported
0.5-1,3472,False,-0.21422284091826121,supported
0.5-1,3473,False,-0.17917645359462653,supported
0.5-1,3474,False,-0.24889227672857256,supported
0.5-1,3475,False,-0.25677977596086654,supported
0.5-1,3476,False,-0.1621489211001682,supported
0.5-1,3477,False,-0.2709627734494585,supported
0.5-1,3478,False,-0.24830937212052984,supported
0.5-1,3479,False,-0.2361896468692602,supported
0.5-1,3480,False,-0.15353078378439133,supported
0.5-1,3481,False,-0.17350367350764861,supported
0.5-1,3482,False,-0.15159099140395327,supported
0.5-1,3483,False,-0.1687696814694304,supported
0.5-1,3484,False,-0.21771749423955816,supported
0.5-1,3485,False,-0.2622106306534471,supported
0.5-1,3486,False,-0.19375670401487893,supported
0.5-1,3487,False,-0.2549477005506391,supported
0.5-1,3488,False,-0.19312682640754192,supported
0.5-1,3489,False,-0.1914255522721945,supported
0.5-1,3490,False,-0.2527203784437984,supported
0.5-1,3491,False,-0.2069701390674531,supported
0.5-1,3492,False,-0.21024219110859332,supported
0.5-1,3493,False,-0.208731698387023,supported
0.5-1,3494,False,-0.14859123794628526,supported
0.5-1,3495,False,-0.16981110001472965,supported
0.5-1,3496,False,-0.20757622070954085,supported
0.5-1,3497,False,-0.17208199411967506,supported
0.5-1,3498,False,-0.1710598324890079,supported
0.5-1,3499,False,-0.2539018123505379,supported
0.5-1,3500,False,-0.15417672307581398,supported
0.5-1,3501,False,-0.21224382783116996,supported
0.5-1,3502,False,-0.22691171331060994,supported
0.5-1,3503,False,-0.1920028510222691,supported
0.5-1,3504,False,-0.13895239875778898,supported
0.5-1,3505,False,-0.1420626446282386,supported
0.5-1,3506,False,-0.13097944887415824,supported
0.5-1,3507,False,-0.1451526317787405,supported
0.5-1,3508,False,-0.21652889316628599,supported
0.5-1,3509,False,-0.18821601397384813,supported
0.5-1,3510,False,-0.2189409411059295,supported
0.5-1,3511,False,-0.2104504689270562,supported
0.5-1,3512,False,-0.20351971376665268,supported
0.5-1,3513,False,-0.14060500111045704,supported
0.5-1,3514,False,-0.18796566666260706,supported
0.5-1,3515,False,-0.18874008255189773,supported
0.5-1,3516,False,-0.2086994848389399,supported
0.5-1,3517,False,-0.1801620185263596,supported
0.5-1,3518,False,-0.13140217753265682,supported
0.5-1,3519,False,-0.16848661516803354,supported
0.5-1,3520,False,-0.2079643713872396,supported
0.5-1,3521,False,-0.14374074465581765,supported
0.5-1,3522,False,-0.14998827925776748,supported
0.5-1,3523,False,-0.20255669823818095,supported
0.5-1,3524,False,-0.12885516521513085,supported
0.5-1,3525,False,-0.2062910648983518,supported
0.5-1,3526,False,-0.2185549538955711,supported
0.5-1,3527,False,-0.19717222568814613,supported
0.5-1,3528,False,-0.07065281808316393,supported
0.5-1,3529,False,-0.12230524497509576,supported
0.5-1,3530,False,-0.04785655461582716,supported
0.5-1,3531,False,-0.14145479190710752,supported
0.5-1,3532,False,-0.21049092298615069,supported
0.5-1,3533,False,-0.14028819311626917,supported
0.5-1,3534,False,-0.1964738556817915,supported
0.5-1,3535,False,-0.12317078168877327,supported
0.5-1,3536,False,-0.13695722160790025,supported
0.5-1,3537,False,-0.13117776846158857,supported
0.5-1,3538,False,-0.14537589699539866,supported
0.5-1,3539,False,-0.14569715632507263,supported
0.5-1,3540,False,-0.1854650924281327,supported
0.5-1,3541,False,-0.09158455711752322,supported
0.5-1,3542,False,-0.10094217159156893,supported
0.5-1,3543,False,-0.1819985260515241,supported
0.5-1,3544,False,-0.2126523753042333,supported
0.5-1,3545,False,-0.12370268191435607,supported
0.5-1,3546,False,-0.08790968859102566,supported
0.5-1,3547,False,-0.14993672479212294,supported
0.5-1,3548,False,-0.1546752527440276,supported
0.5-1,3549,False,-0.11435457618709588,supported
0.5-1,3550,False,-0.12072959487015866,supported
0.5-1,3551,False,-0.11578299768415345,supported
0.5-1,3552,False,-0.06618926687725002,supported
0.5-1,3553,False,-0.2020685061895265,supported
0.5-1,3554,False,-0.10870428690299339,supported
0.5-1,3555,False,-0.19217078732395648,supported
0.5-1,3556,False,-0.15256403719882794,supported
0.5-1,3557,False,-0.18765147999747533,supported
0.5-1,3558,False,-0.15394011437685184,supported
0.5-1,3559,False,-0.18380475273747543,supported
0.5-1,3560,False,-0.11376032359958033,watch
0.5-1,3561,False,-0.27412385614208895,supported
0.5-1,3562,False,-0.034394712651212744,moderate
0.5-1,3563,False,-0.3057330645393494,supported
0.5-1,3564,False,-0.24109227256815913,supported
0.5-1,3565,False,-0.2018463208544738,supported
0.5-1,3566,False,-0.1669031846757717,supported
0.5-1,3567,False,-0.2674457357123077,supported
0.5-1,3568,False,-0.27352591546578225,supported
0.5-1,3569,False,-0.19782748266768657,supported
0.5-1,3570,False,-0.1511842907512202,supported
0.5-1,3571,False,-0.22502607578655903,supported
0.5-1,3572,False,-0.08978571384775758,supported
0.5-1,3573,False,-0.15283076858239553,supported
0.5-1,3574,False,-0.1269999642490205,watch
0.5-1,3575,False,-0.25748133239234383,supported
0.5-1,3576,False,-0.13736309946362424,supported
0.5-1,3577,False,-0.20422774446012998,supported
0.5-1,3578,False,-0.27709973776637914,supported
0.5-1,3579,False,-0.1922747166730494,supported
0.5-1,3580,False,-0.17411304947798056,supported
0.5-1,3581,False,-0.15650186766490748,supported
0.5-1,3582,False,-0.16875966588630242,supported
0.5-1,3583,False,-0.17526155894346307,supported
0.5-1,3584,False,-0.1816337350777355,supported
0.5-1,3585,False,-0.2914464189710621,supported
0.5-1,3586,False,-0.20365069572935063,supported
0.5-1,3587,False,-0.2891611872402578,supported
0.5-1,3588,False,-0.2732034196698552,supported
0.5-1,3589,False,-0.3040270682458315,supported
0.5-1,3590,False,-0.300860090999289,supported
0.5-1,3591,False,-0.2957266867482429,supported
0.5-1,3592,False,-0.30583792725406467,supported
0.5-1,3593,False,-0.21553839053477097,supported
0.5-1,3594,False,-0.13765245589427033,supported
0.5-1,3595,False,-0.14617291044450775,supported
0.5-1,3596,False,-0.27355002854429544,supported
0.5-1,3597,False,-0.15457289388412843,supported
0.5-1,3598,False,-0.21397230500159486,supported
0.5-1,3599,False,-0.2883027301037939,supported
0.5-1,3600,False,-0.1268952586630192,supported
0.5-1,3601,False,-0.22751569292045348,supported
0.5-1,3602,False,-0.2820087289855065,supported
0.5-1,3603,False,-0.27831682611023706,supported
0.5-1,3604,False,-0.2005687944262592,supported
0.5-1,3605,False,-0.07597144899495956,watch
0.5-1,3606,False,-0.18551984962485624,supported
0.5-1,3607,False,-0.14749970843243865,supported
0.5-1,3608,False,-0.2964950941934829,supported
0.5-1,3609,False,-0.28414231847938254,supported
0.5-1,3610,False,-0.23635040384029726,supported
0.5-1,3611,False,-0.29991923817119753,supported
0.5-1,3612,False,-0.28256690348633273,supported
0.5-1,3613,False,-0.31897771630215527,supported
0.5-1,3614,False,-0.3205782632813506,supported
0.5-1,3615,False,-0.30848124711323366,supported
0.5-1,3616,False,-0.2898956915965463,supported
0.5-1,3617,False,-0.30836811463891245,supported
0.5-1,3618,False,-0.13660895675046603,supported
0.5-1,3619,False,-0.040029323428608765,watch
0.5-1,3620,False,-0.29576439903765017,supported
0.5-1,3621,False,-0.06562590311789884,supported
0.5-1,3622,False,-0.31564508326520213,supported
0.5-1,3623,False,-0.2860313243304038,supported
0.5-1,3624,False,-0.21358716262231459,supported
0.5-1,3625,False,-0.28774234786905695,supported
0.5-1,3626,False,-0.2810823291913157,supported
0.5-1,3627,False,-0.2839801340718573,supported
0.5-1,3628,False,-0.15298811858578643,supported
0.5-1,3629,False,-0.16422136605932625,supported
0.5-1,3630,False,-0.15484354265273526,supported
0.5-1,3631,False,-0.1471930286878118,supported
0.5-1,3632,False,-0.30451874708385995,supported
0.5-1,3633,False,-0.27849201264575657,supported
0.5-1,3634,False,-0.29023983286966876,supported
0.5-1,3635,False,-0.28907314957992314,supported
0.5-1,3636,False,-0.3094100717954008,supported
0.5-1,3637,False,-0.2942779482436825,supported
0.5-1,3638,False,-0.15722307060160046,supported
0.5-1,3639,False,-0.319605496260037,supported
0.5-1,3640,False,-0.30020893949918115,supported
0.5-1,3641,False,-0.3054171641871166,supported
0.5-1,3642,False,-0.05637398827004747,watch
0.5-1,3643,False,-0.18437246084990444,supported
0.5-1,3644,False,-0.2935828379035099,supported
0.5-1,3645,False,-0.052798674496034925,watch
0.5-1,3646,False,-0.31729996497828106,supported
0.5-1,3647,False,-0.2854021447449339,supported
0.5-1,3648,False,-0.25544679378758084,supported
0.5-1,3649,False,-0.23344529974509354,supported
0.5-1,3650,False,-0.27983795774669706,supported
0.5-1,3651,False,-0.26591033260536373,supported
0.5-1,3652,False,-0.17198718956202197,supported
0.5-1,3653,False,-0.16253695423418968,supported
0.5-1,3654,False,-0.13801258261072225,supported
0.5-1,3655,False,-0.16057240882130475,supported
0.5-1,3656,False,-0.28897099704854456,supported
0.5-1,3657,False,-0.24661801270987682,supported
0.5-1,3658,False,-0.2797628128071245,supported
0.5-1,3659,False,-0.2707633542551367,supported
0.5-1,3660,False,-0.3131605906222431,supported
0.5-1,3661,False,-0.26424305299756806,supported
0.5-1,3662,False,-0.2827358609590493,supported
0.5-1,3663,False,-0.3114591046440792,supported
0.5-1,3664,False,-0.24401249333719616,supported
0.5-1,3665,False,-0.28430351928906494,supported
0.5-1,3666,False,-0.17540561312820757,supported
0.5-1,3667,False,-0.16088842687507365,supported
0.5-1,3668,False,-0.28649360787368056,supported
0.5-1,3669,False,-0.16556006391454225,supported
0.5-1,3670,False,-0.28239977925415455,supported
0.5-1,3671,False,-0.2823022587222063,supported
0.5-1,3672,False,-0.20184914648336688,supported
0.5-1,3673,False,-0.2394296824252532,supported
0.5-1,3674,False,-0.2650616179775118,supported
0.5-1,3675,False,-0.2025728365377638,supported
0.5-1,3676,False,-0.16045019234605906,supported
0.5-1,3677,False,-0.17753165696625117,supported
0.5-1,3678,False,-0.15164320739459847,supported
0.5-1,3679,False,-0.1740170623887356,supported
0.5-1,3680,False,-0.22090422641572266,supported
0.5-1,3681,False,-0.2359547466715649,supported
0.5-1,3682,False,-0.20809238538403646,supported
0.5-1,3683,False,-0.25654086112696406,supported
0.5-1,3684,False,-0.2650513444760423,supported
0.5-1,3685,False,-0.22611477208274716,supported
0.5-1,3686,False,-0.26823026977428815,supported
0.5-1,3687,False,-0.2826973928782509,supported
0.5-1,3688,False,-0.20240254417105186,supported
0.5-1,3689,False,-0.22951829307926336,supported
0.5-1,3690,False,-0.17818114913875005,supported
0.5-1,3691,False,-0.1679919409336994,supported
0.5-1,3692,False,-0.25872399711828475,supported
0.5-1,3693,False,-0.16820821472187952,supported
0.5-1,3694,False,-0.2622346464753072,supported
0.5-1,3695,False,-0.2520025164352624,supported
0.5-1,3696,False,-0.1685492453513242,supported
0.5-1,3697,False,-0.21231228263327256,supported
0.5-1,3698,False,-0.2738794506189974,supported
0.5-1,3699,False,-0.21222397362983642,supported
0.5-1,3700,False,-0.15987149504860176,supported
0.5-1,3701,False,-0.17288061755447492,supported
0.5-1,3702,False,-0.15628127412479753,supported
0.5-1,3703,False,-0.1683111468550772,supported
0.5-1,3704,False,-0.20747934226764447,supported
0.5-1,3705,False,-0.22016519730742357,supported
0.5-1,3706,False,-0.19367763076930672,supported
0.5-1,3707,False,-0.2553996286788895,supported
0.5-1,3708,False,-0.21679311711391358,supported
0.5-1,3709,False,-0.2012217476159473,supported
0.5-1,3710,False,-0.21841405939891956,supported
0.5-1,3711,False,-0.20575614155676364,supported
0.5-1,3712,False,-0.19486082085519324,supported
0.5-1,3713,False,-0.20298495516996135,supported
0.5-1,3714,False,-0.14504666395655286,supported
0.5-1,3715,False,-0.15510466173824933,supported
0.5-1,3716,False,-0.20810320992515408,supported
0.5-1,3717,False,-0.1724085680659443,supported
0.5-1,3718,False,-0.1859527129489223,supported
0.5-1,3719,False,-0.24225886048737205,supported
0.5-1,3720,False,-0.13534526229002897,supported
0.5-1,3721,False,-0.199761017961195,supported
0.5-1,3722,False,-0.2263981839411789,supported
0.5-1,3723,False,-0.21231392242235725,supported
0.5-1,3724,False,-0.14287537159822605,supported
0.5-1,3725,False,-0.13185157924279733,supported
0.5-1,3726,False,-0.13284098054686067,supported
0.5-1,3727,False,-0.14680768166411207,supported
0.5-1,3728,False,-0.191154534289314,supported
0.5-1,3729,False,-0.19436899165818006,supported
0.5-1,3730,False,-0.2069315087540352,supported
0.5-1,3731,False,-0.21821885987815692,supported
0.5-1,3732,False,-0.19749274687202395,supported
0.5-1,3733,False,-0.13546929776986372,supported
0.5-1,3734,False,-0.15306467196092854,supported
0.5-1,3735,False,-0.20745065207142221,supported
0.5-1,3736,False,-0.2039017703634623,supported
0.5-1,3737,False,-0.158166453396673,supported
0.5-1,3738,False,-0.14312155750779587,supported
0.5-1,3739,False,-0.16248812195047901,supported
0.5-1,3740,False,-0.2053339982191832,supported
0.5-1,3741,False,-0.14118604893014675,supported
0.5-1,3742,False,-0.14915052795417605,supported
0.5-1,3743,False,-0.17291857501736851,supported
0.5-1,3744,False,-0.12380298770221054,supported
0.5-1,3745,False,-0.2073265505909172,supported
0.5-1,3746,False,-0.16454796277676975,supported
0.5-1,3747,False,-0.16998661184692454,supported
0.5-1,3748,False,-0.10764902534504683,supported
0.5-1,3749,False,-0.08932185943067161,supported
0.5-1,3750,False,-0.09379603727493968,supported
0.5-1,3751,False,-0.12742271023165508,supported
0.5-1,3752,False,-0.19985610573631696,supported
0.5-1,3753,False,-0.1270521080419379,supported
0.5-1,3754,False,-0.1948889957455246,supported
0.5-1,3755,False,-0.1651115751014307,supported
0.5-1,3756,False,-0.14298014464639086,supported
0.5-1,3757,False,-0.11622945941172191,supported
0.5-1,3758,False,-0.12745004460459042,supported
0.5-1,3759,False,-0.14719815059137464,supported
0.5-1,3760,False,-0.1918208545231328,supported
0.5-1,3761,False,-0.1224693559297525,supported
0.5-1,3762,False,-0.14070473942002126,supported
0.5-1,3763,False,-0.18654749115813246,supported
0.5-1,3764,False,-0.19822561660381638,supported
0.5-1,3765,False,-0.12712977269665915,supported
0.5-1,3766,False,-0.10663455297337199,supported
0.5-1,3767,False,-0.15456302511758047,supported
0.5-1,3768,False,-0.1610230785050769,supported
0.5-1,3769,False,-0.10677382270956792,supported
0.5-1,3770,False,-0.09585586273451652,supported
0.5-1,3771,False,-0.12174929078586072,supported
0.5-1,3772,False,-0.07142674626296841,supported
0.5-1,3773,False,-0.17551471498211912,supported
0.5-1,3774,False,-0.12380576594884518,supported
0.5-1,3775,False,-0.18622924750191955,supported
0.5-1,3776,False,-0.15404806084437828,supported
0.5-1,3777,False,-0.18436145619281485,supported
0.5-1,3778,False,-0.1466377915253647,supported
0.5-1,3779,False,-0.09687058551133165,supported
0.5-1,3780,False,-0.13536649008968393,supported
0.5-1,3781,False,-0.1666174902800588,supported
0.5-1,3782,False,-0.15966171515867555,supported
0.5-1,3783,False,-0.26351528863197266,supported
0.5-1,3784,False,-0.23997548625351167,supported
0.5-1,3785,False,-0.19778664884367592,supported
0.5-1,3786,False,-0.1745028310790696,watch
0.5-1,3787,False,-0.2667603169782274,supported
0.5-1,3788,False,-0.13056120616917755,supported
0.5-1,3789,False,-0.13091602728558227,supported
0.5-1,3790,False,-0.1253010997355828,supported
0.5-1,3791,False,-0.09687191097571202,watch
0.5-1,3792,False,-0.26855741754151463,supported
0.5-1,3793,False,-0.14734283285278393,supported
0.5-1,3794,False,-0.12171528186694314,supported
0.5-1,3795,False,-0.17895006595999863,supported
0.5-1,3796,False,-0.2610771949114832,supported
0.5-1,3797,False,-0.12224277252630833,supported
0.5-1,3798,False,-0.18830094031236522,supported
0.5-1,3799,False,-0.28852912274129033,supported
0.5-1,3800,False,-0.1491970859896934,supported
0.5-1,3801,False,-0.17685977499466643,supported
0.5-1,3802,False,-0.15889447457192518,supported
0.5-1,3803,False,-0.16389998831710784,supported
0.5-1,3804,False,-0.16580576472097297,supported
0.5-1,3805,False,-0.15090551782025197,supported
0.5-1,3806,False,-0.14421497389647264,supported
0.5-1,3807,False,-0.14423459546763695,supported
0.5-1,3808,False,-0.20362142338058947,supported
0.5-1,3809,False,-0.13673339599778844,supported
0.5-1,3810,False,-0.15329498668224562,supported
0.5-1,3811,False,-0.29341749987374166,supported
0.5-1,3812,False,-0.255064891651224,supported
0.5-1,3813,False,-0.31405454116861037,supported
0.5-1,3814,False,-0.09419871131352886,supported
0.5-1,3815,False,-0.06759486649046365,supported
0.5-1,3816,False,-0.12504667781618017,watch
0.5-1,3817,False,-0.1265218151208668,supported
0.5-1,3818,False,-0.08972347786991042,watch
0.5-1,3819,False,-0.0660195649849008,moderate
0.5-1,3820,False,-0.2978946297602561,supported
0.5-1,3821,False,-0.1709500498845462,supported
0.5-1,3822,False,-0.10905880441322413,supported
0.5-1,3823,False,-0.15340391824727628,supported
0.5-1,3824,False,-0.29883774981185385,supported
0.5-1,3825,False,-0.1374287799061884,supported
0.5-1,3826,False,-0.2529655443270626,supported
0.5-1,3827,False,-0.29994045797753455,supported
0.5-1,3828,False,-0.1601546232225146,supported
0.5-1,3829,False,-0.20696278673411328,supported
0.5-1,3830,False,-0.07830718717414775,supported
0.5-1,3831,False,-0.17679946060864327,supported
0.5-1,3832,False,-0.1494949560432769,supported
0.5-1,3833,False,-0.14801183652673766,supported
0.5-1,3834,False,-0.14566246263391647,supported
0.5-1,3835,False,-0.13998667578072355,supported
0.5-1,3836,False,-0.2862739461986452,supported
0.5-1,3837,False,-0.118275903765789,supported
0.5-1,3838,False,-0.1847374074951711,supported
0.5-1,3839,False,-0.302460344088806,supported
0.5-1,3840,False,-0.2971929546813726,supported
0.5-1,3841,False,-0.2955222338994456,supported
0.5-1,3842,False,-0.29490290744523895,supported
0.5-1,3843,False,-0.3188355244884193,supported
0.5-1,3844,False,-0.12354120824218029,watch
0.5-1,3845,False,-0.1170968336324344,watch
0.5-1,3846,False,-0.06935434481617775,moderate
0.5-1,3847,False,-0.07012895002184005,moderate
0.5-1,3848,False,-0.30405979833464647,supported
0.5-1,3849,False,-0.2386320500838469,supported
0.5-1,3850,False,-0.11507181402567623,supported
0.5-1,3851,False,-0.15117342859719873,supported
0.5-1,3852,False,-0.30657446645745356,supported
0.5-1,3853,False,-0.12080043360644221,supported
0.5-1,3854,False,-0.3213867438640823,supported
0.5-1,3855,False,-0.2799427081766107,supported
0.5-1,3856,False,-0.12939165518987794,supported
0.5-1,3857,False,-0.22153009783862398,supported
0.5-1,3858,False,-0.06684457850713987,supported
0.5-1,3859,False,-0.14088364168571033,supported
0.5-1,3860,False,-0.16942225711026937,supported
0.5-1,3861,False,-0.15182109283918233,supported
0.5-1,3862,False,-0.12665124653357862,supported
0.5-1,3863,False,-0.13727885256382588,supported
0.5-1,3864,False,-0.284331958029322,supported
0.5-1,3865,False,-0.11281543397703941,supported
0.5-1,3866,False,-0.18470875694017286,supported
0.5-1,3867,False,-0.2807938689256008,supported
0.5-1,3868,False,-0.2986214662074811,supported
0.5-1,3869,False,-0.3051812757034071,supported
0.5-1,3870,False,-0.31044816634790384,supported
0.5-1,3871,False,-0.14712873160107964,supported
0.5-1,3872,False,-0.12652039701956386,watch
0.5-1,3873,False,-0.11884588028573739,watch
0.5-1,3874,False,-0.08810127756607367,moderate
0.5-1,3875,False,-0.09806729510910128,watch
0.5-1,3876,False,-0.30537287604387403,supported
0.5-1,3877,False,-0.3123899904050112,supported
0.5-1,3878,False,-0.11125282795678748,supported
0.5-1,3879,False,-0.1227027568912964,supported
0.5-1,3880,False,-0.3107687638892562,supported
0.5-1,3881,False,-0.11900453116661935,supported
0.5-1,3882,False,-0.0807196511456284,supported
0.5-1,3883,False,-0.2672838026216214,supported
0.5-1,3884,False,-0.14878539659922707,supported
0.5-1,3885,False,-0.2674031723835353,supported
0.5-1,3886,False,-0.05817022594207921,supported
0.5-1,3887,False,-0.17120195278394001,supported
0.5-1,3888,False,-0.1472378748892066,supported
0.5-1,3889,False,-0.1626830442975543,supported
0.5-1,3890,False,-0.12451424305306769,supported
0.5-1,3891,False,-0.12339473796873013,supported
0.5-1,3892,False,-0.29427292973865343,supported
0.5-1,3893,False,-0.08773882582820891,supported
0.5-1,3894,False,-0.16154263657863965,supported
0.5-1,3895,False,-0.2708781610724363,supported
0.5-1,3896,False,-0.18411725045995186,supported
0.5-1,3897,False,-0.24743525451727438,supported
0.5-1,3898,False,-0.29581559780439154,supported
0.5-1,3899,False,-0.2292262329883058,supported
0.5-1,3900,False,-0.13975006672656365,supported
0.5-1,3901,False,-0.12413874901260635,supported
0.5-1,3902,False,-0.09321220029943722,watch
0.5-1,3903,False,-0.12619477647264743,watch
0.5-1,3904,False,-0.061213281668467734,supported
0.5-1,3905,False,-0.2780819102911585,supported
0.5-1,3906,False,-0.10988293529561433,supported
0.5-1,3907,False,-0.04172040329912052,watch
0.5-1,3908,False,-0.3170170969226888,supported
0.5-1,3909,False,-0.13052523248467196,supported
0.5-1,3910,False,-0.24814404504718812,supported
0.5-1,3911,False,-0.2802957413769341,supported
0.5-1,3912,False,-0.08592741163657225,supported
0.5-1,3913,False,-0.18286746149750766,supported
0.5-1,3914,False,-0.05663276794099692,supported
0.5-1,3915,False,-0.15604475259838524,supported
0.5-1,3916,False,-0.1578722704325598,supported
0.5-1,3917,False,-0.1713671895405363,supported
0.5-1,3918,False,-0.10325216724379738,supported
0.5-1,3919,False,-0.11881701831143998,supported
0.5-1,3920,False,-0.2189329525396898,supported
0.5-1,3921,False,-0.10041848101023931,supported
0.5-1,3922,False,-0.14279086754131487,supported
0.5-1,3923,False,-0.2597605379579289,supported
0.5-1,3924,False,-0.24190307098109914,supported
0.5-1,3925,False,-0.20445041418510168,supported
0.5-1,3926,False,-0.24313607705890938,supported
0.5-1,3927,False,-0.18212084919800497,supported
0.5-1,3928,False,-0.15673981709813833,supported
0.5-1,3929,False,-0.1435805190969629,supported
0.5-1,3930,False,-0.11122711001510732,watch
0.5-1,3931,False,-0.13878538753272163,supported
0.5-1,3932,False,-0.20016892092949445,supported
0.5-1,3933,False,-0.2577022838707,supported
0.5-1,3934,False,-0.1165560460627737,supported
0.5-1,3935,False,-0.15153537255411864,supported
0.5-1,3936,False,-0.20526524439923755,supported
0.5-1,3937,False,-0.13235359011146897,supported
0.5-1,3938,False,-0.24205706616371497,supported
0.5-1,3939,False,-0.23040689752029125,supported
0.5-1,3940,False,-0.14604759995276007,supported
0.5-1,3941,False,-0.21295328602587632,supported
0.5-1,3942,False,-0.09950363155245479,supported
0.5-1,3943,False,-0.10836805856116605,supported
0.5-1,3944,False,-0.16419394232066997,supported
0.5-1,3945,False,-0.17324428992545293,supported
0.5-1,3946,False,-0.07904021863240274,supported
0.5-1,3947,False,-0.12526853104086733,supported
0.5-1,3948,False,-0.21357173044390787,supported
0.5-1,3949,False,-0.10233134445136427,supported
0.5-1,3950,False,-0.12361490762877447,supported
0.5-1,3951,False,-0.2266174381538309,supported
0.5-1,3952,False,-0.20266174874192378,supported
0.5-1,3953,False,-0.16042606789560576,supported
0.5-1,3954,False,-0.08705933044939829,supported
0.5-1,3955,False,-0.17136550305085774,supported
0.5-1,3956,False,-0.16158047092672367,supported
0.5-1,3957,False,-0.15395738674634174,supported
0.5-1,3958,False,-0.15469486292503176,supported
0.5-1,3959,False,-0.1592317297821526,supported
0.5-1,3960,False,-0.2131333401095673,supported
0.5-1,3961,False,-0.18029949884141527,supported
0.5-1,3962,False,-0.10709261755617305,supported
0.5-1,3963,False,-0.1651425656800366,supported
0.5-1,3964,False,-0.21158351561758443,supported
0.5-1,3965,False,-0.13053069757428315,supported
0.5-1,3966,False,-0.1970546555051409,supported
0.5-1,3967,False,-0.1965045847709831,supported
0.5-1,3968,False,-0.13894871733985237,supported
0.5-1,3969,False,-0.2200843114899778,supported
0.5-1,3970,False,-0.10390558104118996,supported
0.5-1,3971,False,-0.11056165885787539,supported
0.5-1,3972,False,-0.1473322146721937,supported
0.5-1,3973,False,-0.14583906601138052,supported
0.5-1,3974,False,-0.05381412690094445,supported
0.5-1,3975,False,-0.09316091579118735,supported
0.5-1,3976,False,-0.15526864113095562,supported
0.5-1,3977,False,-0.10470229229647776,supported
0.5-1,3978,False,-0.12267647135161974,supported
0.5-1,3979,False,-0.18987109989450524,supported
0.5-1,3980,False,-0.19944922933326875,supported
0.5-1,3981,False,-0.13170627984211003,supported
0.5-1,3982,False,-0.16717788310202786,supported
0.5-1,3983,False,-0.184757536760775,supported
0.5-1,3984,False,-0.13252869700765135,supported
0.5-1,3985,False,-0.14764935643297783,supported
0.5-1,3986,False,-0.15646663021255303,supported
0.5-1,3987,False,-0.14542560861461573,supported
0.5-1,3988,False,-0.20827510478113376,supported
0.5-1,3989,False,-0.15987546377369577,supported
0.5-1,3990,False,-0.0982457837941283,supported
0.5-1,3991,False,-0.1667817803468039,supported
0.5-1,3992,False,-0.18811589409014629,supported
0.5-1,3993,False,-0.08081417226206566,supported
0.5-1,3994,False,-0.1404127108617268,supported
0.5-1,3995,False,-0.16284017743439283,supported
0.5-1,3996,False,-0.10901847939005438,supported
0.5-1,3997,False,-0.19616200679989726,supported
0.5-1,3998,False,-0.10315033483561631,supported
0.5-1,3999,False,-0.07707134683494754,supported
0.5-1,4000,False,-0.10914272654336121,supported
0.5-1,4001,False,-0.08438406070379567,supported
0.5-1,4002,False,-0.04456028838670556,supported
0.5-1,4003,False,-0.07616692660093405,supported
0.5-1,4004,False,-0.17325210903790633,supported
0.5-1,4005,False,-0.07921409662390744,supported
0.5-1,4006,False,-0.09877588589864272,supported
0.5-1,4007,False,-0.12210623237141682,supported
0.5-1,4008,False,-0.1369967359599693,supported
0.5-1,4009,False,-0.09359366442494799,supported
0.5-1,4010,False,-0.1280035249964362,supported
0.5-1,4011,False,-0.09141405502912969,supported
0.5-1,4012,False,-0.18709340126000984,supported
0.5-1,4013,False,-0.09796024631472033,supported
0.5-1,4014,False,-0.1315091598826269,supported
0.5-1,4015,False,-0.18165835286624776,supported
0.5-1,4016,False,-0.09665685803510637,supported
0.5-1,4017,False,-0.11262937336203194,supported
0.5-1,4018,False,-0.13331878610174075,supported
0.5-1,4019,False,-0.09672206824674434,supported
0.5-1,4020,False,-0.19610416240815182,supported
0.5-1,4021,False,-0.12090389413820524,supported
0.5-1,4022,False,-0.05649142645758265,supported
0.5-1,4023,False,-0.1499903793245353,supported
0.5-1,4024,False,-0.15549609113462182,supported
0.5-1,4025,False,-0.06136612083868276,supported
0.5-1,4026,False,-0.11497312855830577,supported
0.5-1,4027,False,-0.10146393017949196,supported
0.5-1,4028,False,-0.07688734410804088,supported
0.5-1,4029,False,-0.2096816664831364,supported
0.5-1,4030,False,-0.0860753401244232,supported
0.5-1,4031,False,-0.06106093912362753,supported
0.5-1,4032,False,-0.2550078654758678,supported
0.5-1,4033,False,-0.24705268399952263,supported
0.5-1,4034,False,-0.27357126066304993,supported
0.5-1,4035,False,-0.23167849297152798,supported
0.5-1,4036,False,-0.28439924153959306,supported
0.5-1,4037,False,-0.30316978452713805,supported
0.5-1,4038,False,-0.29511807971757364,supported
0.5-1,4039,False,-0.2971298121849913,supported
0.5-1,4040,False,-0.3040740693858392,supported
0.5-1,4041,False,-0.2165870583872031,supported
0.5-1,4042,False,-0.29883270688378827,supported
0.5-1,4043,False,-0.3199453206968808,supported
0.5-1,4044,False,-0.2668828190902849,supported
0.5-1,4045,False,-0.30670411723437285,supported
0.5-1,4046,False,-0.25252664655778206,supported
0.5-1,4047,False,-0.23669446891228313,supported
0.5-1,4048,False,-0.27759167171320476,supported
0.5-1,4049,False,-0.2653476861463933,supported
0.5-1,4050,False,-0.12177064294365603,supported
0.5-1,4051,False,-0.30508100821696205,supported
0.5-1,4052,False,-0.25909279586311057,supported
0.5-1,4053,False,-0.30242703772134166,supported
0.5-1,4054,False,-0.3089980948464293,supported
0.5-1,4055,False,-0.3101640484920268,supported
0.5-1,4056,False,-0.27022527813443464,supported
0.5-1,4057,False,-0.0423502939894288,supported
0.5-1,4058,False,-0.2739860526287999,supported
0.5-1,4059,False,-0.25473324250374385,supported
0.5-1,4060,False,-0.2745739634456398,supported
0.5-1,4061,False,-0.3083314478131796,supported
0.5-1,4062,False,-0.3032336791119972,supported
0.5-1,4063,False,-0.3136973025903691,supported
0.5-1,4064,False,-0.308265446946931,supported
0.5-1,4065,False,-0.2971138434199937,supported
0.5-1,4066,False,-0.3140973051667156,supported
0.5-1,4067,False,-0.30564411280264214,supported
0.5-1,4068,False,-0.2899771894070046,supported
0.5-1,4069,False,-0.3070676915112648,supported
0.5-1,4070,False,-0.27002517893496486,supported
0.5-1,4071,False,-0.2661904811649379,supported
0.5-1,4072,False,-0.30119874156909,supported
0.5-1,4073,False,-0.2752145024652387,supported
0.5-1,4074,False,-0.3090109393939442,supported
0.5-1,4075,False,-0.2838187875871053,supported
0.5-1,4076,False,-0.27345536660400194,supported
0.5-1,4077,False,-0.3108561505627719,supported
0.5-1,4078,False,-0.30893513181718435,supported
0.5-1,4079,False,-0.3078064610635092,supported
0.5-1,4080,False,-0.27004631519726185,supported
0.5-1,4081,False,-0.2654102092323252,supported
0.5-1,4082,False,-0.26792904974316456,supported
0.5-1,4083,False,-0.2587822304095933,supported
0.5-1,4084,False,-0.316203862378642,supported
0.5-1,4085,False,-0.2985391160841998,supported
0.5-1,4086,False,-0.31061028280405,supported
0.5-1,4087,False,-0.3157489136087503,supported
0.5-1,4088,False,-0.28964763774618674,supported
0.5-1,4089,False,-0.2915209469714975,supported
0.5-1,4090,False,-0.28417595417115205,supported
0.5-1,4091,False,-0.3186473111009426,supported
0.5-1,4092,False,-0.32006035012694495,supported
0.5-1,4093,False,-0.30230633644122173,supported
0.5-1,4094,False,-0.277406952652421,supported
0.5-1,4095,False,-0.136742936436546,supported
0.5-1,4096,False,-0.2990861852127723,supported
0.5-1,4097,False,-0.27399672751680537,supported
0.5-1,4098,False,-0.2977729618156697,supported
0.5-1,4099,False,-0.3063720277632104,supported
0.5-1,4100,False,-0.2704670269141623,supported
0.5-1,4101,True,0.01756281061279419,critical
0.5-1,4102,False,-0.3065229300084117,supported
0.5-1,4103,False,-0.3103735970860681,supported
0.5-1,4104,False,-0.2632616778927723,supported
0.5-1,4105,False,-0.2694626922643472,supported
0.5-1,4106,False,-0.2597826206809764,supported
0.5-1,4107,False,-0.27244294997157886,supported
0.5-1,4108,False,-0.30880977030056395,supported
0.5-1,4109,False,-0.30534045124559706,supported
0.5-1,4110,False,-0.3121531955118286,supported
0.5-1,4111,False,-0.31356223466391414,supported
0.5-1,4112,False,-0.31469796181450627,supported
0.5-1,4113,False,-0.3089900854162237,supported
0.5-1,4114,False,-0.27969303841805626,supported
0.5-1,4115,False,-0.2966339118616793,supported
0.5-1,4116,False,-0.30825291264947663,supported
0.5-1,4117,False,-0.28684606847153943,supported
0.5-1,4118,False,-0.269828196739353,supported
0.5-1,4119,False,-0.271823260455119,supported
0.5-1,4120,False,-0.3086767862899821,supported
0.5-1,4121,False,-0.2645275287604223,supported
0.5-1,4122,False,-0.2934788245739277,supported
0.5-1,4123,False,-0.3115908580260078,supported
0.5-1,4124,False,-0.2702165854811679,supported
0.5-1,4125,False,-0.3147379538806218,supported
0.5-1,4126,False,-0.31408327455908885,supported
0.5-1,4127,False,-0.3130915251146604,supported
0.5-1,4128,False,-0.2636221785313712,supported
0.5-1,4129,False,-0.2592670176381759,supported
0.5-1,4130,False,-0.26604968084928154,supported
0.5-1,4131,False,-0.2688985339337318,supported
0.5-1,4132,False,-0.30806271356217674,supported
0.5-1,4133,False,-0.3064226173013383,supported
0.5-1,4134,False,-0.3106548291091714,supported
0.5-1,4135,False,-0.3143756214625311,supported
0.5-1,4136,False,-0.30349189475498844,supported
0.5-1,4137,False,-0.2893398963264078,supported
0.5-1,4138,False,-0.3144374368671959,supported
0.5-1,4139,False,-0.30279190594744665,supported
0.5-1,4140,False,-0.302283823786704,supported
0.5-1,4141,False,-0.2746319453415521,supported
0.5-1,4142,False,-0.27405661580905954,supported
0.5-1,4143,False,-0.2621874098735763,supported
0.5-1,4144,False,-0.30407687148113866,supported
0.5-1,4145,False,-0.26079513062573756,supported
0.5-1,4146,False,-0.2998373448790205,supported
0.5-1,4147,False,-0.29552617579469664,supported
0.5-1,4148,False,-0.25688653550749785,supported
0.5-1,4149,False,-0.3005251163594252,supported
0.5-1,4150,False,-0.2947187611442097,supported
0.5-1,4151,False,-0.3070556721219335,supported
0.5-1,4152,False,-0.26406578261298314,supported
0.5-1,4153,False,-0.2403048407616133,supported
0.5-1,4154,False,-0.2520252468340163,supported
0.5-1,4155,False,-0.2549172284455632,supported
0.5-1,4156,False,-0.28755272120693726,supported
0.5-1,4157,False,-0.3159955066712895,supported
0.5-1,4158,False,-0.3078735100305433,supported
0.5-1,4159,False,-0.3024599910055224,supported
0.5-1,4160,False,-0.28614153079504534,supported
0.5-1,4161,False,-0.2613496380718432,supported
0.5-1,4162,False,-0.296473508976945,supported
0.5-1,4163,False,-0.3108984361952012,supported
0.5-1,4164,False,-0.306490498258456,supported
0.5-1,4165,False,-0.2596077066316201,supported
0.5-1,4166,False,-0.2655494886782812,supported
0.5-1,4167,False,-0.25135497766949233,supported
0.5-1,4168,False,-0.1737800411856808,supported
0.5-1,4169,False,-0.16137593902920244,supported
0.5-1,4170,False,-0.2584063214414413,supported
0.5-1,4171,False,-0.2502285421009999,supported
0.5-1,4172,False,-0.257623989209318,supported
0.5-1,4173,False,-0.2838971265304423,supported
0.5-1,4174,False,-0.28817852922396653,supported
0.5-1,4175,False,-0.2646637790855168,supported
0.5-1,4176,False,-0.2388711938163104,supported
0.5-1,4177,False,-0.2027619402563839,supported
0.5-1,4178,False,-0.13445589747382014,supported
0.5-1,4179,False,-0.16845303482035934,supported
0.5-1,4180,False,-0.2884373883111098,supported
0.5-1,4181,False,-0.2938809386427384,supported
0.5-1,4182,False,-0.2835339769512197,supported
0.5-1,4183,False,-0.29003135263544816,supported
0.5-1,4184,False,-0.30441692354241645,supported
0.5-1,4185,False,-0.22365762923345828,supported
0.5-1,4186,False,-0.2330873503218795,supported
0.5-1,4187,False,-0.20134914303147833,supported
0.5-1,4188,False,-0.20742717025949026,supported
0.5-1,4189,False,-0.2468603455344628,supported
0.5-1,4190,False,-0.15951040609691214,supported
0.5-1,4191,False,-0.21351278492927245,supported
0.5-1,4192,False,-0.2133738418988122,supported
0.5-1,4193,False,-0.13460590072544676,supported
0.5-1,4194,False,-0.24233428506937532,supported
0.5-1,4195,False,-0.21585038122653227,supported
0.5-1,4196,False,-0.23521357482745014,supported
0.5-1,4197,False,-0.18661671075411984,supported
0.5-1,4198,False,-0.19280065780051814,supported
0.5-1,4199,False,-0.1950718345246435,supported
0.5-1,4200,False,-0.18238520882831533,supported
0.5-1,4201,False,-0.12999515066384648,supported
0.5-1,4202,False,-0.12526237904269266,supported
0.5-1,4203,False,-0.1695973405524397,supported
0.5-1,4204,False,-0.2754431352983974,supported
0.5-1,4205,False,-0.2100349497811803,supported
0.5-1,4206,False,-0.1898399504658247,supported
0.5-1,4207,False,-0.20013774912596038,supported
0.5-1,4208,False,-0.21625361394647657,supported
0.5-1,4209,False,-0.20018644386325063,supported
0.5-1,4210,False,-0.2363398431852743,supported
0.5-1,4211,False,-0.22485858551756505,supported
0.5-1,4212,False,-0.18142490851066018,supported
0.5-1,4213,False,-0.18728467675797045,supported
0.5-1,4214,False,-0.13892534863304806,supported
0.5-1,4215,False,-0.0318224173496886,supported
0.5-1,4216,False,-0.1728539503369263,supported
0.5-1,4217,False,-0.164806521660251,supported
0.5-1,4218,False,-0.16434918785657604,supported
0.5-1,4219,False,-0.20853030328155303,supported
0.5-1,4220,False,-0.18913022159138948,supported
0.5-1,4221,False,-0.07133828044405444,supported
0.5-1,4222,False,-0.20881822726790705,supported
0.5-1,4223,False,-0.21162462587055053,supported
0.5-1,4224,False,-0.15737270854532293,supported
0.5-1,4225,False,-0.11401909792329179,supported
0.5-1,4226,False,-0.07285235328902706,supported
0.5-1,4227,False,-0.12590779237095462,supported
0.5-1,4228,False,-0.1768362105700183,supported
0.5-1,4229,False,-0.21866342246789927,supported
0.5-1,4230,False,-0.20038526490128178,supported
0.5-1,4231,False,-0.21390408411322254,supported
0.5-1,4232,False,-0.1445535679933534,supported
0.5-1,4233,False,-0.1531527253880478,supported
0.5-1,4234,False,-0.1663724788870119,supported
0.5-1,4235,False,-0.14282933619106186,supported
0.5-1,4236,False,-0.19134128670182665,supported
0.5-1,4237,False,-0.1428537130819979,supported
0.5-1,4238,False,-0.17937137415283844,supported
0.5-1,4239,False,-0.19018689540023592,supported
0.5-1,4240,False,-0.2091499140703143,supported
0.5-1,4241,False,-0.17696038164744643,supported
0.5-1,4242,False,-0.10414634315148952,supported
0.5-1,4243,False,-0.1072417815213681,supported
0.5-1,4244,False,-0.1650548877872472,supported
0.5-1,4245,False,-0.14621842307900546,supported
0.5-1,4246,False,-0.1464524250096383,supported
0.5-1,4247,False,-0.2093960153501851,supported
0.5-1,4248,False,-0.12825372219177733,supported
0.5-1,4249,False,-0.1892844266228414,supported
0.5-1,4250,False,-0.20844014754247198,supported
0.5-1,4251,False,-0.1619710660191782,supported
0.5-1,4252,False,-0.247240479092863,supported
0.5-1,4253,False,-0.2685752677487653,supported
0.5-1,4254,False,-0.26310537138752826,supported
0.5-1,4255,False,-0.24616669849460976,supported
0.5-1,4256,False,-0.306787202014988,supported
0.5-1,4257,False,-0.2983124532558143,supported
0.5-1,4258,False,-0.3046516500034023,supported
0.5-1,4259,False,-0.3040371584387956,supported
0.5-1,4260,False,-0.29207561360983514,supported
0.5-1,4261,False,-0.31843040614158974,supported
0.5-1,4262,False,-0.312955842650522,supported
0.5-1,4263,False,-0.28472484308603424,supported
0.5-1,4264,False,-0.2744603750707157,supported
0.5-1,4265,False,-0.28100128477094327,supported
0.5-1,4266,False,-0.24326477377555167,supported
0.5-1,4267,False,-0.25384460574411594,supported
0.5-1,4268,False,-0.27057338567947703,supported
0.5-1,4269,False,-0.26467690302183744,supported
0.5-1,4270,False,-0.31659216311223015,supported
0.5-1,4271,False,-0.2955580939090475,supported
0.5-1,4272,False,-0.26663656908744277,supported
0.5-1,4273,False,-0.3082372194282382,supported
0.5-1,4274,False,-0.3126454460984394,supported
0.5-1,4275,False,-0.2964500373833845,supported
0.5-1,4276,False,-0.27545953782667204,supported
0.5-1,4277,False,-0.2598628416972914,supported
0.5-1,4278,False,-0.2715205393697999,supported
0.5-1,4279,False,-0.2631151271417782,supported
0.5-1,4280,False,-0.3018180530725146,supported
0.5-1,4281,False,-0.3072158978500174,supported
0.5-1,4282,False,-0.3079351440849871,supported
0.5-1,4283,False,-0.30443636252975276,supported
0.5-1,4284,False,-0.29082496047244566,supported
0.5-1,4285,False,-0.3025716668517365,supported
0.5-1,4286,False,-0.28647134717759476,supported
0.5-1,4287,False,-0.30354474591231634,supported
0.5-1,4288,False,-0.31098109764340165,supported
0.5-1,4289,False,-0.3031088352542595,supported
0.5-1,4290,False,-0.2631551672824878,supported
0.5-1,4291,False,-0.271134373517378,supported
0.5-1,4292,False,-0.2719552195452732,supported
0.5-1,4293,False,-0.27022145081490917,supported
0.5-1,4294,False,-0.28812500587100365,supported
0.5-1,4295,False,-0.2977475653827504,supported
0.5-1,4296,False,-0.2756846639055379,supported
0.5-1,4297,False,-0.30987604075881364,supported
0.5-1,4298,False,-0.31194421911429315,supported
0.5-1,4299,False,-0.29956057044673917,supported
0.5-1,4300,False,-0.2713231952216541,supported
0.5-1,4301,False,-0.26696237184576666,supported
0.5-1,4302,False,-0.2754269711414957,supported
0.5-1,4303,False,-0.2607895395153876,supported
0.5-1,4304,False,-0.3068635506642621,supported
0.5-1,4305,False,-0.3091450872113235,supported
0.5-1,4306,False,-0.31326802519073843,supported
0.5-1,4307,False,-0.3064598295729392,supported
0.5-1,4308,False,-0.2969537209437742,supported
0.5-1,4309,False,-0.2969943491612596,supported
0.5-1,4310,False,-0.31567637121541825,supported
0.5-1,4311,False,-0.3128937741439187,supported
0.5-1,4312,False,-0.2824381891696217,supported
0.5-1,4313,False,-0.31217321322449165,supported
0.5-1,4314,False,-0.2769754468961387,supported
0.5-1,4315,False,-0.2677986622220085,supported
0.5-1,4316,False,-0.2729781930940529,supported
0.5-1,4317,False,-0.2750117074220454,supported
0.5-1,4318,False,-0.29832666956475834,supported
0.5-1,4319,False,-0.3127790544711368,supported
0.5-1,4320,False,-0.27008842301543007,supported
0.5-1,4321,False,-0.30939696035105124,supported
0.5-1,4322,False,-0.3055921277598211,supported
0.5-1,4323,False,-0.30712463030755266,supported
0.5-1,4324,False,-0.2577121633025278,supported
0.5-1,4325,False,-0.2468181566157831,supported
0.5-1,4326,False,-0.2589758900606865,supported
0.5-1,4327,False,-0.26902824771362505,supported
0.5-1,4328,False,-0.31162501822097805,supported
0.5-1,4329,False,-0.2959885700372071,supported
0.5-1,4330,False,-0.3134068013912563,supported
0.5-1,4331,False,-0.3051955626719083,supported
0.5-1,4332,False,-0.3168869825950039,supported
0.5-1,4333,False,-0.29508488547046813,supported
0.5-1,4334,False,-0.29475014293458907,supported
0.5-1,4335,False,-0.30745598739208424,supported
0.5-1,4336,False,-0.28084264836411993,supported
0.5-1,4337,False,-0.2867170045377434,supported
0.5-1,4338,False,-0.2751274204292563,supported
0.5-1,4339,False,-0.2679558698268528,supported
0.5-1,4340,False,-0.03571321439947783,supported
0.5-1,4341,False,-0.27496496240383195,supported
0.5-1,4342,False,-0.29946992618445617,supported
0.5-1,4343,False,-0.3144715977530295,supported
0.5-1,4344,False,-0.2728146878099309,supported
0.5-1,4345,False,-0.30966540722023195,supported
0.5-1,4346,False,-0.3113008264691064,supported
0.5-1,4347,False,-0.3105671070895913,supported
0.5-1,4348,False,-0.26135865686484133,supported
0.5-1,4349,False,-0.21221356759087018,supported
0.5-1,4350,False,-0.2632410400058137,supported
0.5-1,4351,False,-0.21559473055652495,supported
0.5-1,4352,False,-0.31103394113595234,supported
0.5-1,4353,False,-0.3004253573569663,supported
0.5-1,4354,False,-0.307796827659233,supported
0.5-1,4355,False,-0.31065158118661595,supported
0.5-1,4356,False,-0.3192579460631662,supported
0.5-1,4357,False,-0.27765365566764916,supported
0.5-1,4358,False,-0.2850079838227498,supported
0.5-1,4359,False,-0.31718588564636047,supported
0.5-1,4360,False,-0.29901638934024705,supported
0.5-1,4361,False,-0.26363145482271405,supported
0.5-1,4362,False,-0.2720947690042562,supported
0.5-1,4363,False,-0.2763284468147189,supported
0.5-1,4364,False,-0.31962323879964954,supported
0.5-1,4365,False,-0.26175906752177375,supported
0.5-1,4366,False,-0.2543620219971679,supported
0.5-1,4367,False,-0.31001032763087855,supported
0.5-1,4368,False,-0.2786325956110444,supported
0.5-1,4369,False,-0.30150060438170095,supported
0.5-1,4370,False,-0.31202506403660035,supported
0.5-1,4371,False,-0.30789757022652486,supported
0.5-1,4372,False,-0.20038279727973357,supported
0.5-1,4373,False,-0.15060468114401826,supported
0.5-1,4374,False,-0.20256564137408734,supported
0.5-1,4375,False,-0.1493804065386236,supported
0.5-1,4376,False,-0.30091601644149707,supported
0.5-1,4377,False,-0.307872309400392,supported
0.5-1,4378,False,-0.2996715301758065,supported
0.5-1,4379,False,-0.2954503331950655,supported
0.5-1,4380,False,-0.20281282380069537,supported
0.5-1,4381,False,-0.23076583986988597,supported
0.5-1,4382,False,-0.2748410144622805,supported
0.5-1,4383,False,-0.21930528105459696,supported
0.5-1,4384,False,-0.317615712117615,supported
0.5-1,4385,False,-0.19238110986713153,supported
0.5-1,4386,False,-0.2492365950733308,supported
0.5-1,4387,False,-0.20353259434379578,supported
0.5-1,4388,False,-0.22686697281306406,supported
0.5-1,4389,False,-0.16702967103206623,supported
0.5-1,4390,False,-0.2686727361969024,supported
0.5-1,4391,False,-0.28161153479526146,supported
0.5-1,4392,False,-0.25605244335525523,supported
0.5-1,4393,False,-0.29419827966716755,supported
0.5-1,4394,False,-0.29943506711898377,supported
0.5-1,4395,False,-0.29501557518558175,supported
0.5-1,4396,False,-0.2508746282187351,supported
0.5-1,4397,False,-0.15624311608522312,supported
0.5-1,4398,False,-0.14114974824259174,supported
0.5-1,4399,False,-0.172497710488418,supported
0.5-1,4400,False,-0.1828757406140341,supported
0.5-1,4401,False,-0.2395728124688299,supported
0.5-1,4402,False,-0.19743321017104293,supported
0.5-1,4403,False,-0.2837263148552063,supported
0.5-1,4404,False,-0.171980399999361,supported
0.5-1,4405,False,-0.19146524839148554,supported
0.5-1,4406,False,-0.24457618668191955,supported
0.5-1,4407,False,-0.19969421555354155,supported
0.5-1,4408,False,-0.2174266303585743,supported
0.5-1,4409,False,-0.21633364642418879,supported
0.5-1,4410,False,-0.20179321804423905,supported
0.5-1,4411,False,-0.1735798601909001,supported
0.5-1,4412,False,-0.20441217013132618,supported
0.5-1,4413,False,-0.14827620305428157,supported
0.5-1,4414,False,-0.2260219354180531,supported
0.5-1,4415,False,-0.21149777378428208,supported
0.5-1,4416,False,-0.15093624745181589,supported
0.5-1,4417,False,-0.2121081737697083,supported
0.5-1,4418,False,-0.2995326827838477,supported
0.5-1,4419,False,-0.19594807725452945,supported
0.5-1,4420,False,-0.16050463412136684,supported
0.5-1,4421,False,-0.1305823223452346,supported
0.5-1,4422,False,-0.13941801769894246,supported
0.5-1,4423,False,-0.1426703217140094,supported
0.5-1,4424,False,-0.207327313649374,supported
0.5-1,4425,False,-0.17922278482069942,supported
0.5-1,4426,False,-0.19299034430146228,supported
0.5-1,4427,False,-0.19891268099723297,supported
0.5-1,4428,False,-0.18296499922761544,supported
0.5-1,4429,False,-0.1743987691037433,supported
0.5-1,4430,False,-0.1795774368887848,supported
0.5-1,4431,False,-0.19276932814846287,supported
0.5-1,4432,False,-0.21844751476973273,supported
0.5-1,4433,False,-0.15475382743984922,supported
0.5-1,4434,False,-0.10581760170186627,supported
0.5-1,4435,False,-0.1162313461624419,supported
0.5-1,4436,False,-0.18621910268441888,supported
0.5-1,4437,False,-0.15040503044110265,supported
0.5-1,4438,False,-0.15988700654750587,supported
0.5-1,4439,False,-0.21016848941163951,supported
0.5-1,4440,False,-0.12239174629467786,supported
0.5-1,4441,False,-0.1843908997525353,supported
0.5-1,4442,False,-0.21868022921587132,supported
0.5-1,4443,False,-0.1976989101890883,supported
0.5-1,4444,False,-0.11547027221444117,supported
0.5-1,4445,False,-0.14362654488334337,supported
0.5-1,4446,False,-0.07055309393417464,supported
0.5-1,4447,False,-0.12495638980177859,supported
0.5-1,4448,False,-0.17737586331657362,supported
0.5-1,4449,False,-0.21103969884706453,supported
0.5-1,4450,False,-0.20359238760353632,supported
0.5-1,4451,False,-0.21020266331341741,supported
0.5-1,4452,False,-0.13838643285481944,supported
0.5-1,4453,False,-0.16203644486513447,supported
0.5-1,4454,False,-0.16918219827303493,supported
0.5-1,4455,False,-0.14289946101437012,supported
0.5-1,4456,False,-0.16379505353627088,supported
0.5-1,4457,False,-0.14333676501318704,supported
0.5-1,4458,False,-0.15994479998545086,supported
0.5-1,4459,False,-0.19157928078330927,supported
0.5-1,4460,False,-0.20639318252647898,supported
0.5-1,4461,False,-0.1441439936267882,supported
0.5-1,4462,False,-0.12806225148458006,supported
0.5-1,4463,False,-0.13792775352995568,supported
0.5-1,4464,False,-0.19063020995287655,supported
0.5-1,4465,False,-0.1538452908982474,supported
0.5-1,4466,False,-0.12141035475622242,supported
0.5-1,4467,False,-0.19593384307327755,supported
0.5-1,4468,False,-0.08303744367299593,supported
0.5-1,4469,False,-0.20147831967215502,supported
0.5-1,4470,False,-0.191985385193354,supported
0.5-1,4471,False,-0.16037058857620778,supported
0.5-1,4472,False,-0.24579024463668658,supported
0.5-1,4473,False,-0.26693462181962346,supported
0.5-1,4474,False,-0.25323474634325943,supported
0.5-1,4475,False,-0.23273919855560682,supported
0.5-1,4476,False,-0.2899287451456054,supported
0.5-1,4477,False,-0.303780420300639,supported
0.5-1,4478,False,-0.18693537937703214,supported
0.5-1,4479,False,-0.3044006277567528,supported
0.5-1,4480,False,-0.2779076211095746,supported
0.5-1,4481,False,-0.3197354222858378,supported
0.5-1,4482,False,-0.30655415839025507,supported
0.5-1,4483,False,-0.28180062909206083,supported
0.5-1,4484,False,-0.27534611833124634,supported
0.5-1,4485,False,-0.3050234411140044,supported
0.5-1,4486,False,-0.26598912564699284,supported
0.5-1,4487,False,-0.24810735660324884,supported
0.5-1,4488,False,-0.2958638125327649,supported
0.5-1,4489,False,-0.2686727006636158,supported
0.5-1,4490,False,-0.2857406058270677,supported
0.5-1,4491,False,-0.2905267155187385,supported
0.5-1,4492,False,-0.2676613304870714,supported
0.5-1,4493,False,-0.30535396557274797,supported
0.5-1,4494,False,-0.2949845917980514,supported
0.5-1,4495,False,-0.001364535435607106,high
0.5-1,4496,False,-0.27235769847230135,supported
0.5-1,4497,False,-0.2627999633613444,supported
0.5-1,4498,False,-0.27060877875756617,supported
0.5-1,4499,False,-0.2713025672014464,supported
0.5-1,4500,False,-0.3103131563215367,supported
0.5-1,4501,False,-0.30245456150436134,supported
0.5-1,4502,False,-0.28453950071961037,supported
0.5-1,4503,False,-0.30943442348801065,supported
0.5-1,4504,False,-0.2728449862978124,supported
0.5-1,4505,False,-0.30674219253545715,supported
0.5-1,4506,False,-0.3127672513897812,supported
0.5-1,4507,False,-0.30630257653777404,supported
0.5-1,4508,False,-0.27559041847751825,supported
0.5-1,4509,False,-0.31021537523589204,supported
0.5-1,4510,False,-0.2691682990364565,supported
0.5-1,4511,False,-0.26532463235542064,supported
0.5-1,4512,False,-0.3077906752083763,supported
0.5-1,4513,False,-0.2563784292926887,supported
0.5-1,4514,False,-0.3200867797305223,supported
0.5-1,4515,False,-0.30498854536025444,supported
0.5-1,4516,False,-0.2753175498762395,supported
0.5-1,4517,False,-0.3126562955017254,supported
0.5-1,4518,False,-0.27873948686057876,supported
0.5-1,4519,False,-0.3048310273890224,supported
0.5-1,4520,False,-0.2761394170919377,supported
0.5-1,4521,False,-0.24318300498995277,supported
0.5-1,4522,False,-0.27782897875454066,supported
0.5-1,4523,False,-0.2614382257191197,supported
0.5-1,4524,False,-0.3122449399104651,supported
0.5-1,4525,False,-0.2966244898791692,supported
0.5-1,4526,False,-0.3088367486643381,supported
0.5-1,4527,False,-0.2996309535411003,supported
0.5-1,4528,False,-0.2960393132132439,supported
0.5-1,4529,False,-0.30356629344621716,supported
0.5-1,4530,False,-0.31906052831950626,supported
0.5-1,4531,False,-0.3103165986979614,supported
0.5-1,4532,False,-0.29562391559727663,supported
0.5-1,4533,False,-0.2938228803141883,supported
0.5-1,4534,False,-0.27902276048717023,supported
0.5-1,4535,False,-0.27695988158848345,supported
0.5-1,4536,False,-0.30025691298214324,supported
0.5-1,4537,False,-0.26947665987406183,supported
0.5-1,4538,False,-0.2985486390366454,supported
0.5-1,4539,False,-0.3125458828243333,supported
0.5-1,4540,False,-0.27496515425807894,supported
0.5-1,4541,False,-0.31013412038283805,supported
0.5-1,4542,False,-0.307216690743327,supported
0.5-1,4543,False,-0.30522771514932195,supported
0.5-1,4544,False,-0.27483492998416176,supported
0.5-1,4545,False,-0.26086317008889265,supported
0.5-1,4546,False,-0.2727829141809417,supported
0.5-1,4547,False,-0.25668608774436924,supported
0.5-1,4548,False,-0.2990633547331722,supported
0.5-1,4549,False,-0.29410117364594324,supported
0.5-1,4550,False,-0.30674203646938303,supported
0.5-1,4551,False,-0.3127057327619173,supported
0.5-1,4552,False,-0.31507236698884045,supported
0.5-1,4553,False,-0.28705493443268415,supported
0.5-1,4554,False,-0.28196561732211955,supported
0.5-1,4555,False,-0.32233736730895474,supported
0.5-1,4556,False,-0.30845367970144444,supported
0.5-1,4557,False,-0.29567801327029936,supported
0.5-1,4558,False,-0.2681986863054176,supported
0.5-1,4559,False,-0.27274749242205204,supported
0.5-1,4560,False,-0.30997900347476054,supported
0.5-1,4561,False,-0.2738829935102421,supported
0.5-1,4562,False,-0.30772309868509534,supported
0.5-1,4563,False,-0.31175494861062497,supported
0.5-1,4564,False,-0.27144267043587367,supported
0.5-1,4565,False,-0.3136832033954315,supported
0.5-1,4566,False,-0.3101935841060963,supported
0.5-1,4567,False,-0.3071677889910273,supported
0.5-1,4568,False,-0.2630101993450422,supported
0.5-1,4569,False,-0.20094388548090375,supported
0.5-1,4570,False,-0.2549600836896869,supported
0.5-1,4571,False,-0.1941577337960974,supported
0.5-1,4572,False,-0.2876677983777423,supported
0.5-1,4573,False,-0.3041255875919788,supported
0.5-1,4574,False,-0.30526344258707333,supported
0.5-1,4575,False,-0.314846097810866,supported
0.5-1,4576,False,-0.3028920472259683,supported
0.5-1,4577,False,-0.25670447034318605,supported
0.5-1,4578,False,-0.2844246452440467,supported
0.5-1,4579,False,-0.3012099032070607,supported
0.5-1,4580,False,-0.31416109156201255,supported
0.5-1,4581,False,-0.2697514820593408,supported
0.5-1,4582,False,-0.2751758776400474,supported
0.5-1,4583,False,-0.24098770193693658,supported
0.5-1,4584,False,-0.30005240123068533,supported
0.5-1,4585,False,-0.25955746444423206,supported
0.5-1,4586,False,-0.28341029366967063,supported
0.5-1,4587,False,-0.31132575713532296,supported
0.5-1,4588,False,-0.2670999479010038,supported
0.5-1,4589,False,-0.2917038421538578,supported
0.5-1,4590,False,-0.2845438450973607,supported
0.5-1,4591,False,-0.2994599447997611,supported
0.5-1,4592,False,-0.16361094071539795,supported
0.5-1,4593,False,-0.12110240658792937,supported
0.5-1,4594,False,-0.22049494635392508,supported
0.5-1,4595,False,-0.15584026437059761,supported
0.5-1,4596,False,-0.2949664427083698,supported
0.5-1,4597,False,-0.310081158637604,supported
0.5-1,4598,False,-0.28330569782497406,supported
0.5-1,4599,False,-0.28999263585167045,supported
0.5-1,4600,False,-0.26386710163795946,supported
0.5-1,4601,False,-0.23497429208074122,supported
0.5-1,4602,False,-0.2690633303557002,supported
0.5-1,4603,False,-0.3073857654634854,supported
0.5-1,4604,False,-0.20407651423609519,supported
0.5-1,4605,False,-0.26675822199461535,supported
0.5-1,4606,False,-0.2625730740131861,supported
0.5-1,4607,False,-0.24017585522134716,supported
0.5-1,4608,False,-0.21847785056433583,supported
0.5-1,4609,False,-0.19572691054369973,supported
0.5-1,4610,False,-0.04491485241954718,supported
0.5-1,4611,False,-0.2845559917124808,supported
0.5-1,4612,False,-0.2606558612876623,supported
0.5-1,4613,False,-0.3047135267772508,supported
0.5-1,4614,False,-0.29430246055302495,supported
0.5-1,4615,False,-0.21658715989120852,supported
0.5-1,4616,False,-0.1655602115837318,supported
0.5-1,4617,False,-0.13618272115660424,supported
0.5-1,4618,False,-0.131493135338284,supported
0.5-1,4619,False,-0.13952647960463027,supported
0.5-1,4620,False,-0.20350564158085244,supported
0.5-1,4621,False,-0.2746659553783447,supported
0.5-1,4622,False,-0.19709625724425117,supported
0.5-1,4623,False,-0.28454006975845314,supported
0.5-1,4624,False,-0.18064826689138902,supported
0.5-1,4625,False,-0.2064575861751054,supported
0.5-1,4626,False,-0.24642330128881207,supported
0.5-1,4627,False,-0.2124178280769794,supported
0.5-1,4628,False,-0.19208362563104786,supported
0.5-1,4629,False,-0.2440366530030032,supported
0.5-1,4630,False,-0.25008416207816114,supported
0.5-1,4631,False,-0.16290701860203305,supported
0.5-1,4632,False,-0.20105308138735867,supported
0.5-1,4633,False,-0.14648508926777493,supported
0.5-1,4634,False,-0.2120063951970192,supported
0.5-1,4635,False,-0.29507277643587093,supported
0.5-1,4636,False,-0.23268656561974999,supported
0.5-1,4637,False,-0.20505058459938663,supported
0.5-1,4638,False,-0.19675205756073116,supported
0.5-1,4639,False,-0.22025779350691532,supported
0.5-1,4640,False,-0.1536348288058338,supported
0.5-1,4641,False,-0.1435921389086764,supported
0.5-1,4642,False,-0.1363578086959626,supported
0.5-1,4643,False,-0.15517540039761102,supported
0.5-1,4644,False,-0.21428225599493328,supported
0.5-1,4645,False,-0.22156082013075618,supported
0.5-1,4646,False,-0.2106238565159514,supported
0.5-1,4647,False,-0.21779013497416883,supported
0.5-1,4648,False,-0.20642754781002465,supported
0.5-1,4649,False,-0.16275098057693327,supported
0.5-1,4650,False,-0.2347365815598857,supported
0.5-1,4651,False,-0.20602859456643124,supported
0.5-1,4652,False,-0.18713293107706558,supported
0.5-1,4653,False,-0.20425062784276943,supported
0.5-1,4654,False,-0.12740563594112586,supported
0.5-1,4655,False,-0.13507849727921684,supported
0.5-1,4656,False,-0.19207983092880399,supported
0.5-1,4657,False,-0.1654958942296536,supported
0.5-1,4658,False,-0.1828552174024325,supported
0.5-1,4659,False,-0.19245337519803202,supported
0.5-1,4660,False,-0.12452562175006998,supported
0.5-1,4661,False,-0.13186324535952454,watch
0.5-1,4662,False,-0.21086494611366108,supported
0.5-1,4663,False,-0.19824624444344957,supported
0.5-1,4664,False,-0.1120577412223247,supported
0.5-1,4665,False,-0.13707604125816708,supported
0.5-1,4666,False,-0.06552158974838451,supported
0.5-1,4667,False,-0.14888231001372698,supported
0.5-1,4668,False,-0.17687792499607924,supported
0.5-1,4669,False,-0.20408549373175638,supported
0.5-1,4670,False,-0.20345544285061162,supported
0.5-1,4671,False,-0.21788559248928596,supported
0.5-1,4672,False,-0.1384254820322277,supported
0.5-1,4673,False,-0.15773714030716335,supported
0.5-1,4674,False,-0.16612706208920625,supported
0.5-1,4675,False,-0.1477789829510473,supported
0.5-1,4676,False,-0.1894958719135606,supported
0.5-1,4677,False,-0.12644816461735153,supported
0.5-1,4678,False,-0.1495286059284172,supported
0.5-1,4679,False,-0.18096063863694734,supported
0.5-1,4680,False,-0.20685643774102747,supported
0.5-1,4681,False,-0.15398236920311403,supported
0.5-1,4682,False,-0.09549184614564588,supported
0.5-1,4683,False,-0.13018452284754156,supported
0.5-1,4684,False,-0.19885849754958324,supported
0.5-1,4685,False,-0.15384716854721314,supported
0.5-1,4686,False,-0.14504611953519742,supported
0.5-1,4687,False,-0.1954440499032452,supported
0.5-1,4688,False,-0.11666445510675028,supported
0.5-1,4689,False,-0.1659819567666001,supported
0.5-1,4690,False,-0.2152475961438144,supported
0.5-1,4691,False,-0.17255277924632195,supported
0.5-1,4692,False,-0.2603013856863126,supported
0.5-1,4693,False,-0.2683770607931525,supported
0.5-1,4694,False,-0.256099183013918,supported
0.5-1,4695,False,-0.24319741866962075,supported
0.5-1,4696,False,-0.09407224573898532,watch
0.5-1,4697,False,-0.3065725132055849,supported
0.5-1,4698,False,-0.19070761404349335,supported
0.5-1,4699,False,-0.3013554905666016,supported
0.5-1,4700,False,-0.2783825563327888,supported
0.5-1,4701,False,-0.3057575348550989,supported
0.5-1,4702,False,-0.2897855141298026,supported
0.5-1,4703,False,-0.309003062231787,supported
0.5-1,4704,False,-0.28853289944356403,supported
0.5-1,4705,False,-0.1697531570279357,supported
0.5-1,4706,False,-0.19156305086372566,supported
0.5-1,4707,False,-0.2476092111610318,supported
0.5-1,4708,False,-0.11708636299052966,supported
0.5-1,4709,False,-0.26370391082576067,supported
0.5-1,4710,False,-0.2839072289626252,supported
0.5-1,4711,False,-0.30592673085346733,supported
0.5-1,4712,False,-0.26504642413950447,supported
0.5-1,4713,False,-0.28598866815150903,supported
0.5-1,4714,False,-0.30227387538928413,supported
0.5-1,4715,False,-0.1853745296471162,supported
0.5-1,4716,False,-0.277007050546122,supported
0.5-1,4717,False,-0.26591512404515494,supported
0.5-1,4718,False,-0.2670389576271289,supported
0.5-1,4719,False,-0.26746769412047794,supported
0.5-1,4720,False,-0.29292020799153684,supported
0.5-1,4721,False,-0.30635170074820633,supported
0.5-1,4722,False,-0.2599717837106174,supported
0.5-1,4723,False,-0.30186065224377745,supported
0.5-1,4724,False,-0.28462005506832433,supported
0.5-1,4725,False,-0.2995054535304407,supported
0.5-1,4726,False,-0.3205149418423575,supported
0.5-1,4727,False,-0.30333859251263545,supported
0.5-1,4728,False,-0.2898549907018389,supported
0.5-1,4729,False,-0.21938838155356344,supported
0.5-1,4730,False,-0.26749468151742267,supported
0.5-1,4731,False,-0.2631324089745288,supported
0.5-1,4732,False,-0.30803812369279115,supported
0.5-1,4733,False,-0.2537359362100206,supported
0.5-1,4734,False,-0.31538024321080305,supported
0.5-1,4735,False,-0.29820031255457885,supported
0.5-1,4736,False,-0.27677255947966395,supported
0.5-1,4737,False,-0.3098065075367336,supported
0.5-1,4738,False,-0.30415837595880996,supported
0.5-1,4739,False,-0.3114575055914925,supported
0.5-1,4740,False,-0.2652405564554161,supported
0.5-1,4741,False,-0.26085397311991826,supported
0.5-1,4742,False,-0.2715086365804915,supported
0.5-1,4743,False,-0.24520625495532733,supported
0.5-1,4744,False,-0.3070265873094897,supported
0.5-1,4745,False,-0.2963321271997984,supported
0.5-1,4746,False,-0.31129187063295466,supported
0.5-1,4747,True,0.009393586278948707,high
0.5-1,4748,False,-0.30435250644586087,supported
0.5-1,4749,False,-0.2941395411160948,supported
0.5-1,4750,False,-0.29326395970891744,supported
0.5-1,4751,False,-0.317190196486558,supported
0.5-1,4752,True,0.005117890162290362,high
0.5-1,4753,False,-0.3062965381467015,supported
0.5-1,4754,False,-0.27666146129284636,supported
0.5-1,4755,False,-0.27408894121224275,supported
0.5-1,4756,False,-0.2930226638877815,supported
0.5-1,4757,False,-0.23449170458191593,supported
0.5-1,4758,False,-0.3103403886397186,supported
0.5-1,4759,False,-0.3026693664546876,supported
0.5-1,4760,False,-0.2772627003372277,supported
0.5-1,4761,False,-0.3063783129938055,supported
0.5-1,4762,False,-0.3123939784097051,supported
0.5-1,4763,False,-0.3145856603232133,supported
0.5-1,4764,False,-0.2679117166766875,supported
0.5-1,4765,False,-0.208370849305404,supported
0.5-1,4766,False,-0.27697871863632395,supported
0.5-1,4767,False,-0.23549273291810113,supported
0.5-1,4768,False,-0.2950785340531557,supported
0.5-1,4769,False,-0.30203778715193724,supported
0.5-1,4770,False,-0.3132017963996718,supported
0.5-1,4771,False,-0.31006240873093904,supported
0.5-1,4772,False,-0.298935298317934,supported
0.5-1,4773,False,-0.2966648949058145,supported
0.5-1,4774,False,-0.29837890936072686,supported
0.5-1,4775,False,-0.2727135422035693,supported
0.5-1,4776,False,-0.31325544831185426,supported
0.5-1,4777,False,-0.29800076543948895,supported
0.5-1,4778,False,-0.2724029583330633,supported
0.5-1,4779,False,-0.2572745152522937,supported
0.5-1,4780,False,-0.2998047957506828,supported
0.5-1,4781,False,-0.2635299555252718,supported
0.5-1,4782,False,-0.3033204731094722,supported
0.5-1,4783,False,-0.2964724489951896,supported
0.5-1,4784,False,-0.2626098659351985,supported
0.5-1,4785,False,-0.3090660546155206,supported
0.5-1,4786,False,-0.30661015414033016,supported
0.5-1,4787,False,-0.30313498406137923,supported
0.5-1,4788,False,-0.27287882901247007,supported
0.5-1,4789,False,-0.17998437695567016,supported
0.5-1,4790,False,-0.2724236493405299,supported
0.5-1,4791,False,-0.2527302386540689,supported
0.5-1,4792,False,-0.30725013783453187,supported
0.5-1,4793,False,-0.31019745959564915,supported
0.5-1,4794,False,-0.30632938262295656,supported
0.5-1,4795,False,-0.30277652218481105,supported
0.5-1,4796,False,-0.31903307411666315,supported
0.5-1,4797,False,-0.2855498344104796,supported
0.5-1,4798,False,-0.29274779948058954,supported
0.5-1,4799,False,-0.22740477027850498,supported
0.5-1,4800,False,-0.3149958216988071,supported
0.5-1,4801,False,-0.30832099907303434,supported
0.5-1,4802,False,-0.2558263173752384,supported
0.5-1,4803,False,-0.24272531913339102,supported
0.5-1,4804,False,-0.3101365483710334,supported
0.5-1,4805,False,-0.11757235950849565,supported
0.5-1,4806,False,-0.3015149261464449,supported
0.5-1,4807,False,-0.3138060944712656,supported
0.5-1,4808,False,-0.206147257072667,supported
0.5-1,4809,False,-0.27330916796654803,supported
0.5-1,4810,False,-0.3143533781334669,supported
0.5-1,4811,False,-0.3127726676269985,supported
0.5-1,4812,False,-0.20371757948626062,supported
0.5-1,4813,False,-0.12480064634166077,supported
0.5-1,4814,False,-0.2120546171597738,supported
0.5-1,4815,False,-0.14881571913707592,supported
0.5-1,4816,False,-0.3003246926920902,supported
0.5-1,4817,False,-0.3086408765299192,supported
0.5-1,4818,False,-0.24888244805045084,supported
0.5-1,4819,False,-0.3115196345243031,supported
0.5-1,4820,False,-0.3142594789977009,supported
0.5-1,4821,False,-0.23991063988870948,supported
0.5-1,4822,False,-0.28792500072630556,supported
0.5-1,4823,False,-0.30668311250518093,supported
0.5-1,4824,False,-0.07228615111221193,supported
0.5-1,4825,False,-0.28358467160144835,supported
0.5-1,4826,False,-0.2694171210196449,supported
0.5-1,4827,False,-0.20534338323707668,supported
0.5-1,4828,False,-0.21499763895155072,supported
0.5-1,4829,False,-0.08088297458083127,watch
0.5-1,4830,False,-0.28602851861857104,supported
0.5-1,4831,False,-0.30763215832936724,supported
0.5-1,4832,False,-0.25834780671193863,supported
0.5-1,4833,False,-0.2786901528457574,supported
0.5-1,4834,False,-0.3047669984028552,supported
0.5-1,4835,False,-0.2977359868670043,supported
0.5-1,4836,False,-0.24193694166346524,supported
0.5-1,4837,False,-0.15275682329849405,supported
0.5-1,4838,False,-0.14404605720148456,supported
0.5-1,4839,False,-0.1777674957938995,supported
0.5-1,4840,False,-0.2802763496402033,supported
0.5-1,4841,False,-0.29461935975752895,supported
0.5-1,4842,False,-0.20395399695346916,supported
0.5-1,4843,False,-0.30895363538565634,supported
0.5-1,4844,False,-0.2152072786508561,supported
0.5-1,4845,False,-0.18126758671055865,supported
0.5-1,4846,False,-0.2321014992779336,supported
0.5-1,4847,False,-0.19762167792004448,supported
0.5-1,4848,False,-0.20125655397877684,supported
0.5-1,4849,False,-0.2425393077197367,supported
0.5-1,4850,False,-0.1618854034094056,supported
0.5-1,4851,False,-0.17268444354611756,supported
0.5-1,4852,False,-0.2003147969555059,supported
0.5-1,4853,False,-0.1719049534613215,supported
0.5-1,4854,False,-0.2229388667066003,supported
0.5-1,4855,False,-0.2725024613145222,supported
0.5-1,4856,False,-0.22262414205992115,supported
0.5-1,4857,False,-0.20592083878109718,supported
0.5-1,4858,False,-0.2531641587886317,supported
0.5-1,4859,False,-0.20324065854130918,supported
0.5-1,4860,False,-0.15253431661516625,supported
0.5-1,4861,False,-0.14584768725355035,supported
0.5-1,4862,False,-0.11047189719918793,supported
0.5-1,4863,False,-0.17017085279672473,supported
0.5-1,4864,False,-0.1933378404990942,supported
0.5-1,4865,False,-0.1763825544202381,supported
0.5-1,4866,False,-0.20883767800719516,supported
0.5-1,4867,False,-0.2529629222678365,supported
0.5-1,4868,False,-0.1897000374962613,supported
0.5-1,4869,False,-0.1509080437354312,supported
0.5-1,4870,False,-0.21586259797599666,supported
0.5-1,4871,False,-0.2118625655123743,supported
0.5-1,4872,False,-0.20090130366157072,supported
0.5-1,4873,False,-0.18608129790342592,supported
0.5-1,4874,False,-0.19423831055802426,supported
0.5-1,4875,False,-0.12990933217556444,supported
0.5-1,4876,False,-0.19977970786993565,supported
0.5-1,4877,False,-0.1708557239825501,supported
0.5-1,4878,False,-0.16878154883818697,supported
0.5-1,4879,False,-0.21185254126540942,supported
0.5-1,4880,False,-0.13649515701594694,supported
0.5-1,4881,False,-0.20969578658808402,supported
0.5-1,4882,False,-0.18178803423375445,supported
0.5-1,4883,False,-0.20663254070433018,supported
0.5-1,4884,False,-0.09512036470145235,supported
0.5-1,4885,False,-0.12540586693705302,supported
0.5-1,4886,False,-0.07361010918342403,supported
0.5-1,4887,False,-0.16220014635750613,supported
0.5-1,4888,False,-0.20822916903191663,supported
0.5-1,4889,False,-0.18840686338906792,supported
0.5-1,4890,False,-0.19908910824311704,supported
0.5-1,4891,False,-0.20011423973053477,supported
0.5-1,4892,False,-0.15120181167997426,supported
0.5-1,4893,False,-0.16825854262068096,supported
0.5-1,4894,False,-0.15677148663086637,supported
0.5-1,4895,False,-0.14543641542320407,supported
0.5-1,4896,False,-0.19390180398750118,supported
0.5-1,4897,False,-0.1325243726383819,supported
0.5-1,4898,False,-0.14824334088459623,supported
0.5-1,4899,False,-0.19414306556990185,supported
0.5-1,4900,False,-0.1892064938525182,supported
0.5-1,4901,False,-0.1574297946287797,supported
0.5-1,4902,False,-0.1404659031055443,supported
0.5-1,4903,False,-0.1531051360095379,supported
0.5-1,4904,False,-0.20158838699012388,supported
0.5-1,4905,False,-0.133339806328721,supported
0.5-1,4906,False,-0.13389413377861048,supported
0.5-1,4907,False,-0.18104389878442606,supported
0.5-1,4908,False,-0.08942945941525271,supported
0.5-1,4909,False,-0.19085866147617364,supported
0.5-1,4910,False,-0.1877609593554076,supported
0.5-1,4911,False,-0.1842252918575532,supported
0.5-1,4912,False,-0.2618863223530919,supported
0.5-1,4913,False,-0.2572684117978384,supported
0.5-1,4914,False,-0.1579885298128889,supported
0.5-1,4915,False,-0.23519954379351155,supported
0.5-1,4916,False,-0.12687291488881058,watch
0.5-1,4917,False,-0.29961687878757154,supported
0.5-1,4918,False,-0.09510056441911174,watch
0.5-1,4919,False,-0.301024320470572,supported
0.5-1,4920,False,-0.2686318175393995,supported
0.5-1,4921,False,-0.25579752844226666,supported
0.5-1,4922,False,-0.2930527379802828,supported
0.5-1,4923,False,-0.02577071229635719,supported
0.5-1,4924,False,-0.29867301285950937,supported
0.5-1,4925,False,-0.20583143876190202,supported
0.5-1,4926,False,-0.20969431972231478,supported
0.5-1,4927,False,-0.24532058589922495,supported
0.5-1,4928,False,-0.2601618081314386,supported
0.5-1,4929,False,-0.24450018404963209,supported
0.5-1,4930,False,-0.3029270017461344,supported
0.5-1,4931,False,-0.0002746907893527162,high
0.5-1,4932,False,-0.2610551432288255,supported
0.5-1,4933,False,-0.24191515870941388,supported
0.5-1,4934,False,-0.2984138643475263,supported
0.5-1,4935,False,-0.27417190625268606,supported
0.5-1,4936,False,-0.2598324782537953,supported
0.5-1,4937,False,-0.2683207856749616,supported
0.5-1,4938,False,-0.24151517139073214,supported
0.5-1,4939,False,-0.24119401879201607,supported
0.5-1,4940,False,-0.28156460219366597,supported
0.5-1,4941,False,-0.30937500178033084,supported
0.5-1,4942,False,-0.2913486813554432,supported
0.5-1,4943,False,-0.30213256301518854,supported
0.5-1,4944,False,-0.30068840120531815,supported
0.5-1,4945,False,-0.3016892933220668,supported
0.5-1,4946,False,-0.3127167030253674,supported
0.5-1,4947,False,-0.3181350405988963,supported
0.5-1,4948,False,-0.30692270137968064,supported
0.5-1,4949,False,-0.24534462166233822,supported
0.5-1,4950,False,-0.2748991050402666,supported
0.5-1,4951,False,-0.2718316438826931,supported
0.5-1,4952,False,-0.2863252038362796,supported
0.5-1,4953,False,-0.2531442351240042,supported
0.5-1,4954,False,-0.32272938483869623,supported
0.5-1,4955,False,-0.3071457850685708,supported
0.5-1,4956,False,-0.24710184940180163,supported
0.5-1,4957,False,-0.2979810954165407,supported
0.5-1,4958,False,-0.30155899348659165,supported
0.5-1,4959,False,-0.30835340528100685,supported
0.5-1,4960,False,-0.27159187590088063,supported
0.5-1,4961,False,-0.24238147899410944,supported
0.5-1,4962,False,-0.27349767129273356,supported
0.5-1,4963,False,-0.2328899879340925,supported
0.5-1,4964,False,-0.2965765128461245,supported
0.5-1,4965,False,-0.31001970632312004,supported
0.5-1,4966,False,-0.3095513236301598,supported
0.5-1,4967,False,-0.30315590828665284,supported
0.5-1,4968,False,-0.3063520450631156,supported
0.5-1,4969,False,-0.29314111586337155,supported
0.5-1,4970,False,-0.30590620436809784,supported
0.5-1,4971,False,-0.3160907458136171,supported
0.5-1,4972,False,-0.3146603733520679,supported
0.5-1,4973,False,-0.3116544106909129,supported
0.5-1,4974,False,-0.2702313401970469,supported
0.5-1,4975,False,-0.25597440810841976,supported
0.5-1,4976,False,-0.03951290073755909,supported
0.5-1,4977,False,-0.2674209890403605,supported
0.5-1,4978,False,-0.13136623195278285,supported
0.5-1,4979,False,-0.31421664963371443,supported
0.5-1,4980,False,-0.2762131846098438,supported
0.5-1,4981,False,-0.3126389139951083,supported
0.5-1,4982,False,-0.30571151914133826,supported
0.5-1,4983,False,-0.2920140804282903,supported
0.5-1,4984,False,-0.2702084921433849,supported
0.5-1,4985,False,-0.23649283146260658,supported
0.5-1,4986,False,-0.2685224320955377,supported
0.5-1,4987,False,-0.25123145023918375,supported
0.5-1,4988,False,-0.3110713913690173,supported
0.5-1,4989,False,-0.29886630913849604,supported
0.5-1,4990,False,-0.3089819906592718,supported
0.5-1,4991,False,-0.2986637834722042,supported
0.5-1,4992,False,-0.3016314216390562,supported
0.5-1,4993,False,-0.30017431241350634,supported
0.5-1,4994,False,-0.3063768647776242,supported
0.5-1,4995,False,-0.3179850733747549,supported
0.5-1,4996,False,-0.31992264264995746,supported
0.5-1,4997,False,-0.013571113410060898,supported
0.5-1,4998,False,-0.27099787195315306,supported
0.5-1,4999,False,-0.2619371958273458,supported
0.5-1,5000,False,-0.24119238787009856,supported
0.5-1,5001,False,-0.2573032042297956,supported
0.5-1,5002,False,-0.3071989888402394,supported
0.5-1,5003,False,-0.3069254564685915,supported
0.5-1,5004,False,-0.2801479128519412,supported
0.5-1,5005,False,-0.3141623807544563,supported
0.5-1,5006,False,-0.3101974373413053,supported
0.5-1,5007,False,-0.31196482619603183,supported
0.5-1,5008,False,-0.266917256611476,supported
0.5-1,5009,False,-0.2114643898935386,supported
0.5-1,5010,False,-0.2640191189125322,supported
0.5-1,5011,False,-0.18853555216427453,supported
0.5-1,5012,False,-0.3096919883386454,supported
0.5-1,5013,False,-0.3138245818750043,supported
0.5-1,5014,False,-0.31061487246023367,supported
0.5-1,5015,False,-0.306327903461309,supported
0.5-1,5016,False,-0.3115943913379939,supported
0.5-1,5017,False,-0.27220168241528025,supported
0.5-1,5018,False,-0.29959174524666643,supported
0.5-1,5019,False,-0.30584334553242437,supported
0.5-1,5020,False,-0.31299373950651815,supported
0.5-1,5021,False,-0.3047225627546369,supported
0.5-1,5022,False,-0.2673019157943562,supported
0.5-1,5023,False,-0.17009461513170487,supported
0.5-1,5024,False,-0.09161353317693577,supported
0.5-1,5025,False,-0.15803778373334743,supported
0.5-1,5026,False,-0.29957726516208144,supported
0.5-1,5027,False,-0.29478031529954063,supported
0.5-1,5028,False,-0.27724143004049373,supported
0.5-1,5029,False,-0.29671690546787954,supported
0.5-1,5030,False,-0.3026885603665823,supported
0.5-1,5031,False,-0.29858705316825823,supported
0.5-1,5032,False,-0.26751716975613354,supported
0.5-1,5033,False,-0.16326195024589063,supported
0.5-1,5034,False,-0.24770845347856446,supported
0.5-1,5035,False,-0.1606931843350733,supported
0.5-1,5036,False,-0.3024693432118351,supported
0.5-1,5037,False,-0.30319018293439004,supported
0.5-1,5038,False,-0.29716588915058634,supported
0.5-1,5039,False,-0.30204190916304846,supported
0.5-1,5040,False,-0.3092800698793652,supported
0.5-1,5041,False,-0.2127637011126054,supported
0.5-1,5042,False,-0.2881442929343259,supported
0.5-1,5043,False,-0.2162113863523344,supported
0.5-1,5044,False,-0.2967143048267137,supported
0.5-1,5045,False,-0.27557336880086963,supported
0.5-1,5046,False,-0.26594672088814747,supported
0.5-1,5047,False,-0.14641215075363,supported
0.5-1,5048,False,-0.23141177100583532,supported
0.5-1,5049,False,-0.15248539858990906,supported
0.5-1,5050,False,-0.267929512934067,supported
0.5-1,5051,False,-0.3038972146179282,supported
0.5-1,5052,False,-0.1984503686632389,supported
0.5-1,5053,False,-0.29861869458513696,supported
0.5-1,5054,False,-0.2968372389145458,supported
0.5-1,5055,False,-0.2224738008509805,supported
0.5-1,5056,False,-0.23179795508399836,supported
0.5-1,5057,False,-0.16920505581561218,supported
0.5-1,5058,False,-0.18360718159363,supported
0.5-1,5059,False,-0.15991416918198464,supported
0.5-1,5060,False,-0.19491914179880943,supported
0.5-1,5061,False,-0.3029106954683473,supported
0.5-1,5062,False,-0.19879990019091265,supported
0.5-1,5063,False,-0.293868951378648,supported
0.5-1,5064,False,-0.30169218717739776,supported
0.5-1,5065,False,-0.23340362375979673,supported
0.5-1,5066,False,-0.010009531446639297,moderate
0.5-1,5067,False,-0.19935034766853416,supported
0.5-1,5068,False,-0.13804355853655115,supported
0.5-1,5069,False,-0.25522555366968824,supported
0.5-1,5070,False,-0.1541412976300941,supported
0.5-1,5071,False,-0.09554187612098297,supported
0.5-1,5072,False,-0.20814440094427067,supported
0.5-1,5073,False,-0.1654103219796198,supported
0.5-1,5074,False,-0.13577287300424712,supported
0.5-1,5075,False,-0.29354342139973005,supported
0.5-1,5076,False,-0.15951023849180446,supported
0.5-1,5077,False,-0.20641346812984673,supported
0.5-1,5078,False,-0.29128390588193925,supported
0.5-1,5079,False,-0.19480755379292902,supported
0.5-1,5080,False,-0.12276219703123326,supported
0.5-1,5081,False,-0.16064829854726836,supported
0.5-1,5082,False,-0.1343698416568646,supported
0.5-1,5083,False,-0.16458839196045216,supported
0.5-1,5084,False,-0.20527513934097114,supported
0.5-1,5085,False,-0.28511748238357254,supported
0.5-1,5086,False,-0.2094335534364617,supported
0.5-1,5087,False,-0.24926032962327466,supported
0.5-1,5088,False,-0.20552725902352875,supported
0.5-1,5089,False,-0.15963255083935546,supported
0.5-1,5090,False,-0.18059665165685213,supported
0.5-1,5091,False,-0.201978393154909,supported
0.5-1,5092,False,-0.18745032556032698,supported
0.5-1,5093,False,-0.19207511163934082,supported
0.5-1,5094,False,-0.13137496882833866,supported
0.5-1,5095,False,-0.16048627542634863,supported
0.5-1,5096,False,-0.1934290758147595,supported
0.5-1,5097,False,-0.15888274202091102,supported
0.5-1,5098,False,-0.17992924118351505,supported
0.5-1,5099,False,-0.20442320535415004,supported
0.5-1,5100,False,-0.12065340170902095,supported
0.5-1,5101,False,-0.21021834016846164,supported
0.5-1,5102,False,-0.2675146436109613,supported
0.5-1,5103,False,-0.2159623224125538,supported
0.5-1,5104,False,-0.08437531292632305,supported
0.5-1,5105,False,-0.14031196536367452,supported
0.5-1,5106,False,-0.0648780129708002,supported
0.5-1,5107,False,-0.15267402270973018,supported
0.5-1,5108,False,-0.20410908044976822,supported
0.5-1,5109,False,-0.17619664559285042,supported
0.5-1,5110,False,-0.21040137573605344,supported
0.5-1,5111,False,-0.19210499785459306,supported
0.5-1,5112,False,-0.14611781233271393,supported
0.5-1,5113,False,-0.15796682961186004,supported
0.5-1,5114,False,-0.15371386295334366,supported
0.5-1,5115,False,-0.15035088698176902,supported
0.5-1,5116,False,-0.1988620891803971,supported
0.5-1,5117,False,-0.13066641963980774,supported
0.5-1,5118,False,-0.14147096492309075,supported
0.5-1,5119,False,-0.20070053972488705,supported
0.5-1,5120,False,-0.18980093786643076,supported
0.5-1,5121,False,-0.13802582022340504,supported
0.5-1,5122,False,-0.09777412658884588,supported
0.5-1,5123,False,-0.1533996654483163,supported
0.5-1,5124,False,-0.1639787373867727,supported
0.5-1,5125,False,-0.15768719449289337,supported
0.5-1,5126,False,-0.09470247683275312,supported
0.5-1,5127,False,-0.15039219151917727,supported
0.5-1,5128,False,-0.10740948830991803,supported
0.5-1,5129,False,-0.18045322581502188,supported
0.5-1,5130,False,-0.16137249306257995,supported
0.5-1,5131,False,-0.19287709179245743,supported
0.5-1,5132,False,-0.129941862699952,supported
0.5-1,5133,False,-0.25649484439423376,supported
0.5-1,5134,False,-0.14507131360528158,supported
0.5-1,5135,False,-0.2290633683290893,supported
0.5-1,5136,False,-0.06139763667430487,moderate
0.5-1,5137,False,-0.3023667515666189,supported
0.5-1,5138,False,-0.023774490751983124,moderate
0.5-1,5139,False,-0.3001723194154328,supported
0.5-1,5140,False,-0.06820121290726389,supported
0.5-1,5141,False,-0.22209550786081783,supported
0.5-1,5142,False,-0.056124016469475735,watch
0.5-1,5143,False,-0.3051655057559518,supported
0.5-1,5144,False,-0.29051601367253016,supported
0.5-1,5145,False,-0.19799707195642285,supported
0.5-1,5146,False,-0.13598352320393703,supported
0.5-1,5147,False,-0.23805517760533323,supported
0.5-1,5148,False,-0.2990944110984358,supported
0.5-1,5149,False,-0.25567535155298604,supported
0.5-1,5150,False,-0.3076217100826793,supported
0.5-1,5151,False,-0.2783902899061999,supported
0.5-1,5152,False,-0.2383634997977419,supported
0.5-1,5153,False,-0.3015590517347393,supported
0.5-1,5154,False,-0.2899816220627024,supported
0.5-1,5155,False,-0.15472152626353008,supported
0.5-1,5156,False,-0.13120685249302877,supported
0.5-1,5157,False,-0.20551876509600886,supported
0.5-1,5158,False,-0.24030522855481212,supported
0.5-1,5159,False,-0.2041000059852361,supported
0.5-1,5160,False,-0.26751327552308224,supported
0.5-1,5161,False,-0.311688779557775,supported
0.5-1,5162,False,-0.20702867099388622,supported
0.5-1,5163,False,-0.3029068018500305,supported
0.5-1,5164,False,-0.2794066331308072,supported
0.5-1,5165,False,-0.30366225646815337,supported
0.5-1,5166,False,-0.31887902912281996,supported
0.5-1,5167,False,-0.3061118076110799,supported
0.5-1,5168,False,-0.31112630306467887,supported
0.5-1,5169,False,-0.30901047224533085,supported
0.5-1,5170,False,-0.24964082389773495,supported
0.5-1,5171,False,-0.2715045942067721,supported
0.5-1,5172,False,-0.2816752128895645,supported
0.5-1,5173,False,-0.27643103107280037,supported
0.5-1,5174,False,-0.31152975508843855,supported
0.5-1,5175,False,-0.3003386594880409,supported
0.5-1,5176,False,-0.2543355004400045,supported
0.5-1,5177,False,-0.3135007590503595,supported
0.5-1,5178,False,-0.3042395223340098,supported
0.5-1,5179,False,-0.3010314781612659,supported
0.5-1,5180,False,-0.24412414603946841,supported
0.5-1,5181,False,-0.06506322519491592,watch
0.5-1,5182,False,-0.2066787176232026,supported
0.5-1,5183,False,-0.0894673735243342,supported
0.5-1,5184,False,-0.30105487561128624,supported
0.5-1,5185,False,-0.3009724980484873,supported
0.5-1,5186,False,-0.29431297942215884,supported
0.5-1,5187,False,-0.3084011387962923,supported
0.5-1,5188,False,-0.30163385282386546,supported
0.5-1,5189,False,-0.32022105473160406,supported
0.5-1,5190,False,-0.3168582922294653,supported
0.5-1,5191,False,-0.31709016314294725,supported
0.5-1,5192,False,-0.3163651986084895,supported
0.5-1,5193,False,-0.3121382518067257,supported
0.5-1,5194,False,-0.2555650674457317,supported
0.5-1,5195,False,-0.2594450068833257,supported
0.5-1,5196,False,-0.3153397972458893,supported
0.5-1,5197,False,-0.254565268024547,supported
0.5-1,5198,False,-0.29890987124576235,supported
0.5-1,5199,False,-0.2953040626979965,supported
0.5-1,5200,False,-0.2626647352402493,supported
0.5-1,5201,False,-0.31469935065909166,supported
0.5-1,5202,False,-0.30546062145135017,supported
0.5-1,5203,False,-0.29776033062451013,supported
0.5-1,5204,False,-0.23769736662401764,supported
0.5-1,5205,False,-0.060084556049486926,watch
0.5-1,5206,False,-0.21579095914073226,supported
0.5-1,5207,False,-0.06456152052771691,watch
0.5-1,5208,False,-0.3152017761233966,supported
0.5-1,5209,False,-0.2818702719697836,supported
0.5-1,5210,False,-0.306370446662193,supported
0.5-1,5211,False,-0.2949789533315285,supported
0.5-1,5212,False,-0.31520635165284777,supported
0.5-1,5213,False,-0.31763579185249063,supported
0.5-1,5214,False,-0.29652397730760954,supported
0.5-1,5215,False,-0.03806495824338152,supported
0.5-1,5216,False,-0.27301796102126435,supported
0.5-1,5217,False,-0.210317046669652,supported
0.5-1,5218,False,-0.27624016808641805,supported
0.5-1,5219,False,-0.2536736210089567,supported
0.5-1,5220,False,-0.3135385093371539,supported
0.5-1,5221,False,-0.22861612378183888,supported
0.5-1,5222,False,-0.2818268904111619,supported
0.5-1,5223,False,-0.0008108750882910298,high
0.5-1,5224,False,-0.26134457575059444,supported
0.5-1,5225,False,-0.3144113854458541,supported
0.5-1,5226,False,-0.3091897615981573,supported
0.5-1,5227,False,-0.3011843588136884,supported
0.5-1,5228,False,-0.2658411567583778,supported
0.5-1,5229,False,-0.1694726636910967,supported
0.5-1,5230,False,-0.1358026163243924,supported
0.5-1,5231,False,-0.06020115951105809,watch
0.5-1,5232,False,-0.3036912239577998,supported
0.5-1,5233,False,-0.30159692775811425,supported
0.5-1,5234,False,-0.31215430376603076,supported
0.5-1,5235,False,-0.29636843093820225,supported
0.5-1,5236,False,-0.3117049340883467,supported
0.5-1,5237,False,-0.3043381230417579,supported
0.5-1,5238,False,-0.29964523970470586,supported
0.5-1,5239,False,-0.3178592918123931,supported
0.5-1,5240,False,-0.31706633668501355,supported
0.5-1,5241,False,-0.26230958601592697,supported
0.5-1,5242,False,-0.26336753958980835,supported
0.5-1,5243,False,-0.09874364111556821,supported
0.5-1,5244,False,-0.2947194938308234,supported
0.5-1,5245,False,-0.06691282936968945,watch
0.5-1,5246,False,-0.28580216208265735,supported
0.5-1,5247,False,-0.31187659458354755,supported
0.5-1,5248,False,-0.226672188339324,supported
0.5-1,5249,False,-0.25699100018428495,supported
0.5-1,5250,False,-0.31038245638166995,supported
0.5-1,5251,False,-0.29624049156880977,supported
0.5-1,5252,False,-0.261433256806655,supported
0.5-1,5253,False,-0.16977151036929494,supported
0.5-1,5254,False,-0.1955610029345714,supported
0.5-1,5255,False,-0.07776076357870787,watch
0.5-1,5256,False,-0.29079940691363326,supported
0.5-1,5257,False,-0.28557815660903074,supported
0.5-1,5258,False,-0.3029866204207225,supported
0.5-1,5259,False,-0.2972862922075539,supported
0.5-1,5260,False,-0.21864169879569995,supported
0.5-1,5261,False,-0.26474129138982133,supported
0.5-1,5262,False,-0.28544194289078534,supported
0.5-1,5263,False,-0.24036837502573905,supported
0.5-1,5264,False,-0.269367403951084,supported
0.5-1,5265,False,-0.2594185544311291,supported
0.5-1,5266,False,-0.251030578462023,supported
0.5-1,5267,False,-0.10788690367406117,supported
0.5-1,5268,False,-0.1730384603078342,supported
0.5-1,5269,False,-0.0332914211261075,watch
0.5-1,5270,False,-0.285095248627929,supported
0.5-1,5271,False,-0.3009069236938444,supported
0.5-1,5272,False,-0.2461857253965542,supported
0.5-1,5273,False,-0.2733633218948025,supported
0.5-1,5274,False,-0.2904662499146235,supported
0.5-1,5275,False,-0.20180448353512248,supported
0.5-1,5276,False,-0.23487737103484108,supported
0.5-1,5277,False,-0.1623040350506747,supported
0.5-1,5278,False,-0.14778274400928404,supported
0.5-1,5279,False,-0.17111035869060698,supported
0.5-1,5280,False,-0.19556009876737812,supported
0.5-1,5281,False,-0.2940858581886371,supported
0.5-1,5282,False,-0.2236599154396885,supported
0.5-1,5283,False,-0.2927599973021144,supported
0.5-1,5284,False,-0.08570094717706667,watch
0.5-1,5285,False,-0.20696863464095022,supported
0.5-1,5286,False,-0.24952675848823952,supported
0.5-1,5287,False,-0.2103148467233334,supported
0.5-1,5288,False,-0.1960898679687122,supported
0.5-1,5289,False,-0.2516414438154905,supported
0.5-1,5290,False,-0.16909258256956405,supported
0.5-1,5291,False,-0.08104907576694498,watch
0.5-1,5292,False,-0.20056848568684132,supported
0.5-1,5293,False,-0.15596633248777103,supported
0.5-1,5294,False,-0.22710129810600427,supported
0.5-1,5295,False,-0.2595545459621406,supported
0.5-1,5296,False,-0.192330923845075,supported
0.5-1,5297,False,-0.2033563936100642,supported
0.5-1,5298,False,-0.2844012389574736,supported
0.5-1,5299,False,-0.21014449438528976,supported
0.5-1,5300,False,-0.12281618577194486,supported
0.5-1,5301,False,-0.1670901800063389,supported
0.5-1,5302,False,-0.09597566095785892,supported
0.5-1,5303,False,-0.16976947037467804,supported
0.5-1,5304,False,-0.19927876663303917,supported
0.5-1,5305,False,-0.27521421004806285,supported
0.5-1,5306,False,-0.2205994801761354,supported
0.5-1,5307,False,-0.26768259879831263,supported
0.5-1,5308,False,-0.2097827196429628,supported
0.5-1,5309,False,-0.15265790780819877,supported
0.5-1,5310,False,-0.19336329458756701,supported
0.5-1,5311,False,-0.2169233670086303,supported
0.5-1,5312,False,-0.19703154252586813,supported
0.5-1,5313,False,-0.2025753482086612,supported
0.5-1,5314,False,-0.14656324982227142,supported
0.5-1,5315,False,-0.15829916002154498,supported
0.5-1,5316,False,-0.2104407830608251,supported
0.5-1,5317,False,-0.17482393997346235,supported
0.5-1,5318,False,-0.16109817957991246,supported
0.5-1,5319,False,-0.16810608365964463,supported
0.5-1,5320,False,-0.12737699764171684,supported
0.5-1,5321,False,-0.200935074971756,supported
0.5-1,5322,False,-0.17704432660444558,supported
0.5-1,5323,False,-0.2060556455506456,supported
0.5-1,5324,False,-0.09001072023360557,supported
0.5-1,5325,False,-0.13644104805876134,supported
0.5-1,5326,False,-0.057139984725067205,supported
0.5-1,5327,False,-0.1641750794535921,supported
0.5-1,5328,False,-0.20595387046192115,supported
0.5-1,5329,False,-0.133013697064153,supported
0.5-1,5330,False,-0.20920318063752885,supported
0.5-1,5331,False,-0.1611701656814113,supported
0.5-1,5332,False,-0.14339971117251027,supported
0.5-1,5333,False,-0.13672660041139284,supported
0.5-1,5334,False,-0.1588043910445721,supported
0.5-1,5335,False,-0.15010100780171087,supported
0.5-1,5336,False,-0.1951647073029832,supported
0.5-1,5337,False,-0.13236361430608135,supported
0.5-1,5338,False,-0.15689274872154335,supported
0.5-1,5339,False,-0.20510175856249752,supported
0.5-1,5340,False,-0.2097697040529528,supported
0.5-1,5341,False,-0.15255581236963356,supported
0.5-1,5342,False,-0.0921507207520369,supported
0.5-1,5343,False,-0.1693389299212843,supported
0.5-1,5344,False,-0.18478583611337507,supported
0.5-1,5345,False,-0.14295388240773443,supported
0.5-1,5346,False,-0.135591785897769,supported
0.5-1,5347,False,-0.1587628319201685,supported
0.5-1,5348,False,-0.06563022784540296,supported
0.5-1,5349,False,-0.18129099689952288,supported
0.5-1,5350,False,-0.1657931887423647,supported
0.5-1,5351,False,-0.18732778948186318,supported
0.5-1,5352,False,-0.12694725583275634,supported
0.5-1,5353,False,-0.24960486826681888,supported
0.5-1,5354,False,-0.15645524001187072,supported
0.5-1,5355,False,-0.21807924838020304,supported
0.5-1,5356,False,-0.12695380932580735,watch
0.5-1,5357,False,-0.2854131809607986,supported
0.5-1,5358,False,-0.052002363810312535,moderate
0.5-1,5359,False,-0.27162640240723185,supported
0.5-1,5360,False,-0.2832020075532201,supported
0.5-1,5361,False,-0.3042512242883043,supported
0.5-1,5362,False,-0.06615546608388867,watch
0.5-1,5363,False,-0.3060017186461773,supported
0.5-1,5364,False,-0.27875755320911677,supported
0.5-1,5365,False,-0.21055093200941094,supported
0.5-1,5366,False,-0.1397559330770538,supported
0.5-1,5367,False,-0.23532747178669355,supported
0.5-1,5368,False,-0.29992875279003384,supported
0.5-1,5369,False,-0.23845617435618882,supported
0.5-1,5370,False,-0.23307432798597494,supported
0.5-1,5371,False,-0.29965021530495745,supported
0.5-1,5372,False,-0.2018610823848993,supported
0.5-1,5373,False,-0.12268857632271879,supported
0.5-1,5374,False,-0.3012268178142601,supported
0.5-1,5375,False,-0.15136832430931646,watch
0.5-1,5376,False,-0.12157936690674032,supported
0.5-1,5377,False,-0.20624471750826,supported
0.5-1,5378,False,-0.19270930061436015,supported
0.5-1,5379,False,-0.24941867025815956,supported
0.5-1,5380,False,-0.25323044182256976,supported
0.5-1,5381,False,-0.3043984637725626,supported
0.5-1,5382,False,-0.22596454558679552,supported
0.5-1,5383,False,-0.3048247818747406,supported
0.5-1,5384,False,-0.26368416292604474,supported
0.5-1,5385,False,-0.29965061111959385,supported
0.5-1,5386,False,-0.03015720246475595,moderate
0.5-1,5387,False,-0.31562744125748693,supported
0.5-1,5388,False,-0.30509431682005655,supported
0.5-1,5389,False,-0.3130789969533407,supported
0.5-1,5390,False,-0.24904537723266185,supported
0.5-1,5391,False,-0.2629599963964411,supported
0.5-1,5392,False,-0.27395147618964527,supported
0.5-1,5393,False,-0.24130643376496552,supported
0.5-1,5394,False,-0.31305339994486847,supported
0.5-1,5395,False,-0.30295819433078747,supported
0.5-1,5396,False,-0.25473328705849924,supported
0.5-1,5397,False,-0.25773657072921924,supported
0.5-1,5398,False,-0.3097934935095523,supported
0.5-1,5399,False,-0.29029691677298236,supported
0.5-1,5400,False,-0.2067290050617896,supported
0.5-1,5401,False,-0.13685796912652637,supported
0.5-1,5402,False,-0.22885004732134095,supported
0.5-1,5403,False,-0.1863558634731085,supported
0.5-1,5404,False,-0.30480385168896745,supported
0.5-1,5405,False,-0.30104389944781346,supported
0.5-1,5406,False,-0.2932130985104831,supported
0.5-1,5407,False,-0.30172916755130746,supported
0.5-1,5408,False,-0.30918936619064646,supported
0.5-1,5409,False,-0.31537724452522253,supported
0.5-1,5410,False,-0.3064835180461537,supported
0.5-1,5411,False,-0.31440660476808274,supported
0.5-1,5412,False,-0.07281161904138234,supported
0.5-1,5413,False,-0.30927858120707574,supported
0.5-1,5414,False,-0.2725715562958139,supported
0.5-1,5415,False,-0.24556406678859755,supported
0.5-1,5416,False,-0.3100163089545652,supported
0.5-1,5417,False,-0.26717156637026623,supported
0.5-1,5418,False,-0.31515708416063537,supported
0.5-1,5419,False,-0.30105198770501246,supported
0.5-1,5420,False,-0.26921897869004524,supported
0.5-1,5421,False,-0.29408338481938323,supported
0.5-1,5422,False,-0.29656355922049427,supported
0.5-1,5423,False,-0.2969016103806139,supported
0.5-1,5424,False,-0.208946953104727,supported
0.5-1,5425,False,-0.13222511000862225,watch
0.5-1,5426,False,-0.2363888383666926,supported
0.5-1,5427,False,-0.12511451658528017,supported
0.5-1,5428,False,-0.301407167676866,supported
0.5-1,5429,False,-0.28625509044227465,supported
0.5-1,5430,False,-0.2742419710910089,supported
0.5-1,5431,False,-0.30063823637097775,supported
0.5-1,5432,False,-0.30197230951687193,supported
0.5-1,5433,False,-0.2966542816693815,supported
0.5-1,5434,False,-0.3009441962780065,supported
0.5-1,5435,False,-0.3136595365311056,supported
0.5-1,5436,False,-0.31984191836785963,supported
0.5-1,5437,False,-0.3183418882139039,supported
0.5-1,5438,False,-0.2711832150958944,supported
0.5-1,5439,False,-0.2020867796841333,supported
0.5-1,5440,False,-0.31369002684452507,supported
0.5-1,5441,False,-0.24979082595787233,supported
0.5-1,5442,False,-0.2736570288088903,supported
0.5-1,5443,False,-0.28900850221248847,supported
0.5-1,5444,False,-0.2572992137928755,supported
0.5-1,5445,False,-0.2749189369788641,supported
0.5-1,5446,False,-0.30327756166606595,supported
0.5-1,5447,False,-0.31004858718495465,supported
0.5-1,5448,False,-0.17258869866627113,supported
0.5-1,5449,False,-0.0787501788297017,watch
0.5-1,5450,False,-0.1632793293723538,supported
0.5-1,5451,False,-0.13023193835496816,supported
0.5-1,5452,False,-0.27490046934102436,supported
0.5-1,5453,False,-0.2787226563190266,supported
0.5-1,5454,False,-0.28763613520300085,supported
0.5-1,5455,False,-0.3008237954834894,supported
0.5-1,5456,False,-0.23423464463796556,supported
0.5-1,5457,False,-0.2894931943278888,supported
0.5-1,5458,False,-0.2859856677716394,supported
0.5-1,5459,False,-0.06229568407189767,watch
0.5-1,5460,False,-0.3190113620527962,supported
0.5-1,5461,False,-0.30128681361532345,supported
0.5-1,5462,False,-0.26422147166323734,supported
0.5-1,5463,False,-0.1937640166399684,supported
0.5-1,5464,False,-0.3168472478813185,supported
0.5-1,5465,False,-0.1441076221469505,supported
0.5-1,5466,False,-0.2731129212510874,supported
0.5-1,5467,False,-0.2980727369460191,supported
0.5-1,5468,False,-0.25293632120428505,supported
0.5-1,5469,False,-0.280461499032533,supported
0.5-1,5470,False,-0.2925894325301724,supported
0.5-1,5471,False,-0.29680429180192236,supported
0.5-1,5472,False,-0.15646054209337756,supported
0.5-1,5473,False,-0.07128129337005307,watch
0.5-1,5474,False,-0.15401672282951628,supported
0.5-1,5475,False,-0.05217557756887581,watch
0.5-1,5476,False,-0.23256608471755585,supported
0.5-1,5477,False,-0.289541138380168,supported
0.5-1,5478,False,-0.250568342867499,supported
0.5-1,5479,False,-0.29193508718256767,supported
0.5-1,5480,False,-0.3068594963574561,supported
0.5-1,5481,False,-0.26092947463688376,supported
0.5-1,5482,False,-0.28140473834632374,supported
0.5-1,5483,False,-0.18344355545339686,supported
0.5-1,5484,False,-0.29061736200167815,supported
0.5-1,5485,False,-0.2518012932057073,supported
0.5-1,5486,False,-0.2536085769005995,supported
0.5-1,5487,False,-0.13874210277355448,supported
0.5-1,5488,False,-0.23611583168534345,supported
0.5-1,5489,False,-0.1625427348504186,supported
0.5-1,5490,False,-0.25371942103296496,supported
0.5-1,5491,False,-0.28509352628323487,supported
0.5-1,5492,False,-0.24221510180060557,supported
0.5-1,5493,False,-0.295348409175158,supported
0.5-1,5494,False,-0.2678257641187637,supported
0.5-1,5495,False,-0.20709097693687656,supported
0.5-1,5496,False,-0.15772766756676349,supported
0.5-1,5497,False,-0.15910005622609147,supported
0.5-1,5498,False,-0.1614332717476351,supported
0.5-1,5499,False,-0.16033912662501681,supported
0.5-1,5500,False,-0.21230883506739723,supported
0.5-1,5501,False,-0.2614705444567489,supported
0.5-1,5502,False,-0.2052076104340379,supported
0.5-1,5503,False,-0.2659888344919599,supported
0.5-1,5504,False,-0.2122038976679645,supported
0.5-1,5505,False,-0.22211509290457815,supported
0.5-1,5506,False,-0.24581224910780847,supported
0.5-1,5507,False,-0.18430451439747753,supported
0.5-1,5508,False,-0.1290217194994535,supported
0.5-1,5509,False,-0.20044882644524598,supported
0.5-1,5510,False,-0.22699252184507618,supported
0.5-1,5511,False,-0.15060225129106197,supported
0.5-1,5512,False,-0.20579316638521117,supported
0.5-1,5513,False,-0.16690042993166831,supported
0.5-1,5514,False,-0.23148445117207417,supported
0.5-1,5515,False,-0.27238141963159723,supported
0.5-1,5516,False,-0.14871366419163623,supported
0.5-1,5517,False,-0.20715215544443777,supported
0.5-1,5518,False,-0.23891653548385267,supported
0.5-1,5519,False,-0.21677008976011714,supported
0.5-1,5520,False,-0.1682320315233402,supported
0.5-1,5521,False,-0.17234958438141557,supported
0.5-1,5522,False,-0.12708547184535357,supported
0.5-1,5523,False,-0.1680897263597425,supported
0.5-1,5524,False,-0.2052265529614532,supported
0.5-1,5525,False,-0.2455070684120415,supported
0.5-1,5526,False,-0.21186885995551336,supported
0.5-1,5527,False,-0.23659835186060524,supported
0.5-1,5528,False,-0.20980293573203418,supported
0.5-1,5529,False,-0.157959042090982,supported
0.5-1,5530,False,-0.21271946585799656,supported
0.5-1,5531,False,-0.18714231532104958,supported
0.5-1,5532,False,-0.20960434869457328,supported
0.5-1,5533,False,-0.17447687260661882,supported
0.5-1,5534,False,-0.1416662376445298,supported
0.5-1,5535,False,-0.15514136371106613,supported
0.5-1,5536,False,-0.19908985694451398,supported
0.5-1,5537,False,-0.16974942590301723,supported
0.5-1,5538,False,-0.16226781972541937,supported
0.5-1,5539,False,-0.1964412541663031,supported
0.5-1,5540,False,-0.11927205025885479,supported
0.5-1,5541,False,-0.20824443597958847,supported
0.5-1,5542,False,-0.22466022669928148,supported
0.5-1,5543,False,-0.21415816157475875,supported
0.5-1,5544,False,-0.0877707938704756,supported
0.5-1,5545,False,-0.12607930028486525,supported
0.5-1,5546,False,-0.06450717185547838,supported
0.5-1,5547,False,-0.14945380483881132,supported
0.5-1,5548,False,-0.19357284234563454,supported
0.5-1,5549,False,-0.15497615225197714,supported
0.5-1,5550,False,-0.21532831303848865,supported
0.5-1,5551,False,-0.16051284824169065,supported
0.5-1,5552,False,-0.1486159349468945,supported
0.5-1,5553,False,-0.14620321927104218,supported
0.5-1,5554,False,-0.15945870877760593,supported
0.5-1,5555,False,-0.15024972315747598,supported
0.5-1,5556,False,-0.19266700634637657,supported
0.5-1,5557,False,-0.1259975296060184,supported
0.5-1,5558,False,-0.14611775399702487,supported
0.5-1,5559,False,-0.19993458728178637,supported
0.5-1,5560,False,-0.16629769531471095,supported
0.5-1,5561,False,-0.15506923971963116,supported
0.5-1,5562,False,-0.09562906597990994,supported
0.5-1,5563,False,-0.16077636288452768,supported
0.5-1,5564,False,-0.19338163639424394,supported
0.5-1,5565,False,-0.14697898412011778,supported
0.5-1,5566,False,-0.1074220592621965,supported
0.5-1,5567,False,-0.13529613631243498,supported
0.5-1,5568,False,-0.05571041847608538,supported
0.5-1,5569,False,-0.19023544505470041,supported
0.5-1,5570,False,-0.14135649704150832,supported
0.5-1,5571,False,-0.20169346262175047,supported
0.5-1,5572,False,-0.1647857018204073,supported
0.5-1,5573,False,-0.23129022086519496,supported
0.5-1,5574,False,-0.16618250526706002,supported
0.5-1,5575,False,-0.21055129249961074,supported
0.5-1,5576,False,-0.07519780074545124,watch
0.5-1,5577,False,-0.28713335921222594,supported
0.5-1,5578,False,-0.011258258598561444,moderate
0.5-1,5579,False,-0.30186456583957105,supported
0.5-1,5580,False,-0.28195988591776255,supported
0.5-1,5581,False,-0.28440952320001783,supported
0.5-1,5582,False,-0.19654615642761658,supported
0.5-1,5583,False,-0.3017255368557103,supported
0.5-1,5584,False,-0.28383200115514584,supported
0.5-1,5585,False,-0.20275791759614403,supported
0.5-1,5586,False,-0.13772668234676522,supported
0.5-1,5587,False,-0.24018831412596636,supported
0.5-1,5588,False,-0.28291690989718954,supported
0.5-1,5589,False,-0.25357166635386486,supported
0.5-1,5590,False,-0.2019407814969339,supported
0.5-1,5591,False,-0.2843898094641741,supported
0.5-1,5592,False,-0.1332317298069502,supported
0.5-1,5593,False,-0.2375810997776336,supported
0.5-1,5594,False,-0.28861163400870166,supported
0.5-1,5595,False,-0.1695875862016779,supported
0.5-1,5596,False,-0.1726703564843033,supported
0.5-1,5597,False,-0.24089652944595707,supported
0.5-1,5598,False,-0.17815284926811137,supported
0.5-1,5599,False,-0.2210829459618237,supported
0.5-1,5600,False,-0.2729299082736549,supported
0.5-1,5601,False,-0.3047000530462905,supported
0.5-1,5602,False,-0.27189405120777704,supported
0.5-1,5603,False,-0.30552396269862936,supported
0.5-1,5604,False,-0.301305220690436,supported
0.5-1,5605,False,-0.3192153871308576,supported
0.5-1,5606,False,-0.292215765919838,supported
0.5-1,5607,False,-0.31866591196963107,supported
0.5-1,5608,False,-0.29211219841464453,supported
0.5-1,5609,False,-0.3197025212907511,supported
0.5-1,5610,False,-0.19228083910436217,supported
0.5-1,5611,False,-0.2443368488024445,supported
0.5-1,5612,False,-0.30909261411999994,supported
0.5-1,5613,False,-0.24993306151554828,supported
0.5-1,5614,False,-0.3028747177509703,supported
0.5-1,5615,False,-0.29820995219818264,supported
0.5-1,5616,False,-0.1189844710685195,watch
0.5-1,5617,False,-0.27208878716066603,supported
0.5-1,5618,False,-0.30213628175977414,supported
0.5-1,5619,False,-0.2912404996758915,supported
0.5-1,5620,False,-0.24170732551972013,supported
0.5-1,5621,True,0.02940068715592803,high
0.5-1,5622,False,-0.15220387553579928,supported
0.5-1,5623,False,-0.24090482913107125,supported
0.5-1,5624,False,-0.29670969080852644,supported
0.5-1,5625,False,-0.29060389795565755,supported
0.5-1,5626,False,-0.29765985433648084,supported
0.5-1,5627,False,-0.30835451046451295,supported
0.5-1,5628,False,-0.3061889949019656,supported
0.5-1,5629,False,-0.1638383927882897,supported
0.5-1,5630,False,-0.3101569262417773,supported
0.5-1,5631,False,-0.2790127730893391,supported
0.5-1,5632,False,-0.2892061929134215,supported
0.5-1,5633,False,-0.3170496448122689,supported
0.5-1,5634,False,-0.16636162815453626,supported
0.5-1,5635,False,-0.19625050671569405,supported
0.5-1,5636,False,-0.3100584988295881,supported
0.5-1,5637,False,-0.17093430766101592,supported
0.5-1,5638,False,-0.32265954537906905,supported
0.5-1,5639,False,-0.28884165763098824,supported
0.5-1,5640,False,-0.20075486014013483,supported
0.5-1,5641,False,-0.29240923562095866,supported
0.5-1,5642,False,-0.2897662176272667,supported
0.5-1,5643,False,-0.2920711229734277,supported
0.5-1,5644,False,-0.2668157670733004,supported
0.5-1,5645,False,-0.16526103099856626,supported
0.5-1,5646,False,-0.23308993862309102,supported
0.5-1,5647,False,-0.22859803876705598,supported
0.5-1,5648,False,-0.30234529490241285,supported
0.5-1,5649,False,-0.2920670555746464,supported
0.5-1,5650,False,-0.22652236121149172,supported
0.5-1,5651,False,-0.2948019558575251,supported
0.5-1,5652,False,-0.32025327912455476,supported
0.5-1,5653,False,-0.2702625775624802,supported
0.5-1,5654,False,-0.3017529020167905,supported
0.5-1,5655,False,-0.31209647870337226,supported
0.5-1,5656,False,-0.31618791397739565,supported
0.5-1,5657,False,-0.28422786580179765,supported
0.5-1,5658,False,-0.05095662388138067,watch
0.5-1,5659,False,-0.23362942417513088,supported
0.5-1,5660,False,-0.30814471011995515,supported
0.5-1,5661,False,-0.17127663033157936,supported
0.5-1,5662,False,-0.04351468950499071,supported
0.5-1,5663,False,-0.29716374166733805,supported
0.5-1,5664,False,-0.24244224609629728,supported
0.5-1,5665,False,-0.28987826456128446,supported
0.5-1,5666,False,-0.2977947963206155,supported
0.5-1,5667,False,-0.3018821801435453,supported
0.5-1,5668,False,-0.23380982805481787,supported
0.5-1,5669,False,-0.1437464065294266,supported
0.5-1,5670,False,-0.16705799069902383,supported
0.5-1,5671,False,-0.16830309445471048,supported
0.5-1,5672,False,-0.290133098185034,supported
0.5-1,5673,False,-0.2696436477255103,supported
0.5-1,5674,False,-0.23104996041271575,supported
0.5-1,5675,False,-0.29038660946105216,supported
0.5-1,5676,False,-0.2978990991367186,supported
0.5-1,5677,False,-0.2567537012737889,supported
0.5-1,5678,False,-0.3012550675701204,supported
0.5-1,5679,False,-0.2840717153426929,supported
0.5-1,5680,False,-0.3147801377519687,supported
0.5-1,5681,False,-0.2611499907541327,supported
0.5-1,5682,False,-0.16832198594223302,supported
0.5-1,5683,False,-0.16800342779665234,supported
0.5-1,5684,False,-0.31275516008177606,supported
0.5-1,5685,False,-0.16297782286238016,supported
0.5-1,5686,False,-0.28128677451057227,supported
0.5-1,5687,False,-0.28688999944480564,supported
0.5-1,5688,False,-0.2464198049269482,supported
0.5-1,5689,False,-0.22153174415080656,supported
0.5-1,5690,False,-0.28995680163938087,supported
0.5-1,5691,False,-0.2262337707609261,supported
0.5-1,5692,False,-0.17243491746384865,supported
0.5-1,5693,False,-0.1684728774083074,supported
0.5-1,5694,False,-0.15456422461289,supported
0.5-1,5695,False,-0.08473525171458662,supported
0.5-1,5696,False,-0.279552414614859,supported
0.5-1,5697,False,-0.2599608857382377,supported
0.5-1,5698,False,-0.2222375637828239,supported
0.5-1,5699,False,-0.28704388640944595,supported
0.5-1,5700,False,-0.2204602183041816,supported
0.5-1,5701,False,-0.251197574484829,supported
0.5-1,5702,False,-0.27570217343558884,supported
0.5-1,5703,False,-0.23285069398134944,supported
0.5-1,5704,False,-0.20648648924250773,supported
0.5-1,5705,False,-0.28852985403675835,supported
0.5-1,5706,False,-0.2566682215735266,supported
0.5-1,5707,False,-0.1607715767567336,supported
0.5-1,5708,False,-0.2611393987850975,supported
0.5-1,5709,False,-0.15681114057263534,supported
0.5-1,5710,False,-0.2823640848354316,supported
0.5-1,5711,False,-0.2696001305535883,supported
0.5-1,5712,False,-0.2496889041975799,supported
0.5-1,5713,False,-0.2437432838243852,supported
0.5-1,5714,False,-0.27860367272121217,supported
0.5-1,5715,False,-0.21106772758412967,supported
0.5-1,5716,False,-0.15839583575033034,supported
0.5-1,5717,False,-0.16635688950656446,supported
0.5-1,5718,False,-0.15046595422311726,supported
0.5-1,5719,False,-0.17367740740683024,supported
0.5-1,5720,False,-0.19643810876562817,supported
0.5-1,5721,False,-0.25053550460575075,supported
0.5-1,5722,False,-0.20278293541340658,supported
0.5-1,5723,False,-0.2556108640793662,supported
0.5-1,5724,False,-0.20183119602530747,supported
0.5-1,5725,False,-0.22649099445191,supported
0.5-1,5726,False,-0.24523889158410633,supported
0.5-1,5727,False,-0.20222818773475476,supported
0.5-1,5728,False,-0.20378532777592478,supported
0.5-1,5729,False,-0.22356473572051572,supported
0.5-1,5730,False,-0.22174248351453357,supported
0.5-1,5731,False,-0.16106626290702897,supported
0.5-1,5732,False,-0.20497156963213303,supported
0.5-1,5733,False,-0.16645331175142986,supported
0.5-1,5734,False,-0.2203328478237478,supported
0.5-1,5735,False,-0.2316151379827569,supported
0.5-1,5736,False,-0.2221571555409798,supported
0.5-1,5737,False,-0.20528405909606628,supported
0.5-1,5738,False,-0.2585358811788784,supported
0.5-1,5739,False,-0.19772706088423703,supported
0.5-1,5740,False,-0.1450519571381993,supported
0.5-1,5741,False,-0.1672534677504539,supported
0.5-1,5742,False,-0.13937447648669887,supported
0.5-1,5743,False,-0.15312830316763626,supported
0.5-1,5744,False,-0.20641290530354311,supported
0.5-1,5745,False,-0.23089725733494648,supported
0.5-1,5746,False,-0.22299509024624536,supported
0.5-1,5747,False,-0.2258455513264665,supported
0.5-1,5748,False,-0.19800214807210065,supported
0.5-1,5749,False,-0.1481603830495677,supported
0.5-1,5750,False,-0.21330614303421858,supported
0.5-1,5751,False,-0.21102259424236414,supported
0.5-1,5752,False,-0.18507896463981344,supported
0.5-1,5753,False,-0.1534177031961168,supported
0.5-1,5754,False,-0.18741722298603963,supported
0.5-1,5755,False,-0.16223413434543177,supported
0.5-1,5756,False,-0.1937186806554459,supported
0.5-1,5757,False,-0.16366137554178073,supported
0.5-1,5758,False,-0.15078619082371547,supported
0.5-1,5759,False,-0.24606682261684126,supported
0.5-1,5760,False,-0.12697429477647348,supported
0.5-1,5761,False,-0.21427958128801317,supported
0.5-1,5762,False,-0.17421731955489828,supported
0.5-1,5763,False,-0.20432050693101178,supported
0.5-1,5764,False,-0.09802594148438659,supported
0.5-1,5765,False,-0.12291864431841037,supported
0.5-1,5766,False,-0.07819399040957631,supported
0.5-1,5767,False,-0.1497492452604373,supported
0.5-1,5768,False,-0.2084473494120916,supported
0.5-1,5769,False,-0.18134035746231114,supported
0.5-1,5770,False,-0.21471334678079185,supported
0.5-1,5771,False,-0.152846130010458,supported
0.5-1,5772,False,-0.15406020398432085,supported
0.5-1,5773,False,-0.13108190570863298,supported
0.5-1,5774,False,-0.15087640859918328,supported
0.5-1,5775,False,-0.15077140420443236,supported
0.5-1,5776,False,-0.1938464798080296,supported
0.5-1,5777,False,-0.13019211218671645,supported
0.5-1,5778,False,-0.1599357695724919,supported
0.5-1,5779,False,-0.19811267914050734,supported
0.5-1,5780,False,-0.2109362199450498,supported
0.5-1,5781,False,-0.14550630702082723,supported
0.5-1,5782,False,-0.0959288165595219,supported
0.5-1,5783,False,-0.16407637611694081,supported
0.5-1,5784,False,-0.18479501536979615,supported
0.5-1,5785,False,-0.13233665435691833,supported
0.5-1,5786,False,-0.12408447877694251,supported
0.5-1,5787,False,-0.10900336594732052,supported
0.5-1,5788,False,-0.061359405403163314,supported
0.5-1,5789,False,-0.20465272040522664,supported
0.5-1,5790,False,-0.12762963499319424,supported
0.5-1,5791,False,-0.2028188461084866,supported
0.5-1,5792,False,-0.17483042536211213,supported
0.5-1,5793,False,-0.2433646613378757,supported
0.5-1,5794,False,-0.12925347668214504,supported
0.5-1,5795,False,-0.11990894252776896,supported
0.5-1,5796,False,-0.04842836518359794,moderate
0.5-1,5797,False,-0.14583775142769406,supported
0.5-1,5798,False,-0.14179886012077325,supported
0.5-1,5799,False,-0.300877072274391,supported
0.5-1,5800,False,-0.2761971887090046,supported
0.5-1,5801,False,-0.0692291291355418,watch
0.5-1,5802,False,-0.21232582316184911,supported
0.5-1,5803,False,-0.2910604225828371,supported
0.5-1,5804,False,-0.08319506665912979,watch
0.5-1,5805,False,-0.10582600229269645,watch
0.5-1,5806,False,-0.10456186313376614,watch
0.5-1,5807,False,-0.00031964260289296664,moderate
0.5-1,5808,False,-0.2719120067156337,supported
0.5-1,5809,False,-0.059333273441433354,watch
0.5-1,5810,False,-0.12607097149783253,supported
0.5-1,5811,False,-0.240073952582756,supported
0.5-1,5812,False,-0.3025851142856585,supported
0.5-1,5813,False,-0.1288677676262996,supported
0.5-1,5814,False,-0.2965689582684729,supported
0.5-1,5815,False,-0.29579394244017193,supported
0.5-1,5816,False,-0.18104254734626113,supported
0.5-1,5817,False,-0.21347715119095412,supported
0.5-1,5818,False,-0.09861357796490633,supported
0.5-1,5819,False,-0.1757234530092865,supported
0.5-1,5820,False,-0.17427327499444,supported
0.5-1,5821,False,-0.26429333777840064,supported
0.5-1,5822,False,-0.13001854738899776,supported
0.5-1,5823,False,-0.07485904468109639,watch
0.5-1,5824,False,-0.10551514473766854,watch
0.5-1,5825,False,-0.0774252790518477,supported
0.5-1,5826,False,-0.1486271904543185,supported
0.5-1,5827,False,-0.29722722400858775,supported
0.5-1,5828,False,-0.29396261086846276,supported
0.5-1,5829,False,-0.30136821490886806,supported
0.5-1,5830,False,-0.24459682456529075,supported
0.5-1,5831,False,-0.30390012568903046,supported
0.5-1,5832,False,-0.0009120748247728461,moderate
0.5-1,5833,False,-0.007204771667899901,moderate
0.5-1,5834,True,0.0002698860803173053,moderate
0.5-1,5835,True,0.0017203219533804548,moderate
0.5-1,5836,False,-0.30508057090782426,supported
0.5-1,5837,False,-0.13803220863655785,supported
0.5-1,5838,False,-0.1349447436044483,supported
0.5-1,5839,False,-0.24299641922551823,supported
0.5-1,5840,False,-0.3018436395496992,supported
0.5-1,5841,False,-0.09104261429149552,supported
0.5-1,5842,False,-0.31362799855058937,supported
0.5-1,5843,False,-0.29712262701160363,supported
0.5-1,5844,False,-0.19650709679228318,supported
0.5-1,5845,False,-0.23865847118168648,supported
0.5-1,5846,False,-0.08064863838733816,supported
0.5-1,5847,False,-0.2068943449006202,supported
0.5-1,5848,False,-0.26093248139297964,supported
0.5-1,5849,False,-0.18907357806113173,supported
0.5-1,5850,False,-0.13800396561574535,supported
0.5-1,5851,False,-0.12147937983514001,supported
0.5-1,5852,False,-0.28413541006399673,supported
0.5-1,5853,False,-0.052134337905058725,supported
0.5-1,5854,False,-0.17432810710375435,supported
0.5-1,5855,False,-0.3051561766966011,supported
0.5-1,5856,False,-0.2861878610427859,supported
0.5-1,5857,False,-0.3096131660584233,supported
0.5-1,5858,False,-0.05509071661324494,watch
0.5-1,5859,False,-0.2975007046534229,supported
0.5-1,5860,False,-0.00278627219582106,moderate
0.5-1,5861,False,-0.0024436580767737137,moderate
0.5-1,5862,True,0.00389241727531342,moderate
0.5-1,5863,True,0.003643852090438493,moderate
0.5-1,5864,False,-0.31915180631638995,supported
0.5-1,5865,False,-0.2811735327099788,supported
0.5-1,5866,False,-0.13253606782183058,supported
0.5-1,5867,False,-0.20368105545973852,supported
0.5-1,5868,False,-0.31891695008893406,supported
0.5-1,5869,False,-0.09885969955717633,supported
0.5-1,5870,False,-0.292934784078855,supported
0.5-1,5871,False,-0.2985860249714205,supported
0.5-1,5872,False,-0.221917125663449,supported
0.5-1,5873,False,-0.2949213336679574,supported
0.5-1,5874,False,-0.06349662990722493,supported
0.5-1,5875,False,-0.17428000156909595,supported
0.5-1,5876,False,-0.240657425468095,supported
0.5-1,5877,False,-0.1630033473643243,supported
0.5-1,5878,False,-0.12894557215496327,supported
0.5-1,5879,False,-0.12888432609679912,supported
0.5-1,5880,False,-0.30083637729868484,supported
0.5-1,5881,False,-0.0686823150241832,supported
0.5-1,5882,False,-0.18440975934892434,supported
0.5-1,5883,False,-0.30478942219004873,supported
0.5-1,5884,False,-0.3081780965330803,supported
0.5-1,5885,False,-0.29602808268240716,supported
0.5-1,5886,False,-0.3010011948885529,supported
0.5-1,5887,False,-0.286503428839044,supported
0.5-1,5888,False,-0.015489680761644475,moderate
0.5-1,5889,False,-0.005806148733353833,moderate
0.5-1,5890,True,0.0021386115419489427,moderate
0.5-1,5891,True,0.005797841151953587,moderate
0.5-1,5892,False,-0.3213043813426278,supported
0.5-1,5893,False,-0.2949248568787332,supported
0.5-1,5894,False,-0.1288484775732046,supported
0.5-1,5895,False,-0.15847932041438517,supported
0.5-1,5896,False,-0.3220990245177593,supported
0.5-1,5897,False,-0.12426478566851962,supported
0.5-1,5898,False,-0.29263758861183004,supported
0.5-1,5899,False,-0.2852731310094467,supported
0.5-1,5900,False,-0.18725771307661088,supported
0.5-1,5901,False,-0.2564372468393851,supported
0.5-1,5902,False,-0.06323284470567248,supported
0.5-1,5903,False,-0.20089357553981274,supported
0.5-1,5904,False,-0.2504518430460547,supported
0.5-1,5905,False,-0.15483431834951755,supported
0.5-1,5906,False,-0.12578170616136086,supported
0.5-1,5907,False,-0.12961123581720424,supported
0.5-1,5908,False,-0.2862246204787628,supported
0.5-1,5909,False,-0.04894088117836659,supported
0.5-1,5910,False,-0.17563638284447913,supported
0.5-1,5911,False,-0.2808564925967402,supported
0.5-1,5912,False,-0.30891948422322046,supported
0.5-1,5913,False,-0.2872106175598463,supported
0.5-1,5914,False,-0.28963322736130787,supported
0.5-1,5915,False,-0.2609737330852722,supported
0.5-1,5916,False,-0.09598607763996103,watch
0.5-1,5917,False,-0.08928378912778401,moderate
0.5-1,5918,False,-0.0034845080344841906,moderate
0.5-1,5919,False,-0.09411907663853947,watch
0.5-1,5920,False,-0.31319418799363524,supported
0.5-1,5921,False,-0.2960546530652237,supported
0.5-1,5922,False,-0.13331115532708437,supported
0.5-1,5923,False,-0.08757235425914123,supported
0.5-1,5924,False,-0.3111006379555965,supported
0.5-1,5925,False,-0.11377345974125419,supported
0.5-1,5926,False,-0.2743820638781424,supported
0.5-1,5927,False,-0.2832542131890483,supported
0.5-1,5928,False,-0.1539350596532737,supported
0.5-1,5929,False,-0.14526559093113656,supported
0.5-1,5930,False,-0.04610797399919209,supported
0.5-1,5931,False,-0.1782190531760408,supported
0.5-1,5932,False,-0.1891614414833745,supported
0.5-1,5933,False,-0.15853156947503322,supported
0.5-1,5934,False,-0.13651779453183122,supported
0.5-1,5935,False,-0.12269316055419544,supported
0.5-1,5936,False,-0.28554122322087494,supported
0.5-1,5937,False,-0.06683669773417422,supported
0.5-1,5938,False,-0.1609723004761886,supported
0.5-1,5939,False,-0.27249211641468923,supported
0.5-1,5940,False,-0.3059596854191218,supported
0.5-1,5941,False,-0.20864591483866823,supported
0.5-1,5942,False,-0.27687923949016874,supported
0.5-1,5943,False,-0.2658160876167255,supported
0.5-1,5944,False,-0.12942968691832135,watch
0.5-1,5945,False,-0.11914264008266318,watch
0.5-1,5946,False,-0.10096832363532504,watch
0.5-1,5947,False,-0.12161079939691966,supported
0.5-1,5948,False,-0.15854359073114965,supported
0.5-1,5949,False,-0.2859887867023288,supported
0.5-1,5950,False,-0.11968853356574138,supported
0.5-1,5951,False,-0.1541709853754898,supported
0.5-1,5952,False,-0.20623315316771346,supported
0.5-1,5953,False,-0.13035777372642054,supported
0.5-1,5954,False,-0.2639819958135055,supported
0.5-1,5955,False,-0.2714966053761015,supported
0.5-1,5956,False,-0.12838922147947418,supported
0.5-1,5957,False,-0.1550228979293915,supported
0.5-1,5958,False,-0.10092647705571922,supported
0.5-1,5959,False,-0.1399062051560246,supported
0.5-1,5960,False,-0.15782833361988902,supported
0.5-1,5961,False,-0.17917229684522773,supported
0.5-1,5962,False,-0.09901950254678071,supported
0.5-1,5963,False,-0.11424221600936357,supported
0.5-1,5964,False,-0.2022610726145655,supported
0.5-1,5965,False,-0.12311002350047628,supported
0.5-1,5966,False,-0.11778331506719308,supported
0.5-1,5967,False,-0.2518158456289676,supported
0.5-1,5968,False,-0.2130465445763562,supported
0.5-1,5969,False,-0.22443204935158084,supported
0.5-1,5970,False,-0.21470699521632652,supported
0.5-1,5971,False,-0.21465906300766774,supported
0.5-1,5972,False,-0.15625935545815284,supported
0.5-1,5973,False,-0.1459274321449303,supported
0.5-1,5974,False,-0.1403899453572771,supported
0.5-1,5975,False,-0.15978309288553327,supported
0.5-1,5976,False,-0.1163154508753107,watch
0.5-1,5977,False,-0.23767468940452396,supported
0.5-1,5978,False,-0.10596149222464868,supported
0.5-1,5979,False,-0.16229492991982108,supported
0.5-1,5980,False,-0.20701011042541462,supported
0.5-1,5981,False,-0.12254005871375706,supported
0.5-1,5982,False,-0.1988262692272637,supported
0.5-1,5983,False,-0.2288668329385788,supported
0.5-1,5984,False,-0.2071991817038829,supported
0.5-1,5985,False,-0.21075638394290452,supported
0.5-1,5986,False,-0.12754461454496546,supported
0.5-1,5987,False,-0.13249082457236672,supported
0.5-1,5988,False,-0.1484536423822428,supported
0.5-1,5989,False,-0.16010427660569537,supported
0.5-1,5990,False,-0.05780480068669114,supported
0.5-1,5991,False,-0.10907446110958852,supported
0.5-1,5992,False,-0.19260241217927832,supported
0.5-1,5993,False,-0.11785325270191971,supported
0.5-1,5994,False,-0.11629750014997808,supported
0.5-1,5995,False,-0.22567747233824464,supported
0.5-1,5996,False,-0.2050047674292239,supported
0.5-1,5997,False,-0.14101420374091034,supported
0.5-1,5998,False,-0.17920407313238518,supported
0.5-1,5999,False,-0.18793369434572743,supported
0.5-1,6000,False,-0.160663846946679,supported
0.5-1,6001,False,-0.1611556431707155,supported
0.5-1,6002,False,-0.15512062794348347,supported
0.5-1,6003,False,-0.1562802693640255,supported
0.5-1,6004,False,-0.19031644260537767,supported
0.5-1,6005,False,-0.21103144846197147,supported
0.5-1,6006,False,-0.07108968817534023,supported
0.5-1,6007,False,-0.1673591679227594,supported
0.5-1,6008,False,-0.19190676163683718,supported
0.5-1,6009,False,-0.10890513884462283,supported
0.5-1,6010,False,-0.14573373587142502,supported
0.5-1,6011,False,-0.18552567946622678,supported
0.5-1,6012,False,-0.10258632316148464,supported
0.5-1,6013,False,-0.20693914436223987,supported
0.5-1,6014,False,-0.12067882250921891,supported
0.5-1,6015,False,-0.1086963184868519,supported
0.5-1,6016,False,-0.13250937028210252,supported
0.5-1,6017,False,-0.14222754798345583,supported
0.5-1,6018,False,-0.05796669392265552,supported
0.5-1,6019,False,-0.0625309267466625,supported
0.5-1,6020,False,-0.20875358346486955,supported
0.5-1,6021,False,-0.10139878253602008,supported
0.5-1,6022,False,-0.1335465867812814,supported
0.5-1,6023,False,-0.17813831434311655,supported
0.5-1,6024,False,-0.14792889657947272,supported
0.5-1,6025,False,-0.10273912040340138,supported
0.5-1,6026,False,-0.13464852925915405,supported
0.5-1,6027,False,-0.10625624524484678,supported
0.5-1,6028,False,-0.19507832735782432,supported
0.5-1,6029,False,-0.10260663000224246,supported
0.5-1,6030,False,-0.09771204601658068,supported
0.5-1,6031,False,-0.1987935460893448,supported
0.5-1,6032,False,-0.11778002279195965,supported
0.5-1,6033,False,-0.14345418847823088,supported
0.5-1,6034,False,-0.14906281971615065,supported
0.5-1,6035,False,-0.1043117376564936,supported
0.5-1,6036,False,-0.17906283481823493,supported
0.5-1,6037,False,-0.11363948384614297,supported
0.5-1,6038,False,-0.06572268944023796,supported
0.5-1,6039,False,-0.14789199615747273,supported
0.5-1,6040,False,-0.17077751391929685,supported
0.5-1,6041,False,-0.06535051119666013,supported
0.5-1,6042,False,-0.11975204403535045,supported
0.5-1,6043,False,-0.1214727820841246,supported
0.5-1,6044,False,-0.05200006524016587,supported
0.5-1,6045,False,-0.19190028890291216,supported
0.5-1,6046,False,-0.09032884341150882,supported
0.5-1,6047,False,-0.07241142739812445,supported
0.5-1,6048,False,-0.2521723826567464,supported
0.5-1,6049,False,-0.27064555886538205,supported
0.5-1,6050,False,-0.2763975098130797,supported
0.5-1,6051,False,-0.2549181746557621,supported
0.5-1,6052,False,-0.2698787619558875,supported
0.5-1,6053,False,-0.3004829327480904,supported
0.5-1,6054,False,-0.2858867364556322,supported
0.5-1,6055,False,-0.30399657837073574,supported
0.5-1,6056,False,-0.3053268122247893,supported
0.5-1,6057,False,-0.305258484369031,supported
0.5-1,6058,False,-0.30539499002531195,supported
0.5-1,6059,False,-0.31127878521069563,supported
0.5-1,6060,False,-0.309226564190792,supported
0.5-1,6061,False,-0.2744497562242332,supported
0.5-1,6062,False,-0.2652678889868724,supported
0.5-1,6063,False,-0.2466702879005504,supported
0.5-1,6064,False,-0.2851735753710994,supported
0.5-1,6065,False,-0.27393908132720635,supported
0.5-1,6066,False,-0.313656261608802,supported
0.5-1,6067,False,-0.31533329722735215,supported
0.5-1,6068,False,-0.2766099253219618,supported
0.5-1,6069,False,-0.3093838987856865,supported
0.5-1,6070,False,-0.30470528088129867,supported
0.5-1,6071,False,-0.3135847127975765,supported
0.5-1,6072,False,-0.27754226931852394,supported
0.5-1,6073,False,-0.2712790170671737,supported
0.5-1,6074,False,-0.27375548327185273,supported
0.5-1,6075,False,-0.27492274942766753,supported
0.5-1,6076,False,-0.3151783742390225,supported
0.5-1,6077,False,-0.3103522145214638,supported
0.5-1,6078,False,-0.30478855833741325,supported
0.5-1,6079,False,-0.3131540433638267,supported
0.5-1,6080,False,-0.30791085918299077,supported
0.5-1,6081,False,-0.29772958880641226,supported
0.5-1,6082,False,-0.309659828683272,supported
0.5-1,6083,False,-0.30359861928334314,supported
0.5-1,6084,False,-0.30398997188246235,supported
0.5-1,6085,False,-0.3095338924976834,supported
0.5-1,6086,False,-0.27637970146874685,supported
0.5-1,6087,False,-0.2706309436477053,supported
0.5-1,6088,False,-0.23757520902859713,supported
0.5-1,6089,False,-0.26890101681374623,supported
0.5-1,6090,False,-0.31438183757555355,supported
0.5-1,6091,False,-0.3098840239437086,supported
0.5-1,6092,False,-0.27360168510883237,supported
0.5-1,6093,False,-0.3141819047592842,supported
0.5-1,6094,False,-0.3141555369518887,supported
0.5-1,6095,False,-0.3151627936794251,supported
0.5-1,6096,False,-0.22662466827261213,supported
0.5-1,6097,False,-0.2506162622182025,supported
0.5-1,6098,False,-0.2708012238064612,supported
0.5-1,6099,False,-0.2611280248469594,supported
0.5-1,6100,False,-0.3052186953865282,supported
0.5-1,6101,False,-0.3050681222100517,supported
0.5-1,6102,False,-0.3088442889810524,supported
0.5-1,6103,False,-0.3073388727549764,supported
0.5-1,6104,False,-0.30432171304980177,supported
0.5-1,6105,False,-0.30440977264586083,supported
0.5-1,6106,False,-0.3019955953554133,supported
0.5-1,6107,False,-0.3120415363354824,supported
0.5-1,6108,False,-0.3152120226522188,supported
0.5-1,6109,False,-0.30104405116698707,supported
0.5-1,6110,False,-0.2710976290193957,supported
0.5-1,6111,False,-0.27198343553969095,supported
0.5-1,6112,False,-0.3083134445468754,supported
0.5-1,6113,False,-0.27431618783385864,supported
0.5-1,6114,False,-0.3144943613130794,supported
0.5-1,6115,False,-0.29631038552677025,supported
0.5-1,6116,False,-0.26514246480687104,supported
0.5-1,6117,False,-0.3092328371171936,supported
0.5-1,6118,False,-0.30211274473717437,supported
0.5-1,6119,False,-0.3071142708904243,supported
0.5-1,6120,False,-0.2777512132093701,supported
0.5-1,6121,False,-0.27038059803566994,supported
0.5-1,6122,False,-0.2612121775619194,supported
0.5-1,6123,False,-0.27341768314762055,supported
0.5-1,6124,False,-0.2983453429245193,supported
0.5-1,6125,False,-0.3115631901491731,supported
0.5-1,6126,False,-0.31161325845584503,supported
0.5-1,6127,False,-0.04274603495971485,watch
0.5-1,6128,False,-0.31650196320421187,supported
0.5-1,6129,False,-0.3161476236030796,supported
0.5-1,6130,False,-0.30788566285561036,supported
0.5-1,6131,False,-0.2064447713034433,supported
0.5-1,6132,False,-0.3187596936926879,supported
0.5-1,6133,False,-0.3073212883409831,supported
0.5-1,6134,False,-0.26926280383451145,supported
0.5-1,6135,False,-0.23726547941797976,supported
0.5-1,6136,False,-0.29004107543937935,supported
0.5-1,6137,False,-0.2755293021301845,supported
0.5-1,6138,False,-0.3180259180327042,supported
0.5-1,6139,False,-0.2973145752854844,supported
0.5-1,6140,False,-0.2782806455259268,supported
0.5-1,6141,True,0.020563183517841477,high
0.5-1,6142,False,-0.29241664506536624,supported
0.5-1,6143,False,-0.30740908638364045,supported
0.5-1,6144,False,-0.27395282201022253,supported
0.5-1,6145,False,-0.2680026109916088,supported
0.5-1,6146,False,-0.27212733714928,supported
0.5-1,6147,False,-0.27410778227944677,supported
0.5-1,6148,False,-0.31458289358029523,supported
0.5-1,6149,False,-0.29498457583362814,supported
0.5-1,6150,False,-0.3033193645444902,supported
0.5-1,6151,True,0.013374137845741152,high
0.5-1,6152,False,-0.311775068887855,supported
0.5-1,6153,False,-0.3046586916062894,supported
0.5-1,6154,False,-0.3182315345766552,supported
0.5-1,6155,False,-0.3002041681073892,supported
0.5-1,6156,False,-0.29048902901362117,supported
0.5-1,6157,False,-0.30366121899391285,supported
0.5-1,6158,False,-0.2582507512995964,supported
0.5-1,6159,False,-0.27420621972109854,supported
0.5-1,6160,False,-0.30329939505662956,supported
0.5-1,6161,False,-0.27591801136484256,supported
0.5-1,6162,False,-0.30909316103494233,supported
0.5-1,6163,False,-0.2839407708577467,supported
0.5-1,6164,False,-0.26065592155922207,supported
0.5-1,6165,False,-0.3014809794199,supported
0.5-1,6166,True,0.012162810443423044,high
0.5-1,6167,False,-0.3068098504857811,supported
0.5-1,6168,False,-0.27294415951002793,supported
0.5-1,6169,False,-0.2498704251051499,supported
0.5-1,6170,False,-0.2548634044334573,supported
0.5-1,6171,False,-0.2620831848569834,supported
0.5-1,6172,False,-0.30072871913839194,supported
0.5-1,6173,False,-0.304313608413766,supported
0.5-1,6174,False,-0.3151193134419463,supported
0.5-1,6175,False,-0.2771728308135076,supported
0.5-1,6176,False,-0.023629031516315346,moderate
0.5-1,6177,False,-0.2966228960221317,supported
0.5-1,6178,False,-0.2991204143879777,supported
0.5-1,6179,False,-0.31655572761142126,supported
0.5-1,6180,False,-0.31978403339297284,supported
0.5-1,6181,False,-0.30558284990183826,supported
0.5-1,6182,False,-0.2663405700381961,supported
0.5-1,6183,False,-0.2690129715860998,supported
0.5-1,6184,False,-0.3049731220924338,supported
0.5-1,6185,False,-0.25391988005779786,supported
0.5-1,6186,False,-0.26675935368285825,supported
0.5-1,6187,False,-0.18080675243454125,supported
0.5-1,6188,False,-0.270346155557481,supported
0.5-1,6189,False,-0.2944836326919925,supported
0.5-1,6190,False,-0.27010194780518426,supported
0.5-1,6191,False,-0.27873873024659945,supported
0.5-1,6192,False,-0.24378973023189243,supported
0.5-1,6193,False,-0.21988586096315516,supported
0.5-1,6194,False,-0.23822841006193057,supported
0.5-1,6195,False,-0.21517856873466634,supported
0.5-1,6196,False,-0.2807339403676619,supported
0.5-1,6197,False,-0.2842538718195702,supported
0.5-1,6198,False,-0.28898277522626337,supported
0.5-1,6199,False,-0.22750508258796015,supported
0.5-1,6200,False,-0.28515463695340615,supported
0.5-1,6201,False,-0.2573546437299006,supported
0.5-1,6202,False,-0.2635471307172053,supported
0.5-1,6203,False,-0.12836986701828745,supported
0.5-1,6204,False,-0.2845827873242385,supported
0.5-1,6205,False,-0.2676697456373934,supported
0.5-1,6206,False,-0.2589212527615918,supported
0.5-1,6207,False,-0.24573972697372598,supported
0.5-1,6208,False,-0.09757493664990124,watch
0.5-1,6209,False,-0.18323377819014774,supported
0.5-1,6210,False,-0.2365895196813529,supported
0.5-1,6211,False,-0.165580538724868,supported
0.5-1,6212,False,-0.22498019330618346,supported
0.5-1,6213,False,-0.21240117284447257,supported
0.5-1,6214,False,-0.1945761370317836,supported
0.5-1,6215,False,-0.18313324371342066,supported
0.5-1,6216,False,-0.21404990426319787,supported
0.5-1,6217,False,-0.16121763533926603,supported
0.5-1,6218,False,-0.11904574519261679,supported
0.5-1,6219,False,-0.1218436327945075,supported
0.5-1,6220,False,-0.18358501530932114,supported
0.5-1,6221,False,-0.17637413186293016,supported
0.5-1,6222,False,-0.19214110623435815,supported
0.5-1,6223,False,-0.2269853932028939,supported
0.5-1,6224,False,-0.15336098187556468,supported
0.5-1,6225,False,-0.12914148520417656,supported
0.5-1,6226,False,-0.2393132110264677,supported
0.5-1,6227,False,-0.18636265734717217,supported
0.5-1,6228,False,-0.18498222691672306,supported
0.5-1,6229,False,-0.23534171108261653,supported
0.5-1,6230,False,-0.2226457217674606,supported
0.5-1,6231,False,-0.15251507696299837,supported
0.5-1,6232,False,-0.22224136795968702,supported
0.5-1,6233,False,-0.14518514897934753,supported
0.5-1,6234,False,-0.008189850776120666,watch
0.5-1,6235,False,-0.195806842177788,supported
0.5-1,6236,False,-0.20821361162712965,supported
0.5-1,6237,False,-0.1852824029380329,supported
0.5-1,6238,False,-0.17957915522376755,supported
0.5-1,6239,False,-0.10818585108186374,supported
0.5-1,6240,False,-0.18181239181000464,supported
0.5-1,6241,False,-0.1322137274407612,supported
0.5-1,6242,False,-0.13740891755890072,supported
0.5-1,6243,False,-0.17074898091588664,supported
0.5-1,6244,False,-0.20871009719016492,supported
0.5-1,6245,False,-0.07869289809961155,supported
0.5-1,6246,False,-0.20046240389422937,supported
0.5-1,6247,False,-0.09745813675530413,supported
0.5-1,6248,False,-0.1439397252944078,supported
0.5-1,6249,False,-0.1677245199169145,supported
0.5-1,6250,False,-0.15408592182858838,supported
0.5-1,6251,False,-0.13278364332483628,supported
0.5-1,6252,False,-0.19936573200449803,supported
0.5-1,6253,False,-0.22129745367027542,supported
0.5-1,6254,False,-0.11606991849019233,supported
0.5-1,6255,False,-0.18258618559289208,supported
0.5-1,6256,False,-0.1876839107922379,supported
0.5-1,6257,False,-0.1333588312623155,supported
0.5-1,6258,False,-0.15658144234914528,supported
0.5-1,6259,False,-0.006038620827591656,watch
0.5-1,6260,False,-0.20741853430831686,supported
0.5-1,6261,False,-0.1201680983925264,supported
0.5-1,6262,False,-0.15893308089373548,supported
0.5-1,6263,False,-0.198406396828259,supported
0.5-1,6264,False,-0.13988456994136123,supported
0.5-1,6265,False,-0.16213370091806567,supported
0.5-1,6266,False,-0.17790697104353304,supported
0.5-1,6267,False,-0.21611177706845058,supported
0.5-1,6268,False,-0.26030779174214175,supported
0.5-1,6269,False,-0.2733483033797124,supported
0.5-1,6270,False,-0.27802317883277616,supported
0.5-1,6271,False,-0.2485656628968026,supported
0.5-1,6272,False,-0.3062068841116548,supported
0.5-1,6273,False,-0.2772211558447217,supported
0.5-1,6274,False,-0.291437525223027,supported
0.5-1,6275,False,-0.29556480282763387,supported
0.5-1,6276,False,-0.3054625768609282,supported
0.5-1,6277,False,-0.31724365233404295,supported
0.5-1,6278,False,-0.3101230856334023,supported
0.5-1,6279,False,-0.3059094086016686,supported
0.5-1,6280,False,-0.30386762938230394,supported
0.5-1,6281,False,-0.2811254621486325,supported
0.5-1,6282,False,-0.256924278402683,supported
0.5-1,6283,False,-0.24320832572317586,supported
0.5-1,6284,False,-0.2585544474568532,supported
0.5-1,6285,False,-0.261511079431876,supported
0.5-1,6286,False,-0.30522163177759964,supported
0.5-1,6287,False,-0.3070380696717329,supported
0.5-1,6288,False,-0.2744709381873018,supported
0.5-1,6289,False,-0.3130688000793088,supported
0.5-1,6290,False,-0.2975411439771747,supported
0.5-1,6291,False,-0.30563541958467366,supported
0.5-1,6292,False,-0.281522157043003,supported
0.5-1,6293,False,-0.2666440407234109,supported
0.5-1,6294,False,-0.27695854376118106,supported
0.5-1,6295,False,-0.26329404020823577,supported
0.5-1,6296,False,-0.31577551202426835,supported
0.5-1,6297,False,-0.3157843168686854,supported
0.5-1,6298,False,-0.3058817996628187,supported
0.5-1,6299,False,-0.2940881632392875,supported
0.5-1,6300,False,-0.29773854667150584,supported
0.5-1,6301,False,-0.31144889960847816,supported
0.5-1,6302,False,-0.3163409000459319,supported
0.5-1,6303,False,-0.3051310506303803,supported
0.5-1,6304,False,-0.27185813153212196,supported
0.5-1,6305,False,-0.3130109897050205,supported
0.5-1,6306,False,-0.27750078838891556,supported
0.5-1,6307,False,-0.2769302397204177,supported
0.5-1,6308,False,-0.3025097434528953,supported
0.5-1,6309,False,-0.2695398022796591,supported
0.5-1,6310,False,-0.19417095750972618,supported
0.5-1,6311,False,-0.3118615807766168,supported
0.5-1,6312,False,-0.27381315203697293,supported
0.5-1,6313,False,-0.3094068578867803,supported
0.5-1,6314,False,-0.31182382178010964,supported
0.5-1,6315,False,-0.30335852159228155,supported
0.5-1,6316,False,-0.27158022526774683,supported
0.5-1,6317,False,-0.26492467052349084,supported
0.5-1,6318,False,-0.2678274868925914,supported
0.5-1,6319,False,-0.25988464613581796,supported
0.5-1,6320,False,-0.3097876280969195,supported
0.5-1,6321,False,-0.30793121206607466,supported
0.5-1,6322,False,-0.3142364997021926,supported
0.5-1,6323,False,-0.3083067858203583,supported
0.5-1,6324,False,-0.30678754332650127,supported
0.5-1,6325,False,-0.3122444151675697,supported
0.5-1,6326,False,-0.30419889077439866,supported
0.5-1,6327,False,-0.3002938081998418,supported
0.5-1,6328,False,-0.30996809660042696,supported
0.5-1,6329,False,-0.31157243019913716,supported
0.5-1,6330,False,-0.27057514882226674,supported
0.5-1,6331,False,-0.2732735849157346,supported
0.5-1,6332,False,-0.2912829483849964,supported
0.5-1,6333,False,-0.27335072894093077,supported
0.5-1,6334,False,-0.03906662363252833,supported
0.5-1,6335,False,-0.31300991577679516,supported
0.5-1,6336,False,-0.26583218748827675,supported
0.5-1,6337,False,-0.3113275565613638,supported
0.5-1,6338,False,-0.30209625645866545,supported
0.5-1,6339,False,-0.3111297008092262,supported
0.5-1,6340,False,-0.26528724202402526,supported
0.5-1,6341,False,-0.27505029860845154,supported
0.5-1,6342,False,-0.2657249389996366,supported
0.5-1,6343,False,-0.2687919313730284,supported
0.5-1,6344,False,-0.3088706048558983,supported
0.5-1,6345,False,-0.3053087836634856,supported
0.5-1,6346,False,-0.3019735631602922,supported
0.5-1,6347,False,-0.31229499805459937,supported
0.5-1,6348,False,-0.2738248586472539,supported
0.5-1,6349,False,-0.2913647396508617,supported
0.5-1,6350,False,-0.28731286428477887,supported
0.5-1,6351,False,-0.3193382873476764,supported
0.5-1,6352,False,-0.2881353768021866,supported
0.5-1,6353,False,-0.29781220414573656,supported
0.5-1,6354,False,-0.27186191503230334,supported
0.5-1,6355,False,-0.2749475985066113,supported
0.5-1,6356,False,-0.059824127931569326,supported
0.5-1,6357,False,-0.26512158660961443,supported
0.5-1,6358,False,-0.06416483525959626,supported
0.5-1,6359,False,-0.306171296623113,supported
0.5-1,6360,False,-0.26947918069717897,supported
0.5-1,6361,False,-0.3158217198662113,supported
0.5-1,6362,False,-0.3058281032326648,supported
0.5-1,6363,False,-0.3098096835281977,supported
0.5-1,6364,False,-0.2674103621541103,supported
0.5-1,6365,False,-0.23495743577127698,supported
0.5-1,6366,False,-0.2635534824912193,supported
0.5-1,6367,False,-0.27197644205246196,supported
0.5-1,6368,False,-0.3124930444474751,supported
0.5-1,6369,False,-0.3063404933647446,supported
0.5-1,6370,False,-0.31275065149094816,supported
0.5-1,6371,False,-0.30231201718332823,supported
0.5-1,6372,False,-0.3127536917400314,supported
0.5-1,6373,False,-0.25777289880866733,supported
0.5-1,6374,False,-0.2839872144963824,supported
0.5-1,6375,False,-0.3132580045721396,supported
0.5-1,6376,False,-0.30488732552247566,supported
0.5-1,6377,False,-0.2989547798311943,supported
0.5-1,6378,False,-0.2674593618002952,supported
0.5-1,6379,False,-0.2772833133412777,supported
0.5-1,6380,False,-0.3163730926478364,supported
0.5-1,6381,False,-0.2673226098810837,supported
0.5-1,6382,False,-0.2708463973736418,supported
0.5-1,6383,False,-0.3012199393771863,supported
0.5-1,6384,False,-0.2779197754017797,supported
0.5-1,6385,False,-0.3095905072910031,supported
0.5-1,6386,False,-0.2782259897146101,supported
0.5-1,6387,False,-0.31507790888556503,supported
0.5-1,6388,False,-0.23899435318152434,supported
0.5-1,6389,False,-0.1929545245228833,supported
0.5-1,6390,False,-0.2592937022173636,supported
0.5-1,6391,False,-0.2449063467950819,supported
0.5-1,6392,False,-0.2915463450340221,supported
0.5-1,6393,False,-0.29878295376891384,supported
0.5-1,6394,False,-0.29559309770020636,supported
0.5-1,6395,False,-0.2655084256036503,supported
0.5-1,6396,False,-0.3173319995884772,supported
0.5-1,6397,False,-0.26602866048032453,supported
0.5-1,6398,False,-0.27472836549273255,supported
0.5-1,6399,False,-0.2993592672797375,supported
0.5-1,6400,False,-0.3134468907143207,supported
0.5-1,6401,False,-0.24414299768490394,supported
0.5-1,6402,False,-0.26758445053333946,supported
0.5-1,6403,False,-0.26663223855555923,supported
0.5-1,6404,False,-0.29179500613195075,supported
0.5-1,6405,False,-0.23468979857743838,supported
0.5-1,6406,False,-0.2877050374773178,supported
0.5-1,6407,False,-0.27180054079848015,supported
0.5-1,6408,False,-0.2556206446520326,supported
0.5-1,6409,False,-0.30001833765963004,supported
0.5-1,6410,False,-0.3033322241865269,supported
0.5-1,6411,False,-0.2917330086383752,supported
0.5-1,6412,False,-0.2607461426557401,supported
0.5-1,6413,False,-0.17680091854354452,supported
0.5-1,6414,False,-0.19289133413043635,supported
0.5-1,6415,False,-0.17158913084420258,supported
0.5-1,6416,False,-0.2245430791581356,supported
0.5-1,6417,False,-0.2896510111375136,supported
0.5-1,6418,False,-0.265720498310338,supported
0.5-1,6419,False,-0.24774652932679797,supported
0.5-1,6420,False,-0.18535676567217474,supported
0.5-1,6421,False,-0.2207949347072346,supported
0.5-1,6422,False,-0.25811020155825964,supported
0.5-1,6423,False,-0.18930299765223746,supported
0.5-1,6424,False,-0.23621919034497146,supported
0.5-1,6425,False,-0.22795854601581106,supported
0.5-1,6426,False,-0.25245840825567084,supported
0.5-1,6427,False,-0.2143152098087014,supported
0.5-1,6428,False,-0.19284724746844972,supported
0.5-1,6429,False,-0.14383064407266855,supported
0.5-1,6430,False,-0.22435705392612237,supported
0.5-1,6431,False,-0.19724626912705479,supported
0.5-1,6432,False,-0.24801816139283067,supported
0.5-1,6433,False,-0.20149580841342152,supported
0.5-1,6434,False,-0.23409029656841612,supported
0.5-1,6435,False,-0.21877545501429235,supported
0.5-1,6436,False,-0.23302658517326497,supported
0.5-1,6437,False,-0.12710734297334436,supported
0.5-1,6438,False,-0.14173178820926946,supported
0.5-1,6439,False,-0.14548296171234276,supported
0.5-1,6440,False,-0.18040303971775573,supported
0.5-1,6441,False,-0.1958617704007336,supported
0.5-1,6442,False,-0.19923552917052678,supported
0.5-1,6443,False,-0.25437597421180425,supported
0.5-1,6444,False,-0.1598406220446873,supported
0.5-1,6445,False,-0.1888869413979083,supported
0.5-1,6446,False,-0.21368600961197648,supported
0.5-1,6447,False,-0.16034018192911792,supported
0.5-1,6448,False,-0.20695387324537423,supported
0.5-1,6449,False,-0.20207675756510834,supported
0.5-1,6450,False,-0.22428759379129398,supported
0.5-1,6451,False,-0.1616106125975163,supported
0.5-1,6452,False,-0.17239210773725566,supported
0.5-1,6453,False,-0.14298615675587678,supported
0.5-1,6454,False,-0.16136918750883333,supported
0.5-1,6455,False,-0.19659864882731376,supported
0.5-1,6456,False,-0.16739811021736473,supported
0.5-1,6457,False,-0.20736495381543518,supported
0.5-1,6458,False,-0.17525557885293674,supported
0.5-1,6459,False,-0.2043326240432241,supported
0.5-1,6460,False,-0.17355855444020774,supported
0.5-1,6461,False,-0.15007465079163107,supported
0.5-1,6462,False,-0.12439231713959109,supported
0.5-1,6463,False,-0.16655214795414675,supported
0.5-1,6464,False,-0.20634166686376082,supported
0.5-1,6465,False,-0.20278294753317277,supported
0.5-1,6466,False,-0.20461757779137896,supported
0.5-1,6467,False,-0.19303757832533291,supported
0.5-1,6468,False,-0.14422505108888917,supported
0.5-1,6469,False,-0.15330679997479146,supported
0.5-1,6470,False,-0.14402884017440232,supported
0.5-1,6471,False,-0.1445243619485339,supported
0.5-1,6472,False,-0.20967202865308776,supported
0.5-1,6473,False,-0.10435797051708817,supported
0.5-1,6474,False,-0.2081837955338371,supported
0.5-1,6475,False,-0.22279811197931831,supported
0.5-1,6476,False,-0.18215991223258898,supported
0.5-1,6477,False,-0.17473899269860238,supported
0.5-1,6478,False,-0.09931015995518955,supported
0.5-1,6479,False,-0.15756667096216515,supported
0.5-1,6480,False,-0.18330769292762328,supported
0.5-1,6481,False,-0.14665417397308966,supported
0.5-1,6482,False,-0.12185389658257106,supported
0.5-1,6483,False,-0.19115618169702697,supported
0.5-1,6484,False,-0.1112815377784685,supported
0.5-1,6485,False,-0.201235825900288,supported
0.5-1,6486,False,-0.2012767694790485,supported
0.5-1,6487,False,-0.18749399694304292,supported
0.5-1,6488,False,-0.24931943481723579,supported
0.5-1,6489,False,-0.2724959290481491,supported
0.5-1,6490,False,-0.2739693670947751,supported
0.5-1,6491,False,-0.24814284987155172,supported
0.5-1,6492,False,-0.2656895208823625,supported
0.5-1,6493,False,-0.3037469148559102,supported
0.5-1,6494,False,-0.26894748658154377,supported
0.5-1,6495,False,-0.2993200016205526,supported
0.5-1,6496,False,-0.2572257863034108,supported
0.5-1,6497,False,-0.2921169137017059,supported
0.5-1,6498,False,-0.31327050263291506,supported
0.5-1,6499,False,-0.2779750418779096,supported
0.5-1,6500,False,-0.2980057984978496,supported
0.5-1,6501,False,-0.3046697564821235,supported
0.5-1,6502,False,-0.2611895214694505,supported
0.5-1,6503,False,-0.25036041988521396,supported
0.5-1,6504,False,-0.298422046667635,supported
0.5-1,6505,False,-0.2674488905448922,supported
0.5-1,6506,False,-0.31294556271229423,supported
0.5-1,6507,False,-0.2981368442045437,supported
0.5-1,6508,False,-0.27538442599007656,supported
0.5-1,6509,False,-0.3073173338557121,supported
0.5-1,6510,False,-0.28750827122314315,supported
0.5-1,6511,False,-0.3006904988281565,supported
0.5-1,6512,False,-0.276440282771268,supported
0.5-1,6513,False,-0.267104981347247,supported
0.5-1,6514,False,-0.2783372000846933,supported
0.5-1,6515,False,-0.2720071036683154,supported
0.5-1,6516,False,-0.3081261467979549,supported
0.5-1,6517,False,-0.3136207615447793,supported
0.5-1,6518,False,-0.30070882136409943,supported
0.5-1,6519,False,-0.31198284475689336,supported
0.5-1,6520,False,-0.2895750426666688,supported
0.5-1,6521,False,-0.3026513834198471,supported
0.5-1,6522,False,-0.30778311124098895,supported
0.5-1,6523,False,-0.2924337240047703,supported
0.5-1,6524,False,-0.2895011200798705,supported
0.5-1,6525,False,-0.2633947949453676,supported
0.5-1,6526,False,-0.2738290346886453,supported
0.5-1,6527,False,-0.2775843667692732,supported
0.5-1,6528,False,-0.3033283362650804,supported
0.5-1,6529,False,-0.2741729132845189,supported
0.5-1,6530,False,-0.3204901056821416,supported
0.5-1,6531,False,-0.30696768628017806,supported
0.5-1,6532,False,-0.27577832182406836,supported
0.5-1,6533,False,-0.3154713788765145,supported
0.5-1,6534,False,-0.3124469436737717,supported
0.5-1,6535,False,-0.3147859542182179,supported
0.5-1,6536,False,-0.2738816811164052,supported
0.5-1,6537,False,-0.2736270774411756,supported
0.5-1,6538,False,-0.2780869155324448,supported
0.5-1,6539,False,-0.26624618632790753,supported
0.5-1,6540,False,-0.3127077994536928,supported
0.5-1,6541,False,-0.29719341534787164,supported
0.5-1,6542,False,-0.315802925636904,supported
0.5-1,6543,False,-0.3145670186448489,supported
0.5-1,6544,False,-0.28525372992019504,supported
0.5-1,6545,False,-0.2776507446263978,supported
0.5-1,6546,False,-0.3126902379507455,supported
0.5-1,6547,False,-0.29311343400921563,supported
0.5-1,6548,False,-0.30349807631035486,supported
0.5-1,6549,False,-0.3051449631577619,supported
0.5-1,6550,False,-0.2664269457804733,supported
0.5-1,6551,False,-0.27490182245774847,supported
0.5-1,6552,False,-0.312748004147727,supported
0.5-1,6553,False,-0.27479115849652436,supported
0.5-1,6554,False,-0.30500300619775206,supported
0.5-1,6555,False,-0.3123572213842765,supported
0.5-1,6556,False,-0.25917338204789825,supported
0.5-1,6557,False,-0.31132984468225694,supported
0.5-1,6558,False,-0.3058929116945923,supported
0.5-1,6559,False,-0.31173995425016743,supported
0.5-1,6560,False,-0.2735253522141504,supported
0.5-1,6561,False,-0.2729442020940602,supported
0.5-1,6562,False,-0.2741575078921252,supported
0.5-1,6563,False,-0.2793781490390379,supported
0.5-1,6564,False,-0.31562068089733863,supported
0.5-1,6565,False,-0.31141689875913253,supported
0.5-1,6566,False,-0.3099765779679273,supported
0.5-1,6567,False,-0.30578987223133436,supported
0.5-1,6568,False,-0.31181718846600776,supported
0.5-1,6569,False,-0.3028803338742378,supported
0.5-1,6570,False,-0.28072690217745533,supported
0.5-1,6571,False,-0.3142162904155048,supported
0.5-1,6572,False,-0.30729592710284115,supported
0.5-1,6573,False,-0.29859358703438676,supported
0.5-1,6574,False,-0.2556120201927745,supported
0.5-1,6575,False,-0.2785717330079275,supported
0.5-1,6576,False,-0.30411861830272335,supported
0.5-1,6577,False,-0.2628629882776803,supported
0.5-1,6578,False,-0.3055152466909118,supported
0.5-1,6579,False,-0.3030898245374001,supported
0.5-1,6580,False,-0.27673148798645997,supported
0.5-1,6581,False,-0.3108046478992343,supported
0.5-1,6582,False,-0.30792653202300546,supported
0.5-1,6583,False,-0.31404323766606107,supported
0.5-1,6584,False,-0.271837326999513,supported
0.5-1,6585,False,-0.24214019068309123,supported
0.5-1,6586,False,-0.26625461180608173,supported
0.5-1,6587,False,-0.26513320940652785,supported
0.5-1,6588,False,-0.3149544114650808,supported
0.5-1,6589,False,-0.30963250621258215,supported
0.5-1,6590,False,-0.31479659222013034,supported
0.5-1,6591,False,-0.30799264005464083,supported
0.5-1,6592,False,-0.30506628753109716,supported
0.5-1,6593,False,-0.30509569168413286,supported
0.5-1,6594,False,-0.3039689716922923,supported
0.5-1,6595,False,-0.3195418015484805,supported
0.5-1,6596,False,-0.2925294293459353,supported
0.5-1,6597,False,-0.3033280391698959,supported
0.5-1,6598,False,-0.2761838587930521,supported
0.5-1,6599,False,-0.2700952383177867,supported
0.5-1,6600,False,-0.2849461079660657,supported
0.5-1,6601,False,-0.2683307586784084,supported
0.5-1,6602,False,-0.3057687767118293,supported
0.5-1,6603,False,-0.2999941796102504,supported
0.5-1,6604,False,-0.2738530087756654,supported
0.5-1,6605,False,-0.31342074078750143,supported
0.5-1,6606,False,-0.2956954804817034,supported
0.5-1,6607,False,-0.2967338435529968,supported
0.5-1,6608,False,-0.18432687401738357,supported
0.5-1,6609,False,-0.1941536894210496,supported
0.5-1,6610,False,-0.2582719196530007,supported
0.5-1,6611,False,-0.210090377576102,supported
0.5-1,6612,False,-0.2961848762863956,supported
0.5-1,6613,False,-0.30341897431918785,supported
0.5-1,6614,False,-0.3085185688436142,supported
0.5-1,6615,False,-0.303192775985609,supported
0.5-1,6616,False,-0.30454151989655953,supported
0.5-1,6617,False,-0.2789155151855877,supported
0.5-1,6618,False,-0.2765592127575822,supported
0.5-1,6619,False,-0.3177821025900151,supported
0.5-1,6620,False,-0.22877188673109017,supported
0.5-1,6621,False,-0.27522142518523746,supported
0.5-1,6622,False,-0.27341087202976644,supported
0.5-1,6623,False,-0.26397159969173156,supported
0.5-1,6624,False,-0.30480554341686056,supported
0.5-1,6625,False,-0.20857067651496503,supported
0.5-1,6626,False,-0.26338205533157594,supported
0.5-1,6627,False,-0.29274847751888083,supported
0.5-1,6628,False,-0.26625596812725144,supported
0.5-1,6629,False,-0.29726712971933167,supported
0.5-1,6630,False,-0.26979271006089356,supported
0.5-1,6631,False,-0.2761182408658021,supported
0.5-1,6632,False,-0.19781159869620557,supported
0.5-1,6633,False,-0.08410516145135816,supported
0.5-1,6634,False,-0.19551942478573608,supported
0.5-1,6635,False,-0.15838403917270694,supported
0.5-1,6636,False,-0.24710984419733867,supported
0.5-1,6637,False,-0.2984022599479472,supported
0.5-1,6638,False,-0.20699868364754914,supported
0.5-1,6639,False,-0.22311461466306926,supported
0.5-1,6640,False,-0.1782941177899,supported
0.5-1,6641,False,-0.1241131855908243,supported
0.5-1,6642,False,-0.270641382186499,supported
0.5-1,6643,False,-0.2487983211994172,supported
0.5-1,6644,False,-0.19077318780542163,supported
0.5-1,6645,False,-0.25342338095255706,supported
0.5-1,6646,False,-0.2374886746393064,supported
0.5-1,6647,False,-0.16847770958005415,supported
0.5-1,6648,False,-0.2051469029550264,supported
0.5-1,6649,False,-0.1556264401400057,supported
0.5-1,6650,False,-0.14517494273188603,supported
0.5-1,6651,False,-0.29224376266946156,supported
0.5-1,6652,False,-0.24395574029830874,supported
0.5-1,6653,False,-0.27758971963529144,supported
0.5-1,6654,False,-0.20017752762502317,supported
0.5-1,6655,False,-0.19193846856499364,supported
0.5-1,6656,False,-0.15616850498443102,supported
0.5-1,6657,False,-0.1625553572081604,supported
0.5-1,6658,False,-0.11962340145435502,supported
0.5-1,6659,False,-0.13863844303376538,supported
0.5-1,6660,False,-0.18922759532691003,supported
0.5-1,6661,False,-0.19451165156917954,supported
0.5-1,6662,False,-0.16437561108892906,supported
0.5-1,6663,False,-0.20342177035406306,supported
0.5-1,6664,False,-0.16268504772042658,supported
0.5-1,6665,False,-0.19533280749459014,supported
0.5-1,6666,False,-0.2380580715596209,supported
0.5-1,6667,False,-0.2084097093813707,supported
0.5-1,6668,False,-0.18496568464848406,supported
0.5-1,6669,False,-0.15988147902832328,supported
0.5-1,6670,True,0.023570330463956846,watch
0.5-1,6671,False,-0.14249412177073795,supported
0.5-1,6672,False,-0.18270156396097537,supported
0.5-1,6673,False,-0.14157217977244219,supported
0.5-1,6674,False,-0.19196929344925695,supported
0.5-1,6675,False,-0.2032086147445376,supported
0.5-1,6676,False,-0.19185884617483506,supported
0.5-1,6677,False,-0.19873487717860056,supported
0.5-1,6678,False,-0.1829440626947345,supported
0.5-1,6679,False,-0.19346929720645628,supported
0.5-1,6680,False,-0.10919661333852948,supported
0.5-1,6681,False,-0.15837725150099347,supported
0.5-1,6682,False,-0.08779531989903677,supported
0.5-1,6683,False,-0.1616170764078646,supported
0.5-1,6684,False,-0.19661447854189057,supported
0.5-1,6685,False,-0.20963580702221773,supported
0.5-1,6686,False,-0.2058134276783079,supported
0.5-1,6687,False,-0.21020855861001997,supported
0.5-1,6688,False,-0.14019410855013192,supported
0.5-1,6689,False,-0.1613802509513954,supported
0.5-1,6690,False,-0.1614980800975485,supported
0.5-1,6691,False,-0.14002605644478516,supported
0.5-1,6692,False,-0.1755270661622792,supported
0.5-1,6693,False,-0.14543702097839473,supported
0.5-1,6694,False,-0.20937492214879955,supported
0.5-1,6695,False,-0.1950972944611546,supported
0.5-1,6696,False,-0.2066716413598808,supported
0.5-1,6697,False,-0.17018975871449815,supported
0.5-1,6698,False,-0.09980601764907437,supported
0.5-1,6699,False,-0.149346606325785,supported
0.5-1,6700,False,-0.2077932744829118,supported
0.5-1,6701,False,-0.12325710300330373,supported
0.5-1,6702,False,-0.15650110676817974,supported
0.5-1,6703,False,-0.1896590785363721,supported
0.5-1,6704,False,-0.1212183499273295,supported
0.5-1,6705,False,-0.21632360241923693,supported
0.5-1,6706,False,-0.19841281694834312,supported
0.5-1,6707,False,-0.18098702669959366,supported
0.5-1,6708,False,-0.25485310073262246,supported
0.5-1,6709,False,-0.2666173956242645,supported
0.5-1,6710,False,-0.2515846166889302,supported
0.5-1,6711,False,-0.24897995237471687,supported
0.5-1,6712,False,-0.10405982536329328,watch
0.5-1,6713,False,-0.30645029281111713,supported
0.5-1,6714,False,-0.24020579791800523,supported
0.5-1,6715,False,-0.2897950782351069,supported
0.5-1,6716,False,-0.28508534512756506,supported
0.5-1,6717,False,-0.2519456233495443,supported
0.5-1,6718,False,-0.296458574423687,supported
0.5-1,6719,False,-0.3096541917460345,supported
0.5-1,6720,False,-0.30734930443500297,supported
0.5-1,6721,False,-0.16130602051214993,supported
0.5-1,6722,False,-0.26748039383563804,supported
0.5-1,6723,False,-0.24536493373678342,supported
0.5-1,6724,False,-0.31069756040648966,supported
0.5-1,6725,False,-0.2713987153355537,supported
0.5-1,6726,False,-0.31616136583657467,supported
0.5-1,6727,False,-0.3087863191306926,supported
0.5-1,6728,False,-0.2750328099084581,supported
0.5-1,6729,False,-0.29811107695663436,supported
0.5-1,6730,False,-0.3062617076783869,supported
0.5-1,6731,False,-0.2466126650586804,supported
0.5-1,6732,False,-0.2781889534620294,supported
0.5-1,6733,False,-0.27598734103730643,supported
0.5-1,6734,False,-0.27864075295143015,supported
0.5-1,6735,False,-0.2757939565910541,supported
0.5-1,6736,False,-0.2921117693486704,supported
0.5-1,6737,False,-0.31333042899053043,supported
0.5-1,6738,False,-0.29815134973772073,supported
0.5-1,6739,False,-0.3116856011608912,supported
0.5-1,6740,False,-0.27564156399688255,supported
0.5-1,6741,False,-0.2963756917172045,supported
0.5-1,6742,False,-0.31420162732820595,supported
0.5-1,6743,False,-0.31364944746161927,supported
0.5-1,6744,False,-0.31053576862214716,supported
0.5-1,6745,False,-0.30289136041101633,supported
0.5-1,6746,False,-0.26046335144070026,supported
0.5-1,6747,False,-0.27613826476633174,supported
0.5-1,6748,False,-0.1772867950037933,supported
0.5-1,6749,False,-0.2742748510474078,supported
0.5-1,6750,False,-0.31487220340524225,supported
0.5-1,6751,False,-0.3067839217061745,supported
0.5-1,6752,False,-0.27116223717698773,supported
0.5-1,6753,False,-0.28820697388474037,supported
0.5-1,6754,False,-0.3022872623269209,supported
0.5-1,6755,False,-0.3125226984540872,supported
0.5-1,6756,False,-0.25817640369974726,supported
0.5-1,6757,False,-0.2757364343001446,supported
0.5-1,6758,False,-0.2701397387276291,supported
0.5-1,6759,False,-0.2734328534873251,supported
0.5-1,6760,False,-0.3107264039305094,supported
0.5-1,6761,False,-0.3125998432098174,supported
0.5-1,6762,False,-0.31288918505648716,supported
0.5-1,6763,False,-0.3112187691605502,supported
0.5-1,6764,False,-0.3151805801301238,supported
0.5-1,6765,False,-0.3079089110508472,supported
0.5-1,6766,False,-0.2987262046895791,supported
0.5-1,6767,False,-0.314319155822773,supported
0.5-1,6768,False,-0.30515957528734255,supported
0.5-1,6769,False,-0.3123551522717218,supported
0.5-1,6770,False,-0.2708922964008943,supported
0.5-1,6771,False,-0.26364893693186237,supported
0.5-1,6772,False,-0.3098080862124266,supported
0.5-1,6773,False,-0.24529487636774522,supported
0.5-1,6774,False,-0.3118205186954786,supported
0.5-1,6775,False,-0.3087498390372095,supported
0.5-1,6776,False,-0.2590027685362736,supported
0.5-1,6777,False,-0.3093133550142533,supported
0.5-1,6778,False,-0.31261760810901335,supported
0.5-1,6779,False,-0.31129707213133523,supported
0.5-1,6780,False,-0.26525591404810445,supported
0.5-1,6781,False,-0.262255859587273,supported
0.5-1,6782,False,-0.2757235691567025,supported
0.5-1,6783,False,-0.27503424311855057,supported
0.5-1,6784,False,-0.3138426982791466,supported
0.5-1,6785,False,-0.314404528661592,supported
0.5-1,6786,False,-0.31433552074806664,supported
0.5-1,6787,False,-0.29724949345029106,supported
0.5-1,6788,False,-0.31315069954999003,supported
0.5-1,6789,False,-0.3111281146290089,supported
0.5-1,6790,False,-0.30572486152276956,supported
0.5-1,6791,False,-0.31691246184233146,supported
0.5-1,6792,False,-0.31454090750138647,supported
0.5-1,6793,False,-0.31577587069343904,supported
0.5-1,6794,False,-0.2629535117882799,supported
0.5-1,6795,False,-0.270228950005563,supported
0.5-1,6796,False,-0.31402076799953776,supported
0.5-1,6797,False,-0.2377293396309692,supported
0.5-1,6798,False,-0.30366369804727766,supported
0.5-1,6799,False,-0.3051979351968787,supported
0.5-1,6800,False,-0.27465032494790975,supported
0.5-1,6801,False,-0.31130724204717675,supported
0.5-1,6802,False,-0.30939618090580306,supported
0.5-1,6803,False,-0.3154106942937855,supported
0.5-1,6804,False,-0.27032131366871653,supported
0.5-1,6805,False,-0.18987046493362741,supported
0.5-1,6806,False,-0.2772842397753645,supported
0.5-1,6807,False,-0.27439062371571304,supported
0.5-1,6808,False,-0.3140835285331317,supported
0.5-1,6809,False,-0.3110992681635782,supported
0.5-1,6810,False,-0.30368208428797644,supported
0.5-1,6811,False,-0.315493240058547,supported
0.5-1,6812,False,-0.3143376352154017,supported
0.5-1,6813,False,-0.2733737345444288,supported
0.5-1,6814,False,-0.2956338676464267,supported
0.5-1,6815,False,-0.0996023344689283,supported
0.5-1,6816,False,-0.3150231828710509,supported
0.5-1,6817,False,-0.2996457162383976,supported
0.5-1,6818,False,-0.2645382576330449,supported
0.5-1,6819,False,-0.2399323108202676,supported
0.5-1,6820,False,-0.3082345483707979,supported
0.5-1,6821,False,-0.1881880213642041,supported
0.5-1,6822,False,-0.3051782679885507,supported
0.5-1,6823,False,-0.3067753367713778,supported
0.5-1,6824,False,-0.2745556310650044,supported
0.5-1,6825,False,-0.2904240616188954,supported
0.5-1,6826,False,-0.2952299020251165,supported
0.5-1,6827,False,-0.3117924629061731,supported
0.5-1,6828,False,-0.25281499707023053,supported
0.5-1,6829,False,-0.15476922586975284,supported
0.5-1,6830,False,-0.2614201684248044,supported
0.5-1,6831,False,-0.19614756070309297,supported
0.5-1,6832,False,-0.31009037354805324,supported
0.5-1,6833,False,-0.3008007995126121,supported
0.5-1,6834,False,-0.2931542978473051,supported
0.5-1,6835,False,-0.3144457634923564,supported
0.5-1,6836,False,-0.3189447852485461,supported
0.5-1,6837,False,-0.2632064076360171,supported
0.5-1,6838,False,-0.2858790507581958,supported
0.5-1,6839,False,-0.2991127551565921,supported
0.5-1,6840,False,-0.09353907937451367,supported
0.5-1,6841,False,-0.2827862594705926,supported
0.5-1,6842,False,-0.27002634140355314,supported
0.5-1,6843,False,-0.24319908808586477,supported
0.5-1,6844,False,-0.30098421947618026,supported
0.5-1,6845,False,-0.06832059719558914,watch
0.5-1,6846,False,-0.2751092639515607,supported
0.5-1,6847,False,-0.2727969106293237,supported
0.5-1,6848,False,-0.26577246944679095,supported
0.5-1,6849,False,-0.2671020762921716,supported
0.5-1,6850,False,-0.3005912791811297,supported
0.5-1,6851,False,-0.2989200707931498,supported
0.5-1,6852,False,-0.23790395490284566,supported
0.5-1,6853,False,-0.06062467943230565,watch
0.5-1,6854,False,-0.1820808190781138,supported
0.5-1,6855,False,-0.1586374191912634,supported
0.5-1,6856,False,-0.28310736153285254,supported
0.5-1,6857,False,-0.2925165826789034,supported
0.5-1,6858,False,-0.20049055003367194,supported
0.5-1,6859,False,-0.2535101763322743,supported
0.5-1,6860,False,-0.2465921044534809,supported
0.5-1,6861,False,-0.24734682905629052,supported
0.5-1,6862,False,-0.2754700887939418,supported
0.5-1,6863,False,-0.20073065771008358,supported
0.5-1,6864,False,-0.20991959297436397,supported
0.5-1,6865,False,-0.28675821147799546,supported
0.5-1,6866,False,-0.25326921471851466,supported
0.5-1,6867,False,-0.16828781038763174,supported
0.5-1,6868,False,-0.2090074489070572,supported
0.5-1,6869,False,-0.15742963491377926,supported
0.5-1,6870,False,-0.2541427816245869,supported
0.5-1,6871,False,-0.24525128575783284,supported
0.5-1,6872,False,-0.23166737182802027,supported
0.5-1,6873,False,-0.18748444703326128,supported
0.5-1,6874,False,-0.2935192733608545,supported
0.5-1,6875,False,-0.1870073637014263,supported
0.5-1,6876,False,-0.1873645806892547,supported
0.5-1,6877,False,-0.15766939263954483,supported
0.5-1,6878,False,-0.1294605633244229,supported
0.5-1,6879,False,-0.1607282221881433,supported
0.5-1,6880,False,-0.20142551762808986,supported
0.5-1,6881,False,-0.19469329511980832,supported
0.5-1,6882,False,-0.217779744425306,supported
0.5-1,6883,False,-0.2666577543812122,supported
0.5-1,6884,False,-0.19979958301867823,supported
0.5-1,6885,False,-0.21348806915775798,supported
0.5-1,6886,False,-0.19925596289384245,supported
0.5-1,6887,False,-0.20209390823688755,supported
0.5-1,6888,False,-0.15333333332879917,watch
0.5-1,6889,False,-0.20692218419434788,supported
0.5-1,6890,False,-0.20478161622130125,supported
0.5-1,6891,False,-0.1602628350594244,supported
0.5-1,6892,False,-0.20405074921946043,supported
0.5-1,6893,False,-0.16620949228449589,supported
0.5-1,6894,False,-0.19064710193789813,supported
0.5-1,6895,False,-0.19643251492493302,supported
0.5-1,6896,False,-0.16946957410244534,supported
0.5-1,6897,False,-0.1716601193966123,supported
0.5-1,6898,False,-0.2128229019745046,supported
0.5-1,6899,False,-0.20576336984730004,supported
0.5-1,6900,False,-0.10935548622891,supported
0.5-1,6901,False,-0.16020043320942823,supported
0.5-1,6902,False,-0.07822317173420223,supported
0.5-1,6903,False,-0.166630162865129,supported
0.5-1,6904,False,-0.21299366815110343,supported
0.5-1,6905,False,-0.18707095433418097,supported
0.5-1,6906,False,-0.1987107834174709,supported
0.5-1,6907,False,-0.2192520818013448,supported
0.5-1,6908,False,-0.14992778702224274,supported
0.5-1,6909,False,-0.17737089174454124,supported
0.5-1,6910,False,-0.16201602562096096,supported
0.5-1,6911,False,-0.14164452854164322,supported
0.5-1,6912,False,-0.20225731396026614,supported
0.5-1,6913,False,-0.124116296988531,supported
0.5-1,6914,False,-0.16888346170758906,supported
0.5-1,6915,False,-0.20739156258619273,supported
0.5-1,6916,False,-0.20103599359198993,supported
0.5-1,6917,False,-0.20774951955843646,supported
0.5-1,6918,False,-0.15612140188943524,supported
0.5-1,6919,False,-0.13245210134664642,supported
0.5-1,6920,False,-0.21106133820903006,supported
0.5-1,6921,False,-0.11141620824414211,supported
0.5-1,6922,False,-0.14484479857508326,supported
0.5-1,6923,False,-0.19465483085453406,supported
0.5-1,6924,False,-0.10538624296769727,supported
0.5-1,6925,False,-0.19776265776802332,supported
0.5-1,6926,False,-0.18431002189564238,supported
0.5-1,6927,False,-0.18270286219256493,supported
0.5-1,6928,False,-0.26027993730606686,supported
0.5-1,6929,False,-0.26328521756499257,supported
0.5-1,6930,False,-0.0655090487246699,watch
0.5-1,6931,False,-0.25180841350029237,supported
0.5-1,6932,False,-0.1016890191048061,watch
0.5-1,6933,False,-0.2974615277756303,supported
0.5-1,6934,False,-0.18108707609133623,supported
0.5-1,6935,False,-0.29776294833390493,supported
0.5-1,6936,False,-0.2313324846640718,supported
0.5-1,6937,False,-0.022421488544057233,moderate
0.5-1,6938,False,-0.24645637989015295,supported
0.5-1,6939,False,-0.32257048309873343,supported
0.5-1,6940,False,-0.301122703903354,supported
0.5-1,6941,False,-0.2931194105092488,supported
0.5-1,6942,False,-0.26634782367313253,supported
0.5-1,6943,False,-0.24299836092632032,supported
0.5-1,6944,False,-0.3090768100219363,supported
0.5-1,6945,False,-0.2667257576015477,supported
0.5-1,6946,False,-0.3105863213676543,supported
0.5-1,6947,False,-0.3131804483189424,supported
0.5-1,6948,False,-0.26943250427244286,supported
0.5-1,6949,False,-0.28435023060359504,supported
0.5-1,6950,False,-0.31214327980905826,supported
0.5-1,6951,False,-0.12398780470541715,supported
0.5-1,6952,False,-0.27497140467096715,supported
0.5-1,6953,False,-0.2757184116778009,supported
0.5-1,6954,False,-0.2411364707669721,supported
0.5-1,6955,False,-0.25103748662042713,supported
0.5-1,6956,False,-0.29457155756982023,supported
0.5-1,6957,False,-0.3148306533403003,supported
0.5-1,6958,False,-0.2919263316370034,supported
0.5-1,6959,False,-0.3149722816231257,supported
0.5-1,6960,False,-0.2994973520521046,supported
0.5-1,6961,False,-0.3114537682362143,supported
0.5-1,6962,False,-0.3163279406601706,supported
0.5-1,6963,False,-0.31208790368970624,supported
0.5-1,6964,False,-0.27292824846086183,supported
0.5-1,6965,False,-0.31368794566307523,supported
0.5-1,6966,False,-0.26573916669975056,supported
0.5-1,6967,False,-0.27722873117581004,supported
0.5-1,6968,False,-0.306284617037756,supported
0.5-1,6969,False,-0.27443720650939635,supported
0.5-1,6970,False,-0.29029852571283954,supported
0.5-1,6971,False,-0.29939458793073565,supported
0.5-1,6972,False,-0.26557344015937295,supported
0.5-1,6973,False,-0.30662563950091337,supported
0.5-1,6974,False,-0.3126673035397962,supported
0.5-1,6975,False,-0.2925684120370737,supported
0.5-1,6976,False,-0.27911624587094297,supported
0.5-1,6977,False,-0.2733465966142938,supported
0.5-1,6978,False,-0.2765594960617714,supported
0.5-1,6979,False,-0.25860617810262815,supported
0.5-1,6980,False,-0.29547914634940886,supported
0.5-1,6981,False,-0.3118227319727861,supported
0.5-1,6982,False,-0.2911460421739345,supported
0.5-1,6983,False,-0.31096595814842115,supported
0.5-1,6984,False,-0.2875985602496015,supported
0.5-1,6985,False,-0.29328918550848265,supported
0.5-1,6986,False,-0.06976419931678268,supported
0.5-1,6987,False,-0.274781444819116,supported
0.5-1,6988,False,-0.30059156522637753,supported
0.5-1,6989,False,-0.30567522271869707,supported
0.5-1,6990,False,-0.2700395776048002,supported
0.5-1,6991,False,-0.2639838900539951,supported
0.5-1,6992,False,-0.3181444565326631,supported
0.5-1,6993,False,-0.2632605524148141,supported
0.5-1,6994,False,-0.3088107469924023,supported
0.5-1,6995,False,-0.3120927548232147,supported
0.5-1,6996,False,-0.2604665543098133,supported
0.5-1,6997,False,-0.3022017465045695,supported
0.5-1,6998,False,-0.31212095701140813,supported
0.5-1,6999,False,-0.30575200563477806,supported
0.5-1,7000,False,-0.2757590163028723,supported
0.5-1,7001,False,-0.2607429873432583,supported
0.5-1,7002,False,-0.2679294547336573,supported
0.5-1,7003,False,-0.26718437447767146,supported
0.5-1,7004,False,-0.3137606811646281,supported
0.5-1,7005,False,-0.30735247383481495,supported
0.5-1,7006,False,-0.3088307327205727,supported
0.5-1,7007,False,-0.31044399011343826,supported
0.5-1,7008,False,-0.3166226507850514,supported
0.5-1,7009,False,-0.3003510946961755,supported
0.5-1,7010,False,-0.3168341240586009,supported
0.5-1,7011,False,-0.28666453418379845,supported
0.5-1,7012,False,-0.3029443868141953,supported
0.5-1,7013,False,-0.3105805978373791,supported
0.5-1,7014,False,-0.27908326761201563,supported
0.5-1,7015,False,-0.25941714116247694,supported
0.5-1,7016,False,-0.3065047686118324,supported
0.5-1,7017,False,-0.22774064975241248,supported
0.5-1,7018,False,-0.2998458782565186,supported
0.5-1,7019,False,-0.3149147884953637,supported
0.5-1,7020,False,-0.27236491394018275,supported
0.5-1,7021,False,-0.31388508900175205,supported
0.5-1,7022,False,-0.31627367768355025,supported
0.5-1,7023,False,-0.30247946004641835,supported
0.5-1,7024,False,-0.27471643727856676,supported
0.5-1,7025,False,-0.2448732173920828,supported
0.5-1,7026,False,-0.27547281718991123,supported
0.5-1,7027,False,-0.243687634687918,supported
0.5-1,7028,False,-0.3103992622121013,supported
0.5-1,7029,False,-0.3121735417233387,supported
0.5-1,7030,False,-0.31046754385533953,supported
0.5-1,7031,False,-0.31206993764828267,supported
0.5-1,7032,False,-0.29556229237895804,supported
0.5-1,7033,False,-0.2622315523612479,supported
0.5-1,7034,False,-0.3105271017159488,supported
0.5-1,7035,False,-0.3148547219426396,supported
0.5-1,7036,False,-0.29404265772960836,supported
0.5-1,7037,False,-0.3163162367385829,supported
0.5-1,7038,False,-0.26831467679227583,supported
0.5-1,7039,False,-0.2517969278100585,supported
0.5-1,7040,False,-0.2866399428587051,supported
0.5-1,7041,False,-0.2023694792661288,supported
0.5-1,7042,False,-0.3156628398151007,supported
0.5-1,7043,False,-0.31292165324117377,supported
0.5-1,7044,False,-0.27867246758703096,supported
0.5-1,7045,False,-0.30381310795634436,supported
0.5-1,7046,False,-0.307986828189623,supported
0.5-1,7047,False,-0.3034085884389965,supported
0.5-1,7048,False,-0.2717116763513618,supported
0.5-1,7049,False,-0.16504026915682946,supported
0.5-1,7050,False,-0.2565767851410356,supported
0.5-1,7051,False,-0.1839911536269213,supported
0.5-1,7052,False,-0.303644153769907,supported
0.5-1,7053,False,-0.3031559648282339,supported
0.5-1,7054,False,-0.3072627624736106,supported
0.5-1,7055,False,-0.31179633020798825,supported
0.5-1,7056,False,-0.3175785437982641,supported
0.5-1,7057,False,-0.26450397925251734,supported
0.5-1,7058,False,-0.29665731244356014,supported
0.5-1,7059,False,-0.12888545534681684,supported
0.5-1,7060,False,-0.24270467796273698,supported
0.5-1,7061,False,-0.3008671930701028,supported
0.5-1,7062,False,-0.27412218572663655,supported
0.5-1,7063,False,-0.2036646714397597,supported
0.5-1,7064,False,-0.30761391770063995,supported
0.5-1,7065,False,-0.05626841237779712,supported
0.5-1,7066,False,-0.2836409464921225,supported
0.5-1,7067,False,-0.3138356870201394,supported
0.5-1,7068,False,-0.2650345114133988,supported
0.5-1,7069,False,-0.2919975452941648,supported
0.5-1,7070,False,-0.3095830470076596,supported
0.5-1,7071,False,-0.28160775490362955,supported
0.5-1,7072,False,-0.24337642648971747,supported
0.5-1,7073,False,-0.16305192103521227,supported
0.5-1,7074,False,-0.2093497314871915,supported
0.5-1,7075,False,-0.1614065610413059,supported
0.5-1,7076,False,-0.20528361920715166,supported
0.5-1,7077,False,-0.29890318367749846,supported
0.5-1,7078,False,-0.19445375189372216,supported
0.5-1,7079,False,-0.2980434657557302,supported
0.5-1,7080,False,-0.25848498358580757,supported
0.5-1,7081,False,-0.22694442741564963,supported
0.5-1,7082,False,-0.26447028874978373,supported
0.5-1,7083,False,-0.1902907681866528,supported
0.5-1,7084,False,-0.19839864123488754,supported
0.5-1,7085,False,-0.273957846782405,supported
0.5-1,7086,False,-0.2330934710627766,supported
0.5-1,7087,False,-0.1627081686731675,supported
0.5-1,7088,False,-0.18104019441608432,supported
0.5-1,7089,False,-0.16988200460326042,supported
0.5-1,7090,False,-0.25869073904405915,supported
0.5-1,7091,False,-0.2987824217264562,supported
0.5-1,7092,False,-0.2150293811310458,supported
0.5-1,7093,False,-0.20005245762963048,supported
0.5-1,7094,False,-0.2885020775999442,supported
0.5-1,7095,False,-0.24082718256205327,supported
0.5-1,7096,False,-0.20232502556439697,supported
0.5-1,7097,False,-0.16470873200986813,supported
0.5-1,7098,False,-0.1597973514061266,supported
0.5-1,7099,False,-0.15405753234350295,supported
0.5-1,7100,False,-0.17193810314530256,supported
0.5-1,7101,False,-0.27299638848911956,supported
0.5-1,7102,False,-0.1889018593418721,supported
0.5-1,7103,False,-0.20905751880159634,supported
0.5-1,7104,False,-0.20223379342239717,supported
0.5-1,7105,False,-0.1747615352330476,supported
0.5-1,7106,False,-0.23295765305086258,supported
0.5-1,7107,False,-0.19748314829592784,supported
0.5-1,7108,False,-0.18575316482675297,supported
0.5-1,7109,False,-0.2166781510650011,supported
0.5-1,7110,False,-0.16910332521006455,supported
0.5-1,7111,False,-0.1483632389067463,supported
0.5-1,7112,False,-0.20726878881792438,supported
0.5-1,7113,False,-0.17020904266683434,supported
0.5-1,7114,False,-0.1949543424977288,supported
0.5-1,7115,False,-0.20559708444418834,supported
0.5-1,7116,False,-0.14393275094277536,supported
0.5-1,7117,False,-0.19212069446403934,supported
0.5-1,7118,False,-0.23245828345371888,supported
0.5-1,7119,False,-0.21243681699845168,supported
0.5-1,7120,False,-0.16564077081820838,supported
0.5-1,7121,False,-0.13065118823282462,supported
0.5-1,7122,False,-0.11586423366694243,supported
0.5-1,7123,False,-0.16185462583114885,supported
0.5-1,7124,False,-0.19492383286185627,supported
0.5-1,7125,False,-0.1876477767842626,supported
0.5-1,7126,False,-0.20093956111960715,supported
0.5-1,7127,False,-0.19727517049123067,supported
0.5-1,7128,False,-0.13708228783276744,supported
0.5-1,7129,False,-0.16303704875422131,supported
0.5-1,7130,False,-0.16336420672317076,supported
0.5-1,7131,False,-0.13893012073112776,supported
0.5-1,7132,False,-0.19629472972336887,supported
0.5-1,7133,False,-0.14886313383109118,supported
0.5-1,7134,False,-0.1720498824509583,supported
0.5-1,7135,False,-0.21322652866384212,supported
0.5-1,7136,False,-0.20599953989460174,supported
0.5-1,7137,False,-0.16830803988193388,supported
0.5-1,7138,False,-0.1409044066364047,supported
0.5-1,7139,False,-0.16905712158295783,supported
0.5-1,7140,False,-0.21143318206896333,supported
0.5-1,7141,False,-0.15634116016452804,supported
0.5-1,7142,False,-0.1475678040118138,supported
0.5-1,7143,False,-0.20615565064128966,supported
0.5-1,7144,False,-0.13433071163477606,supported
0.5-1,7145,False,-0.18296938043844335,supported
0.5-1,7146,False,-0.15042355858023482,supported
0.5-1,7147,False,-0.1806171877224485,supported
0.5-1,7148,False,-0.2734883900248466,supported
0.5-1,7149,False,-0.261780089651638,supported
0.5-1,7150,False,-0.1862630421365024,supported
0.5-1,7151,False,-0.227957468010416,supported
0.5-1,7152,False,-0.050911292998995106,moderate
0.5-1,7153,False,-0.30916832198150934,supported
0.5-1,7154,False,-0.010674757799996382,moderate
0.5-1,7155,False,-0.3029820433977711,supported
0.5-1,7156,False,-0.2976232324794652,supported
0.5-1,7157,False,-0.2880603762405614,supported
0.5-1,7158,False,-0.24880360012679692,supported
0.5-1,7159,False,-0.31307722851184894,supported
0.5-1,7160,False,-0.3055982624567387,supported
0.5-1,7161,False,-0.2327035285632263,supported
0.5-1,7162,False,-0.1620471631058339,supported
0.5-1,7163,False,-0.2451887106916631,supported
0.5-1,7164,False,-0.2991489410571858,supported
0.5-1,7165,False,-0.25529277770202174,supported
0.5-1,7166,False,-0.3212912031593278,supported
0.5-1,7167,False,-0.29816430614972467,supported
0.5-1,7168,False,-0.2760551238769832,supported
0.5-1,7169,False,-0.29004055918015925,supported
0.5-1,7170,False,-0.3094981642671888,supported
0.5-1,7171,False,-0.23736322255587716,supported
0.5-1,7172,False,-0.22255244966837895,supported
0.5-1,7173,False,-0.26523621092926075,supported
0.5-1,7174,False,-0.24842231847862417,supported
0.5-1,7175,False,-0.26035602292380544,supported
0.5-1,7176,False,-0.295436219914835,supported
0.5-1,7177,False,-0.30711888671033416,supported
0.5-1,7178,False,-0.2459705031519377,supported
0.5-1,7179,False,-0.3015755749843237,supported
0.5-1,7180,False,-0.311447384850351,supported
0.5-1,7181,False,-0.31091805225605,supported
0.5-1,7182,False,-0.31673866962136765,supported
0.5-1,7183,False,-0.3088796768715501,supported
0.5-1,7184,False,-0.3021456790793622,supported
0.5-1,7185,False,-0.3143196532413169,supported
0.5-1,7186,False,-0.2607944489572908,supported
0.5-1,7187,False,-0.26981724341557795,supported
0.5-1,7188,False,-0.2840241617062468,supported
0.5-1,7189,False,-0.27747677794936526,supported
0.5-1,7190,False,-0.32220135361692553,supported
0.5-1,7191,False,-0.3115242996039203,supported
0.5-1,7192,False,-0.2705874863825146,supported
0.5-1,7193,False,-0.2996460630701042,supported
0.5-1,7194,False,-0.3133128814088078,supported
0.5-1,7195,False,-0.30735314091198485,supported
0.5-1,7196,False,-0.23778402650788727,supported
0.5-1,7197,False,-0.24780704404789827,supported
0.5-1,7198,False,-0.2286718390796197,supported
0.5-1,7199,False,-0.2650735584830651,supported
0.5-1,7200,False,-0.30001520721979213,supported
0.5-1,7201,False,-0.3151817709016526,supported
0.5-1,7202,False,-0.3088611392967311,supported
0.5-1,7203,False,-0.3054237741806813,supported
0.5-1,7204,False,-0.2963665380349958,supported
0.5-1,7205,False,-0.30711016872026975,supported
0.5-1,7206,False,-0.30769992003653496,supported
0.5-1,7207,False,-0.3183109420889456,supported
0.5-1,7208,False,-0.30939232449963294,supported
0.5-1,7209,False,-0.3164920740983439,supported
0.5-1,7210,False,-0.2756701611768738,supported
0.5-1,7211,False,-0.2384292648615695,supported
0.5-1,7212,False,-0.3166683915435954,supported
0.5-1,7213,False,-0.24035687221163293,supported
0.5-1,7214,False,-0.2780954894661685,supported
0.5-1,7215,False,-0.30562680249855156,supported
0.5-1,7216,False,-0.26617946190268044,supported
0.5-1,7217,False,-0.3106628038707688,supported
0.5-1,7218,False,-0.3123531012806392,supported
0.5-1,7219,False,-0.2969014828229023,supported
0.5-1,7220,False,-0.24425347407715658,supported
0.5-1,7221,False,-0.2315821253989438,supported
0.5-1,7222,False,-0.2671893811147024,supported
0.5-1,7223,False,-0.11968264418145702,watch
0.5-1,7224,False,-0.3134635795666161,supported
0.5-1,7225,True,0.008072712720947894,high
0.5-1,7226,False,-0.3135096379009292,supported
0.5-1,7227,False,-0.3119309256230753,supported
0.5-1,7228,False,-0.3199098479651926,supported
0.5-1,7229,False,-0.31622882997290797,supported
0.5-1,7230,False,-0.2743953745267909,supported
0.5-1,7231,False,-0.2631796378918268,supported
0.5-1,7232,False,-0.3049719387250985,supported
0.5-1,7233,False,-0.3012477612284351,supported
0.5-1,7234,False,-0.2786508824516886,supported
0.5-1,7235,False,-0.2633824718056134,supported
0.5-1,7236,False,-0.3032518897696715,supported
0.5-1,7237,False,-0.17244665296917017,supported
0.5-1,7238,False,-0.31206405651373215,supported
0.5-1,7239,False,-0.3123411196828735,supported
0.5-1,7240,False,-0.25418492069504023,supported
0.5-1,7241,False,-0.31436878942741225,supported
0.5-1,7242,False,-0.314190836189779,supported
0.5-1,7243,False,-0.2867486220118756,supported
0.5-1,7244,False,-0.25521551617830024,supported
0.5-1,7245,False,-0.20794429481287863,supported
0.5-1,7246,False,-0.2154163551044826,supported
0.5-1,7247,False,-0.08564677819166222,watch
0.5-1,7248,False,-0.2967347814531412,supported
0.5-1,7249,False,-0.3104090654527122,supported
0.5-1,7250,False,-0.3042621136188445,supported
0.5-1,7251,False,-0.3010383008496217,supported
0.5-1,7252,False,-0.30646730977778897,supported
0.5-1,7253,False,-0.3065752192858157,supported
0.5-1,7254,False,-0.3115642731840052,supported
0.5-1,7255,False,-0.3198210319454187,supported
0.5-1,7256,False,-0.3033627986847031,supported
0.5-1,7257,False,-0.29763089192185366,supported
0.5-1,7258,False,-0.2765695106553257,supported
0.5-1,7259,False,-0.13492745963555353,supported
0.5-1,7260,False,-0.2850417072235478,supported
0.5-1,7261,False,-0.19619387347649153,supported
0.5-1,7262,False,-0.3030461253891027,supported
0.5-1,7263,False,-0.3090872085700854,supported
0.5-1,7264,False,-0.2547852780662255,supported
0.5-1,7265,False,-0.27982721819624873,supported
0.5-1,7266,False,-0.3148563114056032,supported
0.5-1,7267,False,-0.29296745387730116,supported
0.5-1,7268,False,-0.27166719243124804,supported
0.5-1,7269,False,-0.1802568109963435,supported
0.5-1,7270,False,-0.22204171033901354,supported
0.5-1,7271,False,-0.06404405738903651,watch
0.5-1,7272,False,-0.2890863682162902,supported
0.5-1,7273,False,-0.30294439768001613,supported
0.5-1,7274,False,-0.3045161129148087,supported
0.5-1,7275,False,-0.3023667307876342,supported
0.5-1,7276,False,-0.24267702423217474,supported
0.5-1,7277,False,-0.25104382606012626,supported
0.5-1,7278,False,-0.3048653454049384,supported
0.5-1,7279,False,-0.21963222062280457,supported
0.5-1,7280,False,-0.0701521848350164,watch
0.5-1,7281,False,-0.2741031783636005,supported
0.5-1,7282,False,-0.27007465807469927,supported
0.5-1,7283,False,-0.16982582603638818,supported
0.5-1,7284,False,-0.2551362405495098,supported
0.5-1,7285,False,-0.14925846397343623,supported
0.5-1,7286,False,-0.2861665433965489,supported
0.5-1,7287,False,-0.2786711941465012,supported
0.5-1,7288,False,-0.26528915274500087,supported
0.5-1,7289,False,-0.27685661280655666,supported
0.5-1,7290,False,-0.3004433306246015,supported
0.5-1,7291,False,-0.20911813269439045,supported
0.5-1,7292,False,-0.24913593453179417,supported
0.5-1,7293,False,-0.16303742331156834,supported
0.5-1,7294,False,-0.2244763057909413,supported
0.5-1,7295,False,-0.1676978105433342,supported
0.5-1,7296,False,-0.20269613095298045,supported
0.5-1,7297,False,-0.2962164982867016,supported
0.5-1,7298,False,-0.2156831485563908,supported
0.5-1,7299,False,-0.3066073663312537,supported
0.5-1,7300,False,-0.17289204338704323,supported
0.5-1,7301,False,-0.2511060642265426,supported
0.5-1,7302,False,-0.27249726883073067,supported
0.5-1,7303,False,-0.21410438875925342,supported
0.5-1,7304,False,-0.0851396848973387,watch
0.5-1,7305,False,-0.25299610617460333,supported
0.5-1,7306,False,-0.235344012814316,supported
0.5-1,7307,False,-0.09029739445060103,supported
0.5-1,7308,False,-0.1924126290492984,supported
0.5-1,7309,False,-0.15624914696642023,supported
0.5-1,7310,False,-0.24958592206224267,supported
0.5-1,7311,False,-0.2320198214528661,supported
0.5-1,7312,False,-0.17866841712940307,supported
0.5-1,7313,False,-0.17531005804016386,supported
0.5-1,7314,False,-0.2857300918787849,supported
0.5-1,7315,False,-0.19805733058611458,supported
0.5-1,7316,False,-0.22098572047636073,supported
0.5-1,7317,False,-0.17124894039075966,supported
0.5-1,7318,False,-0.1573861770803724,supported
0.5-1,7319,False,-0.1584031208206248,supported
0.5-1,7320,False,-0.18998619329311828,supported
0.5-1,7321,False,-0.2794128046764521,supported
0.5-1,7322,False,-0.2085798531230998,supported
0.5-1,7323,False,-0.2668737539027051,supported
0.5-1,7324,False,-0.18510121883050112,supported
0.5-1,7325,False,-0.22251438216134206,supported
0.5-1,7326,False,-0.25536231376733987,supported
0.5-1,7327,False,-0.18859670541462076,supported
0.5-1,7328,False,-0.1964214277613785,supported
0.5-1,7329,False,-0.181189250981309,supported
0.5-1,7330,False,-0.1691754280790646,supported
0.5-1,7331,False,-0.14432786972293477,supported
0.5-1,7332,False,-0.20460015518468072,supported
0.5-1,7333,False,-0.17057789945739776,supported
0.5-1,7334,False,-0.17724309054495224,supported
0.5-1,7335,False,-0.1875899593808082,supported
0.5-1,7336,False,-0.15366426902889874,supported
0.5-1,7337,False,-0.17998512130299626,supported
0.5-1,7338,False,-0.18805370149336903,supported
0.5-1,7339,False,-0.1798403524545098,supported
0.5-1,7340,False,-0.14619117982365815,supported
0.5-1,7341,False,-0.14653822375410286,supported
0.5-1,7342,False,-0.07910059092761867,supported
0.5-1,7343,False,-0.15180576602902762,supported
0.5-1,7344,False,-0.1987429978313517,supported
0.5-1,7345,False,-0.15961405312257226,supported
0.5-1,7346,False,-0.2041200722107352,supported
0.5-1,7347,False,-0.1876022793696469,supported
0.5-1,7348,False,-0.14514239808556317,supported
0.5-1,7349,False,-0.15866262823063026,supported
0.5-1,7350,False,-0.16451233487841377,supported
0.5-1,7351,False,-0.15058563756871868,supported
0.5-1,7352,False,-0.21973904757393542,supported
0.5-1,7353,False,-0.1601643316232665,supported
0.5-1,7354,False,-0.18306000298867597,supported
0.5-1,7355,False,-0.21833599681853738,supported
0.5-1,7356,False,-0.20395743515643278,supported
0.5-1,7357,False,-0.16653057518821535,supported
0.5-1,7358,False,-0.13175936178990832,supported
0.5-1,7359,False,-0.1659837703896211,supported
0.5-1,7360,False,-0.21148162033592266,supported
0.5-1,7361,False,-0.15052503087913982,supported
0.5-1,7362,False,-0.13408856304272387,supported
0.5-1,7363,False,-0.1868047944216823,supported
0.5-1,7364,False,-0.10259715726458218,supported
0.5-1,7365,False,-0.19755502094859495,supported
0.5-1,7366,False,-0.15586270383986633,supported
0.5-1,7367,False,-0.19869821953253375,supported
0.5-1,7368,False,-0.20710108619994733,supported
0.5-1,7369,False,-0.2590575598476653,supported
0.5-1,7370,False,-0.07887369947457656,supported
0.5-1,7371,False,-0.2305167131800696,supported
0.5-1,7372,False,-0.07454449681011399,watch
0.5-1,7373,False,-0.3058963404981923,supported
0.5-1,7374,False,-0.06842311494830777,moderate
0.5-1,7375,False,-0.2907104096755786,supported
0.5-1,7376,False,-0.29550605695760557,supported
0.5-1,7377,False,-0.30580897774658056,supported
0.5-1,7378,False,-0.08540006117925425,watch
0.5-1,7379,False,-0.30667026896270827,supported
0.5-1,7380,False,-0.30047860494601125,supported
0.5-1,7381,False,-0.18554211471350102,supported
0.5-1,7382,False,-0.12800978926501028,supported
0.5-1,7383,False,-0.2344075423979176,supported
0.5-1,7384,False,-0.30414961305418153,supported
0.5-1,7385,False,-0.2627387349170168,supported
0.5-1,7386,False,-0.283785380242618,supported
0.5-1,7387,False,-0.30478893608721513,supported
0.5-1,7388,False,-0.25213314100213374,supported
0.5-1,7389,False,-0.25314652422242007,supported
0.5-1,7390,False,-0.3124844264552333,supported
0.5-1,7391,False,-0.20328842133734792,supported
0.5-1,7392,False,-0.17463468767594925,supported
0.5-1,7393,False,-0.27334977768382007,supported
0.5-1,7394,False,-0.2304597474917004,supported
0.5-1,7395,False,-0.23747599460071117,supported
0.5-1,7396,False,-0.28060444184492683,supported
0.5-1,7397,False,-0.3116489907195635,supported
0.5-1,7398,False,-0.2779085736400446,supported
0.5-1,7399,False,-0.3152983846452029,supported
0.5-1,7400,False,-0.298499130157313,supported
0.5-1,7401,False,-0.10315955971636603,supported
0.5-1,7402,False,-0.3047434699506036,supported
0.5-1,7403,False,-0.3146750172508834,supported
0.5-1,7404,False,-0.022760998726897963,supported
0.5-1,7405,False,-0.2735772872911883,supported
0.5-1,7406,False,-0.21905500646146187,supported
0.5-1,7407,False,-0.27129259209908113,supported
0.5-1,7408,False,-0.317916529135596,supported
0.5-1,7409,False,-0.24735096311463928,supported
0.5-1,7410,False,-0.3132076832196396,supported
0.5-1,7411,False,-0.31222676359516244,supported
0.5-1,7412,False,-0.2658934968117827,supported
0.5-1,7413,False,-0.27769612566368607,supported
0.5-1,7414,False,-0.3129600428065578,supported
0.5-1,7415,False,-0.2881074254985823,supported
0.5-1,7416,False,-0.23774609111866934,supported
0.5-1,7417,False,-0.25263781107298683,supported
0.5-1,7418,False,-0.23468690486935634,supported
0.5-1,7419,False,-0.2582458003546905,supported
0.5-1,7420,True,0.014798393549988798,high
0.5-1,7421,False,-0.3128462844916068,supported
0.5-1,7422,False,-0.300947562700669,supported
0.5-1,7423,False,-0.3141041493524911,supported
0.5-1,7424,False,-0.3160402432313208,supported
0.5-1,7425,False,-0.3046334572032553,supported
0.5-1,7426,False,-0.311062337752628,supported
0.5-1,7427,False,-0.31686389961795935,supported
0.5-1,7428,False,-0.30718285997483663,supported
0.5-1,7429,False,-0.3169656845389843,supported
0.5-1,7430,False,-0.2718790895212696,supported
0.5-1,7431,False,-0.2617598764678234,supported
0.5-1,7432,False,-0.31664825119060036,supported
0.5-1,7433,False,-0.2611431567262243,supported
0.5-1,7434,False,-0.30813521859991433,supported
0.5-1,7435,False,-0.30777511308771266,supported
0.5-1,7436,False,-0.2685576185300623,supported
0.5-1,7437,False,-0.264296666865564,supported
0.5-1,7438,False,-0.31322407702215976,supported
0.5-1,7439,False,-0.30868152416685424,supported
0.5-1,7440,False,-0.2693233607065254,supported
0.5-1,7441,False,-0.1229437400063681,supported
0.5-1,7442,False,-0.26779827602546163,supported
0.5-1,7443,False,-0.18275930223672188,supported
0.5-1,7444,False,-0.3009151357617208,supported
0.5-1,7445,False,-0.3099576986078172,supported
0.5-1,7446,False,-0.27717696337281933,supported
0.5-1,7447,False,-0.31186244183069617,supported
0.5-1,7448,False,-0.1336803834108412,supported
0.5-1,7449,False,-0.3021090476768152,supported
0.5-1,7450,False,-0.3134736533988646,supported
0.5-1,7451,False,-0.25911421469781803,supported
0.5-1,7452,False,-0.3207927190526165,supported
0.5-1,7453,False,-0.3181752220918201,supported
0.5-1,7454,False,-0.2762518237972063,supported
0.5-1,7455,False,-0.25680755893720747,supported
0.5-1,7456,False,-0.046301606135816464,supported
0.5-1,7457,False,-0.22981107456973465,supported
0.5-1,7458,False,-0.29681976256073644,supported
0.5-1,7459,False,-0.31491249232734136,supported
0.5-1,7460,False,-0.2781415012474157,supported
0.5-1,7461,False,-0.29848857041385507,supported
0.5-1,7462,False,-0.3129793880886881,supported
0.5-1,7463,False,-0.2802696106205337,supported
0.5-1,7464,False,-0.24769427762442686,supported
0.5-1,7465,False,-0.017072246800850954,watch
0.5-1,7466,False,-0.26823080534375665,supported
0.5-1,7467,False,-0.10106288297261667,supported
0.5-1,7468,False,-0.29087085308385746,supported
0.5-1,7469,False,-0.3027427065930384,supported
0.5-1,7470,False,-0.28199071466461495,supported
0.5-1,7471,False,-0.30722318391425085,supported
0.5-1,7472,False,-0.23706236644367545,supported
0.5-1,7473,False,-0.3009892190859575,supported
0.5-1,7474,False,-0.3207809293733278,supported
0.5-1,7475,False,-0.31142392838954014,supported
0.5-1,7476,False,-0.2861021640175605,supported
0.5-1,7477,False,-0.3141418153847092,supported
0.5-1,7478,False,-0.2738132216583599,supported
0.5-1,7479,False,-0.22500562226454074,supported
0.5-1,7480,False,-0.05067641479089924,watch
0.5-1,7481,False,-0.20409239346800917,supported
0.5-1,7482,False,-0.30414363397371896,supported
0.5-1,7483,False,-0.30933676973329716,supported
0.5-1,7484,False,-0.2741613021880286,supported
0.5-1,7485,False,-0.2987884628555956,supported
0.5-1,7486,False,-0.30731114697129447,supported
0.5-1,7487,False,-0.3007826217870308,supported
0.5-1,7488,False,-0.2170290438927548,supported
0.5-1,7489,False,-0.04062725589489602,watch
0.5-1,7490,False,-0.1948662647917322,supported
0.5-1,7491,False,-0.07883683309622891,supported
0.5-1,7492,False,-0.21886807777103395,supported
0.5-1,7493,False,-0.29737432862199453,supported
0.5-1,7494,False,-0.24975046953164276,supported
0.5-1,7495,False,-0.30028955686817554,supported
0.5-1,7496,False,-0.2886741576373273,supported
0.5-1,7497,False,-0.27232855544810763,supported
0.5-1,7498,False,-0.30122722037774674,supported
0.5-1,7499,False,-0.22116624427547638,supported
0.5-1,7500,False,-0.3149252635174362,supported
0.5-1,7501,False,-0.29831686278451436,supported
0.5-1,7502,False,-0.26679715900596085,supported
0.5-1,7503,False,-0.23679554993237462,supported
0.5-1,7504,False,-0.20981245527480286,supported
0.5-1,7505,False,-0.13715011214048667,supported
0.5-1,7506,False,-0.2745711110061669,supported
0.5-1,7507,False,-0.3068995651726118,supported
0.5-1,7508,False,-0.24788472889981622,supported
0.5-1,7509,False,-0.2946970064083006,supported
0.5-1,7510,False,-0.2824674774319858,supported
0.5-1,7511,False,-0.26779735567258983,supported
0.5-1,7512,False,-0.16714424699860797,supported
0.5-1,7513,False,-0.06355887725612452,watch
0.5-1,7514,False,-0.13782690663476005,supported
0.5-1,7515,False,-0.14030594914244154,supported
0.5-1,7516,False,-0.1992932618401605,supported
0.5-1,7517,False,-0.27753993740470073,supported
0.5-1,7518,False,-0.1822484860660154,supported
0.5-1,7519,False,-0.28604916923102247,supported
0.5-1,7520,False,-0.1800508881348356,supported
0.5-1,7521,False,-0.24126503047481773,supported
0.5-1,7522,False,-0.2768136474520451,supported
0.5-1,7523,False,-0.19568143253746223,supported
0.5-1,7524,False,-0.2748524362422091,supported
0.5-1,7525,False,-0.2722050866802326,supported
0.5-1,7526,False,-0.2301972628983862,supported
0.5-1,7527,False,-0.1561765137516663,supported
0.5-1,7528,False,-0.1949812786900802,supported
0.5-1,7529,False,-0.17123750476353206,supported
0.5-1,7530,False,-0.19080880489727686,supported
0.5-1,7531,False,-0.2898019635055433,supported
0.5-1,7532,False,-0.23054543135390498,supported
0.5-1,7533,False,-0.18875734660442395,supported
0.5-1,7534,False,-0.2603535159774331,supported
0.5-1,7535,False,-0.21525383827236405,supported
0.5-1,7536,False,-0.13251925724196323,supported
0.5-1,7537,False,-0.17278460998889467,supported
0.5-1,7538,False,-0.12414404267344181,supported
0.5-1,7539,False,-0.15918655331581855,supported
0.5-1,7540,False,-0.11964346527104885,supported
0.5-1,7541,False,-0.27085533725453387,supported
0.5-1,7542,False,-0.20414219400019062,supported
0.5-1,7543,False,-0.25908209394436454,supported
0.5-1,7544,False,-0.18695909851233738,supported
0.5-1,7545,False,-0.20165685747182416,supported
0.5-1,7546,False,-0.2334101025221323,supported
0.5-1,7547,False,-0.19919759624081257,supported
0.5-1,7548,False,-0.17288274377077018,supported
0.5-1,7549,False,-0.15955472904006263,supported
0.5-1,7550,False,-0.2107812572142686,supported
0.5-1,7551,False,-0.16176446155113577,supported
0.5-1,7552,False,-0.17268714966665843,supported
0.5-1,7553,False,-0.17549064277473925,supported
0.5-1,7554,False,-0.19868338155300352,supported
0.5-1,7555,False,-0.20009118735587667,supported
0.5-1,7556,False,-0.13621753262620218,supported
0.5-1,7557,False,-0.18240385703942086,supported
0.5-1,7558,False,-0.259310044461978,supported
0.5-1,7559,False,-0.17940262389191508,supported
0.5-1,7560,False,-0.1631900522633536,supported
0.5-1,7561,False,-0.129777865780773,supported
0.5-1,7562,False,-0.07312124661514496,supported
0.5-1,7563,False,-0.17211362589024382,supported
0.5-1,7564,False,-0.19772962001498967,supported
0.5-1,7565,False,-0.15736147802255673,supported
0.5-1,7566,False,-0.19265777887858665,supported
0.5-1,7567,False,-0.15193700325616244,supported
0.5-1,7568,False,-0.1509212255994289,supported
0.5-1,7569,False,-0.16149266343771562,supported
0.5-1,7570,False,-0.1626349810408917,supported
0.5-1,7571,False,-0.14881349821352352,supported
0.5-1,7572,False,-0.18645438264351688,supported
0.5-1,7573,False,-0.14575547762394303,supported
0.5-1,7574,False,-0.16036713270908765,supported
0.5-1,7575,False,-0.21422418351744849,supported
0.5-1,7576,False,-0.21016809733002834,supported
0.5-1,7577,False,-0.15656405755308134,supported
0.5-1,7578,False,-0.1369567497859704,supported
0.5-1,7579,False,-0.16940462436698356,supported
0.5-1,7580,False,-0.20552647054598921,supported
0.5-1,7581,False,-0.1472510218115044,supported
0.5-1,7582,False,-0.11362500263100717,supported
0.5-1,7583,False,-0.13632708422931938,supported
0.5-1,7584,False,-0.1121661892018393,supported
0.5-1,7585,False,-0.19255298706882185,supported
0.5-1,7586,False,-0.16002790995674565,supported
0.5-1,7587,False,-0.19170895032578195,supported
0.5-1,7588,False,-0.2526631868399673,supported
0.5-1,7589,False,-0.25306070962374927,supported
0.5-1,7590,False,-0.2024633223332445,supported
0.5-1,7591,False,-0.21969192130390625,supported
0.5-1,7592,False,-0.10636997249892233,watch
0.5-1,7593,False,-0.29724952284666056,supported
0.5-1,7594,False,-0.06331520357959941,moderate
0.5-1,7595,False,-0.3050248067031926,supported
0.5-1,7596,False,-0.29589432106153823,supported
0.5-1,7597,False,-0.29703991937145147,supported
0.5-1,7598,False,-0.12195672902141519,supported
0.5-1,7599,False,-0.3039230422479021,supported
0.5-1,7600,False,-0.307046895189637,supported
0.5-1,7601,False,-0.3064343422278531,supported
0.5-1,7602,False,-0.1337712836402758,supported
0.5-1,7603,False,-0.2379807417314741,supported
0.5-1,7604,False,-0.30063487918219745,supported
0.5-1,7605,False,-0.24709739237971384,supported
0.5-1,7606,False,-0.2681684646043891,supported
0.5-1,7607,False,-0.29216864544025145,supported
0.5-1,7608,False,-0.184509884371316,supported
0.5-1,7609,False,-0.2123731110381319,supported
0.5-1,7610,False,-0.3055365911198739,supported
0.5-1,7611,False,-0.13910071933074808,watch
0.5-1,7612,False,-0.2635982193224731,supported
0.5-1,7613,False,-0.2746498941803771,supported
0.5-1,7614,False,-0.1941150479049385,supported
0.5-1,7615,False,-0.269266252237054,supported
0.5-1,7616,False,-0.2742883739741303,supported
0.5-1,7617,False,-0.3023797787358292,supported
0.5-1,7618,False,-0.247744555427583,supported
0.5-1,7619,False,-0.31493018606261314,supported
0.5-1,7620,False,-0.28684419832944286,supported
0.5-1,7621,False,-0.31552807776285086,supported
0.5-1,7622,False,-0.2900972115445348,supported
0.5-1,7623,False,-0.3087365285546198,supported
0.5-1,7624,False,-0.3138504197000376,supported
0.5-1,7625,False,-0.29668564832825034,supported
0.5-1,7626,False,-0.2366409105569785,supported
0.5-1,7627,False,-0.2754035577562858,supported
0.5-1,7628,False,-0.300171337175998,supported
0.5-1,7629,False,-0.2533559734589794,supported
0.5-1,7630,False,-0.3083507788736621,supported
0.5-1,7631,False,-0.3099277445158663,supported
0.5-1,7632,False,-0.13015451386453392,watch
0.5-1,7633,False,-0.266437148463972,supported
0.5-1,7634,False,-0.30904678894121396,supported
0.5-1,7635,False,-0.31408176951851513,supported
0.5-1,7636,False,-0.2710078840975758,supported
0.5-1,7637,False,-0.26518624384887207,supported
0.5-1,7638,False,-0.1987063316112897,supported
0.5-1,7639,False,-0.27577350327147027,supported
0.5-1,7640,False,-0.2993131646250274,supported
0.5-1,7641,False,-0.3047220972346975,supported
0.5-1,7642,False,-0.2898612950310189,supported
0.5-1,7643,False,-0.3135424260725564,supported
0.5-1,7644,False,-0.32242210884014066,supported
0.5-1,7645,False,-0.3003070310470844,supported
0.5-1,7646,False,-0.3187777558911819,supported
0.5-1,7647,False,-0.31822487219822143,supported
0.5-1,7648,False,-0.30937059822455554,supported
0.5-1,7649,False,-0.2852808305159893,supported
0.5-1,7650,False,-0.2260702385650311,supported
0.5-1,7651,False,-0.2357653349066542,supported
0.5-1,7652,False,-0.31016131648594086,supported
0.5-1,7653,False,-0.23323686809749172,supported
0.5-1,7654,False,-0.32273464089597576,supported
0.5-1,7655,False,-0.30957607551799154,supported
0.5-1,7656,False,-0.23416607291152824,supported
0.5-1,7657,False,-0.2805818270421951,supported
0.5-1,7658,False,-0.3150694529402035,supported
0.5-1,7659,False,-0.3008212523287101,supported
0.5-1,7660,False,-0.2782387224492139,supported
0.5-1,7661,False,-0.23542848948117118,supported
0.5-1,7662,False,-0.22602715754553893,supported
0.5-1,7663,False,-0.1981790664261509,supported
0.5-1,7664,False,-0.31012852457282947,supported
0.5-1,7665,False,-0.3104561647947624,supported
0.5-1,7666,False,-0.27161571091222375,supported
0.5-1,7667,False,-0.31408808450511994,supported
0.5-1,7668,False,-0.31645389784720607,supported
0.5-1,7669,False,-0.3106920805432311,supported
0.5-1,7670,False,-0.290740761685553,supported
0.5-1,7671,False,-0.2988080314939661,supported
0.5-1,7672,False,-0.3141702830496363,supported
0.5-1,7673,False,-0.30625653488259763,supported
0.5-1,7674,False,-0.2342296900072583,supported
0.5-1,7675,False,-0.22532653863213736,supported
0.5-1,7676,False,-0.3209451286734594,supported
0.5-1,7677,False,-0.1796877872467313,supported
0.5-1,7678,False,-0.3197408479617713,supported
0.5-1,7679,False,-0.31087542616844865,supported
0.5-1,7680,False,-0.27336973380255747,supported
0.5-1,7681,False,-0.28981724393381403,supported
0.5-1,7682,False,-0.31073512410219434,supported
0.5-1,7683,False,-0.27819545611703045,supported
0.5-1,7684,False,-0.26008536432361695,supported
0.5-1,7685,False,-0.16611396464617545,supported
0.5-1,7686,False,-0.20431383690256733,supported
0.5-1,7687,False,-0.16435871716566275,supported
0.5-1,7688,False,-0.28846078154894,supported
0.5-1,7689,False,-0.30449392612044085,supported
0.5-1,7690,False,-0.2798325296095023,supported
0.5-1,7691,False,-0.308912283756831,supported
0.5-1,7692,False,-0.31543785681246156,supported
0.5-1,7693,False,-0.2741328142076786,supported
0.5-1,7694,False,-0.2436992311727847,supported
0.5-1,7695,False,-0.31269484751946197,supported
0.5-1,7696,False,-0.27080467642337225,supported
0.5-1,7697,False,-0.12894127879786765,supported
0.5-1,7698,False,-0.2592788186093567,supported
0.5-1,7699,False,-0.23528237820694065,supported
0.5-1,7700,False,-0.32174033384375517,supported
0.5-1,7701,False,-0.11887536253571995,supported
0.5-1,7702,False,-0.3015953773107292,supported
0.5-1,7703,False,-0.3038824316582922,supported
0.5-1,7704,False,-0.26808102699475134,supported
0.5-1,7705,False,-0.2723977645883335,supported
0.5-1,7706,True,0.0016553761376159049,high
0.5-1,7707,False,-0.2976040319793966,supported
0.5-1,7708,False,-0.2520487290485377,supported
0.5-1,7709,False,-0.15535906130141386,supported
0.5-1,7710,False,-0.2384440190895809,supported
0.5-1,7711,False,-0.07581719172533641,supported
0.5-1,7712,False,-0.30433239663580824,supported
0.5-1,7713,False,-0.2956897535981323,supported
0.5-1,7714,False,-0.27459982084633616,supported
0.5-1,7715,False,-0.2922793697738973,supported
0.5-1,7716,False,-0.29710382201580476,supported
0.5-1,7717,False,-0.27466104270960967,supported
0.5-1,7718,False,-0.29861965588612444,supported
0.5-1,7719,False,-0.178125850754979,supported
0.5-1,7720,False,-0.26444502665040776,supported
0.5-1,7721,False,-0.28800844978349444,supported
0.5-1,7722,False,-0.2557747440102057,supported
0.5-1,7723,False,-0.2398930117094656,supported
0.5-1,7724,False,-0.11015346342676924,supported
0.5-1,7725,False,-0.16487608089054318,supported
0.5-1,7726,False,-0.2682334367404204,supported
0.5-1,7727,False,-0.27811104753158916,supported
0.5-1,7728,False,-0.2438805060705378,supported
0.5-1,7729,False,-0.2930916381272526,supported
0.5-1,7730,False,-0.2889033710885586,supported
0.5-1,7731,False,-0.19890125958590177,supported
0.5-1,7732,False,-0.2463885445794073,supported
0.5-1,7733,False,-0.15786525674542573,supported
0.5-1,7734,False,-0.18084529876307198,supported
0.5-1,7735,False,-0.1723293074251211,supported
0.5-1,7736,False,-0.20609317474119027,supported
0.5-1,7737,False,-0.26126916762243696,supported
0.5-1,7738,False,-0.20621358182013244,supported
0.5-1,7739,False,-0.288651235089593,supported
0.5-1,7740,False,-0.1917491434267531,supported
0.5-1,7741,False,-0.24058541310871728,supported
0.5-1,7742,False,-0.25897732757739894,supported
0.5-1,7743,False,-0.20185343245199577,supported
0.5-1,7744,False,-0.18244865366253205,supported
0.5-1,7745,False,-0.07043331095311145,supported
0.5-1,7746,False,-0.24304083998028098,supported
0.5-1,7747,False,-0.15240657721281325,supported
0.5-1,7748,False,-0.213590503044636,supported
0.5-1,7749,False,-0.1733553591195509,supported
0.5-1,7750,False,-0.07942066065714448,supported
0.5-1,7751,False,-0.2593339685957326,supported
0.5-1,7752,False,-0.22631382473071837,supported
0.5-1,7753,False,-0.2145674256242004,supported
0.5-1,7754,False,-0.2598515718006921,supported
0.5-1,7755,False,-0.20999717068701912,supported
0.5-1,7756,False,-0.1338624529232697,supported
0.5-1,7757,False,-0.16963168502768233,supported
0.5-1,7758,False,-0.11029220045448296,supported
0.5-1,7759,False,-0.1692700069593266,supported
0.5-1,7760,False,-0.20631117386415548,supported
0.5-1,7761,False,-0.23605323871999656,supported
0.5-1,7762,False,-0.2219903412909925,supported
0.5-1,7763,False,-0.2316690594932873,supported
0.5-1,7764,False,-0.1824075145725117,supported
0.5-1,7765,False,-0.18631399620351857,supported
0.5-1,7766,False,-0.19679473658176766,supported
0.5-1,7767,False,-0.2048875548943534,supported
0.5-1,7768,False,-0.18920854198182374,supported
0.5-1,7769,False,-0.17625479301709135,supported
0.5-1,7770,False,-0.209544108258775,supported
0.5-1,7771,False,-0.16350293328994536,supported
0.5-1,7772,False,-0.20178527162615312,supported
0.5-1,7773,False,-0.1614267714189308,supported
0.5-1,7774,False,-0.11974369979399335,supported
0.5-1,7775,False,-0.24724978105602424,supported
0.5-1,7776,False,-0.18561912956568738,supported
0.5-1,7777,False,-0.21033951022562924,supported
0.5-1,7778,False,-0.18245362492354222,supported
0.5-1,7779,False,-0.2136241053708267,supported
0.5-1,7780,False,-0.11305814584354101,supported
0.5-1,7781,False,-0.15149840486198085,supported
0.5-1,7782,False,-0.0688271681146676,supported
0.5-1,7783,False,-0.16731987442794227,supported
0.5-1,7784,False,-0.19700773296076762,supported
0.5-1,7785,False,-0.15721458163700353,supported
0.5-1,7786,False,-0.20655309834616886,supported
0.5-1,7787,False,-0.1569048619694846,supported
0.5-1,7788,False,-0.14945666848409223,supported
0.5-1,7789,False,-0.15535582982157337,supported
0.5-1,7790,False,-0.16748227187217757,supported
0.5-1,7791,False,-0.1492931574261992,supported
0.5-1,7792,False,-0.18444340572585072,supported
0.5-1,7793,False,-0.11075551131467509,supported
0.5-1,7794,False,-0.17223621649569298,supported
0.5-1,7795,False,-0.21276516766890813,supported
0.5-1,7796,False,-0.19365990117420973,supported
0.5-1,7797,False,-0.16177013387204975,supported
0.5-1,7798,False,-0.121645109515647,supported
0.5-1,7799,False,-0.17912594940261972,supported
0.5-1,7800,False,-0.2115765395048383,supported
0.5-1,7801,False,-0.1391757875589369,supported
0.5-1,7802,False,-0.14678518692758935,supported
0.5-1,7803,False,-0.11805772178698981,supported
0.5-1,7804,False,-0.08392239673195812,supported
0.5-1,7805,False,-0.20296286241304468,supported
0.5-1,7806,False,-0.12698464792772501,supported
0.5-1,7807,False,-0.19229731021155233,supported
0.5-1,7808,False,-0.2638594314459444,supported
0.5-1,7809,False,-0.25900217768307604,supported
0.5-1,7810,False,-0.1182020977314836,supported
0.5-1,7811,False,-0.08942719580369274,supported
0.5-1,7812,False,-0.04212700386347645,moderate
0.5-1,7813,False,-0.07453184959409853,supported
0.5-1,7814,False,-0.1861606130130603,supported
0.5-1,7815,False,-0.28294282083412053,supported
0.5-1,7816,False,-0.29417368572134184,supported
0.5-1,7817,False,-0.28182170780432314,supported
0.5-1,7818,False,-0.2956701339374591,supported
0.5-1,7819,False,-0.30972499158243233,supported
0.5-1,7820,True,0.005582687136599485,moderate
0.5-1,7821,False,-0.00511832924304545,moderate
0.5-1,7822,True,0.0005256155495043657,moderate
0.5-1,7823,True,0.010469974779962254,moderate
0.5-1,7824,False,-0.30572138320124465,supported
0.5-1,7825,False,-0.1889439052513434,supported
0.5-1,7826,False,-0.11958146541616066,supported
0.5-1,7827,False,-0.24374731595370902,supported
0.5-1,7828,False,-0.28982330122063604,supported
0.5-1,7829,False,-0.04479499627528993,supported
0.5-1,7830,False,-0.3180769994609899,supported
0.5-1,7831,False,-0.3095889453313773,supported
0.5-1,7832,False,-0.22712736797091893,supported
0.5-1,7833,False,-0.30059224488902353,supported
0.5-1,7834,False,-0.06342225397947387,supported
0.5-1,7835,False,-0.17007752033924473,supported
0.5-1,7836,False,-0.25988698968737084,supported
0.5-1,7837,False,-0.2658806876990824,supported
0.5-1,7838,False,-0.08427224532246824,supported
0.5-1,7839,False,-0.06833570175869608,supported
0.5-1,7840,False,-0.2501993287299497,supported
0.5-1,7841,False,-0.06272753838320178,supported
0.5-1,7842,False,-0.13531995647098338,supported
0.5-1,7843,False,-0.3100423724626361,supported
0.5-1,7844,False,-0.2978077842741318,supported
0.5-1,7845,False,-0.21883055173167637,supported
0.5-1,7846,False,-0.30573645572917046,supported
0.5-1,7847,False,-0.32012334423827576,supported
0.5-1,7848,True,0.009418872375989595,high
0.5-1,7849,True,0.004723666468759213,moderate
0.5-1,7850,True,0.013452596000043449,moderate
0.5-1,7851,True,0.014282248615067439,high
0.5-1,7852,False,-0.3045737188760005,supported
0.5-1,7853,False,-0.28617281246999016,supported
0.5-1,7854,False,-0.10450544632884107,supported
0.5-1,7855,False,-0.2689145154314152,supported
0.5-1,7856,False,-0.3037605314668291,supported
0.5-1,7857,False,-0.05872649517256179,supported
0.5-1,7858,False,-0.29846230039967425,supported
0.5-1,7859,False,-0.3098993733297907,supported
0.5-1,7860,False,-0.21874221716515013,supported
0.5-1,7861,False,-0.28433384927473365,supported
0.5-1,7862,False,-0.07896800875437016,supported
0.5-1,7863,False,-0.16225540254423299,supported
0.5-1,7864,False,-0.24130702233269152,supported
0.5-1,7865,False,-0.2570876704053025,supported
0.5-1,7866,False,-0.05077182941765779,supported
0.5-1,7867,False,-0.07396405152560193,supported
0.5-1,7868,False,-0.1435528970801676,supported
0.5-1,7869,False,-0.06255315321357624,supported
0.5-1,7870,False,-0.16423066585577162,supported
0.5-1,7871,False,-0.3094335223206747,supported
0.5-1,7872,False,-0.31325153756059454,supported
0.5-1,7873,False,-0.31643678018936244,supported
0.5-1,7874,False,-0.3202636859480198,supported
0.5-1,7875,False,-0.31877159551918377,supported
0.5-1,7876,True,0.00989874963830939,high
0.5-1,7877,True,0.007643773318221636,high
0.5-1,7878,True,0.016384608082606666,high
0.5-1,7879,True,0.012626230172781305,moderate
0.5-1,7880,False,-0.31633313047050504,supported
0.5-1,7881,False,-0.29440673332378625,supported
0.5-1,7882,False,-0.09772984437912835,supported
0.5-1,7883,False,-0.25265848610219055,supported
0.5-1,7884,False,-0.3053370882130704,supported
0.5-1,7885,False,-0.06149790650088727,supported
0.5-1,7886,False,-0.2990741007511749,supported
0.5-1,7887,False,-0.3159676145262764,supported
0.5-1,7888,False,-0.2527493805316151,supported
0.5-1,7889,False,-0.27426815107240077,supported
0.5-1,7890,False,-0.052065501659894986,supported
0.5-1,7891,False,-0.18291831947926707,supported
0.5-1,7892,False,-0.2709096790507265,supported
0.5-1,7893,False,-0.1512894338020313,supported
0.5-1,7894,False,-0.06876271832890635,supported
0.5-1,7895,False,-0.05488900286399334,supported
0.5-1,7896,False,-0.3003517044075228,supported
0.5-1,7897,False,-0.05330293211121995,supported
0.5-1,7898,False,-0.15274451340620931,supported
0.5-1,7899,False,-0.30630035348699347,supported
0.5-1,7900,False,-0.29997418731952846,supported
0.5-1,7901,False,-0.3071492851389312,supported
0.5-1,7902,False,-0.3050577882534516,supported
0.5-1,7903,False,-0.3201632216198815,supported
0.5-1,7904,True,0.006110342147715886,moderate
0.5-1,7905,True,0.00698597783640631,moderate
0.5-1,7906,True,0.01082653154723101,moderate
0.5-1,7907,True,0.009293180504175047,moderate
0.5-1,7908,False,-0.2858526749893461,supported
0.5-1,7909,False,-0.28862643288494894,supported
0.5-1,7910,False,-0.06632870169887672,supported
0.5-1,7911,False,-0.20751081556309542,supported
0.5-1,7912,False,-0.3119783464401031,supported
0.5-1,7913,False,-0.071012799352281,supported
0.5-1,7914,False,-0.30471263369847923,supported
0.5-1,7915,False,-0.30217699230000195,supported
0.5-1,7916,False,-0.23820584294046548,supported
0.5-1,7917,False,-0.2842057116376979,supported
0.5-1,7918,False,-0.05340245886707351,supported
0.5-1,7919,False,-0.18793596897159714,supported
0.5-1,7920,False,-0.2665545702612806,supported
0.5-1,7921,False,-0.15520248973751172,supported
0.5-1,7922,False,-0.09991123543008418,supported
0.5-1,7923,False,-0.12485048869772253,supported
0.5-1,7924,False,-0.29812001913870645,supported
0.5-1,7925,False,-0.05534492107704592,supported
0.5-1,7926,False,-0.17109537321072255,supported
0.5-1,7927,False,-0.3048015305051192,supported
0.5-1,7928,False,-0.30339667519544816,supported
0.5-1,7929,False,-0.29249938418950044,supported
0.5-1,7930,False,-0.292633942572685,supported
0.5-1,7931,False,-0.31164712610162604,supported
0.5-1,7932,False,-0.0020927450436610817,moderate
0.5-1,7933,True,0.002081293435060916,moderate
0.5-1,7934,True,0.007356338364706616,moderate
0.5-1,7935,True,0.003096411593027426,moderate
0.5-1,7936,False,-0.30019316187913186,supported
0.5-1,7937,False,-0.2852551434925773,supported
0.5-1,7938,False,-0.06056382499442192,supported
0.5-1,7939,False,-0.04684901243249984,watch
0.5-1,7940,False,-0.3051949429508363,supported
0.5-1,7941,False,-0.11040926001058526,supported
0.5-1,7942,False,-0.2960509719697555,supported
0.5-1,7943,False,-0.29906515334243594,supported
0.5-1,7944,False,-0.24589659746390113,supported
0.5-1,7945,False,-0.2663173473928611,supported
0.5-1,7946,False,-0.07763742751019653,supported
0.5-1,7947,False,-0.18827582467252235,supported
0.5-1,7948,False,-0.2635487471174319,supported
0.5-1,7949,False,-0.15259180454720767,supported
0.5-1,7950,False,-0.11071119184728573,supported
0.5-1,7951,False,-0.11271968908400898,supported
0.5-1,7952,False,-0.2980130575380338,supported
0.5-1,7953,False,-0.06001469001398718,supported
0.5-1,7954,False,-0.16344901438747717,supported
0.5-1,7955,False,-0.2951316153385398,supported
0.5-1,7956,False,-0.20723440112180902,supported
0.5-1,7957,False,-0.2795480960173005,supported
0.5-1,7958,False,-0.30759136462297854,supported
0.5-1,7959,False,-0.23979343022933147,supported
0.5-1,7960,False,-0.09138690682273176,watch
0.5-1,7961,False,-0.08569193134564723,moderate
0.5-1,7962,False,-0.039196274702701484,moderate
0.5-1,7963,False,-0.1053042242092892,watch
0.5-1,7964,False,-0.11919314721163954,supported
0.5-1,7965,False,-0.2718082376754132,supported
0.5-1,7966,False,-0.12536098485202218,supported
0.5-1,7967,False,-0.09197623968505653,watch
0.5-1,7968,False,-0.21929673271743888,supported
0.5-1,7969,False,-0.12504249555337843,supported
0.5-1,7970,False,-0.2611472715746512,supported
0.5-1,7971,False,-0.2934226215886391,supported
0.5-1,7972,False,-0.221167367546037,supported
0.5-1,7973,False,-0.22780614088855594,supported
0.5-1,7974,False,-0.08155233117428073,supported
0.5-1,7975,False,-0.1809117750683381,supported
0.5-1,7976,False,-0.23536810160094174,supported
0.5-1,7977,False,-0.15351239767600833,supported
0.5-1,7978,False,-0.11820793418225362,supported
0.5-1,7979,False,-0.10597314096589039,supported
0.5-1,7980,False,-0.23622545773904308,supported
0.5-1,7981,False,-0.10219106909587139,supported
0.5-1,7982,False,-0.1562315341481958,supported
0.5-1,7983,False,-0.28040352026956916,supported
0.5-1,7984,False,-0.18361370139636168,supported
0.5-1,7985,False,-0.243685004798119,supported
0.5-1,7986,False,-0.274897466752059,supported
0.5-1,7987,False,-0.1817203370456132,supported
0.5-1,7988,False,-0.14163740383044343,supported
0.5-1,7989,False,-0.12379085156023473,supported
0.5-1,7990,False,-0.12365954761138387,watch
0.5-1,7991,False,-0.13156006002424914,supported
0.5-1,7992,False,-0.19034652633006027,supported
0.5-1,7993,False,-0.26576770075466,supported
0.5-1,7994,False,-0.13257687240073346,supported
0.5-1,7995,False,-0.10003883901189514,supported
0.5-1,7996,False,-0.1776229776855054,supported
0.5-1,7997,False,-0.1500729067013371,supported
0.5-1,7998,False,-0.24219547303138173,supported
0.5-1,7999,False,-0.24994360209400684,supported
0.5-1,8000,False,-0.21423295007573073,supported
0.5-1,8001,False,-0.21122889693931957,supported
0.5-1,8002,False,-0.1400818563123868,supported
0.5-1,8003,False,-0.13975011444730323,supported
0.5-1,8004,False,-0.13914754364927973,supported
0.5-1,8005,False,-0.16194534681397377,supported
0.5-1,8006,False,-0.09230197380523186,supported
0.5-1,8007,False,-0.1077663806455248,supported
0.5-1,8008,False,-0.22371010214607923,supported
0.5-1,8009,False,-0.11074026172177498,supported
0.5-1,8010,False,-0.13937177347514074,supported
0.5-1,8011,False,-0.238544448019614,supported
0.5-1,8012,False,-0.20896155277890205,supported
0.5-1,8013,False,-0.18973104410455527,supported
0.5-1,8014,False,-0.22141876976535502,supported
0.5-1,8015,False,-0.2023364535429007,supported
0.5-1,8016,False,-0.15754026318739656,supported
0.5-1,8017,False,-0.1445919702594527,supported
0.5-1,8018,False,-0.15614143793822588,supported
0.5-1,8019,False,-0.1517596626396307,supported
0.5-1,8020,False,-0.18268045063534832,supported
0.5-1,8021,False,-0.21095718142593872,supported
0.5-1,8022,False,-0.10366500292874059,supported
0.5-1,8023,False,-0.1712425271373248,supported
0.5-1,8024,False,-0.19612725451992108,supported
0.5-1,8025,False,-0.09367095189218033,supported
0.5-1,8026,False,-0.16169137979580028,supported
0.5-1,8027,False,-0.1976346700264731,supported
0.5-1,8028,False,-0.17903874255059604,supported
0.5-1,8029,False,-0.19940045324077837,supported
0.5-1,8030,False,-0.1523376060976066,supported
0.5-1,8031,False,-0.13164653400670667,supported
0.5-1,8032,False,-0.09844751992628431,supported
0.5-1,8033,False,-0.14392522035542743,supported
0.5-1,8034,False,-0.06111031768623909,supported
0.5-1,8035,False,-0.06936891345349527,supported
0.5-1,8036,False,-0.20625161983119306,supported
0.5-1,8037,False,-0.10974543720904828,supported
0.5-1,8038,False,-0.12647143145540563,supported
0.5-1,8039,False,-0.16289770853853558,supported
0.5-1,8040,False,-0.15079323604467665,supported
0.5-1,8041,False,-0.11711263264605687,supported
0.5-1,8042,False,-0.1503285233811984,supported
0.5-1,8043,False,-0.11753743417378726,supported
0.5-1,8044,False,-0.1874347850732051,supported
0.5-1,8045,False,-0.13092047430664788,supported
0.5-1,8046,False,-0.16477588115119468,supported
0.5-1,8047,False,-0.1981804268791985,supported
0.5-1,8048,False,-0.13272861172956762,supported
0.5-1,8049,False,-0.13944859929136222,supported
0.5-1,8050,False,-0.1514194771690499,supported
0.5-1,8051,False,-0.11053891030729124,supported
0.5-1,8052,False,-0.1828180275776473,supported
0.5-1,8053,False,-0.1522083760777706,supported
0.5-1,8054,False,-0.08732636836559582,supported
0.5-1,8055,False,-0.16756585560886483,supported
0.5-1,8056,False,-0.19865581988435288,supported
0.5-1,8057,False,-0.07557983656629463,supported
0.5-1,8058,False,-0.13667294371761407,supported
0.5-1,8059,False,-0.1401607396275918,supported
0.5-1,8060,False,-0.08795972642291794,supported
0.5-1,8061,False,-0.2049777469709695,supported
0.5-1,8062,False,-0.11508581242417881,supported
0.5-1,8063,False,-0.08886983536320936,supported
0.5-1,8064,False,-0.25924323780591146,supported
0.5-1,8065,False,-0.26203160132461584,supported
0.5-1,8066,False,-0.27042615691074984,supported
0.5-1,8067,False,-0.22936614577124598,supported
0.5-1,8068,False,-0.2941477373838372,supported
0.5-1,8069,False,-0.291738511421028,supported
0.5-1,8070,False,-0.2881617944704465,supported
0.5-1,8071,False,-0.2688174691907199,supported
0.5-1,8072,False,-0.30032553691408026,supported
0.5-1,8073,False,-0.3107070780066101,supported
0.5-1,8074,False,-0.2981904034550091,supported
0.5-1,8075,False,-0.29240102001759666,supported
0.5-1,8076,False,-0.29767823835632273,supported
0.5-1,8077,False,-0.3011775347383649,supported
0.5-1,8078,False,-0.26778895667840663,supported
0.5-1,8079,False,-0.24466466007942506,supported
0.5-1,8080,False,-0.2933941195831578,supported
0.5-1,8081,False,-0.2665733534644717,supported
0.5-1,8082,False,-0.31160096802757087,supported
0.5-1,8083,False,-0.314165507270916,supported
0.5-1,8084,False,-0.27905109155976504,supported
0.5-1,8085,False,-0.31038473478629697,supported
0.5-1,8086,False,-0.30665014438765176,supported
0.5-1,8087,False,-0.308871653753607,supported
0.5-1,8088,False,-0.2764932120870949,supported
0.5-1,8089,False,-0.2672257973433724,supported
0.5-1,8090,False,-0.27192534473615837,supported
0.5-1,8091,False,-0.2707382699880879,supported
0.5-1,8092,False,-0.30232814594356444,supported
0.5-1,8093,False,-0.30818715921600487,supported
0.5-1,8094,False,-0.29005140309785427,supported
0.5-1,8095,False,-0.3124105097843001,supported
0.5-1,8096,False,-0.3143839108377071,supported
0.5-1,8097,False,-0.28205610611556325,supported
0.5-1,8098,False,-0.31708763903281384,supported
0.5-1,8099,False,-0.28070448496695843,supported
0.5-1,8100,False,-0.3015037316350337,supported
0.5-1,8101,False,-0.32107904472551957,supported
0.5-1,8102,False,-0.26562272779990537,supported
0.5-1,8103,False,-0.27226384616384325,supported
0.5-1,8104,False,-0.30124183958598727,supported
0.5-1,8105,False,-0.25797018448629244,supported
0.5-1,8106,False,-0.3074764965527886,supported
0.5-1,8107,False,-0.3101027428690683,supported
0.5-1,8108,False,-0.2675057524876315,supported
0.5-1,8109,False,-0.30282138399400665,supported
0.5-1,8110,False,-0.3134124074764127,supported
0.5-1,8111,False,-0.3156965506644302,supported
0.5-1,8112,False,-0.26821540280544537,supported
0.5-1,8113,False,-0.2654325566764825,supported
0.5-1,8114,True,0.04687422511857697,critical
0.5-1,8115,False,-0.27266745659568936,supported
0.5-1,8116,False,-0.30779590565635984,supported
0.5-1,8117,False,-0.31033071091870496,supported
0.5-1,8118,False,-0.29812790250712856,supported
0.5-1,8119,False,-0.30757271180274015,supported
0.5-1,8120,False,-0.31143132599796125,supported
0.5-1,8121,False,-0.04268199805189676,watch
0.5-1,8122,False,-0.29848085770604366,supported
0.5-1,8123,False,-0.051751596791940746,supported
0.5-1,8124,False,-0.29986228187864294,supported
0.5-1,8125,False,-0.3114330914680895,supported
0.5-1,8126,False,-0.25265537510528707,supported
0.5-1,8127,False,-0.2692814313499598,supported
0.5-1,8128,False,-0.29582970725023444,supported
0.5-1,8129,False,-0.2590799998429153,supported
0.5-1,8130,False,-0.30591213469224143,supported
0.5-1,8131,False,-0.3061802167877298,supported
0.5-1,8132,False,-0.26478488821324186,supported
0.5-1,8133,False,-0.29789992538649623,supported
0.5-1,8134,False,-0.3046116276113099,supported
0.5-1,8135,False,-0.30811993612824906,supported
0.5-1,8136,True,0.04045045757672139,critical
0.5-1,8137,False,-0.23418531299702328,supported
0.5-1,8138,False,-0.27147821177254194,supported
0.5-1,8139,False,-0.2718000779218208,supported
0.5-1,8140,False,-0.08485338100806572,supported
0.5-1,8141,False,-0.2919035638925311,supported
0.5-1,8142,False,-0.3036706961383904,supported
0.5-1,8143,False,-0.3045082946110439,supported
0.5-1,8144,False,-0.3103516273881838,supported
0.5-1,8145,False,-0.3011564288217182,supported
0.5-1,8146,False,-0.022889686414056754,moderate
0.5-1,8147,False,-0.025067786369864842,watch
0.5-1,8148,False,-0.29916841678437944,supported
0.5-1,8149,False,-0.29555500698892734,supported
0.5-1,8150,False,-0.2562434194864279,supported
0.5-1,8151,True,0.01470393490084032,moderate
0.5-1,8152,False,-0.29883589356542284,supported
0.5-1,8153,False,-0.2672612522412842,supported
0.5-1,8154,False,-0.3112055787785779,supported
0.5-1,8155,False,-0.16364447289311945,supported
0.5-1,8156,False,-0.055680393117368276,watch
0.5-1,8157,False,-0.14102901857278494,supported
0.5-1,8158,False,-0.2942700661219451,supported
0.5-1,8159,False,-0.3070531527588168,supported
0.5-1,8160,True,0.03608940359176971,high
0.5-1,8161,False,-0.04132085815428743,supported
0.5-1,8162,False,-0.2415005864645371,supported
0.5-1,8163,False,-0.2540987011547621,supported
0.5-1,8164,True,0.0016576797203714522,critical
0.5-1,8165,False,-0.3026346843660194,supported
0.5-1,8166,False,-0.31017421279931445,supported
0.5-1,8167,False,-0.23258157380590716,supported
0.5-1,8168,False,-0.310594922228931,supported
0.5-1,8169,False,-0.31045527899790515,supported
0.5-1,8170,True,0.025423142526143194,high
0.5-1,8171,False,-0.30390353127633535,supported
0.5-1,8172,False,-0.30611481469424456,supported
0.5-1,8173,True,0.018832366085779317,moderate
0.5-1,8174,False,-0.27400308821519465,supported
0.5-1,8175,False,-0.045849742246236946,watch
0.5-1,8176,False,-0.2972878710032808,supported
0.5-1,8177,False,-0.26842002318846914,supported
0.5-1,8178,False,-0.30457269299360556,supported
0.5-1,8179,False,-0.29879608403938196,supported
0.5-1,8180,False,-0.27091917646502006,supported
0.5-1,8181,False,-0.05429671324527385,watch
0.5-1,8182,False,-0.30106394169397355,supported
0.5-1,8183,False,-0.2872758861140972,supported
0.5-1,8184,False,-0.2674812142837801,supported
0.5-1,8185,False,-0.25520397185459043,supported
0.5-1,8186,False,-0.2657804176485575,supported
0.5-1,8187,False,-0.26870526033792774,supported
0.5-1,8188,False,-0.28126876210106133,supported
0.5-1,8189,False,-0.3024339997934251,supported
0.5-1,8190,False,-0.31324023336882845,supported
0.5-1,8191,False,-0.2892005698017169,supported
0.5-1,8192,False,-0.3092740986450648,supported
0.5-1,8193,False,-0.28937997163865237,supported
0.5-1,8194,False,-0.3082834523092466,supported
0.5-1,8195,False,-0.31121554884532865,supported
0.5-1,8196,False,-0.3141140714759389,supported
0.5-1,8197,False,-0.3065504699914223,supported
0.5-1,8198,False,-0.2712605599046622,supported
0.5-1,8199,False,-0.2635443594795009,supported
0.5-1,8200,False,-0.3199798248314435,supported
0.5-1,8201,False,-0.26387215632554045,supported
0.5-1,8202,False,-0.25731922693955533,supported
0.5-1,8203,False,-0.264928965562871,supported
0.5-1,8204,False,-0.2507481582948271,supported
0.5-1,8205,False,-0.28910027511670305,supported
0.5-1,8206,False,-0.26383287912619335,supported
0.5-1,8207,False,-0.285450034300639,supported
0.5-1,8208,False,-0.26025852328734994,supported
0.5-1,8209,False,-0.18282369817991007,supported
0.5-1,8210,False,-0.2417252684503129,supported
0.5-1,8211,False,-0.23507481310487832,supported
0.5-1,8212,False,-0.294878668577778,supported
0.5-1,8213,False,-0.2680172946671196,supported
0.5-1,8214,False,-0.3060054043369785,supported
0.5-1,8215,False,-0.22729039357121716,supported
0.5-1,8216,False,-0.3118235032282836,supported
0.5-1,8217,False,-0.25868673385453206,supported
0.5-1,8218,False,-0.2583527453409878,supported
0.5-1,8219,False,-0.27271821881876707,supported
0.5-1,8220,False,-0.2951469559583919,supported
0.5-1,8221,False,-0.2664655075235325,supported
0.5-1,8222,False,-0.2623133082003502,supported
0.5-1,8223,False,-0.233168253411685,supported
0.5-1,8224,False,-0.2090243381263746,supported
0.5-1,8225,False,-0.16845617345124642,supported
0.5-1,8226,False,-0.23558931501776564,supported
0.5-1,8227,False,-0.16959087173054999,supported
0.5-1,8228,False,-0.2502258543512306,supported
0.5-1,8229,False,-0.21879420396668298,supported
0.5-1,8230,False,-0.19031499951619246,supported
0.5-1,8231,False,-0.1885155479750809,supported
0.5-1,8232,False,-0.2283257329461723,supported
0.5-1,8233,False,-0.1500951447779305,supported
0.5-1,8234,False,-0.206730793729544,supported
0.5-1,8235,False,-0.17340358775004816,supported
0.5-1,8236,False,-0.21000002213641222,supported
0.5-1,8237,False,-0.18977397300461907,supported
0.5-1,8238,False,-0.1937235066321536,supported
0.5-1,8239,False,-0.16207366571921866,supported
0.5-1,8240,False,-0.22435765490685727,supported
0.5-1,8241,False,-0.20908444251769098,supported
0.5-1,8242,False,-0.2009170909225717,supported
0.5-1,8243,False,-0.20997656337600829,supported
0.5-1,8244,False,-0.19920821116062415,supported
0.5-1,8245,False,-0.2393075637001182,supported
0.5-1,8246,False,-0.18231543271478812,supported
0.5-1,8247,False,-0.14974670006232893,supported
0.5-1,8248,False,-0.19960061975029597,supported
0.5-1,8249,False,-0.13995688459772726,supported
0.5-1,8250,False,-0.2056931428026818,supported
0.5-1,8251,False,-0.1957249874428566,supported
0.5-1,8252,False,-0.21264578934306155,supported
0.5-1,8253,False,-0.2017869758479256,supported
0.5-1,8254,False,-0.18534242117846478,supported
0.5-1,8255,False,-0.20445228180463942,supported
0.5-1,8256,False,-0.1900884106178738,supported
0.5-1,8257,False,-0.11268237786250568,supported
0.5-1,8258,False,-0.07491954562815373,supported
0.5-1,8259,False,-0.13181595611099906,supported
0.5-1,8260,False,-0.2059377085501819,supported
0.5-1,8261,False,-0.19432311650247958,supported
0.5-1,8262,False,-0.20906084414297255,supported
0.5-1,8263,False,-0.20685479249108568,supported
0.5-1,8264,False,-0.16217566124716598,supported
0.5-1,8265,False,-0.13985612171831574,supported
0.5-1,8266,False,-0.15407236327535834,supported
0.5-1,8267,False,-0.1441020394364282,supported
0.5-1,8268,False,-0.1869245522572751,supported
0.5-1,8269,False,-0.16882762754388825,supported
0.5-1,8270,False,-0.2237848624039253,supported
0.5-1,8271,False,-0.1925394562572395,supported
0.5-1,8272,False,-0.1908140430906448,supported
0.5-1,8273,False,-0.206836121780478,supported
0.5-1,8274,False,-0.13622233056130784,supported
0.5-1,8275,False,-0.1543289214899941,supported
0.5-1,8276,False,-0.20420809924333794,supported
0.5-1,8277,False,-0.1726219595435532,supported
0.5-1,8278,False,-0.16807157384059146,supported
0.5-1,8279,False,-0.21007239311426612,supported
0.5-1,8280,False,-0.10631902953391503,supported
0.5-1,8281,False,-0.20590856806199997,supported
0.5-1,8282,False,-0.204868754821323,supported
0.5-1,8283,False,-0.21258683385635507,supported
0.5-1,8284,False,-0.2543686135600721,supported
0.5-1,8285,False,-0.2689162851129169,supported
0.5-1,8286,False,-0.276844017638297,supported
0.5-1,8287,False,-0.23644249879513468,supported
0.5-1,8288,False,-0.2905852498759057,supported
0.5-1,8289,False,-0.2988824654588925,supported
0.5-1,8290,False,-0.30105936817561696,supported
0.5-1,8291,False,-0.31062352165823615,supported
0.5-1,8292,False,-0.29714509410175954,supported
0.5-1,8293,False,-0.31402067697281244,supported
0.5-1,8294,False,-0.3103708623947983,supported
0.5-1,8295,False,-0.29251275321391346,supported
0.5-1,8296,False,-0.2529340408953986,supported
0.5-1,8297,False,-0.30225389427772664,supported
0.5-1,8298,False,-0.265514890073651,supported
0.5-1,8299,False,-0.2586603994581582,supported
0.5-1,8300,False,-0.2961645125468827,supported
0.5-1,8301,False,-0.26781778929155864,supported
0.5-1,8302,False,-0.3192056720234829,supported
0.5-1,8303,False,-0.3052262528599753,supported
0.5-1,8304,False,-0.27725638277873343,supported
0.5-1,8305,False,-0.30989489476665716,supported
0.5-1,8306,False,-0.3042214972389942,supported
0.5-1,8307,False,-0.3052755304288973,supported
0.5-1,8308,False,-0.2793801776439957,supported
0.5-1,8309,False,-0.27775255786598685,supported
0.5-1,8310,False,-0.27078660150025236,supported
0.5-1,8311,False,-0.25821598165350623,supported
0.5-1,8312,False,-0.30998928654576113,supported
0.5-1,8313,False,-0.3131842140865587,supported
0.5-1,8314,False,-0.28781296169268844,supported
0.5-1,8315,False,-0.3130470630796416,supported
0.5-1,8316,False,-0.318914545061266,supported
0.5-1,8317,False,-0.3082351912724596,supported
0.5-1,8318,False,-0.3072452633483076,supported
0.5-1,8319,False,-0.14279343479320772,supported
0.5-1,8320,False,-0.28648550282937046,supported
0.5-1,8321,False,-0.28790177043395565,supported
0.5-1,8322,False,-0.26957425936442697,supported
0.5-1,8323,False,-0.2752753738928617,supported
0.5-1,8324,False,-0.30497120899005203,supported
0.5-1,8325,False,-0.26788797398770786,supported
0.5-1,8326,False,-0.3092813207741413,supported
0.5-1,8327,False,-0.3102796995071882,supported
0.5-1,8328,False,-0.26677043272099,supported
0.5-1,8329,False,-0.31079985461486453,supported
0.5-1,8330,False,-0.30659276366951776,supported
0.5-1,8331,False,-0.310847134276598,supported
0.5-1,8332,False,-0.2670879880639714,supported
0.5-1,8333,False,-0.2774135198893512,supported
0.5-1,8334,False,-0.2678847679852984,supported
0.5-1,8335,False,-0.2679921973817898,supported
0.5-1,8336,False,-0.3135817264911732,supported
0.5-1,8337,False,-0.3058240966550575,supported
0.5-1,8338,False,-0.3039716024295091,supported
0.5-1,8339,False,-0.3124747271565083,supported
0.5-1,8340,False,-0.31582564811452807,supported
0.5-1,8341,False,-0.3110769673195423,supported
0.5-1,8342,False,-0.27667077216362895,supported
0.5-1,8343,False,-0.3074040738698397,supported
0.5-1,8344,False,-0.2855692684121205,supported
0.5-1,8345,False,-0.2877358590660431,supported
0.5-1,8346,False,-0.2606862771089735,supported
0.5-1,8347,False,-0.2727701223156848,supported
0.5-1,8348,False,-0.2880506381305284,supported
0.5-1,8349,False,-0.27790709543209924,supported
0.5-1,8350,False,-0.3178054667859716,supported
0.5-1,8351,False,-0.3027074115390056,supported
0.5-1,8352,False,-0.252252964083594,supported
0.5-1,8353,False,-0.2967296672261398,supported
0.5-1,8354,False,-0.3025727255798615,supported
0.5-1,8355,False,-0.31262178406827196,supported
0.5-1,8356,False,-0.27082777658387985,supported
0.5-1,8357,False,-0.27338619004128684,supported
0.5-1,8358,False,-0.27204104993298767,supported
0.5-1,8359,False,-0.26678836868636513,supported
0.5-1,8360,False,-0.31006119868802445,supported
0.5-1,8361,False,-0.3066898807610505,supported
0.5-1,8362,False,-0.3111019873902288,supported
0.5-1,8363,False,-0.30814011946989606,supported
0.5-1,8364,False,-0.31774485384512063,supported
0.5-1,8365,False,-0.29633349845942536,supported
0.5-1,8366,False,-0.2955571985109465,supported
0.5-1,8367,False,-0.30682027392382333,supported
0.5-1,8368,False,-0.30236738378464084,supported
0.5-1,8369,False,-0.3079687111065407,supported
0.5-1,8370,False,-0.2537793646583069,supported
0.5-1,8371,False,-0.2673890643872991,supported
0.5-1,8372,False,-0.31339066285506284,supported
0.5-1,8373,False,-0.27101494719022806,supported
0.5-1,8374,False,-0.31106129517355446,supported
0.5-1,8375,False,-0.30300315860461347,supported
0.5-1,8376,False,-0.2605564341065878,supported
0.5-1,8377,False,-0.3078233346051469,supported
0.5-1,8378,False,-0.3004134368927451,supported
0.5-1,8379,False,-0.3087407088166499,supported
0.5-1,8380,False,-0.2743015795504894,supported
0.5-1,8381,False,-0.27273827896525304,supported
0.5-1,8382,False,-0.2671233424828255,supported
0.5-1,8383,False,-0.27349073267112917,supported
0.5-1,8384,False,-0.31547110617061713,supported
0.5-1,8385,False,-0.3009762997752874,supported
0.5-1,8386,False,-0.31130829467991006,supported
0.5-1,8387,False,-0.30620426737921225,supported
0.5-1,8388,False,-0.32010955496574206,supported
0.5-1,8389,False,-0.007108295496700112,watch
0.5-1,8390,False,-0.2907905239901079,supported
0.5-1,8391,False,-0.3177387250977025,supported
0.5-1,8392,False,-0.29552469992782543,supported
0.5-1,8393,False,-0.29416840904836977,supported
0.5-1,8394,False,-0.2659764062158671,supported
0.5-1,8395,False,-0.277258042540578,supported
0.5-1,8396,False,-0.31804739601337906,supported
0.5-1,8397,False,-0.2723181612084831,supported
0.5-1,8398,False,-0.3042378246823858,supported
0.5-1,8399,False,-0.30304594086972697,supported
0.5-1,8400,False,-0.28121951064925854,supported
0.5-1,8401,False,-0.31559397502169895,supported
0.5-1,8402,False,-0.3085600723483251,supported
0.5-1,8403,False,-0.30614269310951897,supported
0.5-1,8404,False,-0.27587458472758075,supported
0.5-1,8405,False,-0.17631424476396895,supported
0.5-1,8406,False,-0.26782206464529595,supported
0.5-1,8407,False,-0.2613574369275462,supported
0.5-1,8408,False,-0.2717809930016892,supported
0.5-1,8409,False,-0.2962316049509694,supported
0.5-1,8410,False,-0.3107921397224723,supported
0.5-1,8411,False,-0.29567866357309,supported
0.5-1,8412,False,-0.3146043692110184,supported
0.5-1,8413,False,-0.2693381725668863,supported
0.5-1,8414,False,-0.3024256246813251,supported
0.5-1,8415,False,-0.3180727143140439,supported
0.5-1,8416,False,-0.31619560759516624,supported
0.5-1,8417,False,-0.269220668849045,supported
0.5-1,8418,False,-0.27535881136530616,supported
0.5-1,8419,False,-0.26763441666017035,supported
0.5-1,8420,False,-0.3005467975678466,supported
0.5-1,8421,False,-0.24157540710036807,supported
0.5-1,8422,False,-0.2711517195500485,supported
0.5-1,8423,False,-0.2724804553659447,supported
0.5-1,8424,False,-0.26917746736867304,supported
0.5-1,8425,False,-0.29761152558949683,supported
0.5-1,8426,False,-0.28203941983185044,supported
0.5-1,8427,False,-0.3059462339317666,supported
0.5-1,8428,False,-0.25064979754456085,supported
0.5-1,8429,False,-0.17943184460130757,supported
0.5-1,8430,False,-0.24984367246330896,supported
0.5-1,8431,False,-0.18225972377655064,supported
0.5-1,8432,False,-0.30127746020446755,supported
0.5-1,8433,False,-0.266140511079707,supported
0.5-1,8434,False,-0.2875224566866688,supported
0.5-1,8435,False,-0.2951529517551213,supported
0.5-1,8436,False,-0.2372457991323243,supported
0.5-1,8437,False,-0.2434549144146973,supported
0.5-1,8438,False,-0.28323022019989225,supported
0.5-1,8439,False,-0.2111455640695245,supported
0.5-1,8440,False,-0.29311352764919985,supported
0.5-1,8441,False,-0.27074954605538465,supported
0.5-1,8442,True,0.035831430594300384,high
0.5-1,8443,False,-0.23925958680670756,supported
0.5-1,8444,False,-0.17587552181776,supported
0.5-1,8445,False,-0.15191296463985227,supported
0.5-1,8446,False,-0.23993925589634346,supported
0.5-1,8447,False,-0.18227588491827784,supported
0.5-1,8448,False,-0.2190857063523216,supported
0.5-1,8449,False,-0.2865367759145579,supported
0.5-1,8450,False,-0.25861636785278835,supported
0.5-1,8451,False,-0.21196753279188668,supported
0.5-1,8452,False,-0.22665089137635674,supported
0.5-1,8453,False,-0.15139328535373708,supported
0.5-1,8454,False,-0.15978196467481642,supported
0.5-1,8455,False,-0.16661292769288383,supported
0.5-1,8456,False,-0.1971542173888381,supported
0.5-1,8457,False,-0.19462343323058723,supported
0.5-1,8458,False,-0.19023153855063163,supported
0.5-1,8459,False,-0.186854646635719,supported
0.5-1,8460,False,-0.1918957736394295,supported
0.5-1,8461,False,-0.2261668062101489,supported
0.5-1,8462,False,-0.25051899631031044,supported
0.5-1,8463,False,-0.20888114357906368,supported
0.5-1,8464,False,-0.21703452042767413,supported
0.5-1,8465,False,-0.2366436295780503,supported
0.5-1,8466,False,-0.23365360326708856,supported
0.5-1,8467,False,-0.13733220134457735,supported
0.5-1,8468,False,-0.18582522167509996,supported
0.5-1,8469,False,-0.14549677081340495,supported
0.5-1,8470,False,-0.2327368862987897,supported
0.5-1,8471,False,-0.20312619945734023,supported
0.5-1,8472,False,-0.1805746838652038,supported
0.5-1,8473,False,-0.218087505038966,supported
0.5-1,8474,False,-0.21294474795038443,supported
0.5-1,8475,False,-0.20657606589475702,supported
0.5-1,8476,False,-0.18631990244065172,supported
0.5-1,8477,False,-0.16102266275056154,supported
0.5-1,8478,False,-0.07549858509680507,supported
0.5-1,8479,False,-0.1502553295477822,supported
0.5-1,8480,False,-0.20447220606184507,supported
0.5-1,8481,False,-0.20856559847746287,supported
0.5-1,8482,False,-0.20702757132274585,supported
0.5-1,8483,False,-0.2093465343801344,supported
0.5-1,8484,False,-0.1645503764042997,supported
0.5-1,8485,False,-0.16067990342749627,supported
0.5-1,8486,False,-0.16208703821083648,supported
0.5-1,8487,False,-0.1374563636388476,supported
0.5-1,8488,False,-0.18939329257815207,supported
0.5-1,8489,False,-0.0954348211932291,supported
0.5-1,8490,False,-0.15271700548500367,supported
0.5-1,8491,False,-0.2048301957126623,supported
0.5-1,8492,False,-0.2121391601473573,supported
0.5-1,8493,False,-0.18073528175113018,supported
0.5-1,8494,False,-0.1812775983711501,supported
0.5-1,8495,False,-0.12898116128877635,supported
0.5-1,8496,False,-0.18775362683083102,supported
0.5-1,8497,False,-0.162833970679636,supported
0.5-1,8498,False,-0.15600956963592594,supported
0.5-1,8499,False,-0.19628621062317803,supported
0.5-1,8500,False,-0.0996021853047131,supported
0.5-1,8501,False,-0.19644624231014574,supported
0.5-1,8502,False,-0.21603531630651157,supported
0.5-1,8503,False,-0.18897315966681738,supported
0.5-1,8504,False,-0.270302163875771,supported
0.5-1,8505,False,-0.26008039435837527,supported
0.5-1,8506,False,-0.2741538905674739,supported
0.5-1,8507,False,-0.22768338407825395,supported
0.5-1,8508,False,-0.2982556801767641,supported
0.5-1,8509,False,-0.3006940223184983,supported
0.5-1,8510,False,-0.2787803938863677,supported
0.5-1,8511,False,-0.28446697997576986,supported
0.5-1,8512,False,-0.2905244272831935,supported
0.5-1,8513,False,-0.26538271947447684,supported
0.5-1,8514,False,-0.27082653404925866,supported
0.5-1,8515,False,-0.3148266983925807,supported
0.5-1,8516,False,-0.26729405698105585,supported
0.5-1,8517,False,-0.29948104278480014,supported
0.5-1,8518,False,-0.2679243548271283,supported
0.5-1,8519,False,-0.24756546123209566,supported
0.5-1,8520,False,-0.27296905748351263,supported
0.5-1,8521,False,-0.2594333882706799,supported
0.5-1,8522,False,-0.30386058148900186,supported
0.5-1,8523,False,-0.3064025135721874,supported
0.5-1,8524,False,-0.2661386681559531,supported
0.5-1,8525,False,-0.27483743095788205,supported
0.5-1,8526,False,-0.30246514180120926,supported
0.5-1,8527,False,-0.3070746635416614,supported
0.5-1,8528,False,-0.2773277976323896,supported
0.5-1,8529,False,-0.2728506921838421,supported
0.5-1,8530,False,-0.2713674586413826,supported
0.5-1,8531,False,-0.2625262607145396,supported
0.5-1,8532,False,-0.31348563295668375,supported
0.5-1,8533,False,-0.30886965155094126,supported
0.5-1,8534,False,-0.28649002701936477,supported
0.5-1,8535,False,-0.2935683262920836,supported
0.5-1,8536,False,-0.3014311802026908,supported
0.5-1,8537,False,-0.30593100243152876,supported
0.5-1,8538,False,-0.30149168475647936,supported
0.5-1,8539,False,-0.30729147584737376,supported
0.5-1,8540,False,-0.2880490430704323,supported
0.5-1,8541,False,-0.2849529088130054,supported
0.5-1,8542,False,-0.2722043615613059,supported
0.5-1,8543,False,-0.2573824554072574,supported
0.5-1,8544,False,-0.30088932846664856,supported
0.5-1,8545,False,-0.2644553109021085,supported
0.5-1,8546,False,-0.06025557495753264,supported
0.5-1,8547,False,-0.3087508406062015,supported
0.5-1,8548,False,-0.25261528027920177,supported
0.5-1,8549,False,-0.3140803686965464,supported
0.5-1,8550,False,-0.2969375372506222,supported
0.5-1,8551,False,-0.3060600451613005,supported
0.5-1,8552,False,-0.26986645821819666,supported
0.5-1,8553,False,-0.2773580867977575,supported
0.5-1,8554,False,-0.27363939845081653,supported
0.5-1,8555,False,-0.2690698258270672,supported
0.5-1,8556,False,-0.31312023568593517,supported
0.5-1,8557,False,-0.3071900468205497,supported
0.5-1,8558,False,-0.30240114330343587,supported
0.5-1,8559,False,-0.31237803224005267,supported
0.5-1,8560,False,-0.28706320713097533,supported
0.5-1,8561,False,-0.31734863026274235,supported
0.5-1,8562,False,-0.2885485820124663,supported
0.5-1,8563,False,-0.2996797048457194,supported
0.5-1,8564,False,-0.3089220281991832,supported
0.5-1,8565,False,-0.3124340573638871,supported
0.5-1,8566,False,-0.2549233059206014,supported
0.5-1,8567,False,-0.27409503953707853,supported
0.5-1,8568,False,-0.3102805389916887,supported
0.5-1,8569,False,-0.27824054181756686,supported
0.5-1,8570,False,-0.31093547347082207,supported
0.5-1,8571,False,-0.3064281818543061,supported
0.5-1,8572,False,-0.25594286802887806,supported
0.5-1,8573,False,-0.310650937424397,supported
0.5-1,8574,False,-0.3134578083539293,supported
0.5-1,8575,False,-0.30854374057244544,supported
0.5-1,8576,False,-0.26255264009075496,supported
0.5-1,8577,False,-0.27192426500673905,supported
0.5-1,8578,False,-0.27191410879518474,supported
0.5-1,8579,False,-0.2781354812959202,supported
0.5-1,8580,False,-0.30809061731954596,supported
0.5-1,8581,False,-0.3080921368202385,supported
0.5-1,8582,False,-0.3141941057157257,supported
0.5-1,8583,False,-0.3076135492732815,supported
0.5-1,8584,False,-0.2927681256217502,supported
0.5-1,8585,False,-0.30902098193108396,supported
0.5-1,8586,False,-0.3201787849524221,supported
0.5-1,8587,False,-0.29341870127883524,supported
0.5-1,8588,False,-0.31961232395596,supported
0.5-1,8589,False,-0.3098340464291723,supported
0.5-1,8590,False,-0.25430708128531415,supported
0.5-1,8591,False,-0.2773164454435708,supported
0.5-1,8592,False,-0.32128507639951837,supported
0.5-1,8593,False,-0.27687921383477393,supported
0.5-1,8594,False,-0.31433702589003426,supported
0.5-1,8595,False,-0.298250586706374,supported
0.5-1,8596,False,-0.2716393197624721,supported
0.5-1,8597,False,-0.31485374232806745,supported
0.5-1,8598,False,-0.30367131271087483,supported
0.5-1,8599,False,-0.30704169866449427,supported
0.5-1,8600,False,-0.26810829311559553,supported
0.5-1,8601,False,-0.2635020990729908,supported
0.5-1,8602,False,-0.2758693895181332,supported
0.5-1,8603,False,-0.26148043330717935,supported
0.5-1,8604,False,-0.31238461541025014,supported
0.5-1,8605,False,-0.312120267557468,supported
0.5-1,8606,False,-0.31313470328644444,supported
0.5-1,8607,False,-0.3059957884722864,supported
0.5-1,8608,False,-0.32046908716993494,supported
0.5-1,8609,False,-0.29601901178525153,supported
0.5-1,8610,False,-0.3115489445802713,supported
0.5-1,8611,False,-0.3181612739920757,supported
0.5-1,8612,False,-0.3162361703607266,supported
0.5-1,8613,False,-0.31018098876022027,supported
0.5-1,8614,False,-0.2720685681742296,supported
0.5-1,8615,False,-0.2719190562173569,supported
0.5-1,8616,False,-0.03692424074498335,supported
0.5-1,8617,False,-0.27077948640684507,supported
0.5-1,8618,False,-0.29072918238772383,supported
0.5-1,8619,False,-0.30528226283393145,supported
0.5-1,8620,False,-0.28072948680896426,supported
0.5-1,8621,False,-0.30508946783381136,supported
0.5-1,8622,False,-0.30584898485415396,supported
0.5-1,8623,False,-0.29594249642479487,supported
0.5-1,8624,False,-0.2743044205347629,supported
0.5-1,8625,False,-0.24652910548120888,supported
0.5-1,8626,False,-0.26620094085686286,supported
0.5-1,8627,False,-0.2536502665311351,supported
0.5-1,8628,False,-0.2996676793635849,supported
0.5-1,8629,False,-0.3099880243254994,supported
0.5-1,8630,False,-0.297866477600066,supported
0.5-1,8631,False,-0.2966143546644168,supported
0.5-1,8632,False,-0.3090600113051889,supported
0.5-1,8633,False,-0.25452509323449374,supported
0.5-1,8634,False,-0.2738241809377252,supported
0.5-1,8635,False,-0.3138718854219809,supported
0.5-1,8636,False,-0.2972946164756835,supported
0.5-1,8637,False,-0.27411265983838473,supported
0.5-1,8638,False,-0.2794118216377244,supported
0.5-1,8639,False,-0.2665399618169027,supported
0.5-1,8640,False,-0.3099910947133586,supported
0.5-1,8641,False,-0.26167263891611675,supported
0.5-1,8642,False,-0.2955355817477258,supported
0.5-1,8643,False,-0.304273040912122,supported
0.5-1,8644,False,-0.26798978977415105,supported
0.5-1,8645,False,-0.2927531122251166,supported
0.5-1,8646,False,-0.28096776947359664,supported
0.5-1,8647,False,-0.27179882328495386,supported
0.5-1,8648,False,-0.1685756881141952,supported
0.5-1,8649,False,-0.17137970189579554,supported
0.5-1,8650,False,-0.24296065391884264,supported
0.5-1,8651,False,-0.1519458330048108,supported
0.5-1,8652,False,-0.26419492131168343,supported
0.5-1,8653,False,-0.30290906620042024,supported
0.5-1,8654,False,-0.21622181656859657,supported
0.5-1,8655,False,-0.20032859575601503,supported
0.5-1,8656,False,-0.24671763056153417,supported
0.5-1,8657,False,-0.11276871652519527,supported
0.5-1,8658,False,-0.2517461344879622,supported
0.5-1,8659,False,-0.20588155418915477,supported
0.5-1,8660,False,-0.18412043320231608,supported
0.5-1,8661,False,-0.24715556440287134,supported
0.5-1,8662,False,-0.25484218950489324,supported
0.5-1,8663,False,-0.22781712157365425,supported
0.5-1,8664,False,-0.20818958758253803,supported
0.5-1,8665,False,-0.1354332787656114,supported
0.5-1,8666,False,-0.23817913961363768,supported
0.5-1,8667,False,-0.23750734092626463,supported
0.5-1,8668,False,-0.2465898782699033,supported
0.5-1,8669,False,-0.27787689699508417,supported
0.5-1,8670,False,-0.19240127158865583,supported
0.5-1,8671,False,-0.1879211078195202,supported
0.5-1,8672,False,-0.1647517827750722,supported
0.5-1,8673,False,-0.15171259110875435,supported
0.5-1,8674,False,-0.16841491896403926,supported
0.5-1,8675,False,-0.15994106350735027,supported
0.5-1,8676,False,-0.19575878586762763,supported
0.5-1,8677,False,-0.1939151678636295,supported
0.5-1,8678,False,-0.20266494351052883,supported
0.5-1,8679,False,-0.20345644543243385,supported
0.5-1,8680,False,-0.20996766582739734,supported
0.5-1,8681,False,-0.21856793048331147,supported
0.5-1,8682,False,-0.22983681905458397,supported
0.5-1,8683,False,-0.21056408439260327,supported
0.5-1,8684,False,-0.21273158350470578,supported
0.5-1,8685,False,-0.2357022088653417,supported
0.5-1,8686,False,-0.22107547640460312,supported
0.5-1,8687,False,-0.13610452117854477,supported
0.5-1,8688,False,-0.1914598190853145,supported
0.5-1,8689,False,-0.16852706826319985,supported
0.5-1,8690,False,-0.2476127368631244,supported
0.5-1,8691,False,-0.20311850213178845,supported
0.5-1,8692,False,-0.20355850022580008,supported
0.5-1,8693,False,-0.20162017038191976,supported
0.5-1,8694,False,-0.19212835084058083,supported
0.5-1,8695,False,-0.21098083751796592,supported
0.5-1,8696,False,-0.11549339077711751,supported
0.5-1,8697,False,-0.15238514626597843,supported
0.5-1,8698,False,-0.07451044888645508,supported
0.5-1,8699,False,-0.1614914354811514,supported
0.5-1,8700,False,-0.17886835437077753,supported
0.5-1,8701,False,-0.21587744578275808,supported
0.5-1,8702,False,-0.21766912816800804,supported
0.5-1,8703,False,-0.2121892169196135,supported
0.5-1,8704,False,-0.1445443512443969,supported
0.5-1,8705,False,-0.15842239484510745,supported
0.5-1,8706,False,-0.15257793265070796,supported
0.5-1,8707,False,-0.13373434902658832,supported
0.5-1,8708,False,-0.21636770424219642,supported
0.5-1,8709,False,-0.14509639880484726,supported
0.5-1,8710,False,-0.20743822827366393,supported
0.5-1,8711,False,-0.21202418582011096,supported
0.5-1,8712,False,-0.20528164817243266,supported
0.5-1,8713,False,-0.12243786728377137,supported
0.5-1,8714,False,-0.1662160340382478,supported
0.5-1,8715,False,-0.13818375389163706,supported
0.5-1,8716,False,-0.189277727797021,supported
0.5-1,8717,False,-0.12361419817860642,supported
0.5-1,8718,False,-0.1597968414861448,supported
0.5-1,8719,False,-0.19865597684396136,supported
0.5-1,8720,False,-0.12756430371417782,supported
0.5-1,8721,False,-0.19095518799556727,supported
0.5-1,8722,False,-0.19020601055681063,supported
0.5-1,8723,False,-0.19491570106980283,supported
0.5-1,8724,False,-0.26792423824777484,supported
0.5-1,8725,False,-0.2605923745750936,supported
0.5-1,8726,False,-0.2681507518019675,supported
0.5-1,8727,False,-0.23295106568556367,supported
0.5-1,8728,False,-0.13271891295368343,watch
0.5-1,8729,False,-0.29028422821785455,supported
0.5-1,8730,False,-0.2215003193879414,supported
0.5-1,8731,False,-0.30016117687646365,supported
0.5-1,8732,False,-0.28270719235084657,supported
0.5-1,8733,False,-0.3032087151972525,supported
0.5-1,8734,False,-0.02010386278494103,watch
0.5-1,8735,False,-0.3046640778536991,supported
0.5-1,8736,False,-0.3091772771929453,supported
0.5-1,8737,False,-0.2850597206702725,supported
0.5-1,8738,False,-0.2733727601139032,supported
0.5-1,8739,False,-0.24077725669353006,supported
0.5-1,8740,False,-0.29282954377173614,supported
0.5-1,8741,False,-0.2552734971840016,supported
0.5-1,8742,False,-0.2468398697662788,supported
0.5-1,8743,False,-0.30377393656160695,supported
0.5-1,8744,False,-0.27306208888037975,supported
0.5-1,8745,False,-0.31318558177334743,supported
0.5-1,8746,False,-0.30871695928452264,supported
0.5-1,8747,False,-0.26530813613890974,supported
0.5-1,8748,False,-0.2632589830444776,supported
0.5-1,8749,False,-0.27455082276005316,supported
0.5-1,8750,False,-0.2733622140783394,supported
0.5-1,8751,False,-0.2725823370002063,supported
0.5-1,8752,False,-0.2962365417361447,supported
0.5-1,8753,False,-0.3127135047096949,supported
0.5-1,8754,False,-0.3037381187021687,supported
0.5-1,8755,False,-0.30704779023669204,supported
0.5-1,8756,False,-0.27977398459346414,supported
0.5-1,8757,False,-0.310062687402376,supported
0.5-1,8758,False,-0.30009675421074594,supported
0.5-1,8759,False,-0.3041655245272635,supported
0.5-1,8760,False,-0.2825937977119483,supported
0.5-1,8761,False,-0.299754172030973,supported
0.5-1,8762,False,-0.26620350601634923,supported
0.5-1,8763,False,-0.2684446822144819,supported
0.5-1,8764,True,0.019509737508582314,critical
0.5-1,8765,False,-0.26209337375000663,supported
0.5-1,8766,False,-0.2984720789805591,supported
0.5-1,8767,False,-0.3084455924254771,supported
0.5-1,8768,False,-0.26994741980617903,supported
0.5-1,8769,False,-0.2962117594731265,supported
0.5-1,8770,False,-0.2922982583480999,supported
0.5-1,8771,False,-0.3091232762912782,supported
0.5-1,8772,False,-0.26951419020067696,supported
0.5-1,8773,False,-0.2733041839338215,supported
0.5-1,8774,False,-0.26254501297504085,supported
0.5-1,8775,False,-0.265503780883127,supported
0.5-1,8776,False,-0.30303059535863713,supported
0.5-1,8777,False,-0.3042324806508144,supported
0.5-1,8778,False,-0.304299771308947,supported
0.5-1,8779,False,-0.30459580483616955,supported
0.5-1,8780,False,-0.2987570375638545,supported
0.5-1,8781,False,-0.3088512402891367,supported
0.5-1,8782,False,-0.2758083713265384,supported
0.5-1,8783,False,-0.2996192939323275,supported
0.5-1,8784,False,-0.3121341944064216,supported
0.5-1,8785,False,-0.3164225892239711,supported
0.5-1,8786,False,-0.2584505424377828,supported
0.5-1,8787,False,-0.2710239310240476,supported
0.5-1,8788,False,-0.30151592699494584,supported
0.5-1,8789,False,-0.27268322217628904,supported
0.5-1,8790,False,-0.30768589461835916,supported
0.5-1,8791,False,-0.30997083470620906,supported
0.5-1,8792,False,-0.25631125896971535,supported
0.5-1,8793,False,-0.3086265129126666,supported
0.5-1,8794,False,-0.30884205978036877,supported
0.5-1,8795,False,-0.3098298828222539,supported
0.5-1,8796,False,-0.2738830156858476,supported
0.5-1,8797,False,-0.27599203199361544,supported
0.5-1,8798,False,-0.2725704283110892,supported
0.5-1,8799,False,-0.2764965126276105,supported
0.5-1,8800,False,-0.30815637721315847,supported
0.5-1,8801,False,-0.3035210038171724,supported
0.5-1,8802,False,-0.2985814872924158,supported
0.5-1,8803,False,-0.31294366671214985,supported
0.5-1,8804,False,-0.31032587081908825,supported
0.5-1,8805,False,-0.2864378763602042,supported
0.5-1,8806,False,-0.31856880132276044,supported
0.5-1,8807,False,-0.3148691222483713,supported
0.5-1,8808,False,-0.29776796167456593,supported
0.5-1,8809,False,-0.3007546979501949,supported
0.5-1,8810,False,-0.2551628608332671,supported
0.5-1,8811,False,-0.27785592221633687,supported
0.5-1,8812,False,-0.31757685065496105,supported
0.5-1,8813,False,-0.2511725973346765,supported
0.5-1,8814,False,-0.31118789081357356,supported
0.5-1,8815,False,-0.3082988499618929,supported
0.5-1,8816,False,-0.26392361239098305,supported
0.5-1,8817,False,-0.31296266878659973,supported
0.5-1,8818,False,-0.3106544121540296,supported
0.5-1,8819,False,-0.3143515465579557,supported
0.5-1,8820,False,-0.280401768632567,supported
0.5-1,8821,False,-0.27652748299431523,supported
0.5-1,8822,False,-0.27889684603047654,supported
0.5-1,8823,True,0.034254014041905534,critical
0.5-1,8824,False,-0.3131836073008141,supported
0.5-1,8825,False,-0.30561207104382015,supported
0.5-1,8826,False,-0.3125903306703332,supported
0.5-1,8827,False,-0.31287774021052583,supported
0.5-1,8828,False,-0.2960566195778075,supported
0.5-1,8829,False,-0.2995296962970281,supported
0.5-1,8830,False,-0.2798288447882079,supported
0.5-1,8831,False,-0.316621456226404,supported
0.5-1,8832,False,-0.2953187469129776,supported
0.5-1,8833,False,-0.30022030455310644,supported
0.5-1,8834,False,-0.26577528210309304,supported
0.5-1,8835,False,-0.248176417823741,supported
0.5-1,8836,False,-0.3157641647578927,supported
0.5-1,8837,False,-0.251431484189916,supported
0.5-1,8838,False,-0.3063980528807744,supported
0.5-1,8839,False,-0.3108159559643898,supported
0.5-1,8840,False,-0.25921869453317337,supported
0.5-1,8841,False,-0.300149033672089,supported
0.5-1,8842,False,-0.3091864104744673,supported
0.5-1,8843,False,-0.3007161876556179,supported
0.5-1,8844,False,-0.27748159230620856,supported
0.5-1,8845,False,-0.24921368779225095,supported
0.5-1,8846,False,-0.2527972654838733,supported
0.5-1,8847,False,-0.2525463304594464,supported
0.5-1,8848,False,-0.31284103790110573,supported
0.5-1,8849,False,-0.2950846180088676,supported
0.5-1,8850,False,-0.31321277102607337,supported
0.5-1,8851,False,-0.31247973321390077,supported
0.5-1,8852,False,-0.08089992838244875,supported
0.5-1,8853,False,-0.29219568105134786,supported
0.5-1,8854,False,-0.26663052492399564,supported
0.5-1,8855,False,-0.31765696410593663,supported
0.5-1,8856,False,-0.110087808938507,supported
0.5-1,8857,False,-0.2948267027414874,supported
0.5-1,8858,False,-0.25418878044160054,supported
0.5-1,8859,False,-0.1806828623497383,supported
0.5-1,8860,False,-0.307435229660088,supported
0.5-1,8861,False,-0.15646294653519166,supported
0.5-1,8862,False,-0.2855197803317635,supported
0.5-1,8863,False,-0.30422311778520117,supported
0.5-1,8864,False,-0.2708797495582247,supported
0.5-1,8865,False,-0.24345292344820946,supported
0.5-1,8866,False,-0.29248953290101437,supported
0.5-1,8867,False,-0.2964888845279091,supported
0.5-1,8868,False,-0.25478907257872296,supported
0.5-1,8869,False,-0.15975941348965939,supported
0.5-1,8870,False,-0.22870839786389624,supported
0.5-1,8871,False,-0.18995318723700888,supported
0.5-1,8872,False,-0.29744519864470936,supported
0.5-1,8873,False,-0.27281986546987996,supported
0.5-1,8874,False,-0.2983329322613471,supported
0.5-1,8875,False,-0.2836290158789327,supported
0.5-1,8876,False,-0.21476421576608934,supported
0.5-1,8877,False,-0.2498425494998478,supported
0.5-1,8878,False,-0.2717336367066871,supported
0.5-1,8879,False,-0.190222510062096,supported
0.5-1,8880,False,-0.23242305983054512,supported
0.5-1,8881,False,-0.2729500105300251,supported
0.5-1,8882,False,-0.26057893661917175,supported
0.5-1,8883,False,-0.17063631506351573,supported
0.5-1,8884,False,-0.20157572147729375,supported
0.5-1,8885,False,-0.09074718758749045,supported
0.5-1,8886,False,-0.25786503974408315,supported
0.5-1,8887,False,-0.2035376803124384,supported
0.5-1,8888,False,-0.24196287960186075,supported
0.5-1,8889,False,-0.19392574615541708,supported
0.5-1,8890,False,-0.2419001840314432,supported
0.5-1,8891,False,-0.18924735714431284,supported
0.5-1,8892,False,-0.21844069885901435,supported
0.5-1,8893,False,-0.16371165931574927,supported
0.5-1,8894,False,-0.16652726266261075,supported
0.5-1,8895,False,-0.16223210076801653,supported
0.5-1,8896,False,-0.20023586736177457,supported
0.5-1,8897,False,-0.26421986127635544,supported
0.5-1,8898,False,-0.20623123310281105,supported
0.5-1,8899,False,-0.18684151877794508,supported
0.5-1,8900,False,-0.20720049849502464,supported
0.5-1,8901,False,-0.21523716594945974,supported
0.5-1,8902,False,-0.22123125650594527,supported
0.5-1,8903,False,-0.2161610828686768,supported
0.5-1,8904,False,-0.18654276317344487,supported
0.5-1,8905,False,-0.24191500027524554,supported
0.5-1,8906,False,-0.20872129913650717,supported
0.5-1,8907,False,-0.15609693970295102,supported
0.5-1,8908,False,-0.20476911855266522,supported
0.5-1,8909,False,-0.1631133651846599,supported
0.5-1,8910,False,-0.11926972125039215,supported
0.5-1,8911,False,-0.21325225484968607,supported
0.5-1,8912,False,-0.19713602567333222,supported
0.5-1,8913,False,-0.18708367822236377,supported
0.5-1,8914,False,-0.2076620694505117,supported
0.5-1,8915,False,-0.20898720113432018,supported
0.5-1,8916,False,-0.13247288807807966,supported
0.5-1,8917,False,-0.12079289815058525,supported
0.5-1,8918,False,-0.1225441785197171,supported
0.5-1,8919,False,-0.1662299233468687,supported
0.5-1,8920,False,-0.20167683553376792,supported
0.5-1,8921,False,-0.2015331639696173,supported
0.5-1,8922,False,-0.21053427126930035,supported
0.5-1,8923,False,-0.20837381400025873,supported
0.5-1,8924,False,-0.15315277990527743,supported
0.5-1,8925,False,-0.1658069121449366,supported
0.5-1,8926,False,-0.14394347176587774,supported
0.5-1,8927,False,-0.1352396219663966,supported
0.5-1,8928,False,-0.2092395005530378,supported
0.5-1,8929,False,-0.11058665151915026,supported
0.5-1,8930,False,-0.209721337314544,supported
0.5-1,8931,False,-0.17373426516615953,supported
0.5-1,8932,False,-0.206541049788039,supported
0.5-1,8933,False,-0.203169710579655,supported
0.5-1,8934,False,-0.16508619763525545,supported
0.5-1,8935,False,-0.16110384644848985,supported
0.5-1,8936,False,-0.21324512814796936,supported
0.5-1,8937,False,-0.10855810447044634,supported
0.5-1,8938,False,-0.1652934468086643,supported
0.5-1,8939,False,-0.20608206944895185,supported
0.5-1,8940,False,-0.13143826665826086,supported
0.5-1,8941,False,-0.1745685300121559,supported
0.5-1,8942,False,-0.1793769876828475,supported
0.5-1,8943,False,-0.1893413166144628,supported
0.5-1,8944,False,-0.12441792964057141,supported
0.5-1,8945,False,-0.2673817715830722,supported
0.5-1,8946,False,-0.21679920047785584,supported
0.5-1,8947,False,-0.24709174188370597,supported
0.5-1,8948,False,-0.22231658683815464,supported
0.5-1,8949,False,-0.3008819788414752,supported
0.5-1,8950,False,-0.2837513527915104,supported
0.5-1,8951,False,-0.30390607746894865,supported
0.5-1,8952,False,-0.3003285798988081,supported
0.5-1,8953,False,-0.03422900737269441,watch
0.5-1,8954,False,-0.3178964900831354,supported
0.5-1,8955,False,-0.21647465199499727,supported
0.5-1,8956,False,-0.026362866478725544,watch
0.5-1,8957,False,-0.19582385546565678,supported
0.5-1,8958,False,-0.2595763398293933,supported
0.5-1,8959,False,-0.23263341959388367,supported
0.5-1,8960,False,-0.3142859058884069,supported
0.5-1,8961,False,-0.2588232422814521,supported
0.5-1,8962,False,-0.31706510424809686,supported
0.5-1,8963,False,-0.3037692348450024,supported
0.5-1,8964,False,-0.14699160594847593,supported
0.5-1,8965,False,-0.29897703690618416,supported
0.5-1,8966,False,-0.31521034167913875,supported
0.5-1,8967,False,-0.26211402862022504,supported
0.5-1,8968,False,-0.27234633355021304,supported
0.5-1,8969,False,-0.26898088277286014,supported
0.5-1,8970,False,-0.2234890290652723,supported
0.5-1,8971,False,-0.27610438496602674,supported
0.5-1,8972,False,-0.3038165167458291,supported
0.5-1,8973,False,-0.3023606612081463,supported
0.5-1,8974,False,-0.31522662344665864,supported
0.5-1,8975,False,-0.3063794651224083,supported
0.5-1,8976,False,-0.024627041168090336,watch
0.5-1,8977,False,-0.30980120522463434,supported
0.5-1,8978,False,-0.2603209660573795,supported
0.5-1,8979,False,-0.30990046719992753,supported
0.5-1,8980,False,-0.29850126905886704,supported
0.5-1,8981,False,-0.30204412665482844,supported
0.5-1,8982,False,-0.27253868803955483,supported
0.5-1,8983,False,-0.261396256115803,supported
0.5-1,8984,False,-0.29761727931915477,supported
0.5-1,8985,False,-0.2749818414433035,supported
0.5-1,8986,False,-0.30693538923030567,supported
0.5-1,8987,False,-0.31096816945335465,supported
0.5-1,8988,False,-0.26568553987414184,supported
0.5-1,8989,False,-0.30840156939670377,supported
0.5-1,8990,False,-0.31439589518940314,supported
0.5-1,8991,False,-0.2983251592149332,supported
0.5-1,8992,False,-0.27476309584418906,supported
0.5-1,8993,False,-0.2779718546413474,supported
0.5-1,8994,False,-0.2696580744208054,supported
0.5-1,8995,False,-0.2718723426109703,supported
0.5-1,8996,False,-0.3126845498045798,supported
0.5-1,8997,False,-0.3103471786140028,supported
0.5-1,8998,False,-0.30149662568412794,supported
0.5-1,8999,False,-0.31010862270090356,supported
0.5-1,9000,False,-0.317392476602877,supported
0.5-1,9001,False,-0.3130726051687104,supported
0.5-1,9002,False,-0.31255265428185064,supported
0.5-1,9003,False,-0.31274983904942916,supported
0.5-1,9004,False,-0.30715513877988576,supported
0.5-1,9005,False,-0.3067153555151851,supported
0.5-1,9006,False,-0.27241870939887025,supported
0.5-1,9007,False,-0.26846488490675724,supported
0.5-1,9008,False,-0.29594749736311693,supported
0.5-1,9009,False,-0.27123625953965713,supported
0.5-1,9010,False,-0.3204834110128089,supported
0.5-1,9011,False,-0.3010822917512576,supported
0.5-1,9012,False,-0.26226177529034994,supported
0.5-1,9013,False,-0.3145428185308175,supported
0.5-1,9014,False,-0.29363198126799983,supported
0.5-1,9015,False,-0.31191826448659354,supported
0.5-1,9016,False,-0.2799969615660638,supported
0.5-1,9017,False,-0.27251894301958324,supported
0.5-1,9018,False,-0.27927994248226456,supported
0.5-1,9019,False,-0.26491648202609724,supported
0.5-1,9020,False,-0.30927684633145314,supported
0.5-1,9021,False,-0.31362828202484005,supported
0.5-1,9022,False,-0.3071917669644931,supported
0.5-1,9023,False,-0.3130074741337734,supported
0.5-1,9024,False,-0.3172010514534177,supported
0.5-1,9025,False,-0.30221283936717247,supported
0.5-1,9026,False,-0.3200873456814386,supported
0.5-1,9027,False,-0.3213370626251687,supported
0.5-1,9028,False,-0.31630332851724935,supported
0.5-1,9029,False,-0.30288219914505776,supported
0.5-1,9030,False,-0.2702320881643394,supported
0.5-1,9031,False,-0.27135661237350844,supported
0.5-1,9032,False,-0.31678989611833935,supported
0.5-1,9033,False,-0.2584395590911456,supported
0.5-1,9034,False,-0.3154556482573562,supported
0.5-1,9035,False,-0.3089413265699004,supported
0.5-1,9036,False,-0.27451784344072006,supported
0.5-1,9037,False,-0.3149765226226289,supported
0.5-1,9038,False,-0.30736395294362856,supported
0.5-1,9039,False,-0.31414679713969124,supported
0.5-1,9040,False,-0.2773830906782162,supported
0.5-1,9041,False,-0.2736623618164856,supported
0.5-1,9042,False,-0.27320673999007855,supported
0.5-1,9043,False,-0.25832026782970846,supported
0.5-1,9044,False,-0.3089145074046336,supported
0.5-1,9045,False,-0.31368610203607206,supported
0.5-1,9046,False,-0.31275182276423014,supported
0.5-1,9047,False,-0.30715386237265685,supported
0.5-1,9048,False,-0.30301313588430856,supported
0.5-1,9049,False,-0.29404769361424754,supported
0.5-1,9050,False,-0.291959567860981,supported
0.5-1,9051,False,-0.32101563925917476,supported
0.5-1,9052,False,-0.30372710053885266,supported
0.5-1,9053,False,-0.30876475624451155,supported
0.5-1,9054,False,-0.2706631824199974,supported
0.5-1,9055,False,-0.2599579654666943,supported
0.5-1,9056,False,-0.3010301159881953,supported
0.5-1,9057,False,-0.24682151275883574,supported
0.5-1,9058,False,-0.29569761202028383,supported
0.5-1,9059,False,-0.3076626294348142,supported
0.5-1,9060,False,-0.2713783294132209,supported
0.5-1,9061,False,-0.30371087576164035,supported
0.5-1,9062,False,-0.3164286896609857,supported
0.5-1,9063,False,-0.30705728311234326,supported
0.5-1,9064,False,-0.2661390223339325,supported
0.5-1,9065,False,-0.2433425326143736,supported
0.5-1,9066,False,-0.27068449672933,supported
0.5-1,9067,False,-0.2220904886965625,supported
0.5-1,9068,False,-0.29408581078644297,supported
0.5-1,9069,False,-0.3150905386147299,supported
0.5-1,9070,False,-0.31066150741838056,supported
0.5-1,9071,False,-0.30682975979742194,supported
0.5-1,9072,False,-0.3115048265200123,supported
0.5-1,9073,False,-0.2877219548406893,supported
0.5-1,9074,False,-0.3009906867803622,supported
0.5-1,9075,False,-0.31825790249241664,supported
0.5-1,9076,False,-0.3157094839438937,supported
0.5-1,9077,False,-0.31614339150734,supported
0.5-1,9078,False,-0.2662282186568972,supported
0.5-1,9079,False,-0.2433058487035995,supported
0.5-1,9080,False,-0.09956424808968345,supported
0.5-1,9081,False,-0.15162407956776747,supported
0.5-1,9082,False,-0.27701459591852307,supported
0.5-1,9083,False,-0.30687683210794003,supported
0.5-1,9084,False,-0.2696077974666436,supported
0.5-1,9085,False,-0.27914950081207185,supported
0.5-1,9086,False,-0.3128336604222569,supported
0.5-1,9087,False,-0.2932306910838557,supported
0.5-1,9088,False,-0.2616774900975768,supported
0.5-1,9089,False,-0.1566367240006662,supported
0.5-1,9090,False,-0.24080571223954084,supported
0.5-1,9091,False,-0.06867727698028459,supported
0.5-1,9092,False,-0.276809927566418,supported
0.5-1,9093,False,-0.29942097772865617,supported
0.5-1,9094,False,-0.2325934940042006,supported
0.5-1,9095,False,-0.2898559998819445,supported
0.5-1,9096,False,-0.3078039965886694,supported
0.5-1,9097,False,-0.24902457889143942,supported
0.5-1,9098,False,-0.2640039725101537,supported
0.5-1,9099,False,-0.22784795308586564,supported
0.5-1,9100,False,-0.30952567945325143,supported
0.5-1,9101,False,-0.2786807591494747,supported
0.5-1,9102,False,-0.2061713212444966,supported
0.5-1,9103,False,-0.16237888920592203,supported
0.5-1,9104,False,-0.18865855928711867,supported
0.5-1,9105,False,-0.16903155908323664,supported
0.5-1,9106,False,-0.2631145677030266,supported
0.5-1,9107,False,-0.29157876571515534,supported
0.5-1,9108,False,-0.21360699554587098,supported
0.5-1,9109,False,-0.20211805813655892,supported
0.5-1,9110,False,-0.29309805507778414,supported
0.5-1,9111,False,-0.17774302937154718,supported
0.5-1,9112,False,-0.22170298171747405,supported
0.5-1,9113,False,-0.15752300939087183,supported
0.5-1,9114,False,-0.19922597256957847,supported
0.5-1,9115,False,-0.16414429898074678,supported
0.5-1,9116,False,-0.19085770940030106,supported
0.5-1,9117,False,-0.20193096797702015,supported
0.5-1,9118,False,-0.18761061828255432,supported
0.5-1,9119,False,-0.1909909608531879,supported
0.5-1,9120,False,-0.2005859321937944,supported
0.5-1,9121,False,-0.25836362518348743,supported
0.5-1,9122,False,-0.22093194683769118,supported
0.5-1,9123,False,-0.2027754960496953,supported
0.5-1,9124,False,-0.20482332477679493,supported
0.5-1,9125,False,-0.25320390587341146,supported
0.5-1,9126,False,-0.15382393177375464,supported
0.5-1,9127,False,-0.17217713220349062,supported
0.5-1,9128,False,-0.20053043274012577,supported
0.5-1,9129,False,-0.1622970958926957,supported
0.5-1,9130,False,-0.21395407169561298,supported
0.5-1,9131,False,-0.17104966426082946,supported
0.5-1,9132,False,-0.19561965973890227,supported
0.5-1,9133,False,-0.19931823482562083,supported
0.5-1,9134,False,-0.18218931444511854,supported
0.5-1,9135,False,-0.21291728485128125,supported
0.5-1,9136,False,-0.15861719734391455,supported
0.5-1,9137,False,-0.13777060086198767,supported
0.5-1,9138,False,-0.12325107995045526,supported
0.5-1,9139,False,-0.1467608554992792,supported
0.5-1,9140,False,-0.19031098820433667,supported
0.5-1,9141,False,-0.20505773641507352,supported
0.5-1,9142,False,-0.19650877499859032,supported
0.5-1,9143,False,-0.19048928233048712,supported
0.5-1,9144,False,-0.1349360909839722,supported
0.5-1,9145,False,-0.1586496190026898,supported
0.5-1,9146,False,-0.16330402842236103,supported
0.5-1,9147,False,-0.13731955276393404,supported
0.5-1,9148,False,-0.21441695415506518,supported
0.5-1,9149,False,-0.17017909249507646,supported
0.5-1,9150,False,-0.20380540621744486,supported
0.5-1,9151,False,-0.21637957274167052,supported
0.5-1,9152,False,-0.2090295471064753,supported
0.5-1,9153,False,-0.19072218874015234,supported
0.5-1,9154,False,-0.14950983693795294,supported
0.5-1,9155,False,-0.16262061309376818,supported
0.5-1,9156,False,-0.22126865765625808,supported
0.5-1,9157,False,-0.1368299150937493,supported
0.5-1,9158,False,-0.1025396445526594,supported
0.5-1,9159,False,-0.19494666967449314,supported
0.5-1,9160,False,-0.12101007306598732,supported
0.5-1,9161,False,-0.17865911485817476,supported
0.5-1,9162,False,-0.17461381738183746,supported
0.5-1,9163,False,-0.19835870174193265,supported
0.5-1,9164,False,-0.1851401070068951,supported
0.5-1,9165,False,-0.2665932622814121,supported
0.5-1,9166,False,-0.25980671026776425,supported
0.5-1,9167,False,-0.2389646769676535,supported
0.5-1,9168,False,-0.12772327766209834,watch
0.5-1,9169,False,-0.2923845730439158,supported
0.5-1,9170,False,-0.0947115119280384,watch
0.5-1,9171,False,-0.2986214265345415,supported
0.5-1,9172,False,-0.29074792082146395,supported
0.5-1,9173,False,-0.2953259281649742,supported
0.5-1,9174,False,-0.3096219780016869,supported
0.5-1,9175,False,-0.32038072827707753,supported
0.5-1,9176,False,-0.3047772390620465,supported
0.5-1,9177,False,-0.28874115878388185,supported
0.5-1,9178,False,-0.273131547402754,supported
0.5-1,9179,False,-0.233040521395742,supported
0.5-1,9180,False,-0.30905967503191223,supported
0.5-1,9181,False,-0.2581604848055878,supported
0.5-1,9182,False,-0.31400918076114825,supported
0.5-1,9183,False,-0.3145578139727879,supported
0.5-1,9184,False,-0.23239036514475453,supported
0.5-1,9185,False,-0.29998867792302064,supported
0.5-1,9186,False,-0.3060260087801868,supported
0.5-1,9187,False,-0.2859732644448888,supported
0.5-1,9188,False,-0.2617776569885849,supported
0.5-1,9189,False,-0.27770371971793517,supported
0.5-1,9190,False,-0.2735903836824518,supported
0.5-1,9191,False,-0.2722268632648354,supported
0.5-1,9192,False,-0.29433291565738484,supported
0.5-1,9193,False,-0.3143296460305095,supported
0.5-1,9194,False,-0.28707355446002586,supported
0.5-1,9195,False,-0.30816049199914775,supported
0.5-1,9196,False,-0.28864478351254913,supported
0.5-1,9197,False,-0.31787105812329797,supported
0.5-1,9198,False,-0.30128660969368687,supported
0.5-1,9199,False,-0.3190398288664998,supported
0.5-1,9200,False,-0.30243056771093985,supported
0.5-1,9201,False,-0.3131860658644961,supported
0.5-1,9202,False,-0.26686868184042417,supported
0.5-1,9203,False,-0.27651348313603163,supported
0.5-1,9204,False,-0.3072596877635646,supported
0.5-1,9205,False,-0.2679878761652906,supported
0.5-1,9206,False,-0.32229897745960157,supported
0.5-1,9207,False,-0.30708847859531707,supported
0.5-1,9208,False,-0.2734625498009013,supported
0.5-1,9209,False,-0.3066017020450549,supported
0.5-1,9210,False,-0.3098574448684091,supported
0.5-1,9211,False,-0.3018813308117971,supported
0.5-1,9212,False,-0.2553098388791812,supported
0.5-1,9213,False,-0.24604908284150717,supported
0.5-1,9214,False,-0.2729059992485438,supported
0.5-1,9215,False,-0.26866229893012145,supported
0.5-1,9216,False,-0.30729662372472566,supported
0.5-1,9217,False,-0.30499726410693806,supported
0.5-1,9218,False,-0.28841872721571143,supported
0.5-1,9219,False,-0.30968482185497737,supported
0.5-1,9220,False,-0.31559293648408776,supported
0.5-1,9221,False,-0.31505760665905275,supported
0.5-1,9222,False,-0.30157514603934016,supported
0.5-1,9223,False,-0.30206423746873046,supported
0.5-1,9224,False,-0.2733766765467953,supported
0.5-1,9225,False,-0.3206721723175219,supported
0.5-1,9226,False,-0.2703558531438509,supported
0.5-1,9227,False,-0.2697291051185298,supported
0.5-1,9228,False,-0.30915461998086585,supported
0.5-1,9229,False,-0.25903457165495464,supported
0.5-1,9230,False,-0.316066984548848,supported
0.5-1,9231,False,-0.3111090031004556,supported
0.5-1,9232,False,-0.26889745880232757,supported
0.5-1,9233,False,-0.31440183715162107,supported
0.5-1,9234,False,-0.3133571667208029,supported
0.5-1,9235,False,-0.3144032494934826,supported
0.5-1,9236,False,-0.27697510629525957,supported
0.5-1,9237,False,-0.2450722571864034,supported
0.5-1,9238,False,-0.27017059648993375,supported
0.5-1,9239,False,-0.2492961477030382,supported
0.5-1,9240,False,-0.308851330981412,supported
0.5-1,9241,False,-0.3089922991707793,supported
0.5-1,9242,False,-0.293306396412659,supported
0.5-1,9243,False,-0.312781210161279,supported
0.5-1,9244,False,-0.316342503676106,supported
0.5-1,9245,False,-0.3122480882826919,supported
0.5-1,9246,False,-0.3139639462506005,supported
0.5-1,9247,False,-0.31936415360018205,supported
0.5-1,9248,False,-0.3011430884268319,supported
0.5-1,9249,False,-0.31443973500131117,supported
0.5-1,9250,False,-0.2751608888410889,supported
0.5-1,9251,False,-0.24698055724960327,supported
0.5-1,9252,False,-0.31638804965031986,supported
0.5-1,9253,False,-0.2558077193999668,supported
0.5-1,9254,False,-0.30013933576074586,supported
0.5-1,9255,False,-0.3128884844925899,supported
0.5-1,9256,False,-0.26759967465284346,supported
0.5-1,9257,False,-0.3038437700138759,supported
0.5-1,9258,False,-0.31338822127282756,supported
0.5-1,9259,False,-0.30743011179108704,supported
0.5-1,9260,False,-0.27978713798678717,supported
0.5-1,9261,False,-0.17728609312611887,supported
0.5-1,9262,False,-0.2759996524011395,supported
0.5-1,9263,False,-0.19358855249751677,supported
0.5-1,9264,False,-0.3116172170966814,supported
0.5-1,9265,False,-0.30208105988063344,supported
0.5-1,9266,False,-0.31273421746684654,supported
0.5-1,9267,False,-0.31490802320681743,supported
0.5-1,9268,False,-0.31647628800584926,supported
0.5-1,9269,False,-0.3001720196086521,supported
0.5-1,9270,False,-0.304440209226658,supported
0.5-1,9271,False,-0.30971469470619867,supported
0.5-1,9272,False,-0.28743521285024354,supported
0.5-1,9273,True,0.009389382484002562,high
0.5-1,9274,False,-0.2763530075427574,supported
0.5-1,9275,False,-0.18830416285056878,supported
0.5-1,9276,False,-0.3140026611407697,supported
0.5-1,9277,False,-0.2463958857394829,supported
0.5-1,9278,False,-0.31642039236450814,supported
0.5-1,9279,False,-0.31141313380756475,supported
0.5-1,9280,False,-0.27661069661929527,supported
0.5-1,9281,False,-0.3051648671291899,supported
0.5-1,9282,False,-0.3069345267455065,supported
0.5-1,9283,False,-0.29786241074945313,supported
0.5-1,9284,False,-0.2633805045938426,supported
0.5-1,9285,False,-0.24322457615128568,supported
0.5-1,9286,False,-0.20634572266113016,supported
0.5-1,9287,False,-0.13764073012577227,supported
0.5-1,9288,False,-0.29834158327962335,supported
0.5-1,9289,False,-0.2987655397406768,supported
0.5-1,9290,False,-0.3060991144289325,supported
0.5-1,9291,False,-0.3007861875548097,supported
0.5-1,9292,False,-0.29493145210078886,supported
0.5-1,9293,False,-0.26217516694512827,supported
0.5-1,9294,False,-0.3030761391528625,supported
0.5-1,9295,False,-0.31915978553183366,supported
0.5-1,9296,False,-0.2976281342386818,supported
0.5-1,9297,False,-0.29322751374659284,supported
0.5-1,9298,False,-0.27664098738077647,supported
0.5-1,9299,False,-0.14092073456732068,supported
0.5-1,9300,False,-0.21904744260042325,supported
0.5-1,9301,False,-0.16449437903820374,supported
0.5-1,9302,False,-0.29596023025606805,supported
0.5-1,9303,True,0.0012071506631808893,high
0.5-1,9304,False,-0.27234691291212626,supported
0.5-1,9305,False,-0.230841635193956,supported
0.5-1,9306,False,-0.3039737135885174,supported
0.5-1,9307,False,-0.22926098295626707,supported
0.5-1,9308,False,-0.25294237488227145,supported
0.5-1,9309,False,-0.16473030882061368,supported
0.5-1,9310,False,-0.22415870160484852,supported
0.5-1,9311,False,-0.1584729479646425,supported
0.5-1,9312,False,-0.21474829174521998,supported
0.5-1,9313,False,-0.2939377636305624,supported
0.5-1,9314,False,-0.283003260170948,supported
0.5-1,9315,False,-0.31175646034946397,supported
0.5-1,9316,False,-0.14715797447604895,watch
0.5-1,9317,False,-0.2259257198692523,supported
0.5-1,9318,False,-0.2838005624255191,supported
0.5-1,9319,False,-0.2268764652160079,supported
0.5-1,9320,False,-0.05276767649894476,watch
0.5-1,9321,False,-0.27159602350156625,supported
0.5-1,9322,False,-0.24988948202287536,supported
0.5-1,9323,False,-0.17401835091234397,supported
0.5-1,9324,False,-0.20315361696905476,supported
0.5-1,9325,False,-0.15581300174031687,supported
0.5-1,9326,False,-0.24862900113268677,supported
0.5-1,9327,False,-0.2640450345936767,supported
0.5-1,9328,False,-0.20966845163104453,supported
0.5-1,9329,False,-0.014083365596447961,moderate
0.5-1,9330,False,-0.2826935277279943,supported
0.5-1,9331,False,-0.17901207062157498,watch
0.5-1,9332,False,-0.21378453371268374,supported
0.5-1,9333,False,-0.1536069674307452,supported
0.5-1,9334,False,-0.17289928078600048,supported
0.5-1,9335,False,-0.1684510678266814,supported
0.5-1,9336,False,-0.1891544714715626,supported
0.5-1,9337,False,-0.2602884372506895,supported
0.5-1,9338,False,-0.2081348776478425,supported
0.5-1,9339,False,-0.22409450746113813,supported
0.5-1,9340,False,-0.20768002991048473,supported
0.5-1,9341,False,-0.2108247770557493,supported
0.5-1,9342,False,-0.24330247939631633,supported
0.5-1,9343,False,-0.22052211578359698,supported
0.5-1,9344,False,-0.20646984105735056,supported
0.5-1,9345,False,-0.2396443999587471,supported
0.5-1,9346,False,-0.19845197734293263,supported
0.5-1,9347,False,-0.14888487076339063,supported
0.5-1,9348,False,-0.18942747899603823,supported
0.5-1,9349,False,-0.18025062501554734,supported
0.5-1,9350,False,-0.1930080036747639,supported
0.5-1,9351,False,-0.19715996902982375,supported
0.5-1,9352,False,-0.18259123217880824,supported
0.5-1,9353,False,-0.2054543947816999,supported
0.5-1,9354,False,-0.18754280587863187,supported
0.5-1,9355,False,-0.17883021714948721,supported
0.5-1,9356,False,-0.14069761804085856,supported
0.5-1,9357,False,-0.13523359300777515,supported
0.5-1,9358,False,-0.113143930341848,supported
0.5-1,9359,False,-0.16016129311081628,supported
0.5-1,9360,False,-0.20057487421399006,supported
0.5-1,9361,False,-0.17922250568055298,supported
0.5-1,9362,False,-0.20690323725309578,supported
0.5-1,9363,False,-0.17490887205913352,supported
0.5-1,9364,False,-0.14137239199722096,supported
0.5-1,9365,False,-0.1678950242576639,supported
0.5-1,9366,False,-0.15853365800730446,supported
0.5-1,9367,False,-0.14605439871787118,supported
0.5-1,9368,False,-0.215950832394478,supported
0.5-1,9369,False,-0.14472099493170743,supported
0.5-1,9370,False,-0.2094741504794515,supported
0.5-1,9371,False,-0.221201034459183,supported
0.5-1,9372,False,-0.21566194037677416,supported
0.5-1,9373,False,-0.18096956148578958,supported
0.5-1,9374,False,-0.16669466335295735,supported
0.5-1,9375,False,-0.1614136131942605,supported
0.5-1,9376,False,-0.18498751146411363,supported
0.5-1,9377,False,-0.13630116715493767,supported
0.5-1,9378,False,-0.10558938390584949,supported
0.5-1,9379,False,-0.20529098172571086,supported
0.5-1,9380,False,-0.12389900469849513,supported
0.5-1,9381,False,-0.19000211261714972,supported
0.5-1,9382,False,-0.17431414229652498,supported
0.5-1,9383,False,-0.18592948829627476,supported
0.5-1,9384,False,-0.06461178013243263,watch
0.5-1,9385,False,-0.2645215898153647,supported
0.5-1,9386,False,-0.20470813749410877,supported
0.5-1,9387,False,-0.24659243470344017,supported
0.5-1,9388,False,-0.1768148186899846,supported
0.5-1,9389,False,-0.3072803284788006,supported
0.5-1,9390,False,-0.1991904540329793,supported
0.5-1,9391,False,-0.29269651971289135,supported
0.5-1,9392,False,-0.29259291520812875,supported
0.5-1,9393,False,-0.30104410611718035,supported
0.5-1,9394,False,-0.17536119791859295,supported
0.5-1,9395,False,-0.13699691554730498,supported
0.5-1,9396,False,-0.29875306103829297,supported
0.5-1,9397,False,-0.24380301574602947,supported
0.5-1,9398,False,-0.07393303165595388,supported
0.5-1,9399,False,-0.24728560780207431,supported
0.5-1,9400,False,-0.287187787809057,supported
0.5-1,9401,False,-0.26675836885911147,supported
0.5-1,9402,False,-0.13972879983406727,supported
0.5-1,9403,False,-0.3147837051562835,supported
0.5-1,9404,False,-0.23989846009788546,supported
0.5-1,9405,False,-0.1714322972926161,supported
0.5-1,9406,False,-0.3070547801198186,supported
0.5-1,9407,False,-0.22682630342441146,supported
0.5-1,9408,False,-0.26820810929958744,supported
0.5-1,9409,False,-0.27751790201972526,supported
0.5-1,9410,False,-0.26336141426986676,supported
0.5-1,9411,False,-0.27114180636185536,supported
0.5-1,9412,False,-0.30804614254635015,supported
0.5-1,9413,False,-0.3097181052833121,supported
0.5-1,9414,False,-0.3048331109097223,supported
0.5-1,9415,False,-0.3044285800549495,supported
0.5-1,9416,False,-0.2826248436700024,supported
0.5-1,9417,False,-0.317524487323653,supported
0.5-1,9418,False,-0.09207538140582927,supported
0.5-1,9419,False,-0.3127935959482663,supported
0.5-1,9420,False,-0.2870087701605837,supported
0.5-1,9421,False,-0.31712127934031403,supported
0.5-1,9422,False,-0.20033755932808056,supported
0.5-1,9423,False,-0.274775770980403,supported
0.5-1,9424,False,-0.2945671593679532,supported
0.5-1,9425,False,-0.2744269767171673,supported
0.5-1,9426,False,-0.26125091385335397,supported
0.5-1,9427,False,-0.30760187885260104,supported
0.5-1,9428,False,-0.2647316768402504,supported
0.5-1,9429,False,-0.3054861725467161,supported
0.5-1,9430,False,-0.3109207271391172,supported
0.5-1,9431,False,-0.30861657045635993,supported
0.5-1,9432,False,-0.24471524581941934,supported
0.5-1,9433,False,-0.24216490821642406,supported
0.5-1,9434,False,-0.2666363623894972,supported
0.5-1,9435,False,-0.2672356163938135,supported
0.5-1,9436,False,-0.30242664011389786,supported
0.5-1,9437,False,-0.31043150504334405,supported
0.5-1,9438,False,-0.3123472450563152,supported
0.5-1,9439,False,-0.3093092088697849,supported
0.5-1,9440,False,-0.3131966718252794,supported
0.5-1,9441,False,-0.29706677328200776,supported
0.5-1,9442,False,-0.3084124386805363,supported
0.5-1,9443,False,-0.2923591236607007,supported
0.5-1,9444,False,-0.07760440621989073,supported
0.5-1,9445,False,-0.3183949029875915,supported
0.5-1,9446,False,-0.2709981522418269,supported
0.5-1,9447,False,-0.2652034721821156,supported
0.5-1,9448,False,-0.31018072814442865,supported
0.5-1,9449,False,-0.26958228187821864,supported
0.5-1,9450,False,-0.03287949763030085,supported
0.5-1,9451,False,-0.3025615514523522,supported
0.5-1,9452,False,-0.2741572985546005,supported
0.5-1,9453,False,-0.2989566769494037,supported
0.5-1,9454,False,-0.30851084216948094,supported
0.5-1,9455,False,-0.3105557530308926,supported
0.5-1,9456,False,-0.26048083952868406,supported
0.5-1,9457,False,-0.07154619642376692,watch
0.5-1,9458,False,-0.26679385444656184,supported
0.5-1,9459,False,-0.24562142553665944,supported
0.5-1,9460,False,-0.30109605020645663,supported
0.5-1,9461,False,-0.30607083016084413,supported
0.5-1,9462,False,-0.30634926230956266,supported
0.5-1,9463,False,-0.30655248277233077,supported
0.5-1,9464,False,-0.3124932561802305,supported
0.5-1,9465,False,-0.30587225747442465,supported
0.5-1,9466,False,-0.3178497894870759,supported
0.5-1,9467,False,-0.3161742838248979,supported
0.5-1,9468,False,-0.29188777155594536,supported
0.5-1,9469,False,-0.3022182846713256,supported
0.5-1,9470,False,-0.2673134198812042,supported
0.5-1,9471,False,-0.2683793230737142,supported
0.5-1,9472,False,-0.3208210453122062,supported
0.5-1,9473,False,-0.23169749680756446,supported
0.5-1,9474,False,-0.32162950085853975,supported
0.5-1,9475,False,-0.31311499406833804,supported
0.5-1,9476,False,-0.2782124248971676,supported
0.5-1,9477,False,-0.3037166077523443,supported
0.5-1,9478,False,-0.30523066495415146,supported
0.5-1,9479,False,-0.2957373920012162,supported
0.5-1,9480,False,-0.2516535884571312,supported
0.5-1,9481,False,-0.00898440642869447,watch
0.5-1,9482,False,-0.27562522345167834,supported
0.5-1,9483,False,-0.19532065806658538,supported
0.5-1,9484,False,-0.2993876406549898,supported
0.5-1,9485,False,-0.3108996435477452,supported
0.5-1,9486,False,-0.2968475967782531,supported
0.5-1,9487,False,-0.31085707676998015,supported
0.5-1,9488,False,-0.2993023270070948,supported
0.5-1,9489,False,-0.28612640036392933,supported
0.5-1,9490,False,-0.2973411400967714,supported
0.5-1,9491,False,-0.31410569987033493,supported
0.5-1,9492,False,-0.31941076480688413,supported
0.5-1,9493,False,-0.2869088389626818,supported
0.5-1,9494,False,-0.27965020759419446,supported
0.5-1,9495,False,-0.12988661281630376,supported
0.5-1,9496,False,-0.3036909071511046,supported
0.5-1,9497,False,-0.24429265423452245,supported
0.5-1,9498,False,-0.055117678538421866,supported
0.5-1,9499,False,-0.3099621638128927,supported
0.5-1,9500,False,-0.27061608794296554,supported
0.5-1,9501,False,-0.29017756533427824,supported
0.5-1,9502,False,-0.3052389726963247,supported
0.5-1,9503,False,-0.30375044822223757,supported
0.5-1,9504,False,-0.2684206254053238,supported
0.5-1,9505,False,-0.09829726516438364,supported
0.5-1,9506,False,-0.2656466234270596,supported
0.5-1,9507,False,-0.14318071036313607,supported
0.5-1,9508,False,-0.2818008319661613,supported
0.5-1,9509,False,-0.3022846801012644,supported
0.5-1,9510,False,-0.26472036722502873,supported
0.5-1,9511,False,-0.2935180104366603,supported
0.5-1,9512,False,-0.31294651485544267,supported
0.5-1,9513,False,-0.2695400674203452,supported
0.5-1,9514,False,-0.30030640988200846,supported
0.5-1,9515,False,-0.2834094344208462,supported
0.5-1,9516,False,-0.3020551112419266,supported
0.5-1,9517,False,-0.2721143548682641,supported
0.5-1,9518,False,-0.27123173351860214,supported
0.5-1,9519,False,-0.21209737719698735,supported
0.5-1,9520,False,-0.2444939998900449,supported
0.5-1,9521,False,-0.17596349117673749,supported
0.5-1,9522,False,-0.2802844611601177,supported
0.5-1,9523,False,-0.29436251015541737,supported
0.5-1,9524,False,-0.2647362905025824,supported
0.5-1,9525,False,-0.2776173080940646,supported
0.5-1,9526,False,-0.278470997519236,supported
0.5-1,9527,False,-0.29672120690267884,supported
0.5-1,9528,False,-0.2512511127117544,supported
0.5-1,9529,False,-0.0798038437898605,watch
0.5-1,9530,False,-0.16740672761345843,supported
0.5-1,9531,False,-0.15260989218118393,supported
0.5-1,9532,False,-0.28114317930256194,supported
0.5-1,9533,False,-0.29065701841851593,supported
0.5-1,9534,False,-0.19555787551188647,supported
0.5-1,9535,False,-0.2779832124952373,supported
0.5-1,9536,False,-0.20380250992865273,supported
0.5-1,9537,False,-0.23924919205026257,supported
0.5-1,9538,False,-0.27537058036344747,supported
0.5-1,9539,False,-0.20057823579694162,supported
0.5-1,9540,False,-0.300371588034083,supported
0.5-1,9541,False,-0.24282949976737006,supported
0.5-1,9542,False,-0.25474606703629554,supported
0.5-1,9543,False,-0.142302716652002,supported
0.5-1,9544,False,-0.20060753126101372,supported
0.5-1,9545,False,-0.1559326922999591,supported
0.5-1,9546,False,-0.26492135000163686,supported
0.5-1,9547,False,-0.2750180300949732,supported
0.5-1,9548,False,-0.24123057779994578,supported
0.5-1,9549,False,-0.18122372152854116,supported
0.5-1,9550,False,-0.2659140948459404,supported
0.5-1,9551,False,-0.2191832540928627,supported
0.5-1,9552,False,-0.1924252396804751,supported
0.5-1,9553,False,-0.16829373472457543,supported
0.5-1,9554,False,-0.1365940278643154,supported
0.5-1,9555,False,-0.15995621197063115,supported
0.5-1,9556,False,-0.19874650617805262,supported
0.5-1,9557,False,-0.23978551085584932,supported
0.5-1,9558,False,-0.2065416679937339,supported
0.5-1,9559,False,-0.248202270944346,supported
0.5-1,9560,False,-0.18013018838436057,supported
0.5-1,9561,False,-0.12279074057736095,supported
0.5-1,9562,False,-0.23772995588817092,supported
0.5-1,9563,False,-0.20508428152607827,supported
0.5-1,9564,False,-0.17926558023896588,supported
0.5-1,9565,False,-0.21803940910073932,supported
0.5-1,9566,False,-0.2185653123094191,supported
0.5-1,9567,False,-0.16829597543205066,supported
0.5-1,9568,False,-0.20263959922331648,supported
0.5-1,9569,False,-0.17179441355056246,supported
0.5-1,9570,False,-0.20776797324425084,supported
0.5-1,9571,False,-0.1923043910089519,supported
0.5-1,9572,False,-0.15132063408620922,supported
0.5-1,9573,False,-0.19870597486318764,supported
0.5-1,9574,False,-0.2319544926368285,supported
0.5-1,9575,False,-0.20012271332232784,supported
0.5-1,9576,False,-0.16510343829642093,supported
0.5-1,9577,False,-0.10539611124604842,supported
0.5-1,9578,False,-0.08015272416068886,supported
0.5-1,9579,False,-0.1760302816308641,supported
0.5-1,9580,False,-0.20132221846588583,supported
0.5-1,9581,False,-0.19138510885170706,supported
0.5-1,9582,False,-0.20394865598136125,supported
0.5-1,9583,False,-0.170045145130428,supported
0.5-1,9584,False,-0.14702458352949876,supported
0.5-1,9585,False,-0.1662104803151988,supported
0.5-1,9586,False,-0.1604684657281611,supported
0.5-1,9587,False,-0.13785095477392428,supported
0.5-1,9588,False,-0.217707357964376,supported
0.5-1,9589,False,-0.17276197489732636,supported
0.5-1,9590,False,-0.20232048085940557,supported
0.5-1,9591,False,-0.21205179080691983,supported
0.5-1,9592,False,-0.21463549699617013,supported
0.5-1,9593,False,-0.1836976427992335,supported
0.5-1,9594,False,-0.13834516460290935,supported
0.5-1,9595,False,-0.17657757598524626,supported
0.5-1,9596,False,-0.21345224092391324,supported
0.5-1,9597,False,-0.11537261781864927,supported
0.5-1,9598,False,-0.16384225458764767,supported
0.5-1,9599,False,-0.18241644767294962,supported
0.5-1,9600,False,-0.12894689059587428,supported
0.5-1,9601,False,-0.1869111591672153,supported
0.5-1,9602,False,-0.18400756241074723,supported
0.5-1,9603,False,-0.19314688344799724,supported
0.5-1,9604,False,-0.2561084593960996,supported
0.5-1,9605,False,-0.26220985010990805,supported
0.5-1,9606,False,-0.19789507380273197,supported
0.5-1,9607,False,-0.2417359547792295,supported
0.5-1,9608,False,-0.0772830071274827,watch
0.5-1,9609,False,-0.28487575074406946,supported
0.5-1,9610,False,-0.08920813846608955,watch
0.5-1,9611,False,-0.29195823300968204,supported
0.5-1,9612,False,-0.24038188385004372,supported
0.5-1,9613,False,-0.30175968881533594,supported
0.5-1,9614,False,-0.28326959003827246,supported
0.5-1,9615,False,-0.28864039876873077,supported
0.5-1,9616,False,-0.03853990122729167,supported
0.5-1,9617,False,-0.30184866547833195,supported
0.5-1,9618,False,-0.1965643133469025,supported
0.5-1,9619,False,-0.2503146416738296,supported
0.5-1,9620,False,-0.2897623638502551,supported
0.5-1,9621,False,-0.2704482889879663,supported
0.5-1,9622,False,-0.3109579629339053,supported
0.5-1,9623,False,-0.31331724177124654,supported
0.5-1,9624,False,-0.19075079152284513,supported
0.5-1,9625,False,-0.20335883934013627,supported
0.5-1,9626,False,-0.30208135536134695,supported
0.5-1,9627,False,-0.2753037694690062,supported
0.5-1,9628,False,-0.27922407152491957,supported
0.5-1,9629,False,-0.2765109562536744,supported
0.5-1,9630,False,-0.274790754766432,supported
0.5-1,9631,False,-0.2664605893026846,supported
0.5-1,9632,False,-0.31008787666324206,supported
0.5-1,9633,False,-0.30445332866382824,supported
0.5-1,9634,False,-0.30342141905281106,supported
0.5-1,9635,False,-0.31404154916693516,supported
0.5-1,9636,False,-0.31377870575974015,supported
0.5-1,9637,False,-0.3059581692994196,supported
0.5-1,9638,False,-0.31789192102433333,supported
0.5-1,9639,False,-0.30296403156106666,supported
0.5-1,9640,False,-0.2737158812906091,supported
0.5-1,9641,False,-0.31934029608256714,supported
0.5-1,9642,False,-0.23874694281876208,supported
0.5-1,9643,False,-0.2730203408140456,supported
0.5-1,9644,False,-0.3089263695826306,supported
0.5-1,9645,False,-0.24571551679011178,supported
0.5-1,9646,False,-0.3180865701389844,supported
0.5-1,9647,False,-0.3120645822419792,supported
0.5-1,9648,False,-0.24945105586927735,supported
0.5-1,9649,False,-0.3044138687715414,supported
0.5-1,9650,False,-0.30291581306373866,supported
0.5-1,9651,False,-0.2970960198182899,supported
0.5-1,9652,False,-0.2677999551337106,supported
0.5-1,9653,False,-0.2656397809026055,supported
0.5-1,9654,False,-0.2593330413593776,supported
0.5-1,9655,False,-0.2590009105897093,supported
0.5-1,9656,False,-0.3119051717234192,supported
0.5-1,9657,False,-0.31182891849764555,supported
0.5-1,9658,False,-0.3053652162209029,supported
0.5-1,9659,False,-0.31385055531957573,supported
0.5-1,9660,False,-0.3102599338465408,supported
0.5-1,9661,False,-0.3210675612118764,supported
0.5-1,9662,False,-0.3147706209983294,supported
0.5-1,9663,False,-0.0035312164701478688,moderate
0.5-1,9664,False,-0.3174220183161913,supported
0.5-1,9665,False,-0.31114632047334306,supported
0.5-1,9666,False,-0.26131991412405053,supported
0.5-1,9667,False,-0.23244932424040876,supported
0.5-1,9668,False,-0.31373372492353985,supported
0.5-1,9669,False,-0.2571885453978791,supported
0.5-1,9670,False,-0.3213104047761132,supported
0.5-1,9671,False,-0.31110599095844393,supported
0.5-1,9672,False,-0.24528407046237782,supported
0.5-1,9673,False,-0.30064788484757027,supported
0.5-1,9674,False,-0.3108844368145619,supported
0.5-1,9675,False,-0.31007832048590966,supported
0.5-1,9676,False,-0.2760396193216542,supported
0.5-1,9677,False,-0.2268854831229129,supported
0.5-1,9678,False,-0.2549019651551672,supported
0.5-1,9679,False,-0.2576555058894344,supported
0.5-1,9680,False,-0.31404297519378777,supported
0.5-1,9681,False,-0.3080026011807726,supported
0.5-1,9682,False,-0.3071982427616185,supported
0.5-1,9683,False,-0.314662882665677,supported
0.5-1,9684,False,-0.3098284515121614,supported
0.5-1,9685,False,-0.3122515821771704,supported
0.5-1,9686,False,-0.3090793855354798,supported
0.5-1,9687,False,-0.3102371615496324,supported
0.5-1,9688,False,-0.30132163557687414,supported
0.5-1,9689,False,-0.3172959833539784,supported
0.5-1,9690,False,-0.27359263277765244,supported
0.5-1,9691,False,-0.199604001928677,supported
0.5-1,9692,False,-0.3194634820516296,supported
0.5-1,9693,False,-0.17867815296804712,supported
0.5-1,9694,False,-0.04531110241306957,supported
0.5-1,9695,False,-0.3046619985149451,supported
0.5-1,9696,False,-0.273994012407897,supported
0.5-1,9697,False,-0.3158671716539008,supported
0.5-1,9698,False,-0.3100358247491708,supported
0.5-1,9699,False,-0.28687585043039204,supported
0.5-1,9700,False,-0.27953679498948547,supported
0.5-1,9701,False,-0.2270415506595519,supported
0.5-1,9702,False,-0.2706914467588211,supported
0.5-1,9703,False,-0.24626164815232132,supported
0.5-1,9704,False,-0.304866496462894,supported
0.5-1,9705,False,-0.30271677028714894,supported
0.5-1,9706,False,-0.28360965430005614,supported
0.5-1,9707,False,-0.30972962680223587,supported
0.5-1,9708,False,-0.3147960660406778,supported
0.5-1,9709,False,-0.007213773419202818,supported
0.5-1,9710,False,-0.30157410077892116,supported
0.5-1,9711,False,-0.05246080965901867,watch
0.5-1,9712,False,-0.01807149562458199,moderate
0.5-1,9713,False,-0.31087258000811746,supported
0.5-1,9714,False,-0.2721889440600078,supported
0.5-1,9715,False,-0.25975908903283895,supported
0.5-1,9716,False,-0.31276843041899255,supported
0.5-1,9717,False,-0.16074701583209905,supported
0.5-1,9718,False,-0.31517054066542555,supported
0.5-1,9719,False,-0.29491416390305,supported
0.5-1,9720,False,-0.2745025216474417,supported
0.5-1,9721,False,-0.2989839558353649,supported
0.5-1,9722,False,-0.2817556327047412,supported
0.5-1,9723,False,-0.3111657814134029,supported
0.5-1,9724,False,-0.2695432596884445,supported
0.5-1,9725,False,-0.16170068759823142,supported
0.5-1,9726,False,-0.2571025673600142,supported
0.5-1,9727,False,-0.13103422275668497,supported
0.5-1,9728,False,-0.2873928695538275,supported
0.5-1,9729,False,-0.2907313949016572,supported
0.5-1,9730,False,-0.2946434525838879,supported
0.5-1,9731,False,-0.2955024508876587,supported
0.5-1,9732,False,-0.2994700267938865,supported
0.5-1,9733,False,-0.25624153331107025,supported
0.5-1,9734,False,-0.278963980803129,supported
0.5-1,9735,False,-0.030855494611473522,moderate
0.5-1,9736,False,-0.30644861696589654,supported
0.5-1,9737,False,-0.2715731980260233,supported
0.5-1,9738,False,-0.2536266803951558,supported
0.5-1,9739,False,-0.16352161789636044,supported
0.5-1,9740,False,-0.3100986386455427,supported
0.5-1,9741,False,-0.1974406600187381,supported
0.5-1,9742,False,-0.2682641881408239,supported
0.5-1,9743,False,-0.2811341303669276,supported
0.5-1,9744,False,-0.26732729007764705,supported
0.5-1,9745,False,-0.2774529664684433,supported
0.5-1,9746,False,-0.2600637483089314,supported
0.5-1,9747,False,-0.24093666881091175,supported
0.5-1,9748,False,-0.25042620000633,supported
0.5-1,9749,False,-0.1597190792003832,supported
0.5-1,9750,False,-0.20517833237464772,supported
0.5-1,9751,False,-0.15347996145747334,supported
0.5-1,9752,False,-0.24844640106847687,supported
0.5-1,9753,False,-0.2511205783827707,supported
0.5-1,9754,False,-0.19060811103237318,supported
0.5-1,9755,False,-0.270939497269333,supported
0.5-1,9756,False,-0.24351770739263778,supported
0.5-1,9757,False,-0.2048611892983307,supported
0.5-1,9758,False,-0.22690751320030722,supported
0.5-1,9759,False,-0.17959621214656885,supported
0.5-1,9760,False,-0.13157582408627488,supported
0.5-1,9761,False,-0.23678864559077678,supported
0.5-1,9762,False,-0.24394662332097655,supported
0.5-1,9763,False,-0.16453020802448592,supported
0.5-1,9764,False,-0.20259939292198248,supported
0.5-1,9765,False,-0.1575527439635982,supported
0.5-1,9766,False,-0.2566190862237382,supported
0.5-1,9767,False,-0.2592059904692007,supported
0.5-1,9768,False,-0.2306316179567025,supported
0.5-1,9769,False,-0.21042218192422446,supported
0.5-1,9770,False,-0.2675663101172323,supported
0.5-1,9771,False,-0.19460705042837706,supported
0.5-1,9772,False,-0.20381721632326538,supported
0.5-1,9773,False,-0.17213220800149687,supported
0.5-1,9774,False,-0.14597407695489129,supported
0.5-1,9775,False,-0.17633033561410338,supported
0.5-1,9776,False,-0.21050227284623169,supported
0.5-1,9777,False,-0.21841288380584023,supported
0.5-1,9778,False,-0.039691600227400814,watch
0.5-1,9779,False,-0.27215209383608957,supported
0.5-1,9780,False,-0.21585116633220947,supported
0.5-1,9781,False,-0.22005790901860645,supported
0.5-1,9782,False,-0.2310452910056514,supported
0.5-1,9783,False,-0.2161050671924184,supported
0.5-1,9784,False,-0.18036402513099892,supported
0.5-1,9785,False,-0.20826295869134148,supported
0.5-1,9786,False,-0.2163640918580047,supported
0.5-1,9787,False,-0.15004344652522938,supported
0.5-1,9788,False,-0.20897513050397837,supported
0.5-1,9789,False,-0.17833490753491488,supported
0.5-1,9790,False,-0.18612214976323033,supported
0.5-1,9791,False,-0.21915251955512655,supported
0.5-1,9792,False,-0.1934051661348024,supported
0.5-1,9793,False,-0.20824510401672347,supported
0.5-1,9794,False,-0.19515785253544626,supported
0.5-1,9795,False,-0.20902884063825344,supported
0.5-1,9796,False,-0.1060551491825441,supported
0.5-1,9797,False,-0.14974816540103353,supported
0.5-1,9798,False,-0.08750783022084296,supported
0.5-1,9799,False,-0.17807161755573364,supported
0.5-1,9800,False,-0.19420864290397694,supported
0.5-1,9801,False,-0.1365203089181194,supported
0.5-1,9802,False,-0.20061926841904748,supported
0.5-1,9803,False,-0.1574539400458037,supported
0.5-1,9804,False,-0.14249423920508641,supported
0.5-1,9805,False,-0.1622356932002641,supported
0.5-1,9806,False,-0.16105478096259118,supported
0.5-1,9807,False,-0.1423846076020442,supported
0.5-1,9808,False,-0.21906241623485462,supported
0.5-1,9809,False,-0.1630459658137693,supported
0.5-1,9810,False,-0.19339544028944133,supported
0.5-1,9811,False,-0.21450265528097656,supported
0.5-1,9812,False,-0.2105484634629587,supported
0.5-1,9813,False,-0.1920015075172294,supported
0.5-1,9814,False,-0.1421885599154904,supported
0.5-1,9815,False,-0.16695053230663248,supported
0.5-1,9816,False,-0.2112728385100181,supported
0.5-1,9817,False,-0.13640490454909582,supported
0.5-1,9818,False,-0.15963744903932198,supported
0.5-1,9819,False,-0.12558305973246053,supported
0.5-1,9820,False,-0.11367322265643298,supported
0.5-1,9821,False,-0.20071662328037343,supported
0.5-1,9822,False,-0.1447143017945529,supported
0.5-1,9823,False,-0.19495072422450105,supported
0.5-1,9824,False,-0.24649465507291873,supported
0.5-1,9825,False,-0.26359021680233696,supported
0.5-1,9826,False,-0.07577345345059261,supported
0.5-1,9827,False,-0.03272488348028546,supported
0.5-1,9828,False,-0.05693831512646208,moderate
0.5-1,9829,False,-0.0954999942007474,supported
0.5-1,9830,False,-0.14168624157340415,supported
0.5-1,9831,False,-0.29393538053324153,supported
0.5-1,9832,False,-0.29363491200893455,supported
0.5-1,9833,False,-0.28080163426748733,supported
0.5-1,9834,False,-0.0888564270102502,supported
0.5-1,9835,False,-0.2527068329390233,supported
0.5-1,9836,True,0.012001848045380403,moderate
0.5-1,9837,True,0.003846780568760755,moderate
0.5-1,9838,True,0.0022306575915913562,moderate
0.5-1,9839,True,0.010627046864042144,moderate
0.5-1,9840,False,-0.2890364846818789,supported
0.5-1,9841,False,-0.30204927793351766,supported
0.5-1,9842,False,-0.10834510297268529,supported
0.5-1,9843,False,-0.25300019447634475,supported
0.5-1,9844,False,-0.2977374661266513,supported
0.5-1,9845,False,-0.03701305242783781,supported
0.5-1,9846,False,-0.2674669393045946,supported
0.5-1,9847,False,-0.3140839179840198,supported
0.5-1,9848,False,-0.26956178431662314,supported
0.5-1,9849,False,-0.2967780644779456,supported
0.5-1,9850,False,-0.06437714662201754,supported
0.5-1,9851,False,-0.14803668682819227,supported
0.5-1,9852,False,-0.27397189280813317,supported
0.5-1,9853,False,-0.2598992312234017,supported
0.5-1,9854,False,-0.0739689545823865,supported
0.5-1,9855,False,-0.02835658701330679,supported
0.5-1,9856,False,-0.2985599319781579,supported
0.5-1,9857,False,-0.050477526577827,supported
0.5-1,9858,False,-0.14007591473841752,supported
0.5-1,9859,False,-0.30495441599195855,supported
0.5-1,9860,False,-0.3058623821669155,supported
0.5-1,9861,False,-0.27059266414185656,supported
0.5-1,9862,False,-0.252973197780652,supported
0.5-1,9863,False,-0.31111918531355093,supported
0.5-1,9864,True,0.014116530490587031,high
0.5-1,9865,True,0.01267221084009551,moderate
0.5-1,9866,True,0.012034492335636138,moderate
0.5-1,9867,True,0.013099012104354824,moderate
0.5-1,9868,False,-0.24157419994847806,supported
0.5-1,9869,False,-0.28432324577151064,supported
0.5-1,9870,False,-0.05562098008813077,supported
0.5-1,9871,False,-0.2756537740729366,supported
0.5-1,9872,False,-0.3224410373285163,supported
0.5-1,9873,False,-0.042516435083578386,supported
0.5-1,9874,False,-0.31759084933069354,supported
0.5-1,9875,False,-0.3087011091427131,supported
0.5-1,9876,False,-0.24877603164897744,supported
0.5-1,9877,False,-0.3137627681474181,supported
0.5-1,9878,False,-0.045154930084085,supported
0.5-1,9879,False,-0.1301873792687005,supported
0.5-1,9880,False,-0.26856818119847453,supported
0.5-1,9881,False,-0.2533779121974074,supported
0.5-1,9882,False,-0.044790420650016816,supported
0.5-1,9883,False,-0.050201215191728155,supported
0.5-1,9884,False,-0.29377970176060864,supported
0.5-1,9885,False,-0.057574375017938495,supported
0.5-1,9886,False,-0.07213648206287482,supported
0.5-1,9887,False,-0.2968193081562447,supported
0.5-1,9888,False,-0.317184681423563,supported
0.5-1,9889,False,-0.31506919253172555,supported
0.5-1,9890,False,-0.3099847801594483,supported
0.5-1,9891,False,-0.32003086100542427,supported
0.5-1,9892,True,0.01205299960399664,high
0.5-1,9893,True,0.012497645939948843,high
0.5-1,9894,True,0.015347883969149767,high
0.5-1,9895,True,0.013414377815383682,moderate
0.5-1,9896,False,-0.3201151641369643,supported
0.5-1,9897,False,-0.25251915226172306,supported
0.5-1,9898,False,-0.058838095539736734,supported
0.5-1,9899,False,-0.239959219036252,supported
0.5-1,9900,False,-0.3148091906271337,supported
0.5-1,9901,False,-0.09324882311990801,supported
0.5-1,9902,False,-0.30746305081813413,supported
0.5-1,9903,False,-0.3133674033929497,supported
0.5-1,9904,False,-0.24938163716180095,supported
0.5-1,9905,False,-0.30185077168520025,supported
0.5-1,9906,False,-0.0709028082256693,supported
0.5-1,9907,False,-0.1595966408882793,supported
0.5-1,9908,False,-0.27887127741819717,supported
0.5-1,9909,False,-0.08513119219802412,supported
0.5-1,9910,False,-0.04955685509273822,supported
0.5-1,9911,False,-0.06396260334843096,supported
0.5-1,9912,False,-0.258049071868863,supported
0.5-1,9913,False,-0.05487615725623207,supported
0.5-1,9914,False,-0.156252477444229,supported
0.5-1,9915,False,-0.3136042709474737,supported
0.5-1,9916,False,-0.29073859833236554,supported
0.5-1,9917,False,-0.24965714532155464,supported
0.5-1,9918,False,-0.31914397337164807,supported
0.5-1,9919,False,-0.28893641331030595,supported
0.5-1,9920,True,0.0069886318816119175,moderate
0.5-1,9921,True,0.00667351104983982,moderate
0.5-1,9922,True,0.01419535461327115,moderate
0.5-1,9923,True,0.011491695078739816,moderate
0.5-1,9924,False,-0.3111687609025188,supported
0.5-1,9925,False,-0.3150551540754488,supported
0.5-1,9926,False,-0.053265028123677394,supported
0.5-1,9927,False,-0.24108490058173804,supported
0.5-1,9928,False,-0.29747993897910185,supported
0.5-1,9929,False,-0.07120103920965737,supported
0.5-1,9930,False,-0.3199609065849107,supported
0.5-1,9931,False,-0.3115400257645994,supported
0.5-1,9932,False,-0.26284286057338996,supported
0.5-1,9933,False,-0.3065195406937303,supported
0.5-1,9934,False,-0.058032333497514466,supported
0.5-1,9935,False,-0.18831147729511827,supported
0.5-1,9936,False,-0.26193969715270116,supported
0.5-1,9937,False,-0.15081893619792797,supported
0.5-1,9938,False,-0.03986722343502769,supported
0.5-1,9939,False,-0.09200455917889372,supported
0.5-1,9940,False,-0.2981003121512059,supported
0.5-1,9941,False,-0.046985720380711915,supported
0.5-1,9942,False,-0.13324166955250094,supported
0.5-1,9943,False,-0.3033144820303483,supported
0.5-1,9944,False,-0.32047624334538766,supported
0.5-1,9945,False,-0.28278315398663023,supported
0.5-1,9946,False,-0.28326712234735907,supported
0.5-1,9947,False,-0.31948619587285193,supported
0.5-1,9948,True,0.0009986440436641209,moderate
0.5-1,9949,True,0.003954952018234703,moderate
0.5-1,9950,True,0.006997859369893056,moderate
0.5-1,9951,True,0.005170431492597216,moderate
0.5-1,9952,False,-0.3104997568303439,supported
0.5-1,9953,False,-0.3021737042535903,supported
0.5-1,9954,False,-0.057647069550097796,supported
0.5-1,9955,False,-0.04347997123486036,watch
0.5-1,9956,False,-0.07738355386211937,supported
0.5-1,9957,False,-0.09451348447641483,supported
0.5-1,9958,False,-0.28501735704176645,supported
0.5-1,9959,False,-0.30355175757833996,supported
0.5-1,9960,False,-0.2128257709809933,supported
0.5-1,9961,False,-0.2699046419448235,supported
0.5-1,9962,False,-0.07295691108942626,supported
0.5-1,9963,False,-0.1676636779169849,supported
0.5-1,9964,False,-0.269450704272603,supported
0.5-1,9965,False,-0.14793241395718326,supported
0.5-1,9966,False,-0.09581662990011819,supported
0.5-1,9967,False,-0.12563669840492697,supported
0.5-1,9968,False,-0.2782914176293295,supported
0.5-1,9969,False,-0.07231143141331209,supported
0.5-1,9970,False,-0.17858775088321632,supported
0.5-1,9971,False,-0.2955197245416751,supported
0.5-1,9972,False,-0.28646195988962286,supported
0.5-1,9973,False,-0.24630515727114788,supported
0.5-1,9974,False,-0.26948010094839786,supported
0.5-1,9975,False,-0.10843179305943129,supported
0.5-1,9976,False,-0.09589937424391026,watch
0.5-1,9977,False,-0.03989796335870888,moderate
0.5-1,9978,False,-0.024199932293610837,moderate
0.5-1,9979,False,-0.10787893529837955,watch
0.5-1,9980,False,-0.2851551430207036,supported
0.5-1,9981,False,-0.2939872994623118,supported
0.5-1,9982,False,-0.051947074448182695,supported
0.5-1,9983,False,-0.05947922974019071,watch
0.5-1,9984,False,-0.23824568146096747,supported
0.5-1,9985,False,-0.13090132279772548,supported
0.5-1,9986,False,-0.2576039709751263,supported
0.5-1,9987,False,-0.27984448494612335,supported
0.5-1,9988,False,-0.2466496317679005,supported
0.5-1,9989,False,-0.16299413167951005,supported
0.5-1,9990,False,-0.11184397768651722,supported
0.5-1,9991,False,-0.175409083270324,supported
0.5-1,9992,False,-0.2362569449819516,supported
0.5-1,9993,False,-0.14244656799875255,supported
0.5-1,9994,False,-0.11404388356162365,supported
0.5-1,9995,False,-0.11436670299603369,supported
0.5-1,9996,False,-0.2854584612645631,supported
0.5-1,9997,False,-0.08714829291154125,supported
0.5-1,9998,False,-0.1709106364818257,supported
0.5-1,9999,False,-0.27101589317670605,supported
0.5-1,10000,False,-0.2982781675693501,supported
0.5-1,10001,False,-0.21802941096423245,supported
0.5-1,10002,False,-0.2512016996992983,supported
0.5-1,10003,False,-0.00887109165524369,moderate
0.5-1,10004,False,-0.13791112780181036,supported
0.5-1,10005,False,-0.11626751600823315,supported
0.5-1,10006,False,-0.12603686953554016,watch
0.5-1,10007,False,-0.12647093812703425,supported
0.5-1,10008,False,-0.18762502213481408,supported
0.5-1,10009,False,-0.23576281535469662,supported
0.5-1,10010,False,-0.11679026858130492,supported
0.5-1,10011,False,-0.14023525372345624,supported
0.5-1,10012,False,-0.19667377902537508,supported
0.5-1,10013,False,-0.13445816521666032,supported
0.5-1,10014,False,-0.23396002269631933,supported
0.5-1,10015,False,-0.24977073849100134,supported
0.5-1,10016,False,-0.17504208183424563,supported
0.5-1,10017,False,-0.2005465301171273,supported
0.5-1,10018,False,-0.12186192519674044,supported
0.5-1,10019,False,-0.12300622434742581,supported
0.5-1,10020,False,-0.19209046467721408,supported
0.5-1,10021,False,-0.17828891670591263,supported
0.5-1,10022,False,-0.09911301137959938,supported
0.5-1,10023,False,-0.08765153753812738,supported
0.5-1,10024,False,-0.21935664744535938,supported
0.5-1,10025,False,-0.11519263417384107,supported
0.5-1,10026,False,-0.11848145447959102,supported
0.5-1,10027,False,-0.009328405825218766,watch
0.5-1,10028,False,-0.19686314785582487,supported
0.5-1,10029,False,-0.17067484148422873,supported
0.5-1,10030,False,-0.01568565572320446,watch
0.5-1,10031,False,-0.21028215966179187,supported
0.5-1,10032,False,-0.14784442788428565,supported
0.5-1,10033,False,-0.1424477174115676,supported
0.5-1,10034,False,-0.14894950762296588,supported
0.5-1,10035,False,-0.14236217646726923,supported
0.5-1,10036,False,-0.1851203421805685,supported
0.5-1,10037,False,-0.22238090510569103,supported
0.5-1,10038,False,-0.11860830532809119,supported
0.5-1,10039,False,-0.15866094452197477,supported
0.5-1,10040,False,-0.17841616201538424,supported
0.5-1,10041,False,-0.10059934098719125,supported
0.5-1,10042,False,-0.16504349907574944,supported
0.5-1,10043,False,-0.17122063283254263,supported
0.5-1,10044,False,-0.16741438214397963,supported
0.5-1,10045,False,-0.202428423567876,supported
0.5-1,10046,False,-0.13114569229487372,supported
0.5-1,10047,False,-0.1284593880164565,supported
0.5-1,10048,False,-0.10346447428243821,supported
0.5-1,10049,False,-0.1434381896035276,supported
0.5-1,10050,False,-0.039357965666096395,supported
0.5-1,10051,False,-0.0874492630538799,supported
0.5-1,10052,False,-0.19161701609464088,supported
0.5-1,10053,False,-0.14337878664135784,supported
0.5-1,10054,False,-0.13309140697947996,supported
0.5-1,10055,False,-0.16290301475867164,supported
0.5-1,10056,False,-0.14766066193403404,supported
0.5-1,10057,False,-0.13675347127210402,supported
0.5-1,10058,False,-0.16566489173239007,supported
0.5-1,10059,False,-0.11599262602436922,supported
0.5-1,10060,False,-0.21179952132738705,supported
0.5-1,10061,False,-0.14336323212673074,supported
0.5-1,10062,False,-0.1726928350874598,supported
0.5-1,10063,False,-0.2069127337257417,supported
0.5-1,10064,False,-0.131789773882516,supported
0.5-1,10065,False,-0.13158490750463614,supported
0.5-1,10066,False,-0.14680173302198596,supported
0.5-1,10067,False,-0.11069097402160333,supported
0.5-1,10068,False,-0.18659185297695247,supported
0.5-1,10069,False,-0.1465707416333748,supported
0.5-1,10070,False,-0.08348734942047475,supported
0.5-1,10071,False,-0.16316023626141596,supported
0.5-1,10072,False,-0.1952672878800229,supported
0.5-1,10073,False,-0.0962388730063577,supported
0.5-1,10074,False,-0.14286630715097837,supported
0.5-1,10075,False,-0.16970792234552268,supported
0.5-1,10076,False,-0.08595848963511221,supported
0.5-1,10077,False,-0.18851110318501713,supported
0.5-1,10078,False,-0.12724489361233637,supported
0.5-1,10079,False,-0.1559561782542176,supported
0.5-1,10080,False,-0.2718737572314242,supported
0.5-1,10081,False,-0.24997557765934675,supported
0.5-1,10082,False,-0.2748787751763572,supported
0.5-1,10083,False,-0.2271595393217375,supported
0.5-1,10084,False,-0.2871139087796865,supported
0.5-1,10085,False,-0.29254799551573857,supported
0.5-1,10086,False,-0.29022730618868037,supported
0.5-1,10087,False,-0.2954395818960401,supported
0.5-1,10088,False,-0.2692834950214886,supported
0.5-1,10089,False,-0.3053051106649916,supported
0.5-1,10090,False,-0.30905309685914895,supported
0.5-1,10091,False,-0.3102436711163667,supported
0.5-1,10092,False,-0.29206910717505924,supported
0.5-1,10093,False,-0.2955379472989649,supported
0.5-1,10094,False,-0.27613906416417894,supported
0.5-1,10095,False,-0.24138674868455778,supported
0.5-1,10096,False,-0.28725145478924197,supported
0.5-1,10097,False,-0.267891330070079,supported
0.5-1,10098,False,-0.29157223043164987,supported
0.5-1,10099,False,-0.30498300963479186,supported
0.5-1,10100,False,-0.2684186397923558,supported
0.5-1,10101,False,-0.2955783154027894,supported
0.5-1,10102,False,-0.30777133194183626,supported
0.5-1,10103,False,-0.3051651714112725,supported
0.5-1,10104,False,-0.26695073465672814,supported
0.5-1,10105,False,-0.26232722142171516,supported
0.5-1,10106,False,-0.24038073054719328,supported
0.5-1,10107,False,-0.2707462907072299,supported
0.5-1,10108,False,-0.294824153759998,supported
0.5-1,10109,False,-0.31192746594710785,supported
0.5-1,10110,False,-0.30628395280952553,supported
0.5-1,10111,False,-0.29979328678955386,supported
0.5-1,10112,False,-0.1713059133810515,supported
0.5-1,10113,False,-0.29375480853412866,supported
0.5-1,10114,False,-0.30295335524076283,supported
0.5-1,10115,False,-0.3016608264835734,supported
0.5-1,10116,False,-0.2971842959237954,supported
0.5-1,10117,False,-0.30902236749586287,supported
0.5-1,10118,False,-0.24798241825946543,supported
0.5-1,10119,False,-0.2604201342278441,supported
0.5-1,10120,False,-0.08703986637352412,supported
0.5-1,10121,False,-0.257682281204095,supported
0.5-1,10122,False,-0.3025672536094892,supported
0.5-1,10123,False,-0.3034215967628745,supported
0.5-1,10124,False,-0.24866633922067638,supported
0.5-1,10125,False,-0.3071942730595781,supported
0.5-1,10126,False,-0.30511971622395667,supported
0.5-1,10127,False,-0.3064581875114471,supported
0.5-1,10128,False,-0.2674640218315881,supported
0.5-1,10129,False,-0.2609701439507122,supported
0.5-1,10130,False,-0.2519655377722728,supported
0.5-1,10131,False,-0.2648972106648451,supported
0.5-1,10132,False,-0.3090459255310531,supported
0.5-1,10133,False,-0.29903422545664626,supported
0.5-1,10134,False,-0.3031566475754523,supported
0.5-1,10135,False,-0.2954334788190031,supported
0.5-1,10136,False,-0.303656587307662,supported
0.5-1,10137,False,-0.30084579722886406,supported
0.5-1,10138,False,-0.30202199767784127,supported
0.5-1,10139,False,-0.2919293998696679,supported
0.5-1,10140,False,-0.3045401385988554,supported
0.5-1,10141,False,-0.3090818612976239,supported
0.5-1,10142,False,-0.2323333306182847,supported
0.5-1,10143,False,-0.26998774941125586,supported
0.5-1,10144,False,-0.2992245509638753,supported
0.5-1,10145,False,-0.25538209157671055,supported
0.5-1,10146,False,-0.3211852034147214,supported
0.5-1,10147,False,-0.3057197643949283,supported
0.5-1,10148,False,-0.25935742556342245,supported
0.5-1,10149,False,-0.2962794283393799,supported
0.5-1,10150,False,-0.29256776504419446,supported
0.5-1,10151,False,-0.30036849797801685,supported
0.5-1,10152,False,-0.2555130896186553,supported
0.5-1,10153,False,-0.2734465554351736,supported
0.5-1,10154,False,-0.24060325342735855,supported
0.5-1,10155,False,-0.27259796391934005,supported
0.5-1,10156,False,-0.3083881756445489,supported
0.5-1,10157,False,-0.2981334431065349,supported
0.5-1,10158,False,-0.3038002014382012,supported
0.5-1,10159,False,-0.29780270817247495,supported
0.5-1,10160,False,-0.3166143216715311,supported
0.5-1,10161,False,-0.27137950969249147,supported
0.5-1,10162,False,-0.2817397913215679,supported
0.5-1,10163,False,-0.29988498631370747,supported
0.5-1,10164,False,-0.3034528387903968,supported
0.5-1,10165,False,-0.2787202820060589,supported
0.5-1,10166,False,-0.23959827488490537,supported
0.5-1,10167,False,-0.2649341091449451,supported
0.5-1,10168,False,-0.3156524136150084,supported
0.5-1,10169,False,-0.2636910278307477,supported
0.5-1,10170,False,-0.31435853871085806,supported
0.5-1,10171,False,-0.2978486288098093,supported
0.5-1,10172,False,-0.2657159059962573,supported
0.5-1,10173,False,-0.2964804054728895,supported
0.5-1,10174,False,-0.2983837213389598,supported
0.5-1,10175,False,-0.3106217986724456,supported
0.5-1,10176,False,-0.2337030745353718,supported
0.5-1,10177,False,-0.2135592979892913,supported
0.5-1,10178,False,-0.2768042259473357,supported
0.5-1,10179,False,-0.2651688373201764,supported
0.5-1,10180,False,-0.30754429645855885,supported
0.5-1,10181,False,-0.3014960521116852,supported
0.5-1,10182,False,-0.3102413104414761,supported
0.5-1,10183,False,-0.3001118833565183,supported
0.5-1,10184,False,-0.26097610096659163,supported
0.5-1,10185,False,-0.29865912822994334,supported
0.5-1,10186,False,-0.3126361851578881,supported
0.5-1,10187,False,-0.27307020189864967,supported
0.5-1,10188,False,-0.2618544475371754,supported
0.5-1,10189,False,-0.3095319529518747,supported
0.5-1,10190,False,-0.24632181714914703,supported
0.5-1,10191,False,-0.2740674577066648,supported
0.5-1,10192,False,-0.3112766233749258,supported
0.5-1,10193,False,-0.27707138428370814,supported
0.5-1,10194,False,-0.2480699532500505,supported
0.5-1,10195,False,-0.16666797491784546,supported
0.5-1,10196,False,-0.2665202069997456,supported
0.5-1,10197,False,-0.29733788112563325,supported
0.5-1,10198,False,-0.29410795422968644,supported
0.5-1,10199,False,-0.30218722736492737,supported
0.5-1,10200,False,-0.2744479078744706,supported
0.5-1,10201,False,-0.25932181690071393,supported
0.5-1,10202,False,-0.2764240382379791,supported
0.5-1,10203,False,-0.27054386797941665,supported
0.5-1,10204,False,-0.1200033739330707,supported
0.5-1,10205,False,-0.30210786567533615,supported
0.5-1,10206,False,-0.30646168424077946,supported
0.5-1,10207,False,-0.26823018272183996,supported
0.5-1,10208,False,-0.23241583870406907,supported
0.5-1,10209,False,-0.31204948128505466,supported
0.5-1,10210,False,-0.31591518495312587,supported
0.5-1,10211,False,-0.29185197485203745,supported
0.5-1,10212,False,-0.31527670237613414,supported
0.5-1,10213,False,-0.30332756066521677,supported
0.5-1,10214,False,-0.27804674038770305,supported
0.5-1,10215,False,-0.22697112915767292,supported
0.5-1,10216,False,-0.31029897039506465,supported
0.5-1,10217,False,-0.26291205039233817,supported
0.5-1,10218,False,-0.3058061442943156,supported
0.5-1,10219,False,-0.25974430538050797,supported
0.5-1,10220,False,-0.26941801408553023,supported
0.5-1,10221,False,-0.29032126261383484,supported
0.5-1,10222,False,-0.2558391783581227,supported
0.5-1,10223,False,-0.3002408385403074,supported
0.5-1,10224,False,-0.2654696868964361,supported
0.5-1,10225,False,-0.226943310840091,supported
0.5-1,10226,False,-0.2557561363112781,supported
0.5-1,10227,False,-0.25032127836211765,supported
0.5-1,10228,False,-0.2886425153638999,supported
0.5-1,10229,False,-0.2799139762414823,supported
0.5-1,10230,False,-0.31034289791122455,supported
0.5-1,10231,False,-0.26656544531928084,supported
0.5-1,10232,False,-0.29639831828161783,supported
0.5-1,10233,False,-0.2867045170864694,supported
0.5-1,10234,False,-0.2818388608404198,supported
0.5-1,10235,False,-0.30468703013030435,supported
0.5-1,10236,False,-0.3231743229842389,supported
0.5-1,10237,False,-0.26596758437991735,supported
0.5-1,10238,False,-0.2678256489326454,supported
0.5-1,10239,False,-0.2540094433084055,supported
0.5-1,10240,False,-0.27361096776179344,supported
0.5-1,10241,False,-0.22653852249933792,supported
0.5-1,10242,False,-0.2704408786920835,supported
0.5-1,10243,False,-0.19493958714218163,supported
0.5-1,10244,False,-0.26627019153484355,supported
0.5-1,10245,False,-0.2827557986879622,supported
0.5-1,10246,False,-0.17817805597082326,supported
0.5-1,10247,False,-0.21804984716641618,supported
0.5-1,10248,False,-0.23479835218186945,supported
0.5-1,10249,False,-0.16269397867600044,supported
0.5-1,10250,False,-0.22222028575794117,supported
0.5-1,10251,False,-0.14815985132397258,supported
0.5-1,10252,False,-0.2248509848703042,supported
0.5-1,10253,False,-0.18079116419282537,supported
0.5-1,10254,False,-0.23389437788749812,supported
0.5-1,10255,False,-0.19160878386917235,supported
0.5-1,10256,False,-0.20915620031935872,supported
0.5-1,10257,False,-0.11733640862609052,supported
0.5-1,10258,False,-0.2865502545692362,supported
0.5-1,10259,False,-0.20998289753511468,supported
0.5-1,10260,False,-0.12010627123525597,supported
0.5-1,10261,False,-0.2565472400193128,supported
0.5-1,10262,False,-0.24526513205965866,supported
0.5-1,10263,False,-0.19664696656278874,supported
0.5-1,10264,False,-0.20845107365683463,supported
0.5-1,10265,False,-0.14212476693137066,supported
0.5-1,10266,False,-0.23224605492319156,supported
0.5-1,10267,False,-0.21488609374412693,supported
0.5-1,10268,False,-0.22493196618168504,supported
0.5-1,10269,False,-0.22308628639933076,supported
0.5-1,10270,False,-0.19593042741209454,supported
0.5-1,10271,False,-0.19168479610934425,supported
0.5-1,10272,False,-0.19603443138604187,supported
0.5-1,10273,False,-0.15217186372648805,supported
0.5-1,10274,False,-0.14574888243038897,supported
0.5-1,10275,False,-0.14337038150188386,supported
0.5-1,10276,False,-0.21869326531765038,supported
0.5-1,10277,False,-0.18832919828494943,supported
0.5-1,10278,False,-0.22377945559405027,supported
0.5-1,10279,False,-0.20333056495161683,supported
0.5-1,10280,False,-0.1566154160030767,supported
0.5-1,10281,False,-0.16103424968459834,supported
0.5-1,10282,False,-0.15617603730145813,supported
0.5-1,10283,False,-0.13575400318848962,supported
0.5-1,10284,False,-0.2205241495914646,supported
0.5-1,10285,False,-0.21963237432461158,supported
0.5-1,10286,False,-0.26057086437941,supported
0.5-1,10287,False,-0.21494280468252291,supported
0.5-1,10288,False,-0.1866050109773088,supported
0.5-1,10289,False,-0.25762412642234345,supported
0.5-1,10290,False,-0.1857875800744604,supported
0.5-1,10291,False,-0.17463707417322816,supported
0.5-1,10292,False,-0.2005558352254817,supported
0.5-1,10293,False,-0.16446271152182024,supported
0.5-1,10294,False,-0.1261120212903356,supported
0.5-1,10295,False,-0.20390580153073667,supported
0.5-1,10296,False,-0.16271577560501915,supported
0.5-1,10297,False,-0.20715623468566946,supported
0.5-1,10298,False,-0.1650017200100936,watch
0.5-1,10299,False,-0.20971720382425219,supported
0.5-1,10300,False,-0.2711910619668369,supported
0.5-1,10301,False,-0.2561660723618267,supported
0.5-1,10302,False,-0.2776299344149499,supported
0.5-1,10303,False,-0.23767745374602778,supported
0.5-1,10304,False,-0.3069238923944933,supported
0.5-1,10305,False,-0.28700746195059923,supported
0.5-1,10306,False,-0.29542858630642843,supported
0.5-1,10307,False,-0.30952485092812176,supported
0.5-1,10308,False,-0.2754897202000033,supported
0.5-1,10309,False,-0.2987999893214613,supported
0.5-1,10310,False,-0.3164015756893021,supported
0.5-1,10311,False,-0.3086287059321526,supported
0.5-1,10312,False,-0.3096144460542804,supported
0.5-1,10313,False,-0.30000229446107,supported
0.5-1,10314,False,-0.20243160475624222,supported
0.5-1,10315,False,-0.24431134180343528,supported
0.5-1,10316,False,-0.28824172065957765,supported
0.5-1,10317,False,-0.27144542138364974,supported
0.5-1,10318,False,-0.2945354822173125,supported
0.5-1,10319,False,-0.3101360087043589,supported
0.5-1,10320,False,-0.2623805006588498,supported
0.5-1,10321,False,-0.3086190878259709,supported
0.5-1,10322,False,-0.2970515406780853,supported
0.5-1,10323,False,-0.30462614899023216,supported
0.5-1,10324,False,-0.25150643035186543,supported
0.5-1,10325,False,-0.2616537659394525,supported
0.5-1,10326,False,-0.2326658576202258,supported
0.5-1,10327,False,-0.2580077076885281,supported
0.5-1,10328,False,-0.30831814199760327,supported
0.5-1,10329,False,-0.30377755945846924,supported
0.5-1,10330,False,-0.30836638159036217,supported
0.5-1,10331,False,-0.30187603416893954,supported
0.5-1,10332,False,-0.2881681777176201,supported
0.5-1,10333,False,-0.2837588603416654,supported
0.5-1,10334,False,-0.31675369053027863,supported
0.5-1,10335,False,-0.3204824172386455,supported
0.5-1,10336,False,-0.28328850844038084,supported
0.5-1,10337,False,-0.2742395915781309,supported
0.5-1,10338,False,-0.24537042505463708,supported
0.5-1,10339,False,-0.26534884387237817,supported
0.5-1,10340,False,-0.035311278339068664,watch
0.5-1,10341,False,-0.2706484820244265,supported
0.5-1,10342,False,-0.3181262974147916,supported
0.5-1,10343,False,-0.31351500755600925,supported
0.5-1,10344,False,-0.22881694850636358,supported
0.5-1,10345,False,-0.31180352382316034,supported
0.5-1,10346,False,-0.3088410908229354,supported
0.5-1,10347,False,-0.3070107897583375,supported
0.5-1,10348,False,-0.2503256130538149,supported
0.5-1,10349,False,-0.2743390236954154,supported
0.5-1,10350,False,-0.24149213202372788,supported
0.5-1,10351,False,-0.273092793174451,supported
0.5-1,10352,False,-0.3035830564153036,supported
0.5-1,10353,False,-0.3088865141741061,supported
0.5-1,10354,False,-0.3103837831292269,supported
0.5-1,10355,False,-0.29580855227059055,supported
0.5-1,10356,False,-0.3184125914945096,supported
0.5-1,10357,False,-0.3204279201313273,supported
0.5-1,10358,False,-0.30230462965232097,supported
0.5-1,10359,False,-0.29950428607112756,supported
0.5-1,10360,False,-0.32182074681743456,supported
0.5-1,10361,False,-0.30473433521152765,supported
0.5-1,10362,False,-0.21283136582611284,supported
0.5-1,10363,False,-0.26624268371649557,supported
0.5-1,10364,False,-0.30398161177691013,supported
0.5-1,10365,False,-0.27051987559233626,supported
0.5-1,10366,False,-0.31682200826361084,supported
0.5-1,10367,False,-0.3030912791069448,supported
0.5-1,10368,False,-0.23571567635356377,supported
0.5-1,10369,False,-0.3052001233206398,supported
0.5-1,10370,False,-0.3011024417296667,supported
0.5-1,10371,False,-0.31264753404977513,supported
0.5-1,10372,False,-0.2402648632027049,supported
0.5-1,10373,False,-0.2752314745806255,supported
0.5-1,10374,False,-0.23798850627959933,supported
0.5-1,10375,False,-0.27260386343318915,supported
0.5-1,10376,False,-0.30490640060606233,supported
0.5-1,10377,False,-0.3025947037748685,supported
0.5-1,10378,False,-0.30545683324616985,supported
0.5-1,10379,False,-0.30976448381715055,supported
0.5-1,10380,False,-0.28099955994911724,supported
0.5-1,10381,False,-0.30869350190373684,supported
0.5-1,10382,False,-0.30956634162666136,supported
0.5-1,10383,False,-0.307726114178568,supported
0.5-1,10384,False,-0.3074596114625236,supported
0.5-1,10385,False,-0.29233467973068683,supported
0.5-1,10386,False,-0.22507632445247755,supported
0.5-1,10387,False,-0.2713507665037833,supported
0.5-1,10388,False,-0.3038984829229314,supported
0.5-1,10389,False,-0.27603713254072465,supported
0.5-1,10390,False,-0.31848519963525845,supported
0.5-1,10391,False,-0.3015857513888263,supported
0.5-1,10392,False,-0.2467810138777044,supported
0.5-1,10393,False,-0.30615505415696626,supported
0.5-1,10394,False,-0.3002121925237636,supported
0.5-1,10395,False,-0.3104950386094374,supported
0.5-1,10396,False,-0.2573578569137447,supported
0.5-1,10397,False,-0.2544039628950801,supported
0.5-1,10398,False,-0.26761741149125773,supported
0.5-1,10399,False,-0.27693567961669424,supported
0.5-1,10400,False,-0.3137076064117126,supported
0.5-1,10401,False,-0.3030810028971534,supported
0.5-1,10402,False,-0.290056734624415,supported
0.5-1,10403,False,-0.3018392962752632,supported
0.5-1,10404,False,-0.2926624440639828,supported
0.5-1,10405,False,-0.2885165268847425,supported
0.5-1,10406,False,-0.31501168083356684,supported
0.5-1,10407,False,-0.30414310112579646,supported
0.5-1,10408,False,-0.053634159292554884,supported
0.5-1,10409,False,-0.2993334599176653,supported
0.5-1,10410,False,-0.24531525419097788,supported
0.5-1,10411,False,-0.2736098372988239,supported
0.5-1,10412,False,-0.3213631682578072,supported
0.5-1,10413,False,-0.2756118724960833,supported
0.5-1,10414,False,-0.3015361739034997,supported
0.5-1,10415,False,-0.2998003494507132,supported
0.5-1,10416,False,-0.2696208168966107,supported
0.5-1,10417,False,-0.30890084810230484,supported
0.5-1,10418,False,-0.2996468599961448,supported
0.5-1,10419,False,-0.3048936713181109,supported
0.5-1,10420,False,-0.2579979613642945,supported
0.5-1,10421,False,-0.20722298881030216,supported
0.5-1,10422,False,-0.26231138584013663,supported
0.5-1,10423,False,-0.2583892694033466,supported
0.5-1,10424,False,-0.30898069189816185,supported
0.5-1,10425,False,-0.29118579371025116,supported
0.5-1,10426,False,-0.2944888554148548,supported
0.5-1,10427,False,-0.30399100289403813,supported
0.5-1,10428,False,-0.3177985292550165,supported
0.5-1,10429,False,-0.2869604369781578,supported
0.5-1,10430,False,-0.29136253405338736,supported
0.5-1,10431,False,-0.28225219462978157,supported
0.5-1,10432,False,-0.3109811134481035,supported
0.5-1,10433,False,-0.08602311342751967,supported
0.5-1,10434,False,-0.27463843029217905,supported
0.5-1,10435,False,-0.2730324867467497,supported
0.5-1,10436,False,-0.29814504226516136,supported
0.5-1,10437,False,-0.26912047723617116,supported
0.5-1,10438,False,-0.2845648441581624,supported
0.5-1,10439,False,-0.2958369396014699,supported
0.5-1,10440,False,-0.27215077352561945,supported
0.5-1,10441,False,-0.2937450833593372,supported
0.5-1,10442,False,-0.29111961141509723,supported
0.5-1,10443,False,-0.3016401968508748,supported
0.5-1,10444,False,-0.26398984987487084,supported
0.5-1,10445,False,-0.17386106384638,supported
0.5-1,10446,False,-0.25645287907783937,supported
0.5-1,10447,False,-0.24755792276720928,supported
0.5-1,10448,False,-0.2987735692028114,supported
0.5-1,10449,False,-0.25056888464765736,supported
0.5-1,10450,False,-0.2809470522386868,supported
0.5-1,10451,False,-0.2946456972176254,supported
0.5-1,10452,False,-0.3058610745744256,supported
0.5-1,10453,False,-0.25604542446202494,supported
0.5-1,10454,False,-0.30369440121897356,supported
0.5-1,10455,False,-0.27960660473729765,supported
0.5-1,10456,False,-0.3111371544503285,supported
0.5-1,10457,False,-0.2622438190685452,supported
0.5-1,10458,False,-0.2734654133329574,supported
0.5-1,10459,False,-0.25973609022595673,supported
0.5-1,10460,False,-0.22083043724654922,supported
0.5-1,10461,False,-0.16167622707760887,supported
0.5-1,10462,False,-0.2727429956422303,supported
0.5-1,10463,False,-0.16136074054116967,supported
0.5-1,10464,False,-0.1888690920685131,supported
0.5-1,10465,False,-0.1986113489353012,supported
0.5-1,10466,False,-0.22298095518409655,supported
0.5-1,10467,False,-0.2239890204283131,supported
0.5-1,10468,False,-0.2399475430562304,supported
0.5-1,10469,False,-0.170664620574003,supported
0.5-1,10470,False,-0.17188953382396455,supported
0.5-1,10471,False,-0.11848323856605836,supported
0.5-1,10472,False,-0.19367647099098634,supported
0.5-1,10473,False,-0.18461777551896863,supported
0.5-1,10474,False,-0.18876962155557864,supported
0.5-1,10475,False,-0.20195090814929184,supported
0.5-1,10476,False,-0.20194583598133448,supported
0.5-1,10477,False,-0.2225809864204391,supported
0.5-1,10478,False,-0.2516008820751434,supported
0.5-1,10479,False,-0.21490722235975945,supported
0.5-1,10480,False,-0.30995559726445066,supported
0.5-1,10481,False,-0.2359515663776025,supported
0.5-1,10482,False,-0.23346725811223662,supported
0.5-1,10483,False,-0.16152850203968439,supported
0.5-1,10484,False,-0.20817632790099022,supported
0.5-1,10485,False,-0.1627669095259835,supported
0.5-1,10486,False,-0.2428433916095098,supported
0.5-1,10487,False,-0.20195004145092488,supported
0.5-1,10488,False,-0.19048099884999642,supported
0.5-1,10489,False,-0.2167713320235447,supported
0.5-1,10490,False,-0.20914612835155189,supported
0.5-1,10491,False,-0.19471747634022774,supported
0.5-1,10492,False,-0.17534620580577642,supported
0.5-1,10493,False,-0.158950244669823,supported
0.5-1,10494,False,-0.14885129897706173,supported
0.5-1,10495,False,-0.1611233830618395,supported
0.5-1,10496,False,-0.21578755945588224,supported
0.5-1,10497,False,-0.20650996618152617,supported
0.5-1,10498,False,-0.22236153151909155,supported
0.5-1,10499,False,-0.19803227812094293,supported
0.5-1,10500,False,-0.1508428050625764,supported
0.5-1,10501,False,-0.1680780357800956,supported
0.5-1,10502,False,-0.16516931163273807,supported
0.5-1,10503,False,-0.15108864219669815,supported
0.5-1,10504,False,-0.20688722270933807,supported
0.5-1,10505,False,-0.1794560628088434,supported
0.5-1,10506,False,-0.24856508816170653,supported
0.5-1,10507,False,-0.1930396091162611,supported
0.5-1,10508,False,-0.17591436460262444,supported
0.5-1,10509,False,-0.19901575196563998,supported
0.5-1,10510,False,-0.19042651128264337,supported
0.5-1,10511,False,-0.17129720448742025,supported
0.5-1,10512,False,-0.19502893030075397,supported
0.5-1,10513,False,-0.12851853535584334,supported
0.5-1,10514,False,-0.1907478403864874,supported
0.5-1,10515,False,-0.21056721658480954,supported
0.5-1,10516,False,-0.15875871770167216,supported
0.5-1,10517,False,-0.21348248358276478,supported
0.5-1,10518,False,-0.20632171328883514,supported
0.5-1,10519,False,-0.19935117985035833,supported
0.5-1,10520,False,-0.265157934523242,supported
0.5-1,10521,False,-0.2529502861884946,supported
0.5-1,10522,False,-0.2715852306809826,supported
0.5-1,10523,False,-0.22898929243953775,supported
0.5-1,10524,False,-0.3033572836884562,supported
0.5-1,10525,False,-0.30902456376296344,supported
0.5-1,10526,False,-0.30064097195626743,supported
0.5-1,10527,False,-0.2959092431279412,supported
0.5-1,10528,False,-0.28462191190347896,supported
0.5-1,10529,False,-0.32276542071813763,supported
0.5-1,10530,False,-0.2755126865674556,supported
0.5-1,10531,False,-0.2940096739730978,supported
0.5-1,10532,False,-0.3093744667939549,supported
0.5-1,10533,False,-0.30717474191627964,supported
0.5-1,10534,False,-0.2696864959954881,supported
0.5-1,10535,False,-0.2504181632761057,supported
0.5-1,10536,False,-0.29600359088680717,supported
0.5-1,10537,False,-0.2701626462916125,supported
0.5-1,10538,False,-0.28543578462952657,supported
0.5-1,10539,False,-0.30597325003140513,supported
0.5-1,10540,False,-0.2682503584726627,supported
0.5-1,10541,False,-0.31424684905904743,supported
0.5-1,10542,False,-0.3073001214382288,supported
0.5-1,10543,False,-0.2933342622101353,supported
0.5-1,10544,False,-0.257151022540988,supported
0.5-1,10545,False,-0.2690931533899829,supported
0.5-1,10546,False,-0.24947237459855037,supported
0.5-1,10547,False,-0.2577320266794919,supported
0.5-1,10548,False,-0.31157787768141104,supported
0.5-1,10549,False,-0.3058762297060025,supported
0.5-1,10550,False,-0.30288670508762705,supported
0.5-1,10551,False,-0.29401279353669774,supported
0.5-1,10552,False,-0.29139105150417105,supported
0.5-1,10553,False,-0.3116521174125214,supported
0.5-1,10554,False,-0.3008171566817595,supported
0.5-1,10555,False,-0.3015491499121374,supported
0.5-1,10556,False,-0.2897716898712362,supported
0.5-1,10557,False,-0.27698858499580825,supported
0.5-1,10558,False,-0.2607914697999829,supported
0.5-1,10559,False,-0.27628738637261324,supported
0.5-1,10560,False,-0.30793035782987355,supported
0.5-1,10561,False,-0.2623781361110557,supported
0.5-1,10562,False,-0.31426257638310456,supported
0.5-1,10563,False,-0.2990376962450403,supported
0.5-1,10564,False,-0.20590293851960173,supported
0.5-1,10565,False,-0.30588993802400866,supported
0.5-1,10566,False,-0.3079801546822219,supported
0.5-1,10567,False,-0.30104913500172714,supported
0.5-1,10568,False,-0.24347258731770605,supported
0.5-1,10569,False,-0.2737743225166551,supported
0.5-1,10570,False,-0.2417335809014774,supported
0.5-1,10571,False,-0.2691735018786111,supported
0.5-1,10572,False,-0.2979863742090634,supported
0.5-1,10573,False,-0.3034287544049638,supported
0.5-1,10574,False,-0.2966607385322282,supported
0.5-1,10575,False,-0.2991470490951222,supported
0.5-1,10576,False,-0.28208523987441675,supported
0.5-1,10577,False,-0.2958603184723911,supported
0.5-1,10578,False,-0.30713561254632465,supported
0.5-1,10579,False,-0.2931911828308291,supported
0.5-1,10580,False,-0.29873994013154737,supported
0.5-1,10581,False,-0.3153272646758585,supported
0.5-1,10582,False,-0.2060064103656079,supported
0.5-1,10583,False,-0.26679560252029183,supported
0.5-1,10584,False,-0.3059505984761102,supported
0.5-1,10585,False,-0.27425261525255157,supported
0.5-1,10586,False,-0.30646570989949795,supported
0.5-1,10587,False,-0.31036834183068845,supported
0.5-1,10588,False,-0.2133366898859409,supported
0.5-1,10589,False,-0.3063782273592882,supported
0.5-1,10590,False,-0.29426455504555044,supported
0.5-1,10591,False,-0.31147145661011144,supported
0.5-1,10592,False,-0.23554976090234925,supported
0.5-1,10593,False,-0.2681896985542572,supported
0.5-1,10594,False,-0.24621163569530718,supported
0.5-1,10595,False,-0.2743946243167162,supported
0.5-1,10596,False,-0.30979540307851794,supported
0.5-1,10597,False,-0.3095308434138813,supported
0.5-1,10598,False,-0.3051956348607424,supported
0.5-1,10599,False,-0.31082918724827685,supported
0.5-1,10600,False,-0.31698182521867513,supported
0.5-1,10601,False,-0.31461572318482833,supported
0.5-1,10602,False,-0.30539730152591155,supported
0.5-1,10603,False,-0.28285287161735834,supported
0.5-1,10604,False,-0.3143807148787881,supported
0.5-1,10605,False,-0.2941817255866882,supported
0.5-1,10606,False,-0.21025383021160982,supported
0.5-1,10607,False,-0.27471230392636803,supported
0.5-1,10608,False,-0.303381719631903,supported
0.5-1,10609,False,-0.2708441734029381,supported
0.5-1,10610,False,-0.31436490649458126,supported
0.5-1,10611,False,-0.3089858996347057,supported
0.5-1,10612,False,-0.23470457417149204,supported
0.5-1,10613,False,-0.3019033943446245,supported
0.5-1,10614,False,-0.3036684255876008,supported
0.5-1,10615,False,-0.3119826055361528,supported
0.5-1,10616,False,-0.24815232720919767,supported
0.5-1,10617,False,-0.2737517329642906,supported
0.5-1,10618,False,-0.2712922225396038,supported
0.5-1,10619,False,-0.2715562674637002,supported
0.5-1,10620,False,-0.3150917477971321,supported
0.5-1,10621,False,-0.3125045615297701,supported
0.5-1,10622,False,-0.3118226330188492,supported
0.5-1,10623,False,-0.3018290418571142,supported
0.5-1,10624,False,-0.2735507044715043,supported
0.5-1,10625,False,-0.2843669361117379,supported
0.5-1,10626,False,-0.27698387349466086,supported
0.5-1,10627,False,-0.28896078043944506,supported
0.5-1,10628,False,-0.3182484241552906,supported
0.5-1,10629,False,-0.2962225610473581,supported
0.5-1,10630,False,-0.2493338278394821,supported
0.5-1,10631,False,-0.277819570374696,supported
0.5-1,10632,False,-0.299509521372466,supported
0.5-1,10633,False,-0.27628297185236833,supported
0.5-1,10634,False,-0.08202410479724342,supported
0.5-1,10635,False,-0.308612041276538,supported
0.5-1,10636,False,-0.2627272742012411,supported
0.5-1,10637,False,-0.3111094133282306,supported
0.5-1,10638,False,-0.29784082397165107,supported
0.5-1,10639,False,-0.3056687159632414,supported
0.5-1,10640,False,-0.27162015339445367,supported
0.5-1,10641,False,-0.2476441876740702,supported
0.5-1,10642,False,-0.2762231600207121,supported
0.5-1,10643,False,-0.2559655234013395,supported
0.5-1,10644,False,-0.29981311304489255,supported
0.5-1,10645,False,-0.30678553925689095,supported
0.5-1,10646,False,-0.29963406790406477,supported
0.5-1,10647,False,-0.30118421982129184,supported
0.5-1,10648,False,-0.30596980375810867,supported
0.5-1,10649,False,-0.25472659041392587,supported
0.5-1,10650,False,-0.3007651378598398,supported
0.5-1,10651,False,-0.04941701231957518,supported
0.5-1,10652,False,-0.24567080015796605,supported
0.5-1,10653,False,-0.21714122286925047,supported
0.5-1,10654,False,-0.27235415114838113,supported
0.5-1,10655,False,-0.25715396603275054,supported
0.5-1,10656,False,-0.3170620827839693,supported
0.5-1,10657,False,-0.2593682767084822,supported
0.5-1,10658,False,-0.3014678688264757,supported
0.5-1,10659,False,-0.29589087220341126,supported
0.5-1,10660,False,-0.27645441872375953,supported
0.5-1,10661,False,-0.29552983845520525,supported
0.5-1,10662,False,-0.286274323736994,supported
0.5-1,10663,False,-0.3070522069102124,supported
0.5-1,10664,False,-0.2584157443048028,supported
0.5-1,10665,False,-0.15850140250058198,supported
0.5-1,10666,False,-0.2505219142878636,supported
0.5-1,10667,False,-0.1843513417062116,supported
0.5-1,10668,False,-0.2061946574367156,supported
0.5-1,10669,False,-0.2932902528712726,supported
0.5-1,10670,False,-0.2945705454670383,supported
0.5-1,10671,False,-0.262552574670704,supported
0.5-1,10672,False,-0.31583460781730677,supported
0.5-1,10673,False,-0.25817463314396805,supported
0.5-1,10674,False,-0.19503995862982726,supported
0.5-1,10675,False,-0.29392158112717487,supported
0.5-1,10676,False,-0.25871112592889994,supported
0.5-1,10677,False,-0.27702190646805874,supported
0.5-1,10678,False,-0.26963070079868884,supported
0.5-1,10679,False,-0.18821643201579608,supported
0.5-1,10680,False,-0.22657178342481138,supported
0.5-1,10681,False,-0.18023980571360043,supported
0.5-1,10682,False,-0.2400458483905702,supported
0.5-1,10683,False,-0.25278609134048646,supported
0.5-1,10684,False,-0.26054341310617357,supported
0.5-1,10685,False,-0.2880695921716013,supported
0.5-1,10686,False,-0.3044478238200704,supported
0.5-1,10687,False,-0.21292516722767107,supported
0.5-1,10688,False,-0.16940834664583337,supported
0.5-1,10689,False,-0.14970878993282022,supported
0.5-1,10690,False,-0.213975893733317,supported
0.5-1,10691,False,-0.14543452982689564,supported
0.5-1,10692,False,-0.2095280366584037,supported
0.5-1,10693,False,-0.1935847097356883,supported
0.5-1,10694,False,-0.18841208147948946,supported
0.5-1,10695,False,-0.19340062533286173,supported
0.5-1,10696,False,-0.20657636319864348,supported
0.5-1,10697,False,-0.23194340514347178,supported
0.5-1,10698,False,-0.1949190391300728,supported
0.5-1,10699,False,-0.20557012612873832,supported
0.5-1,10700,False,-0.19109642212154115,supported
0.5-1,10701,False,-0.2179041819916248,supported
0.5-1,10702,False,-0.2319999711893968,supported
0.5-1,10703,False,-0.1544280166050842,supported
0.5-1,10704,False,-0.2054054100817359,supported
0.5-1,10705,False,-0.14603870851262968,supported
0.5-1,10706,False,-0.23501392355681794,supported
0.5-1,10707,False,-0.19193732818963938,supported
0.5-1,10708,False,-0.1827360000556877,supported
0.5-1,10709,False,-0.2040475944890759,supported
0.5-1,10710,False,-0.19285598926590986,supported
0.5-1,10711,False,-0.21476577919149642,supported
0.5-1,10712,False,-0.155624028620982,supported
0.5-1,10713,False,-0.1603125336852469,supported
0.5-1,10714,False,-0.12178198939353213,supported
0.5-1,10715,False,-0.15949682858921665,supported
0.5-1,10716,False,-0.20450049200713266,supported
0.5-1,10717,False,-0.18524327298247723,supported
0.5-1,10718,False,-0.20897375867304852,supported
0.5-1,10719,False,-0.20056187454999852,supported
0.5-1,10720,False,-0.13241365624388968,supported
0.5-1,10721,False,-0.1515694187578166,supported
0.5-1,10722,False,-0.1576422724597114,supported
0.5-1,10723,False,-0.13518181392632678,supported
0.5-1,10724,False,-0.21693943340468808,supported
0.5-1,10725,False,-0.09857132155979353,supported
0.5-1,10726,False,-0.1684164985673493,supported
0.5-1,10727,False,-0.22250101977154074,supported
0.5-1,10728,False,-0.21783742927575805,supported
0.5-1,10729,False,-0.20916449015160238,supported
0.5-1,10730,False,-0.16079480863114926,supported
0.5-1,10731,False,-0.1576209580207193,supported
0.5-1,10732,False,-0.21207337249744562,supported
0.5-1,10733,False,-0.1293099851922942,supported
0.5-1,10734,False,-0.12034939366828079,supported
0.5-1,10735,False,-0.18813928930234525,supported
0.5-1,10736,False,-0.1302872758543827,supported
0.5-1,10737,False,-0.2054520559648712,supported
0.5-1,10738,False,-0.21640820660575572,supported
0.5-1,10739,False,-0.20847349284658917,supported
0.5-1,10740,False,-0.2811699937062188,supported
0.5-1,10741,False,-0.26436703501671627,supported
0.5-1,10742,False,-0.27526432784914584,supported
0.5-1,10743,False,-0.23124320319266034,supported
0.5-1,10744,False,-0.2692526479737149,supported
0.5-1,10745,False,-0.283964481972352,supported
0.5-1,10746,False,-0.21414841258223588,supported
0.5-1,10747,False,-0.2891380877910892,supported
0.5-1,10748,False,-0.29918862975711297,supported
0.5-1,10749,False,-0.08783439921022873,supported
0.5-1,10750,False,-0.20370012324013081,supported
0.5-1,10751,False,-0.3101917105331335,supported
0.5-1,10752,False,-0.3080777455244086,supported
0.5-1,10753,False,-0.3047055713527077,supported
0.5-1,10754,False,-0.24853016892129925,supported
0.5-1,10755,False,-0.2331861146686774,supported
0.5-1,10756,False,-0.3077006237969082,supported
0.5-1,10757,False,-0.2676719328780977,supported
0.5-1,10758,False,-0.30287330903659765,supported
0.5-1,10759,False,-0.30266901597186513,supported
0.5-1,10760,False,-0.2516412911863159,supported
0.5-1,10761,False,-0.3100106670780915,supported
0.5-1,10762,False,-0.3095032113018839,supported
0.5-1,10763,False,-0.31185114094721683,supported
0.5-1,10764,False,-0.2647853956225043,supported
0.5-1,10765,False,-0.2658947545062633,supported
0.5-1,10766,False,-0.257348843530521,supported
0.5-1,10767,False,-0.2612206923106891,supported
0.5-1,10768,False,-0.2954577098501173,supported
0.5-1,10769,False,-0.3136112050194163,supported
0.5-1,10770,False,-0.312149437237255,supported
0.5-1,10771,False,-0.30399389961201656,supported
0.5-1,10772,False,-0.2930333088516146,supported
0.5-1,10773,False,-0.3049018439558159,supported
0.5-1,10774,False,-0.31172760552609213,supported
0.5-1,10775,False,-0.30515115316840435,supported
0.5-1,10776,False,-0.3095094035573724,supported
0.5-1,10777,False,-0.2391809576505477,supported
0.5-1,10778,False,-0.25686352672880186,supported
0.5-1,10779,False,-0.2631979713148915,supported
0.5-1,10780,False,-0.27700148936588226,supported
0.5-1,10781,False,-0.27719714014594177,supported
0.5-1,10782,False,-0.3157714433762998,supported
0.5-1,10783,False,-0.3140566150792341,supported
0.5-1,10784,False,-0.23599150025059412,supported
0.5-1,10785,False,-0.30939128378553776,supported
0.5-1,10786,False,-0.3069079493517949,supported
0.5-1,10787,False,-0.2927011035949974,supported
0.5-1,10788,False,-0.2528715770586883,supported
0.5-1,10789,False,-0.27799145966497896,supported
0.5-1,10790,False,-0.24868325875741382,supported
0.5-1,10791,False,-0.2696301409307505,supported
0.5-1,10792,False,-0.2866200735062738,supported
0.5-1,10793,False,-0.30215045864965245,supported
0.5-1,10794,False,-0.2899011293145682,supported
0.5-1,10795,False,-0.3060385502253699,supported
0.5-1,10796,False,-0.3017388578862551,supported
0.5-1,10797,False,-0.3214899224351142,supported
0.5-1,10798,False,-0.3065774793159684,supported
0.5-1,10799,False,-0.2970617967204449,supported
0.5-1,10800,False,-0.2834834394493051,supported
0.5-1,10801,False,-0.12891586199138416,supported
0.5-1,10802,False,-0.21812944611604473,supported
0.5-1,10803,False,-0.27272211907824867,supported
0.5-1,10804,False,-0.3136654683016671,supported
0.5-1,10805,False,-0.2729441348716964,supported
0.5-1,10806,False,-0.2984020398910771,supported
0.5-1,10807,False,-0.30286446479061035,supported
0.5-1,10808,False,-0.23871142168631704,supported
0.5-1,10809,False,-0.31028634452370923,supported
0.5-1,10810,False,-0.30924968810868264,supported
0.5-1,10811,False,-0.2894806510494963,supported
0.5-1,10812,False,-0.2365346955340325,supported
0.5-1,10813,False,-0.2705728913983873,supported
0.5-1,10814,False,-0.2461124168669898,supported
0.5-1,10815,False,-0.2731600156092379,supported
0.5-1,10816,False,-0.30523843314529386,supported
0.5-1,10817,False,-0.3110588809294288,supported
0.5-1,10818,False,-0.28379959684762224,supported
0.5-1,10819,False,-0.3047872721475752,supported
0.5-1,10820,False,-0.3053570990395356,supported
0.5-1,10821,False,-0.31047227934383614,supported
0.5-1,10822,False,-0.2765949815613624,supported
0.5-1,10823,False,-0.30290449475242726,supported
0.5-1,10824,False,-0.2705933134116617,supported
0.5-1,10825,False,-0.303947642550381,supported
0.5-1,10826,False,-0.22191984703499068,supported
0.5-1,10827,False,-0.2740085014350914,supported
0.5-1,10828,False,-0.2847494059014493,supported
0.5-1,10829,False,-0.27164949918727377,supported
0.5-1,10830,False,-0.30422088757317006,supported
0.5-1,10831,False,-0.30315724756814116,supported
0.5-1,10832,False,-0.22916365051672044,supported
0.5-1,10833,False,-0.3021290199075234,supported
0.5-1,10834,False,-0.30600902421598747,supported
0.5-1,10835,False,-0.29074121600763364,supported
0.5-1,10836,False,-0.2562519793883575,supported
0.5-1,10837,False,-0.2709638542033197,supported
0.5-1,10838,False,-0.2674169868243156,supported
0.5-1,10839,False,-0.2763237176004474,supported
0.5-1,10840,False,-0.3017788068645804,supported
0.5-1,10841,False,-0.3120820553719989,supported
0.5-1,10842,False,-0.31093788287508234,supported
0.5-1,10843,False,-0.30380368309074557,supported
0.5-1,10844,False,-0.31485152608977446,supported
0.5-1,10845,False,-0.31024518705814935,supported
0.5-1,10846,False,-0.30674614813730594,supported
0.5-1,10847,False,-0.2692656540044634,supported
0.5-1,10848,False,-0.3029899075846491,supported
0.5-1,10849,False,-0.30119414991691607,supported
0.5-1,10850,False,-0.22680580776021037,supported
0.5-1,10851,False,-0.2764901959140256,supported
0.5-1,10852,False,-0.32048101826125736,supported
0.5-1,10853,False,-0.24520318008740943,supported
0.5-1,10854,False,-0.3002736844550207,supported
0.5-1,10855,False,-0.30699867801338543,supported
0.5-1,10856,False,-0.2641141052536254,supported
0.5-1,10857,False,-0.3042306027530357,supported
0.5-1,10858,False,-0.29559724891735634,supported
0.5-1,10859,False,-0.2990327129105108,supported
0.5-1,10860,False,-0.27178073363049976,supported
0.5-1,10861,False,-0.26209188696568875,supported
0.5-1,10862,False,-0.26613002125459095,supported
0.5-1,10863,False,-0.2642901835420165,supported
0.5-1,10864,False,-0.3075785123970306,supported
0.5-1,10865,False,-0.30497270745445093,supported
0.5-1,10866,False,-0.30345972060199133,supported
0.5-1,10867,False,-0.312133991100578,supported
0.5-1,10868,False,-0.31066370764311424,supported
0.5-1,10869,False,-0.269976092379858,supported
0.5-1,10870,False,-0.3012233974295529,supported
0.5-1,10871,False,-0.31000967939773066,supported
0.5-1,10872,False,-0.3073487853306274,supported
0.5-1,10873,False,-0.2924498876253596,supported
0.5-1,10874,False,-0.2634195986237793,supported
0.5-1,10875,False,-0.24968030357355514,supported
0.5-1,10876,False,-0.31317326895940684,supported
0.5-1,10877,False,-0.2282837935758794,supported
0.5-1,10878,False,-0.2845514579954798,supported
0.5-1,10879,False,-0.29006594217088283,supported
0.5-1,10880,False,-0.27702802512513724,supported
0.5-1,10881,False,-0.2888164730027279,supported
0.5-1,10882,False,-0.2962163844930175,supported
0.5-1,10883,False,-0.301100506848383,supported
0.5-1,10884,False,-0.26592000608588723,supported
0.5-1,10885,False,-0.1749758004240347,supported
0.5-1,10886,False,-0.24757078039022729,supported
0.5-1,10887,False,-0.24377458245168243,supported
0.5-1,10888,False,-0.2885009907324845,supported
0.5-1,10889,False,-0.3085862980759243,supported
0.5-1,10890,False,-0.2959650539193947,supported
0.5-1,10891,False,-0.2953384955792615,supported
0.5-1,10892,False,-0.3062272528963104,supported
0.5-1,10893,False,-0.24602449866678633,supported
0.5-1,10894,False,-0.2721643746169373,supported
0.5-1,10895,False,-0.2700247457812795,supported
0.5-1,10896,False,-0.2532291312425005,supported
0.5-1,10897,False,-0.16318604953069538,supported
0.5-1,10898,False,-0.2566424666160226,supported
0.5-1,10899,False,-0.17178301551999464,supported
0.5-1,10900,False,-0.24225251546288012,supported
0.5-1,10901,False,-0.1689361888947818,supported
0.5-1,10902,False,-0.26089501258780073,supported
0.5-1,10903,False,-0.19632404031351514,supported
0.5-1,10904,False,-0.2509750035943056,supported
0.5-1,10905,False,-0.14175947284053714,supported
0.5-1,10906,False,-0.2600360500663934,supported
0.5-1,10907,False,-0.1964309901010935,supported
0.5-1,10908,False,-0.1841089104033381,supported
0.5-1,10909,False,-0.16832588462444464,supported
0.5-1,10910,False,-0.16600244359361938,supported
0.5-1,10911,False,-0.1619217728271808,supported
0.5-1,10912,False,-0.21154615580592573,supported
0.5-1,10913,False,-0.27354543686684835,supported
0.5-1,10914,False,-0.2097020794785795,supported
0.5-1,10915,False,-0.18612315444633248,supported
0.5-1,10916,False,-0.2154851982293403,supported
0.5-1,10917,False,-0.18932682222435587,supported
0.5-1,10918,False,-0.24878205546180848,supported
0.5-1,10919,False,-0.18832153394167522,supported
0.5-1,10920,False,-0.20395334109098923,supported
0.5-1,10921,False,-0.2517846061774598,supported
0.5-1,10922,False,-0.1728515395619724,supported
0.5-1,10923,False,-0.17693740621751064,supported
0.5-1,10924,False,-0.18071512811576695,supported
0.5-1,10925,False,-0.1631254527533803,supported
0.5-1,10926,False,-0.24262161991156195,supported
0.5-1,10927,False,-0.20858833857602543,supported
0.5-1,10928,False,-0.18443365529466982,supported
0.5-1,10929,False,-0.1916487342731008,supported
0.5-1,10930,False,-0.2167340111775249,supported
0.5-1,10931,False,-0.21173761678262,supported
0.5-1,10932,False,-0.16023876590549668,supported
0.5-1,10933,False,-0.14696809380927045,supported
0.5-1,10934,False,-0.11944402298251022,supported
0.5-1,10935,False,-0.1629916865626353,supported
0.5-1,10936,False,-0.20295287301298248,supported
0.5-1,10937,False,-0.19465919893676653,supported
0.5-1,10938,False,-0.20695485320886942,supported
0.5-1,10939,False,-0.20156524214449817,supported
0.5-1,10940,False,-0.13823456619941665,supported
0.5-1,10941,False,-0.16539146510809588,supported
0.5-1,10942,False,-0.16070548744456536,supported
0.5-1,10943,False,-0.1447401447995571,supported
0.5-1,10944,False,-0.20735629173003717,supported
0.5-1,10945,False,-0.13227889756219624,supported
0.5-1,10946,False,-0.2133305611335236,supported
0.5-1,10947,False,-0.21928557712030766,supported
0.5-1,10948,False,-0.19461134118070955,supported
0.5-1,10949,False,-0.19963071715595937,supported
0.5-1,10950,False,-0.17720202495485238,supported
0.5-1,10951,False,-0.14663940862886027,supported
0.5-1,10952,False,-0.21308456116910096,supported
0.5-1,10953,False,-0.1169865655692357,supported
0.5-1,10954,False,-0.15301333682420792,supported
0.5-1,10955,False,-0.17998292550354067,supported
0.5-1,10956,False,-0.12599556933627398,supported
0.5-1,10957,False,-0.18435146749752473,supported
0.5-1,10958,False,-0.20375958299374003,supported
0.5-1,10959,False,-0.20031234297376477,supported
0.5-1,10960,False,-0.16411932017683084,supported
0.5-1,10961,False,-0.26919315002161126,supported
0.5-1,10962,False,-0.2610434426858853,supported
0.5-1,10963,False,-0.2385785781832544,supported
0.5-1,10964,False,-0.28352742436013645,supported
0.5-1,10965,False,-0.2972469452249173,supported
0.5-1,10966,False,-0.2819968382107971,supported
0.5-1,10967,False,-0.29403050493581073,supported
0.5-1,10968,False,-0.3086589811340959,supported
0.5-1,10969,False,-0.04397018790149709,watch
0.5-1,10970,False,-0.30753695122111707,supported
0.5-1,10971,False,-0.3156018308677084,supported
0.5-1,10972,False,-0.28278102836800584,supported
0.5-1,10973,False,-0.08976764358281353,supported
0.5-1,10974,False,-0.2725428400789721,supported
0.5-1,10975,False,-0.24141988329920672,supported
0.5-1,10976,False,-0.31002165066050535,supported
0.5-1,10977,False,-0.2608033079906322,supported
0.5-1,10978,False,-0.31327543672032787,supported
0.5-1,10979,False,-0.31475615203178275,supported
0.5-1,10980,False,-0.2577117996081107,supported
0.5-1,10981,False,-0.3102754172152409,supported
0.5-1,10982,False,-0.29434560783404906,supported
0.5-1,10983,False,-0.29501082355899155,supported
0.5-1,10984,False,-0.2716440567199028,supported
0.5-1,10985,False,-0.2694252025456942,supported
0.5-1,10986,False,-0.24492709105871296,supported
0.5-1,10987,False,-0.26882318691465495,supported
0.5-1,10988,False,-0.2991729078741035,supported
0.5-1,10989,False,-0.3105698522546243,supported
0.5-1,10990,False,-0.30525687333438484,supported
0.5-1,10991,False,-0.30665149993244817,supported
0.5-1,10992,False,-0.30240230860523437,supported
0.5-1,10993,False,-0.3194573083389419,supported
0.5-1,10994,False,-0.3132443284854335,supported
0.5-1,10995,False,-0.3160773590033232,supported
0.5-1,10996,False,-0.3154000632408678,supported
0.5-1,10997,False,-0.30488876215019434,supported
0.5-1,10998,False,-0.24766305829245988,supported
0.5-1,10999,False,-0.26653914120914673,supported
0.5-1,11000,False,-0.28070512340442094,supported
0.5-1,11001,False,-0.26921267458145637,supported
0.5-1,11002,False,-0.31149172541292447,supported
0.5-1,11003,False,-0.30211017224289544,supported
0.5-1,11004,False,-0.24460684354027928,supported
0.5-1,11005,False,-0.307269752515329,supported
0.5-1,11006,False,-0.30232390865497444,supported
0.5-1,11007,False,-0.30923628426271044,supported
0.5-1,11008,False,-0.2535027851631323,supported
0.5-1,11009,False,-0.2698732188099451,supported
0.5-1,11010,False,-0.246593329775477,supported
0.5-1,11011,False,-0.27399339301399894,supported
0.5-1,11012,False,-0.31135785197551474,supported
0.5-1,11013,False,-0.3112768391927594,supported
0.5-1,11014,False,-0.29671730611786407,supported
0.5-1,11015,False,-0.30232195431788744,supported
0.5-1,11016,False,-0.3090226427588121,supported
0.5-1,11017,False,-0.3120760172098713,supported
0.5-1,11018,False,-0.31763548231615724,supported
0.5-1,11019,False,-0.264161874519796,supported
0.5-1,11020,False,-0.3122101823587438,supported
0.5-1,11021,False,-0.3083021065150323,supported
0.5-1,11022,False,-0.22984774246229916,supported
0.5-1,11023,False,-0.2717523294924419,supported
0.5-1,11024,False,-0.29317554249157735,supported
0.5-1,11025,False,-0.2772902574880458,supported
0.5-1,11026,False,-0.3090103781427616,supported
0.5-1,11027,False,-0.30392189174374945,supported
0.5-1,11028,False,-0.22613877210688693,supported
0.5-1,11029,False,-0.3043372977852751,supported
0.5-1,11030,False,-0.3090695256733076,supported
0.5-1,11031,False,-0.30863508998452477,supported
0.5-1,11032,False,-0.2426299062033232,supported
0.5-1,11033,False,-0.27232776200846015,supported
0.5-1,11034,False,-0.2589131046419212,supported
0.5-1,11035,False,-0.27525475552315465,supported
0.5-1,11036,False,-0.304996547623089,supported
0.5-1,11037,False,-0.29769643250728023,supported
0.5-1,11038,False,-0.2924596472052676,supported
0.5-1,11039,False,-0.30219791137848084,supported
0.5-1,11040,False,-0.3019107315261363,supported
0.5-1,11041,False,-0.019242545599093663,watch
0.5-1,11042,False,-0.30774880494729323,supported
0.5-1,11043,False,-0.3038008682441909,supported
0.5-1,11044,False,-0.30967037062832636,supported
0.5-1,11045,False,-0.2983062181427715,supported
0.5-1,11046,False,-0.22476379998887602,supported
0.5-1,11047,False,-0.27025396895899684,supported
0.5-1,11048,False,-0.3208781027970836,supported
0.5-1,11049,False,-0.26896369403011955,supported
0.5-1,11050,False,-0.3207507931582992,supported
0.5-1,11051,False,-0.31143745049547666,supported
0.5-1,11052,False,-0.23310879800099266,supported
0.5-1,11053,False,-0.31173704739149033,supported
0.5-1,11054,False,-0.30893464290948136,supported
0.5-1,11055,False,-0.31267358328195843,supported
0.5-1,11056,False,-0.2502597232373105,supported
0.5-1,11057,False,-0.25368053677812924,supported
0.5-1,11058,False,-0.2723719897400804,supported
0.5-1,11059,False,-0.2747993868029349,supported
0.5-1,11060,False,-0.3033373199901477,supported
0.5-1,11061,False,-0.31520629345445383,supported
0.5-1,11062,False,-0.3085961703058186,supported
0.5-1,11063,False,-0.29650398847504095,supported
0.5-1,11064,False,-0.3111806120445489,supported
0.5-1,11065,False,-0.3049673120778486,supported
0.5-1,11066,False,-0.3117479617663882,supported
0.5-1,11067,False,-0.3042955775131126,supported
0.5-1,11068,False,-0.31714908654732094,supported
0.5-1,11069,False,-0.31936971065258657,supported
0.5-1,11070,False,-0.24894472700428893,supported
0.5-1,11071,False,-0.275345219464797,supported
0.5-1,11072,False,-0.2825573570544669,supported
0.5-1,11073,False,-0.2624775051553601,supported
0.5-1,11074,False,-0.3147368875937453,supported
0.5-1,11075,False,-0.3024730407315839,supported
0.5-1,11076,False,-0.25288462791951904,supported
0.5-1,11077,False,-0.3084060354665742,supported
0.5-1,11078,False,-0.31415342603235125,supported
0.5-1,11079,False,-0.3072267255453345,supported
0.5-1,11080,False,-0.276846205801943,supported
0.5-1,11081,False,-0.1914886574973218,supported
0.5-1,11082,False,-0.27800982901006366,supported
0.5-1,11083,False,-0.2596198880886136,supported
0.5-1,11084,False,-0.296900479214058,supported
0.5-1,11085,False,-0.31277524427880216,supported
0.5-1,11086,False,-0.29712374696699323,supported
0.5-1,11087,False,-0.3119522491770921,supported
0.5-1,11088,False,-0.3153324339737467,supported
0.5-1,11089,False,-0.2745429403042067,supported
0.5-1,11090,False,-0.30646927702345733,supported
0.5-1,11091,False,-0.03458490275151793,watch
0.5-1,11092,False,-0.2846110486155122,supported
0.5-1,11093,False,-0.2816506941652338,supported
0.5-1,11094,False,-0.2623869641420333,supported
0.5-1,11095,False,-0.2700228886551446,supported
0.5-1,11096,False,-0.30346372600014143,supported
0.5-1,11097,False,-0.22606024178670642,supported
0.5-1,11098,False,-0.30769374997117555,supported
0.5-1,11099,False,-0.31211071809664775,supported
0.5-1,11100,False,-0.26934968879292703,supported
0.5-1,11101,False,-0.28051148240735935,supported
0.5-1,11102,False,-0.311080039276792,supported
0.5-1,11103,False,-0.3012659758523981,supported
0.5-1,11104,False,-0.27219228555103836,supported
0.5-1,11105,False,-0.1555223358465989,supported
0.5-1,11106,False,-0.25114659069559175,supported
0.5-1,11107,False,-0.17220483794918073,supported
0.5-1,11108,False,-0.20375739608428578,supported
0.5-1,11109,False,-0.29741820716889406,supported
0.5-1,11110,False,-0.2525398491209794,supported
0.5-1,11111,False,-0.2989143457606812,supported
0.5-1,11112,False,-0.2274767266403669,supported
0.5-1,11113,False,-0.2541996963570351,supported
0.5-1,11114,False,-0.2714742508725705,supported
0.5-1,11115,False,-0.27988504071198195,supported
0.5-1,11116,False,-0.3003317424545818,supported
0.5-1,11117,False,-0.276089613434466,supported
0.5-1,11118,False,-0.22706958794436488,supported
0.5-1,11119,False,-0.20004737734985756,supported
0.5-1,11120,False,-0.23607840661348511,supported
0.5-1,11121,False,-0.1695833186966611,supported
0.5-1,11122,False,-0.233923496647726,supported
0.5-1,11123,False,-0.2982910915440006,supported
0.5-1,11124,False,-0.21645471371491726,supported
0.5-1,11125,False,-0.2103003842384885,supported
0.5-1,11126,False,-0.29650984276986997,supported
0.5-1,11127,False,-0.20123276055099804,supported
0.5-1,11128,False,-0.22779403018744693,supported
0.5-1,11129,False,-0.1599855231659737,supported
0.5-1,11130,False,-0.19029031492255744,supported
0.5-1,11131,False,-0.1570332690807088,supported
0.5-1,11132,False,-0.21048219087336845,supported
0.5-1,11133,False,-0.19874123496366508,supported
0.5-1,11134,False,-0.18625434083887304,supported
0.5-1,11135,False,-0.20722988933943498,supported
0.5-1,11136,False,-0.20220244837972157,supported
0.5-1,11137,False,-0.21701335545103334,supported
0.5-1,11138,False,-0.2347169636144315,supported
0.5-1,11139,False,-0.22193374991398823,supported
0.5-1,11140,False,-0.1978859914555432,supported
0.5-1,11141,False,-0.24008537775511396,supported
0.5-1,11142,False,-0.19013359374239902,supported
0.5-1,11143,False,-0.16871548819305437,supported
0.5-1,11144,False,-0.21043290808756154,supported
0.5-1,11145,False,-0.16233208641693186,supported
0.5-1,11146,False,-0.2339429919897827,supported
0.5-1,11147,False,-0.18206182300095475,supported
0.5-1,11148,False,-0.1552619275474143,supported
0.5-1,11149,False,-0.21715813535762923,supported
0.5-1,11150,False,-0.20537222872393268,supported
0.5-1,11151,False,-0.1951151123385731,supported
0.5-1,11152,False,-0.1809282727394772,supported
0.5-1,11153,False,-0.11098947925405422,supported
0.5-1,11154,False,-0.12626141980896544,supported
0.5-1,11155,False,-0.1637787101860545,supported
0.5-1,11156,False,-0.19865944101401195,supported
0.5-1,11157,False,-0.21088256654845228,supported
0.5-1,11158,False,-0.20384735830342043,supported
0.5-1,11159,False,-0.20452624164949157,supported
0.5-1,11160,False,-0.1355285625185393,supported
0.5-1,11161,False,-0.1615227631644851,supported
0.5-1,11162,False,-0.1703140153992987,supported
0.5-1,11163,False,-0.14071629444755462,supported
0.5-1,11164,False,-0.2208029551790111,supported
0.5-1,11165,False,-0.09662154225909714,supported
0.5-1,11166,False,-0.22690705192765437,supported
0.5-1,11167,False,-0.21903747932481243,supported
0.5-1,11168,False,-0.20629060971310015,supported
0.5-1,11169,False,-0.21342184079651222,supported
0.5-1,11170,False,-0.17342759876800606,supported
0.5-1,11171,False,-0.12917565489018024,supported
0.5-1,11172,False,-0.2165393905915466,supported
0.5-1,11173,False,-0.10811535543586748,supported
0.5-1,11174,False,-0.15925703152456183,supported
0.5-1,11175,False,-0.18699375794880874,supported
0.5-1,11176,False,-0.128740578419538,supported
0.5-1,11177,False,-0.2033386617510209,supported
0.5-1,11178,False,-0.17501756583610784,supported
0.5-1,11179,False,-0.20266863252330897,supported
0.5-1,11180,False,-0.25883449949852483,supported
0.5-1,11181,False,-0.2594421183385559,supported
0.5-1,11182,False,-0.26519623505465745,supported
0.5-1,11183,False,-0.22865958877344345,supported
0.5-1,11184,False,-0.24325772011730995,supported
0.5-1,11185,False,-0.2977340932470854,supported
0.5-1,11186,False,-0.10242713683356053,watch
0.5-1,11187,False,-0.28055510950222123,supported
0.5-1,11188,False,-0.09982348131836771,supported
0.5-1,11189,False,-0.27996120872787716,supported
0.5-1,11190,False,-0.27882773272754124,supported
0.5-1,11191,False,-0.305166024182761,supported
0.5-1,11192,False,-0.3029395107638411,supported
0.5-1,11193,False,-0.3229928038592681,supported
0.5-1,11194,False,-0.2640312488821303,supported
0.5-1,11195,False,-0.2437781458299394,supported
0.5-1,11196,False,-0.31160027404680407,supported
0.5-1,11197,False,-0.2627286257359383,supported
0.5-1,11198,False,-0.323665693955966,supported
0.5-1,11199,False,-0.3116140642513735,supported
0.5-1,11200,False,-0.25208587278956124,supported
0.5-1,11201,False,-0.30563936782748163,supported
0.5-1,11202,False,-0.3152518796642696,supported
0.5-1,11203,False,-0.3089698358555794,supported
0.5-1,11204,False,-0.26216016184734914,supported
0.5-1,11205,False,-0.2717684533187006,supported
0.5-1,11206,False,-0.24086680959279477,supported
0.5-1,11207,False,-0.2712750245371781,supported
0.5-1,11208,False,-0.2974959225187004,supported
0.5-1,11209,False,-0.31387104249008085,supported
0.5-1,11210,False,-0.3100902175303903,supported
0.5-1,11211,False,-0.31409661383578463,supported
0.5-1,11212,False,-0.3013547178771854,supported
0.5-1,11213,False,-0.30047433576560834,supported
0.5-1,11214,False,-0.3091536294467171,supported
0.5-1,11215,False,-0.2899897338039981,supported
0.5-1,11216,False,-0.2754311086529319,supported
0.5-1,11217,False,-0.30664583527642353,supported
0.5-1,11218,False,-0.24612229386432416,supported
0.5-1,11219,False,-0.27425207199086804,supported
0.5-1,11220,False,-0.3141105502792473,supported
0.5-1,11221,False,-0.26764688958961286,supported
0.5-1,11222,False,-0.3112130652099133,supported
0.5-1,11223,False,-0.30555536460707816,supported
0.5-1,11224,False,-0.2497092856519904,supported
0.5-1,11225,False,-0.30351952282629857,supported
0.5-1,11226,False,-0.3126045281254711,supported
0.5-1,11227,False,-0.31441669273848405,supported
0.5-1,11228,False,-0.2611432393085472,supported
0.5-1,11229,False,-0.2768601047391589,supported
0.5-1,11230,False,-0.2580016830584689,supported
0.5-1,11231,False,-0.2687068465942713,supported
0.5-1,11232,False,-0.29991157269067503,supported
0.5-1,11233,False,-0.29993950048673756,supported
0.5-1,11234,False,-0.30938783883363696,supported
0.5-1,11235,False,-0.30622705117355425,supported
0.5-1,11236,False,-0.30701011279363,supported
0.5-1,11237,False,-0.06531140580207584,supported
0.5-1,11238,False,-0.31529044996243893,supported
0.5-1,11239,False,-0.2994082848118036,supported
0.5-1,11240,False,-0.29938517179508173,supported
0.5-1,11241,False,-0.31422035389377195,supported
0.5-1,11242,False,-0.24262638720515195,supported
0.5-1,11243,False,-0.26324387988708364,supported
0.5-1,11244,False,-0.3197901007171213,supported
0.5-1,11245,False,-0.2722460047325739,supported
0.5-1,11246,False,-0.29982398831961293,supported
0.5-1,11247,False,-0.29911652683700996,supported
0.5-1,11248,False,-0.24650695097928949,supported
0.5-1,11249,False,-0.3112865509665225,supported
0.5-1,11250,False,-0.31121797860345485,supported
0.5-1,11251,False,-0.31044066378475954,supported
0.5-1,11252,False,-0.2482687281059071,supported
0.5-1,11253,False,-0.2718535654917503,supported
0.5-1,11254,False,-0.2577882332268152,supported
0.5-1,11255,False,-0.2647498055885409,supported
0.5-1,11256,False,-0.3124821598785328,supported
0.5-1,11257,False,-0.3062809197134366,supported
0.5-1,11258,False,-0.3054549315364242,supported
0.5-1,11259,False,-0.3098368951669314,supported
0.5-1,11260,False,-0.31869332643696846,supported
0.5-1,11261,False,-0.27461518198187557,supported
0.5-1,11262,False,-0.31171417207312824,supported
0.5-1,11263,False,-0.31646835113410865,supported
0.5-1,11264,False,-0.31269764600078,supported
0.5-1,11265,False,-0.3169267908799707,supported
0.5-1,11266,False,-0.24705256872126058,supported
0.5-1,11267,False,-0.2726219503432755,supported
0.5-1,11268,False,-0.3183255068537894,supported
0.5-1,11269,False,-0.2651885225023009,supported
0.5-1,11270,False,-0.303383518616032,supported
0.5-1,11271,False,-0.31023390283815777,supported
0.5-1,11272,False,-0.23898540334499208,supported
0.5-1,11273,False,-0.30285902238872714,supported
0.5-1,11274,False,-0.31326020245336217,supported
0.5-1,11275,False,-0.31542022505036066,supported
0.5-1,11276,False,-0.2685898210214894,supported
0.5-1,11277,False,-0.23722971871326148,supported
0.5-1,11278,False,-0.26660233039375747,supported
0.5-1,11279,False,-0.2365176241152016,supported
0.5-1,11280,False,-0.30839287324388764,supported
0.5-1,11281,False,-0.3104307089684251,supported
0.5-1,11282,False,-0.3103596369103038,supported
0.5-1,11283,False,-0.3074441593285153,supported
0.5-1,11284,False,-0.31418354989531067,supported
0.5-1,11285,False,-0.30428516778905246,supported
0.5-1,11286,False,-0.3195842219115736,supported
0.5-1,11287,False,-0.30543018664322497,supported
0.5-1,11288,False,-0.3168001056102019,supported
0.5-1,11289,False,-0.2900649031869371,supported
0.5-1,11290,False,-0.26218211696289634,supported
0.5-1,11291,False,-0.27523136414992244,supported
0.5-1,11292,False,-0.3197679063522915,supported
0.5-1,11293,False,-0.27448566020859205,supported
0.5-1,11294,False,-0.1593300419614595,supported
0.5-1,11295,False,-0.31071767211745444,supported
0.5-1,11296,False,-0.2663010115965752,supported
0.5-1,11297,False,-0.30846899122036425,supported
0.5-1,11298,False,-0.31493986197618284,supported
0.5-1,11299,False,-0.24595244841701197,supported
0.5-1,11300,False,-0.2740204748793521,supported
0.5-1,11301,False,-0.25351279035824364,supported
0.5-1,11302,False,-0.25875135774367397,supported
0.5-1,11303,False,-0.1786263910118988,supported
0.5-1,11304,False,-0.3065773349353485,supported
0.5-1,11305,False,-0.3024147452283103,supported
0.5-1,11306,False,-0.28309967800519,supported
0.5-1,11307,False,-0.3137120561163492,supported
0.5-1,11308,False,-0.2839841823224863,supported
0.5-1,11309,False,-0.3042461679937327,supported
0.5-1,11310,False,-0.2998188414333509,supported
0.5-1,11311,False,-0.31329666196762485,supported
0.5-1,11312,False,-0.3151431054110435,supported
0.5-1,11313,False,-0.27148840269832264,supported
0.5-1,11314,False,-0.27002084219733163,supported
0.5-1,11315,False,-0.24259804904965815,supported
0.5-1,11316,False,-0.31059427947427826,supported
0.5-1,11317,False,-0.24335157399924545,supported
0.5-1,11318,False,-0.29961595023846976,supported
0.5-1,11319,False,-0.3071387917921674,supported
0.5-1,11320,False,-0.2626246585406593,supported
0.5-1,11321,False,-0.2723960268885567,supported
0.5-1,11322,False,-0.3081124925619776,supported
0.5-1,11323,False,-0.28441705201903555,supported
0.5-1,11324,False,-0.27199741765666663,supported
0.5-1,11325,False,-0.1747745749732884,supported
0.5-1,11326,False,-0.24947252775907186,supported
0.5-1,11327,False,-0.15568890319921647,supported
0.5-1,11328,False,-0.19886173498528853,supported
0.5-1,11329,False,-0.30552973964454766,supported
0.5-1,11330,False,-0.28995410223967677,supported
0.5-1,11331,False,-0.31124879270606737,supported
0.5-1,11332,False,-0.2138093745676059,supported
0.5-1,11333,False,-0.2504192984022254,supported
0.5-1,11334,False,-0.2829891651292262,supported
0.5-1,11335,False,-0.2914394947932089,supported
0.5-1,11336,False,-0.29387007485526784,supported
0.5-1,11337,False,-0.2706025242490346,supported
0.5-1,11338,False,-0.2081249764754931,supported
0.5-1,11339,False,-0.16041413866144372,supported
0.5-1,11340,False,-0.18871854093547297,supported
0.5-1,11341,False,-0.1579965418128293,supported
0.5-1,11342,False,-0.2660055995725909,supported
0.5-1,11343,False,-0.2831356417352632,supported
0.5-1,11344,False,-0.21948994779457892,supported
0.5-1,11345,False,-0.2861556530061407,supported
0.5-1,11346,False,-0.2861262720097612,supported
0.5-1,11347,False,-0.12906381712737336,watch
0.5-1,11348,False,-0.2291723734698235,supported
0.5-1,11349,False,-0.15503122455590135,supported
0.5-1,11350,False,-0.2034237577538377,supported
0.5-1,11351,False,-0.16379129979381168,supported
0.5-1,11352,False,-0.2001839648980579,supported
0.5-1,11353,False,-0.2507916979019935,supported
0.5-1,11354,False,-0.2004206796124442,supported
0.5-1,11355,False,-0.19990661773830515,supported
0.5-1,11356,False,-0.19257777957555378,supported
0.5-1,11357,False,-0.21537573569777563,supported
0.5-1,11358,False,-0.18405784627035326,supported
0.5-1,11359,False,-0.21690444885590565,supported
0.5-1,11360,False,-0.11164851051580216,supported
0.5-1,11361,False,-0.2511861808415605,supported
0.5-1,11362,False,-0.22404350799694434,supported
0.5-1,11363,False,-0.1490317891399835,supported
0.5-1,11364,False,-0.19881961344480786,supported
0.5-1,11365,False,-0.1596605274486258,supported
0.5-1,11366,False,-0.2134561947025957,supported
0.5-1,11367,False,-0.2085456145260473,supported
0.5-1,11368,False,-0.2022964684568162,supported
0.5-1,11369,False,-0.2053303602944176,supported
0.5-1,11370,False,-0.21234091143146633,supported
0.5-1,11371,False,-0.20410947271111207,supported
0.5-1,11372,False,-0.15290117132516157,supported
0.5-1,11373,False,-0.11687156588980108,supported
0.5-1,11374,False,-0.12157840427235667,supported
0.5-1,11375,False,-0.16241468959735605,supported
0.5-1,11376,False,-0.2020307019539978,supported
0.5-1,11377,False,-0.1792590372829439,supported
0.5-1,11378,False,-0.20428681453428243,supported
0.5-1,11379,False,-0.2008993479160187,supported
0.5-1,11380,False,-0.1459077796957713,supported
0.5-1,11381,False,-0.16468867304165768,supported
0.5-1,11382,False,-0.1601344147065341,supported
0.5-1,11383,False,-0.14450387279899868,supported
0.5-1,11384,False,-0.21957248281562558,supported
0.5-1,11385,False,-0.09753044072542383,supported
0.5-1,11386,False,-0.17075468498660318,supported
0.5-1,11387,False,-0.2195049775175144,supported
0.5-1,11388,False,-0.2128717687647962,supported
0.5-1,11389,False,-0.16737028516924357,supported
0.5-1,11390,False,-0.18040685326653028,supported
0.5-1,11391,False,-0.1479967867538945,supported
0.5-1,11392,False,-0.21666727340352,supported
0.5-1,11393,False,-0.11553018340952892,supported
0.5-1,11394,False,-0.122271877005943,supported
0.5-1,11395,False,-0.15145133067612027,supported
0.5-1,11396,False,-0.12455740361674605,supported
0.5-1,11397,False,-0.19889470285481103,supported
0.5-1,11398,False,-0.17915655320384394,supported
0.5-1,11399,False,-0.19714707638532442,supported
0.5-1,11400,False,-0.16551168342172096,supported
0.5-1,11401,False,-0.2651502418456611,supported
0.5-1,11402,False,-0.2663165226878716,supported
0.5-1,11403,False,-0.23719076360158403,supported
0.5-1,11404,False,-0.1032984467405571,supported
0.5-1,11405,False,-0.2947702453111351,supported
0.5-1,11406,False,-0.2117543052815392,supported
0.5-1,11407,False,-0.24480436350161444,supported
0.5-1,11408,False,-0.3131989949265804,supported
0.5-1,11409,False,-0.29096529418204914,supported
0.5-1,11410,False,-0.21726590384946476,supported
0.5-1,11411,False,-0.26746431982500546,supported
0.5-1,11412,False,-0.21053981106844688,supported
0.5-1,11413,False,-0.29002948327650796,supported
0.5-1,11414,False,-0.19848915891279162,supported
0.5-1,11415,False,-0.23416649283853191,supported
0.5-1,11416,False,-0.2862255892638194,supported
0.5-1,11417,False,-0.2663232375585177,supported
0.5-1,11418,False,-0.31137212607802944,supported
0.5-1,11419,False,-0.31386332721529236,supported
0.5-1,11420,False,-0.2470932223414185,supported
0.5-1,11421,False,-0.2669118580612009,supported
0.5-1,11422,False,-0.3119031068936226,supported
0.5-1,11423,False,-0.30832986441895427,supported
0.5-1,11424,False,-0.2603411769373761,supported
0.5-1,11425,False,-0.27253118403058973,supported
0.5-1,11426,False,-0.2615631270292389,supported
0.5-1,11427,False,-0.271823164109122,supported
0.5-1,11428,False,-0.2977141952352223,supported
0.5-1,11429,False,-0.304821954850869,supported
0.5-1,11430,False,-0.3127456516920698,supported
0.5-1,11431,False,-0.3137740209962623,supported
0.5-1,11432,False,-0.30234475056763693,supported
0.5-1,11433,False,-0.31542965733888706,supported
0.5-1,11434,False,-0.27616414287162194,supported
0.5-1,11435,False,-0.3185222695106257,supported
0.5-1,11436,False,-0.28503813605150674,supported
0.5-1,11437,False,-0.2874245204932118,supported
0.5-1,11438,False,-0.23719503499559863,supported
0.5-1,11439,False,-0.26950942666812167,supported
0.5-1,11440,False,-0.3046708126832478,supported
0.5-1,11441,False,-0.27110547053292183,supported
0.5-1,11442,False,-0.31168738588821887,supported
0.5-1,11443,False,-0.3051289753456111,supported
0.5-1,11444,False,-0.25065419116211946,supported
0.5-1,11445,False,-0.3118255898757109,supported
0.5-1,11446,False,-0.30429883769117994,supported
0.5-1,11447,False,-0.3104119264590482,supported
0.5-1,11448,False,-0.2567842799068801,supported
0.5-1,11449,False,-0.2670798925792975,supported
0.5-1,11450,False,-0.26435328608463726,supported
0.5-1,11451,False,-0.27625728020618434,supported
0.5-1,11452,False,-0.3155008057503276,supported
0.5-1,11453,False,-0.31411658673240994,supported
0.5-1,11454,False,-0.3106876152280137,supported
0.5-1,11455,False,-0.3078247690972161,supported
0.5-1,11456,False,-0.31068899693001983,supported
0.5-1,11457,False,-0.31154548041473,supported
0.5-1,11458,False,-0.30973439089871024,supported
0.5-1,11459,False,-0.30304996813844215,supported
0.5-1,11460,False,-0.3044804331012457,supported
0.5-1,11461,False,-0.31494381323250387,supported
0.5-1,11462,False,-0.2312919550921434,supported
0.5-1,11463,False,-0.26746501140503787,supported
0.5-1,11464,False,-0.31541022877518954,supported
0.5-1,11465,False,-0.2725845273511245,supported
0.5-1,11466,False,-0.1733685699284483,supported
0.5-1,11467,False,-0.31260091884776386,supported
0.5-1,11468,False,-0.2513310847008045,supported
0.5-1,11469,False,-0.3125831139339004,supported
0.5-1,11470,False,-0.30076005442290926,supported
0.5-1,11471,False,-0.3057759621107818,supported
0.5-1,11472,False,-0.2396814592163628,supported
0.5-1,11473,False,-0.27166867134063627,supported
0.5-1,11474,False,-0.2699308684062799,supported
0.5-1,11475,False,-0.2692027947591253,supported
0.5-1,11476,False,-0.3099519538017286,supported
0.5-1,11477,False,-0.3141266865154246,supported
0.5-1,11478,False,-0.31585564989024006,supported
0.5-1,11479,False,-0.302656502290085,supported
0.5-1,11480,False,-0.31523360239936293,supported
0.5-1,11481,False,-0.3064330744706271,supported
0.5-1,11482,False,-0.3043021468503816,supported
0.5-1,11483,False,-0.28331720041684477,supported
0.5-1,11484,False,-0.3072790957928729,supported
0.5-1,11485,False,-0.3154271501580108,supported
0.5-1,11486,False,-0.25908612071678944,supported
0.5-1,11487,False,-0.2685139322664277,supported
0.5-1,11488,False,-0.3173330874517319,supported
0.5-1,11489,False,-0.2507638953512382,supported
0.5-1,11490,False,-0.052306900276011814,supported
0.5-1,11491,False,-0.3151280521767839,supported
0.5-1,11492,False,-0.2576234230480057,supported
0.5-1,11493,False,-0.29666955583743565,supported
0.5-1,11494,False,-0.30819996074266737,supported
0.5-1,11495,False,-0.31350462626447884,supported
0.5-1,11496,False,-0.2666259391057672,supported
0.5-1,11497,False,-0.1752019955147086,supported
0.5-1,11498,False,-0.2731177111180364,supported
0.5-1,11499,False,-0.26545396384424286,supported
0.5-1,11500,False,-0.3012390116641737,supported
0.5-1,11501,False,-0.3155612105493092,supported
0.5-1,11502,False,-0.30491074685892755,supported
0.5-1,11503,False,-0.3062657280239879,supported
0.5-1,11504,False,-0.31168693748664467,supported
0.5-1,11505,False,-0.3054533409544519,supported
0.5-1,11506,False,-0.2980585740693089,supported
0.5-1,11507,False,-0.298320198996501,supported
0.5-1,11508,False,-0.298357965311432,supported
0.5-1,11509,False,-0.3107234518867003,supported
0.5-1,11510,False,-0.26850468409521316,supported
0.5-1,11511,False,-0.27018183650333966,supported
0.5-1,11512,False,-0.22338901758008756,supported
0.5-1,11513,False,-0.2468427655800784,supported
0.5-1,11514,False,-0.2999847815850851,supported
0.5-1,11515,False,-0.3098755687022582,supported
0.5-1,11516,False,-0.27072562550625484,supported
0.5-1,11517,False,-0.3006967797115098,supported
0.5-1,11518,False,-0.30545693924905476,supported
0.5-1,11519,False,-0.29653134912004026,supported
0.5-1,11520,False,-0.25782992828636264,supported
0.5-1,11521,False,-0.05877428363582782,watch
0.5-1,11522,False,-0.25391564404105543,supported
0.5-1,11523,False,-0.21307712486333957,supported
0.5-1,11524,False,-0.3041566078235703,supported
0.5-1,11525,False,-0.29777480718843946,supported
0.5-1,11526,False,-0.2587571072250849,supported
0.5-1,11527,False,-0.3108273806962886,supported
0.5-1,11528,False,-0.11436223355815978,supported
0.5-1,11529,False,-0.2547566673241196,supported
0.5-1,11530,False,-0.2864549931482258,supported
0.5-1,11531,False,-0.3015837162514666,supported
0.5-1,11532,False,-0.30730124103267364,supported
0.5-1,11533,False,-0.2972406760804038,supported
0.5-1,11534,False,-0.2775930231931972,supported
0.5-1,11535,False,-0.18348062531080978,supported
0.5-1,11536,False,-0.3014409789192993,supported
0.5-1,11537,False,-0.19341689805303697,supported
0.5-1,11538,False,-0.2936650143942395,supported
0.5-1,11539,False,-0.28955088238778653,supported
0.5-1,11540,False,-0.2624999593683824,supported
0.5-1,11541,False,-0.29116306137040576,supported
0.5-1,11542,False,-0.2884961440334714,supported
0.5-1,11543,False,-0.2946061407756952,supported
0.5-1,11544,False,-0.25213650373076,supported
0.5-1,11545,False,-0.15487474606030216,supported
0.5-1,11546,False,-0.22083975231199604,supported
0.5-1,11547,False,-0.16560506106909256,supported
0.5-1,11548,False,-0.24747631080723848,supported
0.5-1,11549,False,-0.2868550090154595,supported
0.5-1,11550,False,-0.21132565578958684,supported
0.5-1,11551,False,-0.30410200071295573,supported
0.5-1,11552,False,-0.19272106988032345,supported
0.5-1,11553,False,-0.2636281061102766,supported
0.5-1,11554,False,-0.26948751413430627,supported
0.5-1,11555,False,-0.06413676323611717,supported
0.5-1,11556,False,-0.2387808032816256,supported
0.5-1,11557,False,-0.2682579603681826,supported
0.5-1,11558,False,-0.2673320533681239,supported
0.5-1,11559,False,-0.16889570357207817,supported
0.5-1,11560,False,-0.21400881557941792,supported
0.5-1,11561,False,-0.17173214538923465,supported
0.5-1,11562,False,-0.28282799518058854,supported
0.5-1,11563,False,-0.24090017675702302,supported
0.5-1,11564,False,-0.25067384181599794,supported
0.5-1,11565,False,-0.1989535956106418,supported
0.5-1,11566,False,-0.30340972362434343,supported
0.5-1,11567,False,-0.1918320047132112,supported
0.5-1,11568,False,-0.20476763761999928,supported
0.5-1,11569,False,-0.15619548293512187,supported
0.5-1,11570,False,-0.1422108250866998,supported
0.5-1,11571,False,-0.17615481321988757,supported
0.5-1,11572,False,-0.21152541896945287,supported
0.5-1,11573,False,-0.19880421291202732,supported
0.5-1,11574,False,-0.18935892102942808,supported
0.5-1,11575,False,-0.2658890534642747,supported
0.5-1,11576,False,-0.20759220549470947,supported
0.5-1,11577,False,-0.21995722279306884,supported
0.5-1,11578,False,-0.2475469403808621,supported
0.5-1,11579,False,-0.20885609719393916,supported
0.5-1,11580,False,-0.19150789416963337,supported
0.5-1,11581,False,-0.2375046790511014,supported
0.5-1,11582,False,-0.22165285551401626,supported
0.5-1,11583,False,-0.15644513402455162,supported
0.5-1,11584,False,-0.21439190585902873,supported
0.5-1,11585,False,-0.17006835961602496,supported
0.5-1,11586,False,-0.23016555105702957,supported
0.5-1,11587,False,-0.16307970341530487,supported
0.5-1,11588,False,-0.18298308720990197,supported
0.5-1,11589,False,-0.2080294063108472,supported
0.5-1,11590,False,-0.2363694876139701,supported
0.5-1,11591,False,-0.2147939851359677,supported
0.5-1,11592,False,-0.16076114125673113,supported
0.5-1,11593,False,-0.10583790419227446,supported
0.5-1,11594,False,-0.09987940214410995,supported
0.5-1,11595,False,-0.16492834489427255,supported
0.5-1,11596,False,-0.2028678859420699,supported
0.5-1,11597,False,-0.1624301657301892,supported
0.5-1,11598,False,-0.20762497692183773,supported
0.5-1,11599,False,-0.16407097063289078,supported
0.5-1,11600,False,-0.14632955269546233,supported
0.5-1,11601,False,-0.16959126544964587,supported
0.5-1,11602,False,-0.16655476422403448,supported
0.5-1,11603,False,-0.14015552944048693,supported
0.5-1,11604,False,-0.21430969191018695,supported
0.5-1,11605,False,-0.08876322383699986,supported
0.5-1,11606,False,-0.17030810220774206,supported
0.5-1,11607,False,-0.20473143007648148,supported
0.5-1,11608,False,-0.2181790344024036,supported
0.5-1,11609,False,-0.2029752825070918,supported
0.5-1,11610,False,-0.1716288256440528,supported
0.5-1,11611,False,-0.15302966002516427,supported
0.5-1,11612,False,-0.21259327296054248,supported
0.5-1,11613,False,-0.12180984389844507,supported
0.5-1,11614,False,-0.10677885175375967,supported
0.5-1,11615,False,-0.1847411916291174,supported
0.5-1,11616,False,-0.1276053768730634,supported
0.5-1,11617,False,-0.1886056348725979,supported
0.5-1,11618,False,-0.17185165465139973,supported
0.5-1,11619,False,-0.1986515645218639,supported
0.5-1,11620,False,-0.22281105434939236,supported
0.5-1,11621,False,-0.26032768278724566,supported
0.5-1,11622,False,-0.2505683155880488,supported
0.5-1,11623,False,-0.23816044449794416,supported
0.5-1,11624,False,-0.17361999075629708,supported
0.5-1,11625,False,-0.3035911048241102,supported
0.5-1,11626,False,-0.15033128256671346,supported
0.5-1,11627,False,-0.29750045237398676,supported
0.5-1,11628,False,-0.3175079273944054,supported
0.5-1,11629,False,-0.039350378100690864,watch
0.5-1,11630,False,-0.29353062172426114,supported
0.5-1,11631,False,-0.3103660847906016,supported
0.5-1,11632,False,-0.3098371863988636,supported
0.5-1,11633,False,-0.09192402745522577,supported
0.5-1,11634,False,-0.26964516880984124,supported
0.5-1,11635,False,-0.24332405836258358,supported
0.5-1,11636,False,-0.28822863150467887,supported
0.5-1,11637,False,-0.2629495647937544,supported
0.5-1,11638,False,-0.29676901280888673,supported
0.5-1,11639,False,-0.2810721287923223,supported
0.5-1,11640,False,-0.25176843623364803,supported
0.5-1,11641,False,-0.28795695535979177,supported
0.5-1,11642,False,-0.3049066752202743,supported
0.5-1,11643,False,-0.3002986600163321,supported
0.5-1,11644,False,-0.2735425064000099,supported
0.5-1,11645,False,-0.27174624175702744,supported
0.5-1,11646,False,-0.27020328064307486,supported
0.5-1,11647,False,-0.262721336935631,supported
0.5-1,11648,False,-0.3097965965488938,supported
0.5-1,11649,False,-0.3044263469366951,supported
0.5-1,11650,True,0.020320234119298064,high
0.5-1,11651,False,-0.30579735537719327,supported
0.5-1,11652,False,-0.3098789462161141,supported
0.5-1,11653,False,-0.32170813250830715,supported
0.5-1,11654,False,-0.3026362304108119,supported
0.5-1,11655,False,-0.301911428851942,supported
0.5-1,11656,False,-0.27193432906625203,supported
0.5-1,11657,False,-0.3089570037205363,supported
0.5-1,11658,False,-0.2645055472191965,supported
0.5-1,11659,False,-0.26878791675244607,supported
0.5-1,11660,False,-0.31526394261848334,supported
0.5-1,11661,False,-0.27500440355419453,supported
0.5-1,11662,False,-0.31143130705610994,supported
0.5-1,11663,False,-0.31475378215577005,supported
0.5-1,11664,False,-0.2538929356958659,supported
0.5-1,11665,False,-0.3034742225226548,supported
0.5-1,11666,False,-0.28957848935344616,supported
0.5-1,11667,False,-0.3128986289472636,supported
0.5-1,11668,False,-0.26865022248826237,supported
0.5-1,11669,False,-0.2757705484611911,supported
0.5-1,11670,False,-0.2719505285502793,supported
0.5-1,11671,False,-0.27897762945729176,supported
0.5-1,11672,False,-0.31269357536879355,supported
0.5-1,11673,False,-0.3130612024868633,supported
0.5-1,11674,False,-0.31159326112156066,supported
0.5-1,11675,False,-0.3148985551690535,supported
0.5-1,11676,False,-0.3001129639991374,supported
0.5-1,11677,False,-0.30030343152782146,supported
0.5-1,11678,False,-0.10675347642607613,supported
0.5-1,11679,False,-0.2947059247938064,supported
0.5-1,11680,False,-0.32170954538382596,supported
0.5-1,11681,False,-0.01645400188314161,moderate
0.5-1,11682,False,-0.2532356999876416,supported
0.5-1,11683,False,-0.26296410401649417,supported
0.5-1,11684,False,-0.31538355915472127,supported
0.5-1,11685,False,-0.2696671075262761,supported
0.5-1,11686,False,-0.31349656539929144,supported
0.5-1,11687,False,-0.30846884382059714,supported
0.5-1,11688,False,-0.24714614865824736,supported
0.5-1,11689,False,-0.3120767113904237,supported
0.5-1,11690,False,-0.31214492740296634,supported
0.5-1,11691,False,-0.3146319583719822,supported
0.5-1,11692,False,-0.26225481934639344,supported
0.5-1,11693,False,-0.26403897751094296,supported
0.5-1,11694,False,-0.2743209692558729,supported
0.5-1,11695,False,-0.2698477660746501,supported
0.5-1,11696,False,-0.3132241065497532,supported
0.5-1,11697,False,-0.3098373511419329,supported
0.5-1,11698,False,-0.31217554925050967,supported
0.5-1,11699,False,-0.3092469302898221,supported
0.5-1,11700,False,-0.2575803546607537,supported
0.5-1,11701,False,-0.30709349413183384,supported
0.5-1,11702,False,-0.32006214120186155,supported
0.5-1,11703,False,-0.3201581469233642,supported
0.5-1,11704,False,-0.3058216407147412,supported
0.5-1,11705,False,-0.28111613297891513,supported
0.5-1,11706,False,-0.24192537539559783,supported
0.5-1,11707,False,-0.23754943623898284,supported
0.5-1,11708,False,-0.011935901325271336,moderate
0.5-1,11709,False,-0.2424774527119346,supported
0.5-1,11710,False,-0.04618047578291995,supported
0.5-1,11711,False,-0.3085833936791555,supported
0.5-1,11712,False,-0.26293376595755713,supported
0.5-1,11713,False,-0.29628095228440676,supported
0.5-1,11714,False,-0.29821936929831083,supported
0.5-1,11715,False,-0.3105293590552058,supported
0.5-1,11716,False,-0.2753335017912928,supported
0.5-1,11717,False,-0.2432745876836916,supported
0.5-1,11718,False,-0.27721417028801637,supported
0.5-1,11719,False,-0.2414036544098192,supported
0.5-1,11720,False,-0.3095837896940075,supported
0.5-1,11721,False,-0.30735762095736624,supported
0.5-1,11722,False,-0.29853935179530294,supported
0.5-1,11723,False,-0.3097790524000428,supported
0.5-1,11724,False,-0.2992918687731959,supported
0.5-1,11725,False,-0.25506319129914795,supported
0.5-1,11726,False,-0.3121429353337763,supported
0.5-1,11727,False,-0.3213307649903024,supported
0.5-1,11728,False,-0.31406839716542595,supported
0.5-1,11729,False,-0.31614610302407065,supported
0.5-1,11730,False,-0.1864032840373508,supported
0.5-1,11731,False,-0.23104876834831223,supported
0.5-1,11732,False,-0.31966452771174214,supported
0.5-1,11733,False,-0.18668574713412828,supported
0.5-1,11734,False,-0.29161777089974505,supported
0.5-1,11735,False,-0.3008720423850045,supported
0.5-1,11736,False,-0.2750011673306114,supported
0.5-1,11737,False,-0.2987823495439561,supported
0.5-1,11738,False,-0.2896350741356129,supported
0.5-1,11739,False,-0.2980194472398979,supported
0.5-1,11740,False,-0.2747618268121408,supported
0.5-1,11741,False,-0.15961765321022614,supported
0.5-1,11742,False,-0.2664877266061707,supported
0.5-1,11743,False,-0.18369675622952586,supported
0.5-1,11744,False,-0.2971489423920077,supported
0.5-1,11745,False,-0.2835063380326118,supported
0.5-1,11746,False,-0.282118209999915,supported
0.5-1,11747,False,-0.2902052090158615,supported
0.5-1,11748,False,-0.3183649573677615,supported
0.5-1,11749,False,-0.2499891632840301,supported
0.5-1,11750,False,-0.26147748179419433,supported
0.5-1,11751,False,-0.2946407532641609,supported
0.5-1,11752,False,-0.28553812797411404,supported
0.5-1,11753,False,-0.2905196768085216,supported
0.5-1,11754,False,-0.2725188474802758,supported
0.5-1,11755,False,-0.18710427818226066,supported
0.5-1,11756,False,-0.3044707772555275,supported
0.5-1,11757,False,-0.2268464958673348,supported
0.5-1,11758,False,-0.27533349314416455,supported
0.5-1,11759,False,-0.2815193604551329,supported
0.5-1,11760,False,-0.2690889413367806,supported
0.5-1,11761,False,-0.2930740580953926,supported
0.5-1,11762,False,-0.2773806932894845,supported
0.5-1,11763,False,-0.2820721752488531,supported
0.5-1,11764,False,-0.2437911833437275,supported
0.5-1,11765,False,-0.16207867789164154,supported
0.5-1,11766,True,0.04828282603019618,high
0.5-1,11767,False,-0.1581489073206156,supported
0.5-1,11768,False,-0.22297374684103194,supported
0.5-1,11769,False,-0.276266985551658,supported
0.5-1,11770,False,-0.23618945105900147,supported
0.5-1,11771,False,-0.27378801059239194,supported
0.5-1,11772,False,-0.2831637200192626,supported
0.5-1,11773,False,-0.21044463471398817,supported
0.5-1,11774,False,-0.2658297802093237,supported
0.5-1,11775,False,-0.18289306830180263,supported
0.5-1,11776,False,-0.21530729955928735,supported
0.5-1,11777,False,-0.282811747902748,supported
0.5-1,11778,False,-0.25779300406720734,supported
0.5-1,11779,False,-0.16859934856382697,supported
0.5-1,11780,False,-0.1838706623968226,supported
0.5-1,11781,False,-0.13435019103591161,supported
0.5-1,11782,False,-0.24142988216599048,supported
0.5-1,11783,False,-0.2540720239129207,supported
0.5-1,11784,False,-0.23727637851827965,supported
0.5-1,11785,False,-0.23168670383256845,supported
0.5-1,11786,False,-0.23309002513542415,supported
0.5-1,11787,False,-0.209431891130958,supported
0.5-1,11788,False,-0.1929179279320481,supported
0.5-1,11789,False,-0.178618902986852,supported
0.5-1,11790,False,-0.1368483844972307,supported
0.5-1,11791,True,0.004469769170976745,watch
0.5-1,11792,False,-0.20974079877501178,supported
0.5-1,11793,False,-0.013047431981917934,moderate
0.5-1,11794,False,-0.21114430618873092,supported
0.5-1,11795,False,-0.25623950314533867,supported
0.5-1,11796,False,-0.20142965670981294,supported
0.5-1,11797,False,-0.20593331866991665,supported
0.5-1,11798,False,-0.24085387444836032,supported
0.5-1,11799,False,-0.18480303941216802,supported
0.5-1,11800,False,-0.19198603318915708,supported
0.5-1,11801,False,-0.10892515382823309,supported
0.5-1,11802,False,-0.22152681927535267,supported
0.5-1,11803,False,-0.15808670997882834,supported
0.5-1,11804,False,-0.2133875938534509,supported
0.5-1,11805,False,-0.15453383904027118,supported
0.5-1,11806,False,-0.22267414815377184,supported
0.5-1,11807,False,-0.2166141590682461,supported
0.5-1,11808,False,-0.18994597201407704,supported
0.5-1,11809,False,-0.20294010483702446,supported
0.5-1,11810,False,-0.20921818810522813,supported
0.5-1,11811,False,-0.19083949667571104,supported
0.5-1,11812,False,-0.15173626167573195,supported
0.5-1,11813,False,-0.1324954552806431,supported
0.5-1,11814,False,-0.10223288956450838,supported
0.5-1,11815,False,-0.17116557036351487,supported
0.5-1,11816,False,-0.20227124521665868,supported
0.5-1,11817,False,-0.1384077330263721,supported
0.5-1,11818,False,-0.20704550284094247,supported
0.5-1,11819,False,-0.18181497613387165,supported
0.5-1,11820,False,-0.14467245167080256,supported
0.5-1,11821,False,-0.16097327420137397,supported
0.5-1,11822,False,-0.16441528272992423,supported
0.5-1,11823,False,-0.13837841316476307,supported
0.5-1,11824,False,-0.2044111810210072,supported
0.5-1,11825,False,-0.10554309687608343,supported
0.5-1,11826,False,-0.20532456592221404,supported
0.5-1,11827,False,-0.21530210737197703,supported
0.5-1,11828,False,-0.18789833502255116,supported
0.5-1,11829,False,-0.18872275651503773,supported
0.5-1,11830,False,-0.14998498080014366,supported
0.5-1,11831,False,-0.16804963076562296,supported
0.5-1,11832,False,-0.21478026120944604,supported
0.5-1,11833,False,-0.11881703114993358,supported
0.5-1,11834,False,-0.1801106669847644,supported
0.5-1,11835,False,-0.13591704339088528,supported
0.5-1,11836,False,-0.11116342857871342,supported
0.5-1,11837,False,-0.19262772480365142,supported
0.5-1,11838,False,-0.13900527020307307,supported
0.5-1,11839,False,-0.21198318025958252,supported
0.5-1,11840,False,-0.2707648824291269,supported
0.5-1,11841,False,-0.26515407070979147,supported
0.5-1,11842,False,-0.07032828440752714,supported
0.5-1,11843,False,-0.035898202476836394,supported
0.5-1,11844,False,-0.09640098032564515,watch
0.5-1,11845,False,-0.08409531984489649,supported
0.5-1,11846,False,-0.12327841934351524,supported
0.5-1,11847,False,-0.2910128016848085,supported
0.5-1,11848,False,-0.3011172664097423,supported
0.5-1,11849,False,-0.23489662680400403,supported
0.5-1,11850,False,-0.3054797910743067,supported
0.5-1,11851,True,0.003460999728133074,high
0.5-1,11852,True,0.009060816650069525,moderate
0.5-1,11853,False,-0.00013292896493244388,moderate
0.5-1,11854,True,0.0013001103119968382,moderate
0.5-1,11855,True,0.011255689562971738,moderate
0.5-1,11856,False,-0.3011351006796449,supported
0.5-1,11857,False,-0.13976551818335914,supported
0.5-1,11858,False,-0.09815332286412382,supported
0.5-1,11859,False,-0.2553553412363843,supported
0.5-1,11860,False,-0.3105980645537037,supported
0.5-1,11861,False,-0.033485284095737256,supported
0.5-1,11862,False,-0.28826493353923527,supported
0.5-1,11863,False,-0.304611890192689,supported
0.5-1,11864,False,-0.23505730342203707,supported
0.5-1,11865,False,-0.31179367050215684,supported
0.5-1,11866,False,-0.08059694270768614,supported
0.5-1,11867,False,-0.140508620826429,supported
0.5-1,11868,False,-0.2769408112121155,supported
0.5-1,11869,False,-0.273954107316408,supported
0.5-1,11870,False,-0.03698621252002843,supported
0.5-1,11871,False,-0.03767329921321305,supported
0.5-1,11872,False,-0.2982941787259105,supported
0.5-1,11873,False,-0.08016672525453594,supported
0.5-1,11874,False,-0.14789385791764864,supported
0.5-1,11875,True,0.014885235386706053,high
0.5-1,11876,False,-0.3119939173222629,supported
0.5-1,11877,False,-0.3150608745705955,supported
0.5-1,11878,True,0.021025347002949668,high
0.5-1,11879,False,-0.31949323545608777,supported
0.5-1,11880,True,0.014873580996264013,high
0.5-1,11881,True,0.010077567533871123,moderate
0.5-1,11882,True,0.013689107952024604,moderate
0.5-1,11883,True,0.012311219881528612,moderate
0.5-1,11884,False,-0.265390382886668,supported
0.5-1,11885,False,-0.3140593916074044,supported
0.5-1,11886,False,-0.07106101976644241,supported
0.5-1,11887,False,-0.2658085219271372,supported
0.5-1,11888,False,-0.32001072465557673,supported
0.5-1,11889,False,-0.04757742172800128,supported
0.5-1,11890,False,-0.304740958614119,supported
0.5-1,11891,False,-0.30465177592902726,supported
0.5-1,11892,False,-0.27098453302505593,supported
0.5-1,11893,False,-0.28279170200648956,supported
0.5-1,11894,False,-0.08249357008920644,supported
0.5-1,11895,False,-0.1049748029852211,supported
0.5-1,11896,False,-0.27673881074946816,supported
0.5-1,11897,False,-0.2736077147266376,supported
0.5-1,11898,False,-0.045094262553538766,supported
0.5-1,11899,False,-0.05364492500600371,supported
0.5-1,11900,False,-0.30864433470167524,supported
0.5-1,11901,False,-0.06023877154835755,supported
0.5-1,11902,False,-0.11355268889739711,supported
0.5-1,11903,False,-0.3097109179651433,supported
0.5-1,11904,False,-0.11436703004687354,supported
0.5-1,11905,False,-0.2867455728928123,supported
0.5-1,11906,False,-0.2883526606906994,supported
0.5-1,11907,False,-0.3163500422480459,supported
0.5-1,11908,True,0.012353453129775427,high
0.5-1,11909,True,0.013256677178858922,moderate
0.5-1,11910,True,0.017472704906956293,high
0.5-1,11911,True,0.014203414709119788,high
0.5-1,11912,False,-0.3112764414524781,supported
0.5-1,11913,False,-0.3077741786562298,supported
0.5-1,11914,False,-0.08767821555587196,supported
0.5-1,11915,False,-0.26431337280242906,supported
0.5-1,11916,False,-0.27640538818922655,supported
0.5-1,11917,False,-0.06948521090292015,supported
0.5-1,11918,False,-0.28647681442650047,supported
0.5-1,11919,False,-0.3117961724692877,supported
0.5-1,11920,False,-0.24944290123085577,supported
0.5-1,11921,False,-0.31194846755762384,supported
0.5-1,11922,False,-0.08267582114595806,supported
0.5-1,11923,False,-0.1532396593450619,supported
0.5-1,11924,False,-0.2642586506444365,supported
0.5-1,11925,False,-0.27071900745133914,supported
0.5-1,11926,False,-0.025428523456999308,supported
0.5-1,11927,False,-0.04618074660210414,supported
0.5-1,11928,False,-0.2975955224885305,supported
0.5-1,11929,False,-0.05447675605658042,supported
0.5-1,11930,False,-0.09770696007706148,supported
0.5-1,11931,False,-0.30943717658388853,supported
0.5-1,11932,False,-0.32399849386760515,supported
0.5-1,11933,False,-0.2613169808692658,supported
0.5-1,11934,False,-0.3176242863416342,supported
0.5-1,11935,False,-0.3120074545380046,supported
0.5-1,11936,True,0.010425906684162434,moderate
0.5-1,11937,True,0.009113156127545041,moderate
0.5-1,11938,True,0.012979574919356529,high
0.5-1,11939,True,0.011334428013597853,moderate
0.5-1,11940,False,-0.30506183415344085,supported
0.5-1,11941,False,-0.29852502180831675,supported
0.5-1,11942,False,-0.04989774810198033,supported
0.5-1,11943,False,-0.24213804888349044,supported
0.5-1,11944,False,-0.2780074209621613,supported
0.5-1,11945,False,-0.07544509829183177,supported
0.5-1,11946,False,-0.3116828524390848,supported
0.5-1,11947,False,-0.3114983742051549,supported
0.5-1,11948,False,-0.25243964552569775,supported
0.5-1,11949,False,-0.28255775968251845,supported
0.5-1,11950,False,-0.0779373694842238,supported
0.5-1,11951,False,-0.1760259131991755,supported
0.5-1,11952,False,-0.27419380958776013,supported
0.5-1,11953,False,-0.2157150471996705,supported
0.5-1,11954,False,-0.04133742443543653,supported
0.5-1,11955,False,-0.08127501420691652,supported
0.5-1,11956,False,-0.31268767974415473,supported
0.5-1,11957,False,-0.057754069695080235,supported
0.5-1,11958,False,-0.15896103552692087,supported
0.5-1,11959,False,-0.3091676913503056,supported
0.5-1,11960,False,-0.23711819068579043,supported
0.5-1,11961,False,-0.19231248167154136,supported
0.5-1,11962,False,-0.28431095762669156,supported
0.5-1,11963,True,0.00733368945455648,high
0.5-1,11964,False,-0.0007033453869490502,moderate
0.5-1,11965,True,0.005462779207228485,moderate
0.5-1,11966,True,0.010540606471659886,moderate
0.5-1,11967,True,0.005014589893519439,moderate
0.5-1,11968,False,-0.29614437453436926,supported
0.5-1,11969,False,-0.2712599461773116,supported
0.5-1,11970,False,-0.04323428834983234,supported
0.5-1,11971,False,-0.16847335873161284,supported
0.5-1,11972,False,-0.3020428914081079,supported
0.5-1,11973,False,-0.09141450678097862,supported
0.5-1,11974,False,-0.2915464550133023,supported
0.5-1,11975,False,-0.3019765031513247,supported
0.5-1,11976,False,-0.27810673745140896,supported
0.5-1,11977,False,-0.2904499971284035,supported
0.5-1,11978,False,-0.0796473507879717,supported
0.5-1,11979,False,-0.17858819888410604,supported
0.5-1,11980,False,-0.27456004480677626,supported
0.5-1,11981,False,-0.1522202754122146,supported
0.5-1,11982,False,-0.09584580741989579,supported
0.5-1,11983,False,-0.1282006583122295,supported
0.5-1,11984,True,0.008969307241252111,high
0.5-1,11985,False,-0.06556744597996178,supported
0.5-1,11986,False,-0.14997009705459008,supported
0.5-1,11987,False,-0.2911829525099158,supported
0.5-1,11988,False,-0.28985452449129606,supported
0.5-1,11989,False,-0.2193837024701601,supported
0.5-1,11990,False,-0.24900522114000223,supported
0.5-1,11991,False,-0.04533531530630619,watch
0.5-1,11992,False,-0.10979284123372268,watch
0.5-1,11993,False,-0.0741030918879928,watch
0.5-1,11994,False,-0.02828839887882828,moderate
0.5-1,11995,False,-0.1062483128353261,watch
0.5-1,11996,False,-0.2977839284026723,supported
0.5-1,11997,False,-0.28924254751693534,supported
0.5-1,11998,False,-0.07596611568334011,supported
0.5-1,11999,False,-0.13745902557417167,supported
0.5-1,12000,False,-0.2988621421348109,supported
0.5-1,12001,False,-0.11083464929798326,supported
0.5-1,12002,False,-0.27478641356268235,supported
0.5-1,12003,False,-0.2793867541304651,supported
0.5-1,12004,False,-0.24774953089913754,supported
0.5-1,12005,False,-0.25895329271977696,supported
0.5-1,12006,False,-0.11657441797676593,supported
0.5-1,12007,False,-0.16695453862805665,supported
0.5-1,12008,False,-0.25317349654588134,supported
0.5-1,12009,True,0.031367103708568544,moderate
0.5-1,12010,False,-0.08417085507177358,supported
0.5-1,12011,False,-0.1015511216828987,supported
0.5-1,12012,False,-0.25310903749200675,supported
0.5-1,12013,False,-0.11403847775612885,supported
0.5-1,12014,False,-0.1700845684064175,supported
0.5-1,12015,False,-0.26703464277703864,supported
0.5-1,12016,False,-0.2210001453150791,supported
0.5-1,12017,True,0.008322017175796503,high
0.5-1,12018,False,-0.2399804236752826,supported
0.5-1,12019,False,-0.18753045342901337,supported
0.5-1,12020,False,-0.13345460254621255,supported
0.5-1,12021,False,-0.11613903009815896,supported
0.5-1,12022,False,-0.11776928859068925,watch
0.5-1,12023,False,-0.13073367735081098,supported
0.5-1,12024,False,-0.3001053239583684,supported
0.5-1,12025,False,-0.28204258015245154,supported
0.5-1,12026,False,-0.0977457602846119,supported
0.5-1,12027,False,-0.16365619351395422,supported
0.5-1,12028,False,-0.07008420721905295,watch
0.5-1,12029,False,-0.12386681923563325,supported
0.5-1,12030,False,-0.2230319312392135,supported
0.5-1,12031,False,-0.29187392565629666,supported
0.5-1,12032,False,-0.25685619924765263,supported
0.5-1,12033,False,-0.19258236455190691,supported
0.5-1,12034,False,-0.13674235660953538,supported
0.5-1,12035,False,-0.13921167014249236,supported
0.5-1,12036,True,0.02516030375870293,watch
0.5-1,12037,False,-0.17055035139408636,supported
0.5-1,12038,False,-0.09939212339235348,supported
0.5-1,12039,False,-0.08164592436106932,supported
0.5-1,12040,False,-0.012876323280556323,moderate
0.5-1,12041,False,-0.1028672970679837,supported
0.5-1,12042,False,-0.1418988600526485,supported
0.5-1,12043,False,-0.22461639179402604,supported
0.5-1,12044,False,-0.020584952971835158,moderate
0.5-1,12045,False,-0.19322013079328415,supported
0.5-1,12046,False,-0.23861098941086395,supported
0.5-1,12047,False,-0.20200425663554988,supported
0.5-1,12048,False,-0.14352762446474687,supported
0.5-1,12049,False,-0.13971622804639183,supported
0.5-1,12050,False,-0.1497862988930886,supported
0.5-1,12051,False,-0.1462708265895588,supported
0.5-1,12052,False,-0.18349278513234712,supported
0.5-1,12053,False,-0.2525768224723656,supported
0.5-1,12054,False,-0.09816824046231243,supported
0.5-1,12055,False,-0.17367096613243693,supported
0.5-1,12056,False,-0.20171047701343525,supported
0.5-1,12057,False,-0.10843038198325894,supported
0.5-1,12058,False,-0.19329606046881737,supported
0.5-1,12059,False,-0.21374239168596232,supported
0.5-1,12060,False,-0.2040783491748595,supported
0.5-1,12061,False,-0.20858580479828814,supported
0.5-1,12062,False,-0.14180256998641927,supported
0.5-1,12063,False,-0.11247248200686422,supported
0.5-1,12064,False,-0.14418134017694817,supported
0.5-1,12065,False,-0.13213227952272166,supported
0.5-1,12066,False,-0.046902330588922125,supported
0.5-1,12067,False,-0.07978705305692768,supported
0.5-1,12068,False,-0.20341396392892525,supported
0.5-1,12069,False,-0.13550915475384284,supported
0.5-1,12070,False,-0.13608698371724914,supported
0.5-1,12071,False,-0.16190396179142363,supported
0.5-1,12072,False,-0.15050232799475893,supported
0.5-1,12073,False,-0.11795414797318537,supported
0.5-1,12074,False,-0.16389033730781,supported
0.5-1,12075,False,-0.12676263712349345,supported
0.5-1,12076,False,-0.20615544778548084,supported
0.5-1,12077,False,-0.09854812644861843,supported
0.5-1,12078,False,-0.1821998544156449,supported
0.5-1,12079,False,-0.208224868965741,supported
0.5-1,12080,False,-0.13142783410206915,supported
0.5-1,12081,False,-0.13476716206936035,supported
0.5-1,12082,False,-0.14925603909281548,supported
0.5-1,12083,False,-0.12762597733586434,supported
0.5-1,12084,False,-0.20573940256719003,supported
0.5-1,12085,False,-0.19574300648234466,supported
0.5-1,12086,False,-0.0739711856380777,supported
0.5-1,12087,False,-0.1602148004913897,supported
0.5-1,12088,False,-0.19639943646257585,supported
0.5-1,12089,False,-0.08940288940279906,supported
0.5-1,12090,False,-0.1283897848070802,supported
0.5-1,12091,False,-0.16750504149824974,supported
0.5-1,12092,False,-0.12695313167990518,supported
0.5-1,12093,False,-0.19326016285832004,supported
0.5-1,12094,False,-0.13247876664912694,supported
0.5-1,12095,False,-0.15584637641495924,supported
0.5-1,12096,False,-0.26421750334913974,supported
0.5-1,12097,False,-0.25567000102591453,supported
0.5-1,12098,False,-0.2722046618182488,supported
0.5-1,12099,False,-0.2370971700956787,supported
0.5-1,12100,False,-0.26955522417705324,supported
0.5-1,12101,False,-0.29113434304452057,supported
0.5-1,12102,False,-0.285700601059246,supported
0.5-1,12103,False,-0.2943438886815004,supported
0.5-1,12104,False,-0.2881030959831855,supported
0.5-1,12105,False,-0.3057872205645217,supported
0.5-1,12106,False,-0.31625050954846834,supported
0.5-1,12107,False,-0.2922703750302198,supported
0.5-1,12108,False,-0.283409409040747,supported
0.5-1,12109,False,-0.303619966811832,supported
0.5-1,12110,False,-0.26868020988101765,supported
0.5-1,12111,False,-0.24196635725219284,supported
0.5-1,12112,False,-0.3086155175541924,supported
0.5-1,12113,False,-0.27603208087261477,supported
0.5-1,12114,False,-0.3146503626482785,supported
0.5-1,12115,False,-0.31272926929549705,supported
0.5-1,12116,False,-0.2694126086634835,supported
0.5-1,12117,False,-0.3092923271042742,supported
0.5-1,12118,False,-0.3066548661211285,supported
0.5-1,12119,False,-0.3147531419732084,supported
0.5-1,12120,False,-0.2714652754051312,supported
0.5-1,12121,False,-0.2678824538738915,supported
0.5-1,12122,False,-0.26014276056802155,supported
0.5-1,12123,False,-0.27027287024086544,supported
0.5-1,12124,False,-0.29834664917185894,supported
0.5-1,12125,False,-0.30837319572261046,supported
0.5-1,12126,False,-0.3059786129881113,supported
0.5-1,12127,False,-0.30245371104961966,supported
0.5-1,12128,False,-0.3040748579744336,supported
0.5-1,12129,False,-0.3024771234790082,supported
0.5-1,12130,False,-0.3097625879234719,supported
0.5-1,12131,False,-0.2887730829572421,supported
0.5-1,12132,False,-0.29605513343943074,supported
0.5-1,12133,False,-0.28841796591291313,supported
0.5-1,12134,False,-0.2626720263040412,supported
0.5-1,12135,False,-0.2696637494782418,supported
0.5-1,12136,False,-0.3036028862010753,supported
0.5-1,12137,False,-0.24968772118934007,supported
0.5-1,12138,False,-0.30447276034238957,supported
0.5-1,12139,False,-0.297232104269759,supported
0.5-1,12140,False,-0.2576477466887985,supported
0.5-1,12141,False,-0.3035024512291637,supported
0.5-1,12142,False,-0.3021376112031004,supported
0.5-1,12143,False,-0.30984376848310935,supported
0.5-1,12144,False,-0.2640912455339609,supported
0.5-1,12145,False,-0.26711076694804275,supported
0.5-1,12146,False,-0.26556816744491535,supported
0.5-1,12147,False,-0.257484362012723,supported
0.5-1,12148,False,-0.2911817962719163,supported
0.5-1,12149,False,-0.291638930668961,supported
0.5-1,12150,False,-0.29559096212949115,supported
0.5-1,12151,False,-0.29604150593216644,supported
0.5-1,12152,False,-0.29998069003246874,supported
0.5-1,12153,False,-0.29850425884793863,supported
0.5-1,12154,False,-0.30086442284333176,supported
0.5-1,12155,False,-0.3037386372840866,supported
0.5-1,12156,False,-0.03583932435389836,watch
0.5-1,12157,False,-0.3109891689771889,supported
0.5-1,12158,False,-0.25915783480056137,supported
0.5-1,12159,False,-0.2663523422846278,supported
0.5-1,12160,False,-0.31217784537942245,supported
0.5-1,12161,False,-0.25912012314752786,supported
0.5-1,12162,False,-0.30922763977987466,supported
0.5-1,12163,False,-0.2831497030249676,supported
0.5-1,12164,False,-0.2616711486215401,supported
0.5-1,12165,False,-0.29766100170557,supported
0.5-1,12166,False,-0.2966178019692285,supported
0.5-1,12167,False,-0.29766297187218005,supported
0.5-1,12168,False,-0.2673783238455958,supported
0.5-1,12169,False,-0.2771943683989704,supported
0.5-1,12170,False,-0.2704640496320717,supported
0.5-1,12171,False,-0.26636681993956407,supported
0.5-1,12172,False,-0.2976018106421138,supported
0.5-1,12173,False,-0.29968796418827093,supported
0.5-1,12174,False,-0.2879720198134977,supported
0.5-1,12175,False,-0.2864879109331599,supported
0.5-1,12176,False,-0.30810855495178613,supported
0.5-1,12177,False,-0.3004978842489673,supported
0.5-1,12178,False,-0.2929409100948229,supported
0.5-1,12179,False,-0.3043050864648549,supported
0.5-1,12180,False,-0.3143189851824068,supported
0.5-1,12181,False,-0.30330553225398066,supported
0.5-1,12182,False,-0.2522631351597509,supported
0.5-1,12183,False,-0.25640354448922387,supported
0.5-1,12184,False,-0.3104950057083092,supported
0.5-1,12185,False,-0.2613175461177748,supported
0.5-1,12186,False,-0.30375544620424805,supported
0.5-1,12187,False,-0.30117058831004234,supported
0.5-1,12188,False,-0.2684828869888315,supported
0.5-1,12189,False,-0.29305272043934477,supported
0.5-1,12190,False,-0.27252880822646214,supported
0.5-1,12191,False,-0.29674097760449647,supported
0.5-1,12192,False,-0.26629812285239274,supported
0.5-1,12193,False,-0.27154138378561826,supported
0.5-1,12194,False,-0.2729552789783573,supported
0.5-1,12195,False,-0.2615404300025021,supported
0.5-1,12196,False,-0.30550010000011796,supported
0.5-1,12197,False,-0.300468304160909,supported
0.5-1,12198,False,-0.28384627461365924,supported
0.5-1,12199,False,-0.2955904763565045,supported
0.5-1,12200,False,-0.3011798760700365,supported
0.5-1,12201,False,-0.31992416147624264,supported
0.5-1,12202,False,-0.29695036361073984,supported
0.5-1,12203,False,-0.2833573220943622,supported
0.5-1,12204,False,-0.30545587650372946,supported
0.5-1,12205,False,-0.3169574520875918,supported
0.5-1,12206,False,-0.26233155465685903,supported
0.5-1,12207,False,-0.2727700491731733,supported
0.5-1,12208,False,-0.3128709655800669,supported
0.5-1,12209,False,-0.27215217132590547,supported
0.5-1,12210,False,-0.31008451558344385,supported
0.5-1,12211,False,-0.28580622294527114,supported
0.5-1,12212,False,-0.2591938131947717,supported
0.5-1,12213,False,-0.2976051645454526,supported
0.5-1,12214,False,-0.28468052407891187,supported
0.5-1,12215,False,-0.29546559151155105,supported
0.5-1,12216,False,-0.13117459521268315,supported
0.5-1,12217,False,-0.269694944801214,supported
0.5-1,12218,False,-0.26443060502562044,supported
0.5-1,12219,False,-0.2737659436315379,supported
0.5-1,12220,False,-0.3060431755263695,supported
0.5-1,12221,False,-0.29646447015577765,supported
0.5-1,12222,False,-0.3059945106376884,supported
0.5-1,12223,False,-0.2899442479732785,supported
0.5-1,12224,False,-0.31164309924440114,supported
0.5-1,12225,False,-0.3076523280251365,supported
0.5-1,12226,False,-0.3082892877772976,supported
0.5-1,12227,False,-0.3106841739881549,supported
0.5-1,12228,False,-0.2958980185670255,supported
0.5-1,12229,False,-0.3094873743945174,supported
0.5-1,12230,False,-0.2657635932176772,supported
0.5-1,12231,False,-0.2727762888071558,supported
0.5-1,12232,False,-0.29228602303957363,supported
0.5-1,12233,False,-0.2598352194873143,supported
0.5-1,12234,False,-0.2986756331519679,supported
0.5-1,12235,False,-0.2563354294681473,supported
0.5-1,12236,False,-0.2659329261707015,supported
0.5-1,12237,False,-0.3074436945387415,supported
0.5-1,12238,False,-0.26901941254118544,supported
0.5-1,12239,False,-0.27968375725915884,supported
0.5-1,12240,False,-0.2537782649772164,supported
0.5-1,12241,False,-0.2233750023776334,supported
0.5-1,12242,False,-0.24154320228712572,supported
0.5-1,12243,False,-0.25747445698662474,supported
0.5-1,12244,False,-0.2761000224611493,supported
0.5-1,12245,False,-0.24586184061906052,supported
0.5-1,12246,False,-0.2926603602378725,supported
0.5-1,12247,False,-0.2543683078777182,supported
0.5-1,12248,False,-0.31676480360988596,supported
0.5-1,12249,False,-0.3162038317029361,supported
0.5-1,12250,False,-0.3038294210390561,supported
0.5-1,12251,False,-0.30990148267152046,supported
0.5-1,12252,False,-0.31336775694569574,supported
0.5-1,12253,False,-0.30333822654840403,supported
0.5-1,12254,False,-0.26872661065747955,supported
0.5-1,12255,False,-0.24487803447828987,supported
0.5-1,12256,False,-0.31368263145131736,supported
0.5-1,12257,False,-0.2379380842665464,supported
0.5-1,12258,False,-0.29297587018899734,supported
0.5-1,12259,False,-0.26835632157709083,supported
0.5-1,12260,False,-0.24128406265951652,supported
0.5-1,12261,False,-0.29801875639420894,supported
0.5-1,12262,False,-0.18350187409476004,supported
0.5-1,12263,False,-0.21107484424681366,supported
0.5-1,12264,False,-0.2479454694714811,supported
0.5-1,12265,False,-0.17695638995606933,supported
0.5-1,12266,False,-0.1992780992956904,supported
0.5-1,12267,False,-0.17966674346686107,supported
0.5-1,12268,False,-0.20180756620146606,supported
0.5-1,12269,False,-0.19436871201775224,supported
0.5-1,12270,False,-0.19442693302308123,supported
0.5-1,12271,False,-0.17856554796304425,supported
0.5-1,12272,False,-0.31223732298681367,supported
0.5-1,12273,False,-0.2849147672645678,supported
0.5-1,12274,False,-0.29545203996844616,supported
0.5-1,12275,False,-0.21875460747698933,supported
0.5-1,12276,False,-0.25184726584962314,supported
0.5-1,12277,False,-0.26774838503665727,supported
0.5-1,12278,False,-0.2487417265035599,supported
0.5-1,12279,False,-0.20790532698304365,supported
0.5-1,12280,False,-0.20706096015823144,supported
0.5-1,12281,True,0.01386240423442664,watch
0.5-1,12282,False,-0.2637579056931433,supported
0.5-1,12283,False,-0.20578709568689746,supported
0.5-1,12284,False,-0.23215074588364099,supported
0.5-1,12285,False,-0.2041728259737906,supported
0.5-1,12286,False,-0.030166459660285527,moderate
0.5-1,12287,False,-0.19276978554207963,supported
0.5-1,12288,False,-0.1468750990886465,supported
0.5-1,12289,False,-0.1504319721620364,supported
0.5-1,12290,False,-0.15702124900519843,supported
0.5-1,12291,False,-0.1653393156429812,supported
0.5-1,12292,False,-0.2173177308268635,supported
0.5-1,12293,False,-0.19556838263516935,supported
0.5-1,12294,False,-0.21687005015676186,supported
0.5-1,12295,False,-0.1995326892489842,supported
0.5-1,12296,False,-0.15233977346191208,supported
0.5-1,12297,False,-0.16013234819714983,supported
0.5-1,12298,False,-0.1553190700207432,supported
0.5-1,12299,False,-0.15187538965266967,supported
0.5-1,12300,False,-0.20004882005605573,supported
0.5-1,12301,False,-0.2456292243959357,supported
0.5-1,12302,False,-0.2687873349144565,supported
0.5-1,12303,False,-0.18088689214189724,supported
0.5-1,12304,False,-0.21547769855612842,supported
0.5-1,12305,False,-0.21968397683035057,supported
0.5-1,12306,False,-0.19264529642367462,supported
0.5-1,12307,False,-0.16273084035794183,supported
0.5-1,12308,False,-0.20580716304882013,supported
0.5-1,12309,False,-0.14008719197054786,supported
0.5-1,12310,False,-0.15036500765537542,supported
0.5-1,12311,False,-0.21258679998388236,supported
0.5-1,12312,False,-0.1447037096692313,supported
0.5-1,12313,False,-0.21880263465440408,supported
0.5-1,12314,False,-0.20675523295314818,supported
0.5-1,12315,False,-0.1971227232216457,supported
0.5-1,12316,False,-0.25698895726903825,supported
0.5-1,12317,False,-0.26686732377171946,supported
0.5-1,12318,False,-0.2756158553599907,supported
0.5-1,12319,False,-0.2519879243908423,supported
0.5-1,12320,False,-0.3064105892383145,supported
0.5-1,12321,False,-0.2897341302328573,supported
0.5-1,12322,False,-0.29793113591118087,supported
0.5-1,12323,False,-0.2972637817856982,supported
0.5-1,12324,False,-0.31053144890898265,supported
0.5-1,12325,False,-0.32224212815797776,supported
0.5-1,12326,False,-0.29275515580075817,supported
0.5-1,12327,False,-0.3184404884763019,supported
0.5-1,12328,False,-0.04959638459675686,supported
0.5-1,12329,False,-0.29434364326495854,supported
0.5-1,12330,False,-0.2792513582182665,supported
0.5-1,12331,False,-0.25952426868573275,supported
0.5-1,12332,False,-0.3126438474111615,supported
0.5-1,12333,False,-0.2747992952242291,supported
0.5-1,12334,False,-0.3034505742756344,supported
0.5-1,12335,False,-0.31216943563182864,supported
0.5-1,12336,False,-0.274978625520696,supported
0.5-1,12337,False,-0.3152820042945659,supported
0.5-1,12338,False,-0.2928024342202079,supported
0.5-1,12339,False,-0.30662395898322126,supported
0.5-1,12340,False,-0.2590730114834981,supported
0.5-1,12341,False,-0.26509922735396274,supported
0.5-1,12342,False,-0.2541425646004822,supported
0.5-1,12343,False,-0.2655007192787071,supported
0.5-1,12344,False,-0.3130867136099463,supported
0.5-1,12345,False,-0.3091567861664057,supported
0.5-1,12346,False,-0.3109532724470928,supported
0.5-1,12347,False,-0.2855282187613532,supported
0.5-1,12348,False,-0.3173689133705761,supported
0.5-1,12349,False,-0.2984895535396345,supported
0.5-1,12350,False,-0.3025922558581624,supported
0.5-1,12351,False,-0.2886555246545767,supported
0.5-1,12352,False,-0.04037498290278485,watch
0.5-1,12353,False,-0.3123907053408724,supported
0.5-1,12354,False,-0.26465868708078844,supported
0.5-1,12355,False,-0.26582312014223164,supported
0.5-1,12356,False,-0.29771854280914495,supported
0.5-1,12357,False,-0.2640047939546149,supported
0.5-1,12358,False,-0.3071096562695316,supported
0.5-1,12359,False,-0.3090555954966076,supported
0.5-1,12360,False,-0.2596432945313388,supported
0.5-1,12361,False,-0.30230084436163407,supported
0.5-1,12362,False,-0.2993415688942171,supported
0.5-1,12363,False,-0.3039464665551123,supported
0.5-1,12364,False,-0.24314077153519775,supported
0.5-1,12365,False,-0.26760842331070145,supported
0.5-1,12366,False,-0.2553982295073268,supported
0.5-1,12367,False,-0.2614176915045341,supported
0.5-1,12368,False,-0.3035337942976249,supported
0.5-1,12369,False,-0.30224303362684507,supported
0.5-1,12370,False,-0.3075531850004658,supported
0.5-1,12371,False,-0.2816781443347802,supported
0.5-1,12372,False,-0.30341436815247474,supported
0.5-1,12373,False,-0.30866157050348125,supported
0.5-1,12374,False,-0.2996458844466481,supported
0.5-1,12375,False,-0.30515561108869665,supported
0.5-1,12376,False,-0.3008646476909378,supported
0.5-1,12377,False,-0.3096148575329169,supported
0.5-1,12378,False,-0.26535389737622495,supported
0.5-1,12379,False,-0.25377343698090565,supported
0.5-1,12380,False,-0.300439449674742,supported
0.5-1,12381,False,-0.2594243273835693,supported
0.5-1,12382,False,-0.28939778786110043,supported
0.5-1,12383,False,-0.30120573762995156,supported
0.5-1,12384,False,-0.25736271324036414,supported
0.5-1,12385,False,-0.29314518629352765,supported
0.5-1,12386,False,-0.2961984841677451,supported
0.5-1,12387,False,-0.3040867351263889,supported
0.5-1,12388,False,-0.26863236579937866,supported
0.5-1,12389,False,-0.27397612406229804,supported
0.5-1,12390,False,-0.26522505722141876,supported
0.5-1,12391,False,-0.2554248318655014,supported
0.5-1,12392,False,-0.29844549023851236,supported
0.5-1,12393,False,-0.29854926333125603,supported
0.5-1,12394,False,-0.3029752982306891,supported
0.5-1,12395,False,-0.2983329470228512,supported
0.5-1,12396,False,-0.3126407940385261,supported
0.5-1,12397,False,-0.31170290549266916,supported
0.5-1,12398,False,-0.3049100558424662,supported
0.5-1,12399,False,-0.06387362606472735,supported
0.5-1,12400,False,-0.3055997163714906,supported
0.5-1,12401,False,-0.25590117826760517,supported
0.5-1,12402,False,-0.2595865322357556,supported
0.5-1,12403,False,-0.2613209671259012,supported
0.5-1,12404,False,-0.30678990657201405,supported
0.5-1,12405,False,-0.25142132081924057,supported
0.5-1,12406,False,-0.31166406514552064,supported
0.5-1,12407,False,-0.29640898530447646,supported
0.5-1,12408,False,-0.271271967776289,supported
0.5-1,12409,False,-0.29626431732170394,supported
0.5-1,12410,False,-0.28632362034803827,supported
0.5-1,12411,False,-0.30088491970351444,supported
0.5-1,12412,False,-0.2619732471483246,supported
0.5-1,12413,False,-0.2627733796779775,supported
0.5-1,12414,False,-0.27640557665095294,supported
0.5-1,12415,False,-0.2695405644416688,supported
0.5-1,12416,False,-0.30807519434487485,supported
0.5-1,12417,False,-0.31071391148870015,supported
0.5-1,12418,False,-0.30659416592585503,supported
0.5-1,12419,False,-0.29676563094488995,supported
0.5-1,12420,False,-0.3059632310152818,supported
0.5-1,12421,False,-0.31260301394898504,supported
0.5-1,12422,False,-0.28079313554598095,supported
0.5-1,12423,False,-0.31131812640043516,supported
0.5-1,12424,False,-0.2880660752336235,supported
0.5-1,12425,False,-0.3047117265386371,supported
0.5-1,12426,False,-0.26884688485666486,supported
0.5-1,12427,False,-0.2668576746755679,supported
0.5-1,12428,False,-0.30778732278877774,supported
0.5-1,12429,False,-0.2682843750678928,supported
0.5-1,12430,False,-0.3108005281482154,supported
0.5-1,12431,False,-0.2891133078325125,supported
0.5-1,12432,False,-0.27303450096810633,supported
0.5-1,12433,False,-0.3032405992723984,supported
0.5-1,12434,False,-0.2930157800502857,supported
0.5-1,12435,False,-0.31176466560629645,supported
0.5-1,12436,False,-0.2672793235189084,supported
0.5-1,12437,False,-0.2536282093274239,supported
0.5-1,12438,False,-0.27584314607968746,supported
0.5-1,12439,False,-0.2765613289642844,supported
0.5-1,12440,False,-0.314846229037808,supported
0.5-1,12441,False,-0.2996078484045529,supported
0.5-1,12442,False,-0.30632831837098323,supported
0.5-1,12443,False,-0.29580716976105575,supported
0.5-1,12444,False,-0.3157454122706782,supported
0.5-1,12445,False,-0.2980473891458926,supported
0.5-1,12446,False,-0.304711761224184,supported
0.5-1,12447,False,-0.29779444909156405,supported
0.5-1,12448,False,-0.26148957346573987,supported
0.5-1,12449,False,-0.3006227272293063,supported
0.5-1,12450,False,-0.25708776230647873,supported
0.5-1,12451,False,-0.2779012805538547,supported
0.5-1,12452,False,-0.32100892499901923,supported
0.5-1,12453,False,-0.2628647829482961,supported
0.5-1,12454,False,-0.31261471684154135,supported
0.5-1,12455,False,-0.28008743051893903,supported
0.5-1,12456,False,-0.26662560953933667,supported
0.5-1,12457,False,-0.30018538010711093,supported
0.5-1,12458,False,-0.27579984352321923,supported
0.5-1,12459,False,-0.29200766921418864,supported
0.5-1,12460,False,-0.26482916641607296,supported
0.5-1,12461,False,-0.13056768870276247,supported
0.5-1,12462,False,-0.2601406789017486,supported
0.5-1,12463,False,-0.2549771433719501,supported
0.5-1,12464,False,-0.2919821517430898,supported
0.5-1,12465,False,-0.24544944926349344,supported
0.5-1,12466,False,-0.2797197722594537,supported
0.5-1,12467,False,-0.29340420939995726,supported
0.5-1,12468,False,-0.29959791765716154,supported
0.5-1,12469,False,-0.29383995918006345,supported
0.5-1,12470,False,-0.29600483764570584,supported
0.5-1,12471,False,-0.2946053749086985,supported
0.5-1,12472,False,-0.29925655038562593,supported
0.5-1,12473,False,-0.30330870306719593,supported
0.5-1,12474,False,-0.249784144030811,supported
0.5-1,12475,False,-0.254748647336428,supported
0.5-1,12476,False,-0.312634062933545,supported
0.5-1,12477,False,-0.1730276445846567,supported
0.5-1,12478,False,-0.30022634989459035,supported
0.5-1,12479,False,-0.21985259198599771,supported
0.5-1,12480,False,-0.24470648489396984,supported
0.5-1,12481,False,-0.2617839738246925,supported
0.5-1,12482,False,-0.19076955130673384,supported
0.5-1,12483,False,-0.24527729782115537,supported
0.5-1,12484,False,-0.24013286513657556,supported
0.5-1,12485,False,-0.1739787241603108,supported
0.5-1,12486,False,-0.2097042946678226,supported
0.5-1,12487,False,-0.15907463447736658,supported
0.5-1,12488,False,-0.02246348078441418,moderate
0.5-1,12489,False,-0.1831379669224633,supported
0.5-1,12490,False,-0.2515942187681203,supported
0.5-1,12491,False,-0.21575862005224616,supported
0.5-1,12492,False,-0.222016397034642,supported
0.5-1,12493,False,-0.22302704227990194,supported
0.5-1,12494,False,-0.28732862835373163,supported
0.5-1,12495,False,-0.22025125423337288,supported
0.5-1,12496,False,-0.29982652422739753,supported
0.5-1,12497,False,-0.0934575315799665,supported
0.5-1,12498,False,-0.2223285056467671,supported
0.5-1,12499,False,-0.16629625159166184,supported
0.5-1,12500,False,-0.21936323204506708,supported
0.5-1,12501,False,-0.1767786685263899,supported
0.5-1,12502,False,-0.2603822520067024,supported
0.5-1,12503,False,-0.19409242239881974,supported
0.5-1,12504,False,-0.22857036513156576,supported
0.5-1,12505,False,-0.22304408881071386,supported
0.5-1,12506,False,-0.19611470651223528,supported
0.5-1,12507,False,-0.22140288423995508,supported
0.5-1,12508,False,-0.18411135029051562,supported
0.5-1,12509,False,-0.12309677699364008,supported
0.5-1,12510,False,-0.14766449553361327,supported
0.5-1,12511,False,-0.13825838928555845,supported
0.5-1,12512,False,-0.2205138916506328,supported
0.5-1,12513,False,-0.21468239984428156,supported
0.5-1,12514,False,-0.22050346269982962,supported
0.5-1,12515,False,-0.21249962686790536,supported
0.5-1,12516,False,-0.12957222430841353,supported
0.5-1,12517,False,-0.17086915704793693,supported
0.5-1,12518,False,-0.16151338486711764,supported
0.5-1,12519,False,-0.15312506280824445,supported
0.5-1,12520,False,-0.19147417669804256,supported
0.5-1,12521,False,-0.10535017244165013,supported
0.5-1,12522,False,-0.23589071586279675,supported
0.5-1,12523,False,-0.2020515242819761,supported
0.5-1,12524,False,-0.20059885158187118,supported
0.5-1,12525,False,-0.21376568037634347,supported
0.5-1,12526,False,-0.18183390071409933,supported
0.5-1,12527,False,-0.15974433379450037,supported
0.5-1,12528,False,-0.19739638956743943,supported
0.5-1,12529,False,-0.12250986645246165,supported
0.5-1,12530,False,-0.1265016832359397,supported
0.5-1,12531,False,-0.20383675033966592,supported
0.5-1,12532,False,-0.1604392995995475,supported
0.5-1,12533,False,-0.19913832933587483,supported
0.5-1,12534,False,-0.20640803823048487,supported
0.5-1,12535,False,-0.20947234992599917,supported
0.5-1,12536,False,-0.26351013331053347,supported
0.5-1,12537,False,-0.2692329152386509,supported
0.5-1,12538,False,-0.28002863048746435,supported
0.5-1,12539,False,-0.2395031101376341,supported
0.5-1,12540,False,-0.30157371891636814,supported
0.5-1,12541,False,-0.2902615296380502,supported
0.5-1,12542,False,-0.3020474368986261,supported
0.5-1,12543,False,-0.29220541563818414,supported
0.5-1,12544,False,-0.3192492060832284,supported
0.5-1,12545,False,-0.30612891466284037,supported
0.5-1,12546,False,-0.2822460359910908,supported
0.5-1,12547,False,-0.3121590369678744,supported
0.5-1,12548,False,-0.27951389481206623,supported
0.5-1,12549,False,-0.04661761016647026,supported
0.5-1,12550,False,-0.2787603694683498,supported
0.5-1,12551,False,-0.2515548203835868,supported
0.5-1,12552,False,-0.29209932281486867,supported
0.5-1,12553,False,-0.26775312506934146,supported
0.5-1,12554,False,-0.31854030712116,supported
0.5-1,12555,False,-0.30421174442470794,supported
0.5-1,12556,False,-0.27648020478273805,supported
0.5-1,12557,False,-0.29926594298296144,supported
0.5-1,12558,False,-0.3037850143108789,supported
0.5-1,12559,False,-0.31349845176143337,supported
0.5-1,12560,False,-0.2718647840050159,supported
0.5-1,12561,False,-0.27002116588264224,supported
0.5-1,12562,False,-0.2620379887598663,supported
0.5-1,12563,False,-0.27399048125679504,supported
0.5-1,12564,False,-0.30686626698721037,supported
0.5-1,12565,False,-0.30614900471558015,supported
0.5-1,12566,False,-0.3055466679752103,supported
0.5-1,12567,False,-0.3039145751807925,supported
0.5-1,12568,False,-0.26950128004941126,supported
0.5-1,12569,False,-0.0602352638474456,supported
0.5-1,12570,False,-0.3075966714513377,supported
0.5-1,12571,False,-0.29543806047057247,supported
0.5-1,12572,False,-0.29232901194499655,supported
0.5-1,12573,False,-0.2995281741885779,supported
0.5-1,12574,False,-0.2663567196164173,supported
0.5-1,12575,False,-0.2741893905151526,supported
0.5-1,12576,False,-0.3063923476181197,supported
0.5-1,12577,False,-0.26348623109206887,supported
0.5-1,12578,False,-0.03324868843566531,supported
0.5-1,12579,False,-0.3097109002283498,supported
0.5-1,12580,False,-0.2611281657411725,supported
0.5-1,12581,False,-0.30304621337996573,supported
0.5-1,12582,False,-0.3073466169794931,supported
0.5-1,12583,False,-0.3080650607268632,supported
0.5-1,12584,False,-0.24988317068621102,supported
0.5-1,12585,False,-0.26625593059196695,supported
0.5-1,12586,False,-0.25874684166763556,supported
0.5-1,12587,False,-0.27070604435923873,supported
0.5-1,12588,False,-0.3067105313293343,supported
0.5-1,12589,False,-0.30754559352067495,supported
0.5-1,12590,False,-0.3005839106273948,supported
0.5-1,12591,False,-0.29982011410798465,supported
0.5-1,12592,False,-0.30878438614094816,supported
0.5-1,12593,False,-0.3063880349031254,supported
0.5-1,12594,False,-0.2977540229868872,supported
0.5-1,12595,False,-0.29904496325696395,supported
0.5-1,12596,False,-0.29504617710173525,supported
0.5-1,12597,False,-0.3148555354903938,supported
0.5-1,12598,False,-0.27019492231203734,supported
0.5-1,12599,False,-0.2518964361585833,supported
0.5-1,12600,False,-0.28190828792781336,supported
0.5-1,12601,False,-0.2600621821490105,supported
0.5-1,12602,False,-0.3007332316880061,supported
0.5-1,12603,False,-0.307302835676224,supported
0.5-1,12604,False,-0.2526828683024131,supported
0.5-1,12605,False,-0.2891123948822197,supported
0.5-1,12606,False,-0.30318739592821536,supported
0.5-1,12607,False,-0.30783079000978764,supported
0.5-1,12608,False,-0.25632989003204015,supported
0.5-1,12609,False,-0.2644868758505839,supported
0.5-1,12610,False,-0.2686623761437581,supported
0.5-1,12611,False,-0.26837242033419395,supported
0.5-1,12612,False,-0.30896182211850987,supported
0.5-1,12613,False,-0.2996398500679715,supported
0.5-1,12614,False,-0.3084704017626714,supported
0.5-1,12615,False,-0.30002573968532326,supported
0.5-1,12616,False,-0.2847547305957697,supported
0.5-1,12617,False,-0.30121296301789213,supported
0.5-1,12618,False,-0.31543082176087023,supported
0.5-1,12619,True,0.016726088581869303,critical
0.5-1,12620,False,-0.2810387479349939,supported
0.5-1,12621,False,-0.31091939549583947,supported
0.5-1,12622,False,-0.25607696064588037,supported
0.5-1,12623,False,-0.2616033899288811,supported
0.5-1,12624,False,-0.28442990332353546,supported
0.5-1,12625,False,-0.26315783078873595,supported
0.5-1,12626,False,-0.29522598635471176,supported
0.5-1,12627,False,-0.30028645087011874,supported
0.5-1,12628,False,-0.24530798816472776,supported
0.5-1,12629,False,-0.2931756307104817,supported
0.5-1,12630,False,-0.2963691574297333,supported
0.5-1,12631,False,-0.3046943284245607,supported
0.5-1,12632,False,-0.2659960780518853,supported
0.5-1,12633,False,-0.2775743457809259,supported
0.5-1,12634,False,-0.2735435038230909,supported
0.5-1,12635,False,-0.27640699530285373,supported
0.5-1,12636,False,-0.3031090657279523,supported
0.5-1,12637,False,-0.31039240097923376,supported
0.5-1,12638,False,-0.2999924311011198,supported
0.5-1,12639,True,0.0092038255139546,critical
0.5-1,12640,False,-0.3108036871227944,supported
0.5-1,12641,False,-0.29162197960635294,supported
0.5-1,12642,False,-0.30146699383568,supported
0.5-1,12643,False,-0.3006919972674569,supported
0.5-1,12644,False,-0.058939320158855724,watch
0.5-1,12645,False,-0.31257446825142937,supported
0.5-1,12646,False,-0.26586684084175227,supported
0.5-1,12647,False,-0.26551438276689515,supported
0.5-1,12648,False,-0.31129991584380934,supported
0.5-1,12649,False,-0.2715676070700079,supported
0.5-1,12650,False,-0.3083762149989862,supported
0.5-1,12651,False,-0.2945571130484795,supported
0.5-1,12652,False,-0.263099896585266,supported
0.5-1,12653,False,-0.3025509937926222,supported
0.5-1,12654,False,-0.29574370573917214,supported
0.5-1,12655,False,-0.3037764933166492,supported
0.5-1,12656,False,-0.2757452749630453,supported
0.5-1,12657,False,-0.2675629164651404,supported
0.5-1,12658,False,-0.2612678707517809,supported
0.5-1,12659,False,-0.22998563376480657,supported
0.5-1,12660,False,-0.3115521996601543,supported
0.5-1,12661,False,-0.3101241742841885,supported
0.5-1,12662,False,-0.3093854585578673,supported
0.5-1,12663,False,-0.2960089785570562,supported
0.5-1,12664,False,-0.27288206654996877,supported
0.5-1,12665,False,-0.23185510190521774,supported
0.5-1,12666,False,-0.302199807551069,supported
0.5-1,12667,False,-0.28933067594970724,supported
0.5-1,12668,False,-0.32059864439997504,supported
0.5-1,12669,False,-0.2987975636596355,supported
0.5-1,12670,False,-0.2570586846047698,supported
0.5-1,12671,False,-0.2768829870944194,supported
0.5-1,12672,False,-0.2092915054365096,supported
0.5-1,12673,False,-0.2697983925861193,supported
0.5-1,12674,False,-0.2331564395189275,supported
0.5-1,12675,False,-0.3031087703122387,supported
0.5-1,12676,False,-0.2644641150504749,supported
0.5-1,12677,False,-0.2963686327799678,supported
0.5-1,12678,False,-0.2989685618751338,supported
0.5-1,12679,False,-0.30929801475024293,supported
0.5-1,12680,False,-0.26101611263511715,supported
0.5-1,12681,False,-0.1627956283423908,supported
0.5-1,12682,False,-0.24949109701811667,supported
0.5-1,12683,False,-0.25809450524761574,supported
0.5-1,12684,False,-0.24071585680370255,supported
0.5-1,12685,False,-0.2889699198852595,supported
0.5-1,12686,False,-0.2986812494275833,supported
0.5-1,12687,False,-0.2626087529302674,supported
0.5-1,12688,False,-0.2840627561961419,supported
0.5-1,12689,False,-0.28062381153920446,supported
0.5-1,12690,False,-0.295709179383919,supported
0.5-1,12691,False,-0.30501266055913984,supported
0.5-1,12692,False,-0.2464805979678999,supported
0.5-1,12693,False,-0.2330607109903598,supported
0.5-1,12694,False,-0.2543239428787169,supported
0.5-1,12695,False,-0.2515737815636058,supported
0.5-1,12696,False,-0.31084737687606584,supported
0.5-1,12697,False,-0.1693159619361677,supported
0.5-1,12698,False,-0.28426457847016373,supported
0.5-1,12699,False,-0.2380563141097939,supported
0.5-1,12700,False,-0.23677206268159584,supported
0.5-1,12701,False,-0.20224752391316714,supported
0.5-1,12702,False,-0.28882348662085927,supported
0.5-1,12703,False,-0.29475129837546804,supported
0.5-1,12704,False,-0.2385327246369751,supported
0.5-1,12705,False,-0.16881423422783282,supported
0.5-1,12706,False,-0.2009831950731002,supported
0.5-1,12707,False,-0.17382777986463005,supported
0.5-1,12708,False,-0.21220146345463903,supported
0.5-1,12709,False,-0.026722252080023656,moderate
0.5-1,12710,False,-0.21072243680482117,supported
0.5-1,12711,False,-0.2064139175935284,supported
0.5-1,12712,False,-0.18945582197269262,supported
0.5-1,12713,False,-0.2466491389874701,supported
0.5-1,12714,False,-0.2880010147466982,supported
0.5-1,12715,False,-0.2088712120620379,supported
0.5-1,12716,False,-0.20340989869023562,supported
0.5-1,12717,False,-0.2570506040992986,supported
0.5-1,12718,False,-0.2265137977319257,supported
0.5-1,12719,False,-0.16969899759162643,supported
0.5-1,12720,False,-0.21776508716588788,supported
0.5-1,12721,False,-0.1585051582958511,supported
0.5-1,12722,False,-0.13053815529145107,supported
0.5-1,12723,False,-0.20698949011794432,supported
0.5-1,12724,False,-0.219362598657453,supported
0.5-1,12725,False,-0.22137987587580904,supported
0.5-1,12726,False,-0.21751991200130955,supported
0.5-1,12727,False,-0.21936694927787198,supported
0.5-1,12728,False,-0.1567604720838467,supported
0.5-1,12729,False,-0.12305890522340912,supported
0.5-1,12730,False,-0.13828253730131457,supported
0.5-1,12731,False,-0.16291583936919396,supported
0.5-1,12732,False,-0.20527850085822025,supported
0.5-1,12733,False,-0.21185105540710625,supported
0.5-1,12734,False,-0.18916845279205563,supported
0.5-1,12735,False,-0.20889036014316809,supported
0.5-1,12736,False,-0.13372224736627525,supported
0.5-1,12737,False,-0.16122234432418137,supported
0.5-1,12738,False,-0.1562251293680511,supported
0.5-1,12739,False,-0.13669595642028776,supported
0.5-1,12740,False,-0.20415099082510058,supported
0.5-1,12741,False,-0.1660409321124754,supported
0.5-1,12742,False,-0.14391939711419943,supported
0.5-1,12743,False,-0.21252890657229678,supported
0.5-1,12744,False,-0.1838897322400307,supported
0.5-1,12745,False,-0.12219423620671432,supported
0.5-1,12746,False,-0.18460739210234978,supported
0.5-1,12747,False,-0.16229133178978705,supported
0.5-1,12748,False,-0.19763893355326007,supported
0.5-1,12749,False,-0.12141789782080559,supported
0.5-1,12750,False,-0.13065381283807287,supported
0.5-1,12751,False,-0.18765485560961231,supported
0.5-1,12752,False,-0.14893373833489731,supported
0.5-1,12753,False,-0.20909722573249084,supported
0.5-1,12754,False,-0.21802291038231847,supported
0.5-1,12755,False,-0.20887959969845826,supported
0.5-1,12756,False,-0.27867927191371245,supported
0.5-1,12757,False,-0.26922003322108745,supported
0.5-1,12758,False,-0.27344785785502235,supported
0.5-1,12759,False,-0.2443349849694742,supported
0.5-1,12760,False,-0.2764729678325414,supported
0.5-1,12761,False,-0.2674312229276816,supported
0.5-1,12762,False,-0.2764613270178339,supported
0.5-1,12763,False,-0.2660590830745532,supported
0.5-1,12764,False,-0.28742211711415416,supported
0.5-1,12765,False,-0.09929225699929878,supported
0.5-1,12766,False,-0.31411396542124825,supported
0.5-1,12767,False,-0.3135244631532169,supported
0.5-1,12768,False,-0.2957946188169245,supported
0.5-1,12769,False,-0.3040513782926864,supported
0.5-1,12770,False,-0.26388189351403313,supported
0.5-1,12771,False,-0.2503880317374718,supported
0.5-1,12772,False,-0.3105415004050388,supported
0.5-1,12773,False,-0.27267817730604355,supported
0.5-1,12774,False,-0.3108681205726072,supported
0.5-1,12775,False,-0.3134888768137717,supported
0.5-1,12776,False,-0.260736437748515,supported
0.5-1,12777,False,-0.3062354853897962,supported
0.5-1,12778,False,-0.2906882613859507,supported
0.5-1,12779,False,-0.31288538764048063,supported
0.5-1,12780,False,-0.2596686146428408,supported
0.5-1,12781,False,-0.2679922723832494,supported
0.5-1,12782,False,-0.2605700728185686,supported
0.5-1,12783,False,-0.26832636741688853,supported
0.5-1,12784,False,-0.3123486627095626,supported
0.5-1,12785,False,-0.2955183828904842,supported
0.5-1,12786,False,-0.292714502809208,supported
0.5-1,12787,False,-0.30546364910640617,supported
0.5-1,12788,False,-0.3010828053191317,supported
0.5-1,12789,False,-0.3064995659072031,supported
0.5-1,12790,False,-0.31494096127667104,supported
0.5-1,12791,False,-0.3067553288595762,supported
0.5-1,12792,False,-0.28937212756396813,supported
0.5-1,12793,False,-0.31884335979644635,supported
0.5-1,12794,False,-0.27442405727972347,supported
0.5-1,12795,False,-0.27481959620745217,supported
0.5-1,12796,False,-0.30734611684525953,supported
0.5-1,12797,False,-0.2693474353951562,supported
0.5-1,12798,False,-0.310542829072674,supported
0.5-1,12799,False,-0.3074610519696644,supported
0.5-1,12800,False,-0.2623920391894479,supported
0.5-1,12801,False,-0.2997169503321897,supported
0.5-1,12802,False,-0.2943929074715576,supported
0.5-1,12803,False,-0.30524646454411075,supported
0.5-1,12804,False,-0.25141154953447087,supported
0.5-1,12805,False,-0.2676189514125969,supported
0.5-1,12806,False,-0.2450047219656068,supported
0.5-1,12807,False,-0.26393269998482916,supported
0.5-1,12808,False,-0.3075778163304104,supported
0.5-1,12809,False,-0.3056831686458639,supported
0.5-1,12810,False,-0.29080687177745174,supported
0.5-1,12811,False,-0.29406841534221595,supported
0.5-1,12812,False,-0.3142876074543433,supported
0.5-1,12813,False,-0.3064059968314604,supported
0.5-1,12814,False,-0.3116750252174573,supported
0.5-1,12815,False,-0.3063561727296742,supported
0.5-1,12816,False,-0.31002579914489753,supported
0.5-1,12817,False,-0.2970796833986744,supported
0.5-1,12818,False,-0.2683438833000713,supported
0.5-1,12819,False,-0.25308526561980865,supported
0.5-1,12820,False,-0.28597780499077446,supported
0.5-1,12821,False,-0.25987969393673477,supported
0.5-1,12822,False,-0.3099921814303917,supported
0.5-1,12823,False,-0.30883618001723395,supported
0.5-1,12824,False,-0.26028650753790367,supported
0.5-1,12825,False,-0.29914440345701215,supported
0.5-1,12826,False,-0.2873470565661727,supported
0.5-1,12827,False,-0.3033794013059513,supported
0.5-1,12828,False,-0.2542870823650217,supported
0.5-1,12829,False,-0.2717954704074386,supported
0.5-1,12830,False,-0.2563708338422486,supported
0.5-1,12831,False,-0.2652088498903608,supported
0.5-1,12832,False,-0.3042521772941488,supported
0.5-1,12833,False,-0.29401895443853704,supported
0.5-1,12834,False,-0.29824811117178207,supported
0.5-1,12835,False,-0.29903468621594076,supported
0.5-1,12836,False,-0.27642385898882543,supported
0.5-1,12837,False,-0.2717880391396541,supported
0.5-1,12838,False,-0.2983487537822809,supported
0.5-1,12839,False,-0.3007002468743901,supported
0.5-1,12840,False,-0.2962653509628232,supported
0.5-1,12841,False,-0.3139998013092359,supported
0.5-1,12842,False,-0.25037920920201545,supported
0.5-1,12843,False,-0.2486092502726705,supported
0.5-1,12844,False,-0.27333895616134873,supported
0.5-1,12845,False,-0.26120741960068466,supported
0.5-1,12846,False,-0.3025087140840975,supported
0.5-1,12847,False,-0.30112817939204434,supported
0.5-1,12848,False,-0.27389744948422695,supported
0.5-1,12849,False,-0.2941268265873055,supported
0.5-1,12850,False,-0.2951149608837104,supported
0.5-1,12851,False,-0.2986790450437587,supported
0.5-1,12852,False,-0.2554411503840078,supported
0.5-1,12853,False,-0.2755284137266059,supported
0.5-1,12854,False,-0.2627869044977014,supported
0.5-1,12855,False,-0.27272360939429735,supported
0.5-1,12856,False,-0.3143709223006376,supported
0.5-1,12857,False,-0.3133018977925772,supported
0.5-1,12858,False,-0.30150715174721016,supported
0.5-1,12859,False,-0.2987209077704619,supported
0.5-1,12860,False,-0.314813208444887,supported
0.5-1,12861,False,-0.08568950900080174,supported
0.5-1,12862,False,-0.2977618780015935,supported
0.5-1,12863,False,-0.26083499890395156,supported
0.5-1,12864,False,-0.28970188808111125,supported
0.5-1,12865,False,-0.30481848452454086,supported
0.5-1,12866,False,-0.26369423865155783,supported
0.5-1,12867,False,-0.24877465132139115,supported
0.5-1,12868,False,-0.2979589555354078,supported
0.5-1,12869,False,-0.26848725790143674,supported
0.5-1,12870,False,-0.31735841171072243,supported
0.5-1,12871,False,-0.28968716400217454,supported
0.5-1,12872,False,-0.2659829682561166,supported
0.5-1,12873,False,-0.30859795116714783,supported
0.5-1,12874,False,-0.2923519541071377,supported
0.5-1,12875,False,-0.30763763416225665,supported
0.5-1,12876,False,-0.27283223695997605,supported
0.5-1,12877,False,-0.25782864784788095,supported
0.5-1,12878,False,-0.2676069943353326,supported
0.5-1,12879,False,-0.27043399599121903,supported
0.5-1,12880,False,-0.31155939398602017,supported
0.5-1,12881,False,-0.3122548388424303,supported
0.5-1,12882,False,-0.3103527647692344,supported
0.5-1,12883,False,-0.30584687442103103,supported
0.5-1,12884,False,-0.2994783664418786,supported
0.5-1,12885,False,-0.2956866999160285,supported
0.5-1,12886,False,-0.2699830301823835,supported
0.5-1,12887,False,-0.30943734456680816,supported
0.5-1,12888,False,-0.3046704863184318,supported
0.5-1,12889,False,-0.3033558485859226,supported
0.5-1,12890,False,-0.25191023141572016,supported
0.5-1,12891,False,-0.2677319463851475,supported
0.5-1,12892,False,-0.28950367144222544,supported
0.5-1,12893,False,-0.2185941584070849,supported
0.5-1,12894,False,-0.280263128033542,supported
0.5-1,12895,False,-0.2814115645295107,supported
0.5-1,12896,False,-0.2617726106553223,supported
0.5-1,12897,False,-0.27537778307493965,supported
0.5-1,12898,False,-0.29691494384501016,supported
0.5-1,12899,False,-0.31036660162762303,supported
0.5-1,12900,False,-0.2533019153166525,supported
0.5-1,12901,False,-0.21165458835118206,supported
0.5-1,12902,False,-0.24953213444751954,supported
0.5-1,12903,False,-0.21424224104047085,supported
0.5-1,12904,False,-0.29229716496003827,supported
0.5-1,12905,False,-0.30840563369571744,supported
0.5-1,12906,False,-0.3147193175223706,supported
0.5-1,12907,False,-0.3062690284020342,supported
0.5-1,12908,False,-0.316605032255566,supported
0.5-1,12909,False,-0.28646080880878755,supported
0.5-1,12910,False,-0.26604633419990636,supported
0.5-1,12911,False,-0.30605758944635714,supported
0.5-1,12912,False,-0.29201858092353383,supported
0.5-1,12913,False,-0.2731771175885349,supported
0.5-1,12914,False,-0.24535676471722218,supported
0.5-1,12915,False,-0.18005783823514054,supported
0.5-1,12916,False,-0.2923124564521697,supported
0.5-1,12917,False,-0.16233649711668297,supported
0.5-1,12918,False,-0.2700706727836073,supported
0.5-1,12919,False,-0.20985551953145226,supported
0.5-1,12920,False,-0.22643554778427355,supported
0.5-1,12921,False,-0.20389737599739166,supported
0.5-1,12922,False,-0.28666162626555347,supported
0.5-1,12923,False,-0.23652719905951664,supported
0.5-1,12924,False,-0.2298392753663493,supported
0.5-1,12925,False,-0.17736472127454606,supported
0.5-1,12926,False,-0.20013376441961267,supported
0.5-1,12927,False,-0.16836708349354979,supported
0.5-1,12928,False,-0.20728140510713833,supported
0.5-1,12929,False,-0.24192949863448926,supported
0.5-1,12930,False,-0.19384847500872393,supported
0.5-1,12931,False,-0.19250650254679386,supported
0.5-1,12932,False,-0.2104722763543475,supported
0.5-1,12933,False,-0.24041844281884167,supported
0.5-1,12934,False,-0.26944288230051894,supported
0.5-1,12935,False,-0.20305758199504093,supported
0.5-1,12936,False,-0.20442277767897776,supported
0.5-1,12937,False,-0.1394097559795472,supported
0.5-1,12938,False,-0.22611242300316148,supported
0.5-1,12939,False,-0.15695388317007353,supported
0.5-1,12940,False,-0.2021110131130408,supported
0.5-1,12941,False,-0.1703475906827956,supported
0.5-1,12942,False,-0.22119882277970154,supported
0.5-1,12943,False,-0.21240663281563044,supported
0.5-1,12944,False,-0.19368846461207295,supported
0.5-1,12945,False,-0.20501200482523935,supported
0.5-1,12946,False,-0.21756175114699072,supported
0.5-1,12947,False,-0.216640943881735,supported
0.5-1,12948,False,-0.14413591656428038,supported
0.5-1,12949,False,-0.1025086214504144,supported
0.5-1,12950,False,-0.13304508376928992,supported
0.5-1,12951,False,-0.15167296444944822,supported
0.5-1,12952,False,-0.20854660846347806,supported
0.5-1,12953,False,-0.21099591768792542,supported
0.5-1,12954,False,-0.20608464406364235,supported
0.5-1,12955,False,-0.21772824677128177,supported
0.5-1,12956,False,-0.1420508730790685,supported
0.5-1,12957,False,-0.16363356852920408,supported
0.5-1,12958,False,-0.16476035312014614,supported
0.5-1,12959,False,-0.1330887933816357,supported
0.5-1,12960,False,-0.2096542089369084,supported
0.5-1,12961,False,-0.16507903022821857,supported
0.5-1,12962,False,-0.1429398754840312,supported
0.5-1,12963,False,-0.2194854200139113,supported
0.5-1,12964,False,-0.22417882624965962,supported
0.5-1,12965,False,-0.2014680927953844,supported
0.5-1,12966,False,-0.16921069803181032,supported
0.5-1,12967,False,-0.16368238516987055,supported
0.5-1,12968,False,-0.21160273680194003,supported
0.5-1,12969,False,-0.14406605288272678,supported
0.5-1,12970,False,-0.1696040685444612,supported
0.5-1,12971,False,-0.17757379159607622,supported
0.5-1,12972,False,-0.1362913714903986,supported
0.5-1,12973,False,-0.18728097039569752,supported
0.5-1,12974,False,-0.20095313476072285,supported
0.5-1,12975,False,-0.20028625703796693,supported
0.5-1,12976,False,-0.17104724178941177,supported
0.5-1,12977,False,-0.2663872438742022,supported
0.5-1,12978,False,-0.26854407324547874,supported
0.5-1,12979,False,-0.2484821990325825,supported
0.5-1,12980,False,-0.28481898114163084,supported
0.5-1,12981,False,-0.27077782983693793,supported
0.5-1,12982,False,-0.2666012420876956,supported
0.5-1,12983,False,-0.2829349558868091,supported
0.5-1,12984,False,-0.025184020141077235,watch
0.5-1,12985,False,-0.2938672201315886,supported
0.5-1,12986,False,-0.2967074480484834,supported
0.5-1,12987,False,-0.28763124745778695,supported
0.5-1,12988,False,-0.28309226306181967,supported
0.5-1,12989,False,-0.30666218001783513,supported
0.5-1,12990,False,-0.27459876917866816,supported
0.5-1,12991,False,-0.25412564081637823,supported
0.5-1,12992,False,-0.3153519848280718,supported
0.5-1,12993,False,-0.27260053805256523,supported
0.5-1,12994,False,-0.3193093026291743,supported
0.5-1,12995,False,-0.3014543278367533,supported
0.5-1,12996,False,-0.27923626702164406,supported
0.5-1,12997,False,-0.31121360551071003,supported
0.5-1,12998,False,-0.28417285894158045,supported
0.5-1,12999,False,-0.2980290323570616,supported
0.5-1,13000,False,-0.2393311774412893,supported
0.5-1,13001,False,-0.26314685873795823,supported
0.5-1,13002,False,-0.24870960147703658,supported
0.5-1,13003,False,-0.2757694016630713,supported
0.5-1,13004,False,-0.2994179917774347,supported
0.5-1,13005,False,-0.310182111803943,supported
0.5-1,13006,False,-0.30672399812816464,supported
0.5-1,13007,False,-0.3009227100837022,supported
0.5-1,13008,False,-0.31439181790255233,supported
0.5-1,13009,False,-0.31630185345441086,supported
0.5-1,13010,False,-0.31690338953238545,supported
0.5-1,13011,False,-0.2987860218649755,supported
0.5-1,13012,False,-0.3201392727128566,supported
0.5-1,13013,False,-0.30618330606860256,supported
0.5-1,13014,False,-0.2723883553296264,supported
0.5-1,13015,False,-0.26937352488354316,supported
0.5-1,13016,False,-0.0433804906842562,watch
0.5-1,13017,False,-0.265993380739748,supported
0.5-1,13018,False,-0.2960994563731109,supported
0.5-1,13019,False,-0.29710634699632327,supported
0.5-1,13020,False,-0.26017278604997135,supported
0.5-1,13021,False,-0.29093191650742956,supported
0.5-1,13022,False,-0.3027727242126165,supported
0.5-1,13023,False,-0.3059915749081713,supported
0.5-1,13024,False,-0.25582707780867475,supported
0.5-1,13025,False,-0.26195802797675605,supported
0.5-1,13026,False,-0.25015902377502247,supported
0.5-1,13027,False,-0.2591502613346535,supported
0.5-1,13028,False,-0.3016532899340361,supported
0.5-1,13029,False,-0.30186638153006556,supported
0.5-1,13030,False,-0.3015544921452018,supported
0.5-1,13031,False,-0.29273725370226417,supported
0.5-1,13032,False,-0.2976144551189126,supported
0.5-1,13033,False,-0.30381802096640176,supported
0.5-1,13034,False,-0.3000303822540967,supported
0.5-1,13035,False,-0.307043078586453,supported
0.5-1,13036,False,-0.31435246966189817,supported
0.5-1,13037,False,-0.25155562761690703,supported
0.5-1,13038,False,-0.26719745518460725,supported
0.5-1,13039,False,-0.24800507759472595,supported
0.5-1,13040,False,-0.28691349673070793,supported
0.5-1,13041,False,-0.25770103395793514,supported
0.5-1,13042,False,-0.3051919313213158,supported
0.5-1,13043,False,-0.3002926571333368,supported
0.5-1,13044,False,-0.25557201385432543,supported
0.5-1,13045,False,-0.2923368461174918,supported
0.5-1,13046,False,-0.2960478101942809,supported
0.5-1,13047,False,-0.307491860680157,supported
0.5-1,13048,False,-0.24810038241865512,supported
0.5-1,13049,False,-0.27021042951017643,supported
0.5-1,13050,False,-0.25986239591076754,supported
0.5-1,13051,False,-0.24954726271595,supported
0.5-1,13052,False,-0.3052790566504249,supported
0.5-1,13053,False,-0.30642056775594484,supported
0.5-1,13054,False,-0.3000186239823754,supported
0.5-1,13055,False,-0.3055322619878016,supported
0.5-1,13056,False,-0.2905271776991785,supported
0.5-1,13057,False,-0.2996997005688293,supported
0.5-1,13058,False,-0.3062032474012438,supported
0.5-1,13059,False,-0.28093256492965585,supported
0.5-1,13060,False,-0.30986124393236925,supported
0.5-1,13061,True,0.016823488831327893,critical
0.5-1,13062,False,-0.2616397100018588,supported
0.5-1,13063,False,-0.24676257798478785,supported
0.5-1,13064,False,-0.3150260992307228,supported
0.5-1,13065,False,-0.2619891205293827,supported
0.5-1,13066,False,-0.3158096974938672,supported
0.5-1,13067,False,-0.3038705109461165,supported
0.5-1,13068,False,-0.2580328288953096,supported
0.5-1,13069,False,-0.29811097109580464,supported
0.5-1,13070,False,-0.3056156239643503,supported
0.5-1,13071,False,-0.29740549877515915,supported
0.5-1,13072,False,-0.25953758339796207,supported
0.5-1,13073,False,-0.2789318301940645,supported
0.5-1,13074,False,-0.26578640723450553,supported
0.5-1,13075,False,-0.2724205423760382,supported
0.5-1,13076,False,-0.3111116549285223,supported
0.5-1,13077,False,-0.3120405979534051,supported
0.5-1,13078,False,-0.3095776329199646,supported
0.5-1,13079,False,-0.3021003460831284,supported
0.5-1,13080,False,-0.3134585743611341,supported
0.5-1,13081,False,-0.30110584353381054,supported
0.5-1,13082,False,-0.31380971577021555,supported
0.5-1,13083,False,-0.3116587683827307,supported
0.5-1,13084,False,-0.3080407045026978,supported
0.5-1,13085,False,-0.3125240582326027,supported
0.5-1,13086,False,-0.2732574602047055,supported
0.5-1,13087,False,-0.2687336619416948,supported
0.5-1,13088,False,-0.28984894835747876,supported
0.5-1,13089,False,-0.27027356675740366,supported
0.5-1,13090,False,-0.3023832753941934,supported
0.5-1,13091,False,-0.299091291612624,supported
0.5-1,13092,False,-0.263345878808191,supported
0.5-1,13093,False,-0.3067807205448443,supported
0.5-1,13094,False,-0.295226684441793,supported
0.5-1,13095,False,-0.3075720112014439,supported
0.5-1,13096,False,-0.27675466284325173,supported
0.5-1,13097,False,-0.26279416818280654,supported
0.5-1,13098,False,-0.26803838127465435,supported
0.5-1,13099,False,-0.2773832100937994,supported
0.5-1,13100,False,-0.30513163834207646,supported
0.5-1,13101,False,-0.3090617560391605,supported
0.5-1,13102,False,-0.30506243655443893,supported
0.5-1,13103,False,-0.30572257032172334,supported
0.5-1,13104,False,-0.3031638749135544,supported
0.5-1,13105,False,-0.29945892635104987,supported
0.5-1,13106,False,-0.2920600369450154,supported
0.5-1,13107,False,-0.026431293149449808,watch
0.5-1,13108,False,-0.3104167506815629,supported
0.5-1,13109,False,-0.31023460694686494,supported
0.5-1,13110,False,-0.2675705825113085,supported
0.5-1,13111,False,-0.27364409110927973,supported
0.5-1,13112,False,-0.3163191125250398,supported
0.5-1,13113,False,-0.2663530968849943,supported
0.5-1,13114,False,-0.28392959425530073,supported
0.5-1,13115,False,-0.2998475377452889,supported
0.5-1,13116,False,-0.25449808909347993,supported
0.5-1,13117,False,-0.30506169507775066,supported
0.5-1,13118,False,-0.3095508438247504,supported
0.5-1,13119,False,-0.30446374812449706,supported
0.5-1,13120,False,-0.2511745074395088,supported
0.5-1,13121,False,-0.1730329235915108,supported
0.5-1,13122,False,-0.24110507625221145,supported
0.5-1,13123,False,-0.26548966553642733,supported
0.5-1,13124,False,-0.28752055630479284,supported
0.5-1,13125,False,-0.298980417052391,supported
0.5-1,13126,False,-0.29135050694929643,supported
0.5-1,13127,False,-0.2831159483833335,supported
0.5-1,13128,False,-0.3092397149594289,supported
0.5-1,13129,False,-0.29442380801868306,supported
0.5-1,13130,False,-0.28816785515153975,supported
0.5-1,13131,False,-0.3054900679107583,supported
0.5-1,13132,False,-0.3043411085440744,supported
0.5-1,13133,False,-0.2678779654111635,supported
0.5-1,13134,False,-0.24742300711294324,supported
0.5-1,13135,False,-0.21677006637022522,supported
0.5-1,13136,False,-0.2948089411116938,supported
0.5-1,13137,False,-0.17949670448236876,supported
0.5-1,13138,False,-0.2705940847396651,supported
0.5-1,13139,False,-0.3062507967316842,supported
0.5-1,13140,False,-0.2425902372448473,supported
0.5-1,13141,False,-0.20509541442734014,supported
0.5-1,13142,False,-0.2839938140619607,supported
0.5-1,13143,False,-0.2170994790244416,supported
0.5-1,13144,False,-0.22237950280538682,supported
0.5-1,13145,False,-0.17248426332708378,supported
0.5-1,13146,False,-0.1957502041413327,supported
0.5-1,13147,False,-0.1716083622246506,supported
0.5-1,13148,False,-0.21117707911047529,supported
0.5-1,13149,False,-0.2011950363458509,supported
0.5-1,13150,False,-0.19964171836659045,supported
0.5-1,13151,False,-0.24110827682707558,supported
0.5-1,13152,False,-0.20746160212345705,supported
0.5-1,13153,False,-0.16813010186411015,supported
0.5-1,13154,False,-0.19170443568705214,supported
0.5-1,13155,False,-0.1956075631806783,supported
0.5-1,13156,False,-0.1795023407223164,supported
0.5-1,13157,False,-0.22864919727050964,supported
0.5-1,13158,False,-0.2130272749000559,supported
0.5-1,13159,False,-0.15297067833037148,supported
0.5-1,13160,False,-0.20988447279943828,supported
0.5-1,13161,False,-0.17042653821018983,supported
0.5-1,13162,False,-0.22646841417940045,supported
0.5-1,13163,False,-0.1913757186200154,supported
0.5-1,13164,False,-0.19919564782114463,supported
0.5-1,13165,False,-0.2152824703341213,supported
0.5-1,13166,False,-0.18566004106536382,supported
0.5-1,13167,False,-0.2231032998799633,supported
0.5-1,13168,False,-0.1752139888556321,supported
0.5-1,13169,False,-0.09979894108128184,supported
0.5-1,13170,False,-0.13041528188499585,supported
0.5-1,13171,False,-0.15924313531469525,supported
0.5-1,13172,False,-0.21466758526350949,supported
0.5-1,13173,False,-0.21487025609132354,supported
0.5-1,13174,False,-0.19038906713193304,supported
0.5-1,13175,False,-0.21336330885193439,supported
0.5-1,13176,False,-0.14127864210298458,supported
0.5-1,13177,False,-0.15765457025302299,supported
0.5-1,13178,False,-0.16477200426931848,supported
0.5-1,13179,False,-0.1332449913425947,supported
0.5-1,13180,False,-0.21050221369349215,supported
0.5-1,13181,False,-0.12939898637834035,supported
0.5-1,13182,False,-0.1677831401238873,supported
0.5-1,13183,False,-0.22236580555553703,supported
0.5-1,13184,False,-0.20600286876589058,supported
0.5-1,13185,False,-0.15937241584535966,supported
0.5-1,13186,False,-0.16774111747652098,supported
0.5-1,13187,False,-0.1647489213539911,supported
0.5-1,13188,False,-0.21564671324887225,supported
0.5-1,13189,False,-0.11139979770273367,supported
0.5-1,13190,False,-0.1254340248431648,supported
0.5-1,13191,False,-0.19676369186431247,supported
0.5-1,13192,False,-0.13281587309953058,supported
0.5-1,13193,False,-0.1971332381018745,supported
0.5-1,13194,False,-0.186301040749413,supported
0.5-1,13195,False,-0.20366020293972248,supported
0.5-1,13196,False,-0.21033917512476114,supported
0.5-1,13197,False,-0.26681341289062555,supported
0.5-1,13198,False,-0.2536663771067147,supported
0.5-1,13199,False,-0.24002376290887645,supported
0.5-1,13200,False,-0.21456649468269745,supported
0.5-1,13201,False,-0.19398288573862243,supported
0.5-1,13202,False,-0.18461937467778633,supported
0.5-1,13203,False,-0.2565320635129951,supported
0.5-1,13204,False,-0.16373291917574428,supported
0.5-1,13205,False,-0.29885521942243554,supported
0.5-1,13206,False,-0.27031080479322034,supported
0.5-1,13207,False,-0.3135176740721823,supported
0.5-1,13208,False,-0.31956512716086405,supported
0.5-1,13209,False,-0.014788289640741525,watch
0.5-1,13210,False,-0.2586164767055008,supported
0.5-1,13211,False,-0.24632491889110336,supported
0.5-1,13212,False,-0.27962113120098714,supported
0.5-1,13213,False,-0.2660503594041703,supported
0.5-1,13214,False,-0.03368400069872379,watch
0.5-1,13215,False,-0.3043362759122193,supported
0.5-1,13216,False,-0.27022835051793154,supported
0.5-1,13217,False,-0.2864728808730624,supported
0.5-1,13218,False,-0.3081479626538377,supported
0.5-1,13219,False,-0.31017801830743774,supported
0.5-1,13220,False,-0.26875850753817887,supported
0.5-1,13221,False,-0.27330159634185397,supported
0.5-1,13222,False,-0.2674643465752494,supported
0.5-1,13223,False,-0.2699611307231838,supported
0.5-1,13224,False,-0.3039688470812498,supported
0.5-1,13225,False,-0.3150427230395677,supported
0.5-1,13226,False,-0.30571852973743185,supported
0.5-1,13227,False,-0.30261796834274907,supported
0.5-1,13228,False,-0.309495765597197,supported
0.5-1,13229,False,-0.3090823998467326,supported
0.5-1,13230,False,-0.30228674186069104,supported
0.5-1,13231,False,-0.3084693829776428,supported
0.5-1,13232,True,0.013802196327399874,high
0.5-1,13233,False,-0.32179195665583465,supported
0.5-1,13234,False,-0.26899435925595916,supported
0.5-1,13235,False,-0.26757589435781765,supported
0.5-1,13236,False,-0.07698833165227315,supported
0.5-1,13237,False,-0.27278965063759475,supported
0.5-1,13238,False,-0.3019392305982346,supported
0.5-1,13239,False,-0.31134244613350526,supported
0.5-1,13240,False,-0.26034534537787385,supported
0.5-1,13241,False,-0.2764015232800706,supported
0.5-1,13242,False,-0.3000794537605155,supported
0.5-1,13243,False,-0.30885160071061873,supported
0.5-1,13244,False,-0.2587703770908277,supported
0.5-1,13245,False,-0.2684158016571717,supported
0.5-1,13246,False,-0.2632999876927886,supported
0.5-1,13247,False,-0.2586711240666024,supported
0.5-1,13248,False,-0.30288878332511165,supported
0.5-1,13249,False,-0.3094950838721545,supported
0.5-1,13250,False,-0.3010364981065792,supported
0.5-1,13251,False,-0.30394985718983286,supported
0.5-1,13252,False,-0.2988222105193942,supported
0.5-1,13253,False,-0.3081094789977043,supported
0.5-1,13254,False,-0.31572587620058906,supported
0.5-1,13255,False,-0.30056006524832046,supported
0.5-1,13256,False,-0.2882232921648259,supported
0.5-1,13257,False,-0.3040457863930667,supported
0.5-1,13258,False,-0.27320868558164224,supported
0.5-1,13259,False,-0.2562718779520231,supported
0.5-1,13260,False,-0.3125023350383525,supported
0.5-1,13261,False,-0.2563054761560431,supported
0.5-1,13262,False,-0.30646155464712405,supported
0.5-1,13263,False,-0.30173419981432104,supported
0.5-1,13264,False,-0.26751750985620465,supported
0.5-1,13265,False,-0.2929224284642684,supported
0.5-1,13266,False,-0.30784908456568627,supported
0.5-1,13267,False,-0.3126626231851436,supported
0.5-1,13268,False,-0.2561960518723317,supported
0.5-1,13269,False,-0.27276099130491116,supported
0.5-1,13270,False,-0.2725593142157181,supported
0.5-1,13271,False,-0.2718675937422492,supported
0.5-1,13272,False,-0.30965938353095446,supported
0.5-1,13273,False,-0.3130592350438608,supported
0.5-1,13274,False,-0.2818461420614649,supported
0.5-1,13275,False,-0.3100205654447286,supported
0.5-1,13276,False,-0.3142465182788154,supported
0.5-1,13277,False,-0.3108019619990044,supported
0.5-1,13278,False,-0.3075097633354117,supported
0.5-1,13279,False,-0.2900227121826777,supported
0.5-1,13280,False,-0.3044186474970119,supported
0.5-1,13281,False,-0.3095159557872671,supported
0.5-1,13282,False,-0.2721940871075162,supported
0.5-1,13283,False,-0.2518465905157418,supported
0.5-1,13284,False,-0.29994613228227834,supported
0.5-1,13285,False,-0.2617527535854536,supported
0.5-1,13286,False,-0.31831751930444097,supported
0.5-1,13287,False,-0.3133328830064826,supported
0.5-1,13288,False,-0.2563220456945239,supported
0.5-1,13289,False,-0.29339236764299415,supported
0.5-1,13290,False,-0.30681213323148554,supported
0.5-1,13291,False,-0.31509361974384686,supported
0.5-1,13292,False,-0.2713674024248308,supported
0.5-1,13293,False,-0.2720767035964524,supported
0.5-1,13294,False,-0.2764942069984861,supported
0.5-1,13295,False,-0.27046857193015716,supported
0.5-1,13296,False,-0.3131673608477533,supported
0.5-1,13297,False,-0.3132478570534544,supported
0.5-1,13298,False,-0.3084053302510171,supported
0.5-1,13299,False,-0.30633630504104986,supported
0.5-1,13300,False,-0.2173631846014928,supported
0.5-1,13301,False,-0.30315401082965143,supported
0.5-1,13302,False,-0.3178357656245327,supported
0.5-1,13303,False,-0.31574322968674984,supported
0.5-1,13304,False,-0.31384390853049915,supported
0.5-1,13305,False,-0.3107791727619214,supported
0.5-1,13306,False,-0.27196215263157136,supported
0.5-1,13307,False,-0.25641831245506086,supported
0.5-1,13308,False,-0.31642343761484115,supported
0.5-1,13309,False,-0.2577555188789898,supported
0.5-1,13310,False,-0.3075575946824147,supported
0.5-1,13311,False,-0.30927603894947503,supported
0.5-1,13312,False,-0.26956918274086017,supported
0.5-1,13313,False,-0.31183767852475863,supported
0.5-1,13314,False,-0.30793215364365045,supported
0.5-1,13315,False,-0.29811441893099344,supported
0.5-1,13316,False,-0.2774758967854819,supported
0.5-1,13317,False,-0.2313310485642705,supported
0.5-1,13318,False,-0.2711802461650836,supported
0.5-1,13319,False,-0.17051402247217196,supported
0.5-1,13320,False,-0.30091996200731685,supported
0.5-1,13321,False,-0.3095152266149316,supported
0.5-1,13322,False,-0.30420140218475666,supported
0.5-1,13323,False,-0.30427132874267176,supported
0.5-1,13324,False,-0.3187819678245504,supported
0.5-1,13325,False,-0.26487928769047725,supported
0.5-1,13326,False,-0.2824616211875837,supported
0.5-1,13327,False,-0.3136970159557725,supported
0.5-1,13328,False,-0.2978481594022885,supported
0.5-1,13329,False,-0.2584866962137903,supported
0.5-1,13330,False,-0.2608336983426854,supported
0.5-1,13331,False,-0.24567847573518065,supported
0.5-1,13332,False,-0.3139300049355693,supported
0.5-1,13333,False,-0.2160663899947164,supported
0.5-1,13334,False,-0.29773758174664594,supported
0.5-1,13335,False,-0.3066421747811087,supported
0.5-1,13336,False,-0.26694303300876543,supported
0.5-1,13337,False,-0.30255629374112253,supported
0.5-1,13338,False,-0.29642341537858885,supported
0.5-1,13339,False,-0.23043379465818503,supported
0.5-1,13340,False,-0.2608213521860604,supported
0.5-1,13341,False,-0.22210895957794535,supported
0.5-1,13342,False,-0.24126389755812017,supported
0.5-1,13343,False,-0.15940374244024613,supported
0.5-1,13344,False,-0.2187393804926911,supported
0.5-1,13345,False,-0.011023976923418388,high
0.5-1,13346,False,-0.30341021731457385,supported
0.5-1,13347,False,-0.28336437964263333,supported
0.5-1,13348,False,-0.30425296736587265,supported
0.5-1,13349,False,-0.2124491636213941,supported
0.5-1,13350,False,-0.17408529490424607,supported
0.5-1,13351,False,-0.2970884181918025,supported
0.5-1,13352,False,-0.29767964582944617,supported
0.5-1,13353,False,-0.29706569431722185,supported
0.5-1,13354,False,-0.25159502641038045,supported
0.5-1,13355,False,-0.16204445959518,supported
0.5-1,13356,False,-0.20469677806342418,supported
0.5-1,13357,False,-0.16519514667273683,supported
0.5-1,13358,False,-0.2672591078574924,supported
0.5-1,13359,False,-0.29701052719899207,supported
0.5-1,13360,False,-0.24299031496845253,supported
0.5-1,13361,False,-0.24681156485259254,supported
0.5-1,13362,False,-0.2744815454897517,supported
0.5-1,13363,False,-0.20477695716642774,supported
0.5-1,13364,False,-0.2237985560460501,supported
0.5-1,13365,False,-0.17423183342648252,supported
0.5-1,13366,False,-0.19649754501442246,supported
0.5-1,13367,False,-0.15561957593431264,supported
0.5-1,13368,False,-0.2085946130349109,supported
0.5-1,13369,False,-0.24681160236162808,supported
0.5-1,13370,False,-0.21811663746786025,supported
0.5-1,13371,False,-0.19615362097320166,supported
0.5-1,13372,False,-0.2043639663082929,supported
0.5-1,13373,False,-0.23205173192161876,supported
0.5-1,13374,False,-0.27034151231752573,supported
0.5-1,13375,False,-0.20301947738227533,supported
0.5-1,13376,False,-0.2005131638239243,supported
0.5-1,13377,False,-0.25947671748885454,supported
0.5-1,13378,False,-0.2158509842526573,supported
0.5-1,13379,False,-0.16815376913191504,supported
0.5-1,13380,False,-0.22138851032277262,supported
0.5-1,13381,False,-0.15374479835158683,supported
0.5-1,13382,False,-0.24751821353977638,supported
0.5-1,13383,False,-0.1901064910978012,supported
0.5-1,13384,False,-0.19882333690455906,supported
0.5-1,13385,False,-0.22288630422705152,supported
0.5-1,13386,False,-0.17364314495167277,supported
0.5-1,13387,False,-0.18750645568793395,supported
0.5-1,13388,False,-0.1733821642712321,supported
0.5-1,13389,False,-0.10477314240862545,supported
0.5-1,13390,False,-0.11849296648783292,supported
0.5-1,13391,False,-0.1629862684303377,supported
0.5-1,13392,False,-0.19503637417959996,supported
0.5-1,13393,False,-0.19981243503011042,supported
0.5-1,13394,False,-0.20150532561226348,supported
0.5-1,13395,False,-0.21812933724436934,supported
0.5-1,13396,False,-0.13503037469124368,supported
0.5-1,13397,False,-0.16648857906855663,supported
0.5-1,13398,False,-0.16801558487810198,supported
0.5-1,13399,False,-0.1304718644227678,supported
0.5-1,13400,False,-0.21404923337604925,supported
0.5-1,13401,False,-0.1027567624747644,supported
0.5-1,13402,False,-0.22023460405285267,supported
0.5-1,13403,False,-0.2166675119542522,supported
0.5-1,13404,False,-0.22250513377366865,supported
0.5-1,13405,False,-0.18752927633816618,supported
0.5-1,13406,False,-0.17239425915396622,supported
0.5-1,13407,False,-0.1499736965207198,supported
0.5-1,13408,False,-0.2073417950079517,supported
0.5-1,13409,False,-0.10971940114631218,supported
0.5-1,13410,False,-0.14885261245362247,supported
0.5-1,13411,False,-0.1584751391569783,supported
0.5-1,13412,False,-0.12111829519582673,supported
0.5-1,13413,False,-0.19953060168447367,supported
0.5-1,13414,False,-0.17683359165429213,supported
0.5-1,13415,False,-0.19062496887878055,supported
0.5-1,13416,False,-0.17360748348399047,supported
0.5-1,13417,False,-0.259064785963534,supported
0.5-1,13418,False,-0.2686265213127372,supported
0.5-1,13419,False,-0.2384576790050036,supported
0.5-1,13420,False,-0.22753390330425383,supported
0.5-1,13421,False,-0.2950046792186661,supported
0.5-1,13422,False,-0.28694400183537205,supported
0.5-1,13423,False,-0.2079009926202502,supported
0.5-1,13424,False,-0.31625321475002244,supported
0.5-1,13425,False,-0.2948034552414103,supported
0.5-1,13426,False,-0.1942013298843182,supported
0.5-1,13427,False,-0.3142548321535621,supported
0.5-1,13428,False,-0.25006245832687457,supported
0.5-1,13429,False,-0.3137077131364375,supported
0.5-1,13430,False,-0.06292246279196168,supported
0.5-1,13431,False,-0.24935088384777127,supported
0.5-1,13432,False,-0.28720144890755794,supported
0.5-1,13433,False,-0.2723303487045934,supported
0.5-1,13434,False,-0.282537171749989,supported
0.5-1,13435,False,-0.3012908319416859,supported
0.5-1,13436,False,-0.27370559843709114,supported
0.5-1,13437,False,-0.31335529209934554,supported
0.5-1,13438,False,-0.2932150390557816,supported
0.5-1,13439,False,-0.31403515446377317,supported
0.5-1,13440,False,-0.2575509157304828,supported
0.5-1,13441,False,-0.27275169386102366,supported
0.5-1,13442,False,-0.26829521401976075,supported
0.5-1,13443,False,-0.2739361166584977,supported
0.5-1,13444,False,-0.3042238121903645,supported
0.5-1,13445,False,-0.3124247248525294,supported
0.5-1,13446,False,-0.30065077338827917,supported
0.5-1,13447,False,-0.3022153794244055,supported
0.5-1,13448,False,-0.31848600998600196,supported
0.5-1,13449,False,-0.06938785904911315,supported
0.5-1,13450,False,-0.2734177557720564,supported
0.5-1,13451,False,-0.3143252104137378,supported
0.5-1,13452,True,0.0042388064255572955,high
0.5-1,13453,False,-0.3119471564889312,supported
0.5-1,13454,False,-0.2709167189820677,supported
0.5-1,13455,False,-0.2719001450499239,supported
0.5-1,13456,False,-0.3129000577536287,supported
0.5-1,13457,False,-0.26762237559850977,supported
0.5-1,13458,False,-0.30518766884831755,supported
0.5-1,13459,False,-0.31081576014410695,supported
0.5-1,13460,False,-0.2686549354870722,supported
0.5-1,13461,False,-0.3057921277008617,supported
0.5-1,13462,False,-0.31126632395397025,supported
0.5-1,13463,False,-0.3079105031451853,supported
0.5-1,13464,False,-0.25435533795503457,supported
0.5-1,13465,False,-0.2756726388031017,supported
0.5-1,13466,False,-0.2651015894292284,supported
0.5-1,13467,False,-0.27479847824529446,supported
0.5-1,13468,False,-0.2963395183127392,supported
0.5-1,13469,False,-0.3038143072016441,supported
0.5-1,13470,False,-0.2886871429824967,supported
0.5-1,13471,False,-0.3067305661733286,supported
0.5-1,13472,False,-0.28963744495981736,supported
0.5-1,13473,False,-0.3146416109123086,supported
0.5-1,13474,False,-0.30593277960003235,supported
0.5-1,13475,False,-0.3168693919957901,supported
0.5-1,13476,False,-0.2844023300763481,supported
0.5-1,13477,False,-0.2983732015656058,supported
0.5-1,13478,False,-0.26968785378273,supported
0.5-1,13479,False,-0.25962910978762865,supported
0.5-1,13480,False,-0.3142912585332889,supported
0.5-1,13481,False,-0.2697807976873773,supported
0.5-1,13482,False,-0.28303774981946933,supported
0.5-1,13483,False,-0.3113404511630526,supported
0.5-1,13484,False,-0.2631200570184516,supported
0.5-1,13485,False,-0.299762321705384,supported
0.5-1,13486,False,-0.30728092781853744,supported
0.5-1,13487,False,-0.31482093037046804,supported
0.5-1,13488,False,-0.262021124989186,supported
0.5-1,13489,False,-0.24714704225443335,supported
0.5-1,13490,False,-0.27553874032720216,supported
0.5-1,13491,False,-0.26167177506056555,supported
0.5-1,13492,False,-0.3000597564320863,supported
0.5-1,13493,False,-0.31375890218616853,supported
0.5-1,13494,False,-0.3103090967950306,supported
0.5-1,13495,False,-0.306565452063259,supported
0.5-1,13496,False,-0.30420010408650977,supported
0.5-1,13497,False,-0.31551018051533736,supported
0.5-1,13498,False,-0.29040252707797853,supported
0.5-1,13499,False,-0.2585471884180515,supported
0.5-1,13500,False,-0.29124743707469747,supported
0.5-1,13501,False,-0.30895346072368585,supported
0.5-1,13502,False,-0.2761681319495506,supported
0.5-1,13503,False,-0.2621743901319462,supported
0.5-1,13504,False,-0.30980644612828384,supported
0.5-1,13505,False,-0.25838296036300573,supported
0.5-1,13506,False,-0.3186575867764715,supported
0.5-1,13507,False,-0.3062913940175135,supported
0.5-1,13508,False,-0.272579682748533,supported
0.5-1,13509,False,-0.3077850865906239,supported
0.5-1,13510,False,-0.3102484285846405,supported
0.5-1,13511,False,-0.3055623998348056,supported
0.5-1,13512,False,-0.27112961939713354,supported
0.5-1,13513,False,-0.24921416325140666,supported
0.5-1,13514,False,-0.27807909211401577,supported
0.5-1,13515,False,-0.27517925855432473,supported
0.5-1,13516,False,-0.30292783670232815,supported
0.5-1,13517,False,-0.312611164289113,supported
0.5-1,13518,False,-0.3153511546553827,supported
0.5-1,13519,False,-0.31362906768797655,supported
0.5-1,13520,False,-0.316146612676,supported
0.5-1,13521,False,-0.3080007564184618,supported
0.5-1,13522,False,-0.3117684996216773,supported
0.5-1,13523,False,-0.31480947048122154,supported
0.5-1,13524,False,-0.2743480880137543,supported
0.5-1,13525,False,-0.2847414203766275,supported
0.5-1,13526,False,-0.2741084501379044,supported
0.5-1,13527,False,-0.27357986295207215,supported
0.5-1,13528,False,-0.3039222142712501,supported
0.5-1,13529,False,-0.25520649054395095,supported
0.5-1,13530,False,-0.29608505673637725,supported
0.5-1,13531,False,-0.30456506565798613,supported
0.5-1,13532,False,-0.2701365809881767,supported
0.5-1,13533,False,-0.3007780672465868,supported
0.5-1,13534,False,-0.3132390207200741,supported
0.5-1,13535,False,-0.30539197735667717,supported
0.5-1,13536,False,-0.2775302667684626,supported
0.5-1,13537,False,-0.1305526477552864,supported
0.5-1,13538,False,-0.2651267449701352,supported
0.5-1,13539,False,-0.25986273582288416,supported
0.5-1,13540,False,-0.30571840722124677,supported
0.5-1,13541,False,-0.30059660020997697,supported
0.5-1,13542,False,-0.28568585538621877,supported
0.5-1,13543,False,-0.3083010531528207,supported
0.5-1,13544,False,-0.31955659591149316,supported
0.5-1,13545,False,-0.3060409497309516,supported
0.5-1,13546,False,-0.30604705344106486,supported
0.5-1,13547,False,-0.28637861557048383,supported
0.5-1,13548,False,-0.3126963627396173,supported
0.5-1,13549,False,-0.30259552425381586,supported
0.5-1,13550,False,-0.2555939066945985,supported
0.5-1,13551,False,-0.21361490223956614,supported
0.5-1,13552,False,-0.30926089728575357,supported
0.5-1,13553,False,-0.26351283565583483,supported
0.5-1,13554,False,-0.29910856149960596,supported
0.5-1,13555,False,-0.3014710363543968,supported
0.5-1,13556,False,-0.25415392655167846,supported
0.5-1,13557,False,-0.2926021316759479,supported
0.5-1,13558,False,-0.2969964687759113,supported
0.5-1,13559,False,-0.3033393253191838,supported
0.5-1,13560,False,-0.25760515152657054,supported
0.5-1,13561,False,-0.1632739868288251,supported
0.5-1,13562,False,-0.24055415410335174,supported
0.5-1,13563,False,-0.17433655261617953,supported
0.5-1,13564,False,-0.2736268802438327,supported
0.5-1,13565,False,-0.2829411321404384,supported
0.5-1,13566,False,-0.23742758173623407,supported
0.5-1,13567,False,-0.29478321327084017,supported
0.5-1,13568,False,-0.215425931714618,supported
0.5-1,13569,False,-0.27395382648399974,supported
0.5-1,13570,False,-0.29592336709679823,supported
0.5-1,13571,False,-0.27585130305242345,supported
0.5-1,13572,False,-0.29122398536354316,supported
0.5-1,13573,False,-0.28146267730452473,supported
0.5-1,13574,False,-0.24276490494269587,supported
0.5-1,13575,False,-0.16556675181340097,supported
0.5-1,13576,False,-0.20636687000649778,supported
0.5-1,13577,False,-0.17096077451596003,supported
0.5-1,13578,False,-0.2881137095443926,supported
0.5-1,13579,False,-0.26909238109252,supported
0.5-1,13580,False,-0.24049121383707728,supported
0.5-1,13581,False,-0.21106889545828483,supported
0.5-1,13582,False,-0.27925739376494674,supported
0.5-1,13583,False,-0.2046430345324568,supported
0.5-1,13584,False,-0.2289013084226253,supported
0.5-1,13585,False,-0.14957316518345776,supported
0.5-1,13586,False,-0.1983754956025917,supported
0.5-1,13587,False,-0.17307909187963377,supported
0.5-1,13588,False,-0.21408362363078692,supported
0.5-1,13589,False,-0.19721686696645835,supported
0.5-1,13590,False,-0.20760143664865743,supported
0.5-1,13591,False,-0.2495573621501524,supported
0.5-1,13592,False,-0.2144705632943384,supported
0.5-1,13593,False,-0.24824302106867907,supported
0.5-1,13594,False,-0.2716231400700542,supported
0.5-1,13595,False,-0.18060566903654696,supported
0.5-1,13596,False,-0.24953343378934512,supported
0.5-1,13597,False,-0.2506380983589452,supported
0.5-1,13598,False,-0.219191246279678,supported
0.5-1,13599,False,-0.1764837294670648,supported
0.5-1,13600,False,-0.21854434539754686,supported
0.5-1,13601,False,-0.13076094396812898,supported
0.5-1,13602,False,-0.2440153669788493,supported
0.5-1,13603,False,-0.17972380904955976,supported
0.5-1,13604,False,-0.18872350501892476,supported
0.5-1,13605,False,-0.21328005087001123,supported
0.5-1,13606,False,-0.17677774691342385,supported
0.5-1,13607,False,-0.2035499676730006,supported
0.5-1,13608,False,-0.16434786890359077,supported
0.5-1,13609,False,-0.10423138187057135,supported
0.5-1,13610,False,-0.1264547510886409,supported
0.5-1,13611,False,-0.15631539108218395,supported
0.5-1,13612,False,-0.20491111659927452,supported
0.5-1,13613,False,-0.16703437432682167,supported
0.5-1,13614,False,-0.21141462091776875,supported
0.5-1,13615,False,-0.18573774733686776,supported
0.5-1,13616,False,-0.14560891404219045,supported
0.5-1,13617,False,-0.1700491537277813,supported
0.5-1,13618,False,-0.16428543037348187,supported
0.5-1,13619,False,-0.14232827716149987,supported
0.5-1,13620,False,-0.20544115461842838,supported
0.5-1,13621,False,-0.0968403745859201,supported
0.5-1,13622,False,-0.2065070047272391,supported
0.5-1,13623,False,-0.2208272344845525,supported
0.5-1,13624,False,-0.21476653403449064,supported
0.5-1,13625,False,-0.21120495843712933,supported
0.5-1,13626,False,-0.16516895319454172,supported
0.5-1,13627,False,-0.1406149433499887,supported
0.5-1,13628,False,-0.21507341344262443,supported
0.5-1,13629,False,-0.10486779891482856,supported
0.5-1,13630,False,-0.10587745036694707,supported
0.5-1,13631,False,-0.17720751996454076,supported
0.5-1,13632,False,-0.11630911755145845,supported
0.5-1,13633,False,-0.18991382884278302,supported
0.5-1,13634,False,-0.18125026775847475,supported
0.5-1,13635,False,-0.19866054897980107,supported
0.5-1,13636,False,-0.26789663591856033,supported
0.5-1,13637,False,-0.2676994457120149,supported
0.5-1,13638,True,0.05072357102575231,high
0.5-1,13639,False,-0.2301143651171907,supported
0.5-1,13640,False,-0.2658951090187207,supported
0.5-1,13641,False,-0.29139538444264945,supported
0.5-1,13642,False,-0.2741863321316604,supported
0.5-1,13643,False,-0.28952175538398117,supported
0.5-1,13644,False,-0.0369597328898017,watch
0.5-1,13645,False,-0.22276784577584552,supported
0.5-1,13646,False,-0.31121493840444286,supported
0.5-1,13647,False,-0.31462642331094004,supported
0.5-1,13648,False,-0.2892856504547676,supported
0.5-1,13649,False,-0.23410618752658197,supported
0.5-1,13650,False,-0.26034227658690157,supported
0.5-1,13651,False,-0.24762057638057117,supported
0.5-1,13652,False,-0.31021408924165417,supported
0.5-1,13653,False,-0.2690809265486269,supported
0.5-1,13654,False,-0.314987011330771,supported
0.5-1,13655,False,-0.3036302800288581,supported
0.5-1,13656,False,-0.2749181358203436,supported
0.5-1,13657,False,-0.3016796771214584,supported
0.5-1,13658,False,-0.3044769257151077,supported
0.5-1,13659,False,-0.26100703815315013,supported
0.5-1,13660,False,-0.2683674229232279,supported
0.5-1,13661,False,-0.2747970729344288,supported
0.5-1,13662,False,-0.27229767853348985,supported
0.5-1,13663,True,0.054647228755102084,critical
0.5-1,13664,False,-0.3071160163718995,supported
0.5-1,13665,True,0.023374031506766313,high
0.5-1,13666,False,-0.2979362294959294,supported
0.5-1,13667,False,-0.3041607500317326,supported
0.5-1,13668,False,-0.3204902856046295,supported
0.5-1,13669,False,-0.27291509166287925,supported
0.5-1,13670,False,-0.29895586834469473,supported
0.5-1,13671,False,-0.31217559247426496,supported
0.5-1,13672,False,-0.30495627050368534,supported
0.5-1,13673,False,-0.31286554699394986,supported
0.5-1,13674,False,-0.25023800219389813,supported
0.5-1,13675,False,-0.25877942840546747,supported
0.5-1,13676,False,-0.3117977750276266,supported
0.5-1,13677,False,-0.2733760663769357,supported
0.5-1,13678,False,-0.3112086251838224,supported
0.5-1,13679,False,-0.303886829837976,supported
0.5-1,13680,False,-0.2703640337210447,supported
0.5-1,13681,False,-0.3045572138459707,supported
0.5-1,13682,False,-0.29713539542800355,supported
0.5-1,13683,False,-0.3122615773211114,supported
0.5-1,13684,False,-0.26951433989632156,supported
0.5-1,13685,False,-0.26831956607253127,supported
0.5-1,13686,False,-0.26584996386261417,supported
0.5-1,13687,False,-0.27717428290425106,supported
0.5-1,13688,False,-0.2933703295312606,supported
0.5-1,13689,False,-0.31335812453845835,supported
0.5-1,13690,False,-0.29175193879562017,supported
0.5-1,13691,False,-0.3104756775876906,supported
0.5-1,13692,False,-0.31380481243061376,supported
0.5-1,13693,False,-0.30707821155020915,supported
0.5-1,13694,False,-0.3144980677294202,supported
0.5-1,13695,False,-0.3148360881158935,supported
0.5-1,13696,False,-0.2920957348142413,supported
0.5-1,13697,False,-0.29644481299746495,supported
0.5-1,13698,False,-0.27446580744665766,supported
0.5-1,13699,False,-0.2663972634208976,supported
0.5-1,13700,False,-0.3139783591102758,supported
0.5-1,13701,False,-0.2700649734777846,supported
0.5-1,13702,False,-0.3056949183808731,supported
0.5-1,13703,False,-0.3072112737034662,supported
0.5-1,13704,False,-0.2671514124589375,supported
0.5-1,13705,False,-0.2991874077612913,supported
0.5-1,13706,False,-0.31569559483325527,supported
0.5-1,13707,False,-0.3116819875994325,supported
0.5-1,13708,False,-0.2616646265667839,supported
0.5-1,13709,False,-0.27169217313157745,supported
0.5-1,13710,False,-0.27257445948749737,supported
0.5-1,13711,False,-0.26633668607054817,supported
0.5-1,13712,False,-0.29805273540648336,supported
0.5-1,13713,False,-0.31308395693149954,supported
0.5-1,13714,False,-0.31490748185547657,supported
0.5-1,13715,False,-0.31183707375767816,supported
0.5-1,13716,False,-0.31659945752140733,supported
0.5-1,13717,False,-0.30050168516831194,supported
0.5-1,13718,False,-0.3056834569133184,supported
0.5-1,13719,False,-0.3175912785741271,supported
0.5-1,13720,False,-0.31168266008969114,supported
0.5-1,13721,False,-0.31023456076633077,supported
0.5-1,13722,False,-0.2707331911931479,supported
0.5-1,13723,False,-0.2625226457063238,supported
0.5-1,13724,False,-0.27962484750452116,supported
0.5-1,13725,False,-0.2604061049613961,supported
0.5-1,13726,False,-0.3141884554367152,supported
0.5-1,13727,False,-0.3080806708788423,supported
0.5-1,13728,False,-0.2741171201723928,supported
0.5-1,13729,False,-0.3104151414891798,supported
0.5-1,13730,False,-0.3062018909644094,supported
0.5-1,13731,False,-0.30688598152724866,supported
0.5-1,13732,False,-0.27557289817359903,supported
0.5-1,13733,False,-0.268848868666939,supported
0.5-1,13734,False,-0.2780590661003434,supported
0.5-1,13735,False,-0.25579631048988266,supported
0.5-1,13736,False,-0.3128806715570868,supported
0.5-1,13737,False,-0.3114799812167624,supported
0.5-1,13738,False,-0.3048294000914536,supported
0.5-1,13739,False,-0.3125231784131847,supported
0.5-1,13740,False,-0.31233102898495624,supported
0.5-1,13741,False,-0.28245411679332205,supported
0.5-1,13742,False,-0.2954111641981532,supported
0.5-1,13743,False,-0.3175989796850531,supported
0.5-1,13744,False,-0.30928489115109775,supported
0.5-1,13745,False,-0.3100434532674617,supported
0.5-1,13746,False,-0.26596686045579215,supported
0.5-1,13747,False,-0.23915051713153918,supported
0.5-1,13748,False,-0.3028192810413051,supported
0.5-1,13749,False,-0.24494595293378402,supported
0.5-1,13750,False,-0.2950575789708516,supported
0.5-1,13751,False,-0.31270154415624074,supported
0.5-1,13752,False,-0.2635398151073239,supported
0.5-1,13753,False,-0.3046290611119477,supported
0.5-1,13754,False,-0.31215649405272383,supported
0.5-1,13755,False,-0.2804696343470941,supported
0.5-1,13756,False,-0.27580055823848937,supported
0.5-1,13757,False,-0.1699816431671688,supported
0.5-1,13758,False,-0.2605699128828379,supported
0.5-1,13759,False,-0.25317341610665445,supported
0.5-1,13760,False,-0.3011141797553811,supported
0.5-1,13761,False,-0.29830652929244994,supported
0.5-1,13762,False,-0.2978258927315238,supported
0.5-1,13763,False,-0.3062819934664068,supported
0.5-1,13764,False,-0.2880388591042989,supported
0.5-1,13765,False,-0.24894001451740477,supported
0.5-1,13766,False,-0.2935405675636212,supported
0.5-1,13767,False,-0.29936486790237854,supported
0.5-1,13768,False,-0.3143455304444888,supported
0.5-1,13769,False,-0.30134175530368235,supported
0.5-1,13770,False,-0.26007014889041374,supported
0.5-1,13771,False,-0.2616347435833165,supported
0.5-1,13772,False,-0.307063631314708,supported
0.5-1,13773,False,-0.2178366955808737,supported
0.5-1,13774,False,-0.29011031045926117,supported
0.5-1,13775,False,-0.2871627878905209,supported
0.5-1,13776,False,-0.2525733548767767,supported
0.5-1,13777,False,-0.29766129974027805,supported
0.5-1,13778,False,-0.29871420418993416,supported
0.5-1,13779,False,-0.297964052483591,supported
0.5-1,13780,False,-0.25172872578657596,supported
0.5-1,13781,False,-0.17859578018316402,supported
0.5-1,13782,False,-0.23475143757563133,supported
0.5-1,13783,False,-0.16264902803780767,supported
0.5-1,13784,False,-0.2384378790535106,supported
0.5-1,13785,False,-0.27666170539493457,supported
0.5-1,13786,False,-0.27930360438217294,supported
0.5-1,13787,False,-0.30047943905744223,supported
0.5-1,13788,False,-0.30129144712790656,supported
0.5-1,13789,False,-0.2804548955399534,supported
0.5-1,13790,False,-0.2903119606086322,supported
0.5-1,13791,False,-0.24500043849635855,supported
0.5-1,13792,False,-0.24352128917931953,supported
0.5-1,13793,False,-0.2727027199705016,supported
0.5-1,13794,False,-0.23716011149685323,supported
0.5-1,13795,False,-0.2071110150326504,supported
0.5-1,13796,False,-0.2758959491239933,supported
0.5-1,13797,False,-0.16759794859290067,supported
0.5-1,13798,False,-0.2550852691765991,supported
0.5-1,13799,False,-0.2891770851331218,supported
0.5-1,13800,False,-0.238902879480623,supported
0.5-1,13801,False,-0.19883222815742058,supported
0.5-1,13802,False,-0.2462485113386414,supported
0.5-1,13803,False,-0.30046874472906104,supported
0.5-1,13804,False,-0.20650172377848197,supported
0.5-1,13805,False,-0.17959816323290845,supported
0.5-1,13806,False,-0.1900983346028186,supported
0.5-1,13807,False,-0.17656455664877935,supported
0.5-1,13808,False,-0.2112027541743854,supported
0.5-1,13809,False,-0.22593129618275887,supported
0.5-1,13810,False,-0.20196450497773138,supported
0.5-1,13811,False,-0.24499484940753763,supported
0.5-1,13812,False,-0.24218853905243148,supported
0.5-1,13813,False,-0.23653035392205185,supported
0.5-1,13814,False,-0.2718991661583439,supported
0.5-1,13815,False,-0.19099322704372207,supported
0.5-1,13816,False,-0.18130605379112763,supported
0.5-1,13817,False,-0.24495310845451124,supported
0.5-1,13818,False,-0.20322463645806876,supported
0.5-1,13819,False,-0.15867144323063365,supported
0.5-1,13820,False,-0.220191791782736,supported
0.5-1,13821,False,-0.16998610573381645,supported
0.5-1,13822,False,-0.2393266934481883,supported
0.5-1,13823,False,-0.22722844852349883,supported
0.5-1,13824,False,-0.19076269166985071,supported
0.5-1,13825,False,-0.21104314958961296,supported
0.5-1,13826,False,-0.2533459711707561,supported
0.5-1,13827,False,-0.21194222425295578,supported
0.5-1,13828,False,-0.16539971880574023,supported
0.5-1,13829,False,-0.12302433438608518,supported
0.5-1,13830,False,-0.12532493467761407,supported
0.5-1,13831,False,-0.17776434574501798,supported
0.5-1,13832,False,-0.20124404978165272,supported
0.5-1,13833,False,-0.1622839466913263,supported
0.5-1,13834,False,-0.19917758197578073,supported
0.5-1,13835,False,-0.19489456625934937,supported
0.5-1,13836,False,-0.14156628882115474,supported
0.5-1,13837,False,-0.16395063762182416,supported
0.5-1,13838,False,-0.1588650603690962,supported
0.5-1,13839,False,-0.1464229640248642,supported
0.5-1,13840,False,-0.21361013670727907,supported
0.5-1,13841,False,-0.08430421776571129,supported
0.5-1,13842,False,-0.1758839318444827,supported
0.5-1,13843,False,-0.21811711291261038,supported
0.5-1,13844,False,-0.2202053383678083,supported
0.5-1,13845,False,-0.21120610815202667,supported
0.5-1,13846,False,-0.16037986124659542,supported
0.5-1,13847,False,-0.16121728792209766,supported
0.5-1,13848,False,-0.2088013799532093,supported
0.5-1,13849,False,-0.12043881783777066,supported
0.5-1,13850,False,-0.10915395178788778,supported
0.5-1,13851,False,-0.15274829540879686,supported
0.5-1,13852,False,-0.11603008488715938,supported
0.5-1,13853,False,-0.21254139876154243,supported
0.5-1,13854,False,-0.16251616215145281,supported
0.5-1,13855,False,-0.21363702251451433,supported
0.5-1,13856,False,-0.2619835913739098,supported
0.5-1,13857,True,0.04363041396129319,critical
0.5-1,13858,False,-0.06318742125420185,supported
0.5-1,13859,False,-0.011139400244741249,supported
0.5-1,13860,False,-0.18569171147535135,supported
0.5-1,13861,False,-0.10926750114043271,supported
0.5-1,13862,False,-0.08778526702758016,supported
0.5-1,13863,False,-0.28789365828720404,supported
0.5-1,13864,False,-0.21143438039536588,supported
0.5-1,13865,True,0.015022802356448373,high
0.5-1,13866,False,-0.26258957029367197,supported
0.5-1,13867,False,-0.2962006569877234,supported
0.5-1,13868,True,0.012900650686276105,moderate
0.5-1,13869,True,0.0028632470869764948,moderate
0.5-1,13870,True,0.002279779547529004,moderate
0.5-1,13871,True,0.008274681100425951,moderate
0.5-1,13872,False,-0.3145697374484227,supported
0.5-1,13873,False,-0.2743663737106818,supported
0.5-1,13874,False,-0.10841248375768908,supported
0.5-1,13875,False,-0.25385178832461763,supported
0.5-1,13876,False,-0.304474805017516,supported
0.5-1,13877,False,-0.03298450493503491,supported
0.5-1,13878,False,-0.3183317319467634,supported
0.5-1,13879,False,-0.30611105115515036,supported
0.5-1,13880,False,-0.2779617574697692,supported
0.5-1,13881,False,-0.30470800771855766,supported
0.5-1,13882,False,-0.12294310451993129,supported
0.5-1,13883,False,-0.08575435604926696,supported
0.5-1,13884,True,0.05207852217280229,critical
0.5-1,13885,False,-0.26532295435126646,supported
0.5-1,13886,False,-0.052068370753169946,supported
0.5-1,13887,False,-0.033325474019374246,supported
0.5-1,13888,True,0.016222112964991542,high
0.5-1,13889,False,-0.08210592283707652,supported
0.5-1,13890,False,-0.09634655278084447,supported
0.5-1,13891,False,-0.31172565456547885,supported
0.5-1,13892,True,0.018018929895665448,critical
0.5-1,13893,False,-0.26557448907853587,supported
0.5-1,13894,False,-0.3137871844289272,supported
0.5-1,13895,False,-0.312703464306277,supported
0.5-1,13896,True,0.014715551304545382,moderate
0.5-1,13897,True,0.00999897101745395,moderate
0.5-1,13898,True,0.012270524712242992,moderate
0.5-1,13899,True,0.011006488217618515,high
0.5-1,13900,False,-0.28862807328381096,supported
0.5-1,13901,False,-0.31450082921856737,supported
0.5-1,13902,False,-0.06486689695185044,supported
0.5-1,13903,False,-0.2754489582269812,supported
0.5-1,13904,False,-0.2979110458102952,supported
0.5-1,13905,False,-0.06674114370051354,supported
0.5-1,13906,False,-0.31293923811133095,supported
0.5-1,13907,False,-0.3049675768018473,supported
0.5-1,13908,False,-0.2743986769985855,supported
0.5-1,13909,False,-0.3028086819071202,supported
0.5-1,13910,False,-0.09202355198692469,supported
0.5-1,13911,False,-0.08599475613339391,supported
0.5-1,13912,False,-0.26906555360329554,supported
0.5-1,13913,False,-0.26570919617123623,supported
0.5-1,13914,False,-0.0658537848224412,supported
0.5-1,13915,False,-0.0393778017278672,supported
0.5-1,13916,False,-0.3151685644292543,supported
0.5-1,13917,False,-0.06368831746670167,supported
0.5-1,13918,False,-0.08847989208295737,supported
0.5-1,13919,False,-0.3020764734840029,supported
0.5-1,13920,False,-0.296360383853376,supported
0.5-1,13921,False,-0.0005191024809708678,watch
0.5-1,13922,False,-0.30605996920726447,supported
0.5-1,13923,False,-0.3196415750226541,supported
0.5-1,13924,True,0.015301489382417155,moderate
0.5-1,13925,True,0.014045536142138548,moderate
0.5-1,13926,True,0.017710576382421017,high
0.5-1,13927,True,0.011963709139658718,high
0.5-1,13928,False,-0.30599656161593003,supported
0.5-1,13929,False,-0.3089939820254444,supported
0.5-1,13930,False,-0.037631295414875865,supported
0.5-1,13931,False,-0.27035862900183705,supported
0.5-1,13932,False,-0.2656263043282333,supported
0.5-1,13933,False,-0.043815007396022954,supported
0.5-1,13934,False,-0.3050702057317998,supported
0.5-1,13935,False,-0.30987437839698095,supported
0.5-1,13936,False,-0.27607756598860167,supported
0.5-1,13937,False,-0.3132195573050556,supported
0.5-1,13938,False,-0.09826934392605213,supported
0.5-1,13939,False,-0.1036801506865036,supported
0.5-1,13940,False,-0.2752545718556144,supported
0.5-1,13941,False,-0.26461019801230873,supported
0.5-1,13942,False,-0.03747294472105178,supported
0.5-1,13943,False,-0.062235554957883576,supported
0.5-1,13944,False,-0.30951689785465664,supported
0.5-1,13945,False,-0.07312063360694365,supported
0.5-1,13946,False,-0.08529085200347908,supported
0.5-1,13947,False,-0.31298833939020776,supported
0.5-1,13948,False,-0.3177707808401867,supported
0.5-1,13949,False,-0.30661620648618576,supported
0.5-1,13950,False,-0.29571582616229797,supported
0.5-1,13951,False,-0.299561914532117,supported
0.5-1,13952,True,0.010933511110283844,moderate
0.5-1,13953,True,0.008039999584411706,moderate
0.5-1,13954,True,0.01395867151628738,moderate
0.5-1,13955,True,0.008196523577367665,moderate
0.5-1,13956,False,-0.11025106309006727,supported
0.5-1,13957,False,-0.30102165961198474,supported
0.5-1,13958,False,-0.06947070455306625,supported
0.5-1,13959,False,-0.2617169620380307,supported
0.5-1,13960,False,-0.31207492880330484,supported
0.5-1,13961,False,-0.07210961527930437,supported
0.5-1,13962,False,-0.28988337331267555,supported
0.5-1,13963,False,-0.31406619030339966,supported
0.5-1,13964,False,-0.27767476320519746,supported
0.5-1,13965,False,-0.3049134522111461,supported
0.5-1,13966,False,-0.09575672624239184,supported
0.5-1,13967,False,-0.16028711241193472,supported
0.5-1,13968,False,-0.2773300217696435,supported
0.5-1,13969,False,-0.26616925079033027,supported
0.5-1,13970,False,-0.03511980290917993,supported
0.5-1,13971,False,-0.06898167539195288,supported
0.5-1,13972,False,-0.28313264370394686,supported
0.5-1,13973,False,-0.06977670074915632,supported
0.5-1,13974,False,-0.14309515426718744,supported
0.5-1,13975,False,-0.3088113988043966,supported
0.5-1,13976,False,-0.3078025576016982,supported
0.5-1,13977,False,-0.25112651243099543,supported
0.5-1,13978,False,-0.30961235516154717,supported
0.5-1,13979,False,-0.31109413922580553,supported
0.5-1,13980,True,0.002096390453174668,moderate
0.5-1,13981,True,0.005618721897290624,moderate
0.5-1,13982,True,0.012743065896935857,moderate
0.5-1,13983,True,0.004033073481540916,moderate
0.5-1,13984,False,-0.2810365635542466,supported
0.5-1,13985,False,-0.3196135950082999,supported
0.5-1,13986,False,-0.030406092015939468,supported
0.5-1,13987,False,-0.2505419730845978,supported
0.5-1,13988,False,-0.29961990215309353,supported
0.5-1,13989,False,-0.08538367330717611,supported
0.5-1,13990,False,-0.26255477144281575,supported
0.5-1,13991,False,-0.3085516489595366,supported
0.5-1,13992,False,-0.2720749039420545,supported
0.5-1,13993,False,-0.2960226907898202,supported
0.5-1,13994,False,-0.09477927187280122,supported
0.5-1,13995,False,-0.1727017654609314,supported
0.5-1,13996,False,-0.26588544013768556,supported
0.5-1,13997,False,-0.19475037632656317,supported
0.5-1,13998,False,-0.05431818573254632,supported
0.5-1,13999,False,-0.06346818958710598,supported
0.5-1,14000,False,-0.303584603907272,supported
0.5-1,14001,False,-0.07173690434569713,supported
0.5-1,14002,False,-0.12578443886990376,supported
0.5-1,14003,False,-0.3008589309861046,supported
0.5-1,14004,False,-0.2995695870172577,supported
0.5-1,14005,False,-0.2954707678029644,supported
0.5-1,14006,False,-0.297270333828528,supported
0.5-1,14007,False,-0.3114347427233702,supported
0.5-1,14008,False,-0.0972638981077949,watch
0.5-1,14009,False,-0.08776312858087632,watch
0.5-1,14010,False,-0.024700898482221012,moderate
0.5-1,14011,False,-0.10345349335929865,watch
0.5-1,14012,False,-0.2514062755032144,supported
0.5-1,14013,False,-0.3069660692130739,supported
0.5-1,14014,False,-0.034715901081100675,supported
0.5-1,14015,False,-0.17081820665378034,supported
0.5-1,14016,False,-0.2990162625773407,supported
0.5-1,14017,False,-0.11881559421663013,supported
0.5-1,14018,False,-0.21374767398965022,supported
0.5-1,14019,False,-0.29883240356776075,supported
0.5-1,14020,False,-0.2549559925044443,supported
0.5-1,14021,False,-0.26479323750038264,supported
0.5-1,14022,False,-0.14574025874804386,supported
0.5-1,14023,False,-0.1610623996586965,supported
0.5-1,14024,False,-0.25008380512317163,supported
0.5-1,14025,False,-0.18148351037715915,supported
0.5-1,14026,False,-0.07925985757977583,supported
0.5-1,14027,False,-0.10612127256127468,supported
0.5-1,14028,False,-0.2986885074470018,supported
0.5-1,14029,False,-0.09435659460469892,supported
0.5-1,14030,False,-0.14321278369474089,supported
0.5-1,14031,False,-0.27170004109809587,supported
0.5-1,14032,False,-0.2548222173844537,supported
0.5-1,14033,False,-0.2639702784315288,supported
0.5-1,14034,False,-0.2949819670145615,supported
0.5-1,14035,False,-0.24787542722069955,supported
0.5-1,14036,False,-0.12914660932523492,supported
0.5-1,14037,False,-0.12230371785142546,supported
0.5-1,14038,False,-0.11451808603195635,watch
0.5-1,14039,False,-0.12809072881082528,supported
0.5-1,14040,False,-0.29925339668662204,supported
0.5-1,14041,False,-0.27206947465699033,supported
0.5-1,14042,False,-0.0797715215367728,supported
0.5-1,14043,False,-0.14816326091509557,supported
0.5-1,14044,False,-0.2182864905920448,supported
0.5-1,14045,False,-0.10518504590315414,supported
0.5-1,14046,False,-0.2505459103498702,supported
0.5-1,14047,False,-0.2645080701805115,supported
0.5-1,14048,False,-0.23174444938971478,supported
0.5-1,14049,False,-0.2065490388186199,supported
0.5-1,14050,False,-0.1372440174774735,supported
0.5-1,14051,False,-0.14088906261044787,supported
0.5-1,14052,False,-0.20785698382464168,supported
0.5-1,14053,False,-0.17478994355805855,supported
0.5-1,14054,False,-0.08227481144952054,supported
0.5-1,14055,False,-0.09165049714836326,supported
0.5-1,14056,False,-0.18584080784353885,supported
0.5-1,14057,False,-0.11224714355618293,supported
0.5-1,14058,False,-0.12577027913717298,supported
0.5-1,14059,False,-0.2604066961049266,supported
0.5-1,14060,False,-0.24509627945172713,supported
0.5-1,14061,False,-0.21611716691665356,supported
0.5-1,14062,False,-0.24975583233943444,supported
0.5-1,14063,False,-0.17826511640295206,supported
0.5-1,14064,False,-0.14945113792278109,supported
0.5-1,14065,False,-0.14390359517613038,supported
0.5-1,14066,False,-0.1457111585797214,supported
0.5-1,14067,False,-0.14329842449069596,supported
0.5-1,14068,False,-0.20850368390335805,supported
0.5-1,14069,False,-0.2458755493677261,supported
0.5-1,14070,False,-0.0711342411239525,supported
0.5-1,14071,False,-0.17185827792046682,supported
0.5-1,14072,False,-0.18347133752281874,supported
0.5-1,14073,False,-0.09882816504981218,supported
0.5-1,14074,False,-0.12299132086785436,supported
0.5-1,14075,False,-0.16034827972711407,supported
0.5-1,14076,False,-0.18035496283525476,supported
0.5-1,14077,False,-0.20633608053611796,supported
0.5-1,14078,False,-0.13120755739882706,supported
0.5-1,14079,False,-0.1395984182455785,supported
0.5-1,14080,False,-0.1714382283452872,supported
0.5-1,14081,False,-0.15643911081551498,supported
0.5-1,14082,False,-0.055908633381208994,supported
0.5-1,14083,False,-0.07689313844951007,supported
0.5-1,14084,False,-0.20487267576196821,supported
0.5-1,14085,False,-0.11540799118440659,supported
0.5-1,14086,False,-0.1197798169229436,supported
0.5-1,14087,False,-0.14760920711388803,supported
0.5-1,14088,False,-0.14756424141409752,supported
0.5-1,14089,False,-0.11747487349294239,supported
0.5-1,14090,False,-0.15709394329345638,supported
0.5-1,14091,False,-0.11930972172869059,supported
0.5-1,14092,False,-0.21343457732876342,supported
0.5-1,14093,False,-0.14286470747733948,supported
0.5-1,14094,False,-0.1883603854515256,supported
0.5-1,14095,False,-0.18047207730418113,supported
0.5-1,14096,False,-0.12433931023256706,supported
0.5-1,14097,False,-0.13530768354588074,supported
0.5-1,14098,False,-0.14973994703324267,supported
0.5-1,14099,False,-0.11913518507575027,supported
0.5-1,14100,False,-0.21327893255375185,supported
0.5-1,14101,False,-0.20633704699292466,supported
0.5-1,14102,False,-0.08429362562234244,supported
0.5-1,14103,False,-0.17075061606296282,supported
0.5-1,14104,False,-0.2163832806079517,supported
0.5-1,14105,False,-0.07541547979777852,supported
0.5-1,14106,False,-0.14031875910765956,supported
0.5-1,14107,False,-0.17569723095820877,supported
0.5-1,14108,False,-0.11181339407272295,supported
0.5-1,14109,False,-0.18557677613890888,supported
0.5-1,14110,False,-0.12977449034669575,supported
0.5-1,14111,False,-0.14275820933136796,supported
0.5-1,14112,False,-0.26564318901651046,supported
0.5-1,14113,False,-0.2662051717970025,supported
0.5-1,14114,False,-0.27022544131682263,supported
0.5-1,14115,False,-0.2622376754905635,supported
0.5-1,14116,False,-0.28448854147471614,supported
0.5-1,14117,False,-0.2650144153685185,supported
0.5-1,14118,False,-0.2900861868683022,supported
0.5-1,14119,True,0.019568429108277607,high
0.5-1,14120,False,-0.3113157768224847,supported
0.5-1,14121,False,-0.28978201785499874,supported
0.5-1,14122,False,-0.30863595889351036,supported
0.5-1,14123,False,-0.22750973198477614,supported
0.5-1,14124,False,-0.310879692643054,supported
0.5-1,14125,False,-0.306390387830073,supported
0.5-1,14126,False,-0.27636071006878926,supported
0.5-1,14127,False,-0.2570045077174645,supported
0.5-1,14128,False,-0.30423604441282215,supported
0.5-1,14129,False,-0.26558177405036093,supported
0.5-1,14130,False,-0.32025338862604014,supported
0.5-1,14131,False,-0.3096946065617194,supported
0.5-1,14132,False,-0.26155091196190555,supported
0.5-1,14133,False,-0.3026854540404446,supported
0.5-1,14134,False,-0.3064567629286652,supported
0.5-1,14135,False,-0.310206035309459,supported
0.5-1,14136,False,-0.2609541193355749,supported
0.5-1,14137,False,-0.2578912836243807,supported
0.5-1,14138,False,-0.25158955076428885,supported
0.5-1,14139,False,-0.259592467108378,supported
0.5-1,14140,False,-0.3010185937632356,supported
0.5-1,14141,False,-0.2972784326466148,supported
0.5-1,14142,False,-0.29738384360490877,supported
0.5-1,14143,False,-0.30106621706292785,supported
0.5-1,14144,False,-0.2995071652090379,supported
0.5-1,14145,False,-0.2953038583532449,supported
0.5-1,14146,False,-0.30337621888686916,supported
0.5-1,14147,False,-0.28623740767578654,supported
0.5-1,14148,False,-0.31278758765448617,supported
0.5-1,14149,False,-0.31296667150231405,supported
0.5-1,14150,False,-0.24620137072447973,supported
0.5-1,14151,False,-0.26002672356967604,supported
0.5-1,14152,False,-0.2955154565461599,supported
0.5-1,14153,False,-0.24258053730801094,supported
0.5-1,14154,False,-0.30880449085789274,supported
0.5-1,14155,False,-0.29799152019731207,supported
0.5-1,14156,False,-0.253282393572854,supported
0.5-1,14157,False,-0.29595749155879036,supported
0.5-1,14158,False,-0.30100523338265683,supported
0.5-1,14159,False,-0.304287903181743,supported
0.5-1,14160,False,-0.24309825428562754,supported
0.5-1,14161,False,-0.2574951157232841,supported
0.5-1,14162,False,-0.25559899441861855,supported
0.5-1,14163,False,-0.23573909842259944,supported
0.5-1,14164,False,-0.28774253536520616,supported
0.5-1,14165,False,-0.29640241581086646,supported
0.5-1,14166,False,-0.2837481000290709,supported
0.5-1,14167,False,-0.29238665978646966,supported
0.5-1,14168,False,-0.2757320360234856,supported
0.5-1,14169,False,-0.29817763724185303,supported
0.5-1,14170,False,-0.27860724618343174,supported
0.5-1,14171,False,-0.27632881286126393,supported
0.5-1,14172,False,-0.29910309779797484,supported
0.5-1,14173,False,-0.29899785600972206,supported
0.5-1,14174,False,-0.22928850849981125,supported
0.5-1,14175,False,-0.25628064238252257,supported
0.5-1,14176,False,-0.3012594526285074,supported
0.5-1,14177,False,-0.24011504872130146,supported
0.5-1,14178,False,-0.3000320587646497,supported
0.5-1,14179,False,-0.28688749921984363,supported
0.5-1,14180,False,-0.25733167247427774,supported
0.5-1,14181,False,-0.29667937859948695,supported
0.5-1,14182,False,-0.30005319539195996,supported
0.5-1,14183,False,-0.2941050403655155,supported
0.5-1,14184,False,-0.25093886607092675,supported
0.5-1,14185,False,-0.2549212517092564,supported
0.5-1,14186,False,-0.250889204795546,supported
0.5-1,14187,False,-0.24148466337626012,supported
0.5-1,14188,False,-0.28024189053427384,supported
0.5-1,14189,False,-0.2954665995297295,supported
0.5-1,14190,False,-0.2935712665383133,supported
0.5-1,14191,False,-0.2920252104274007,supported
0.5-1,14192,False,-0.30737383990159844,supported
0.5-1,14193,False,-0.28790308376147766,supported
0.5-1,14194,False,-0.28905831184942826,supported
0.5-1,14195,False,-0.29993489488758457,supported
0.5-1,14196,False,-0.306489937331602,supported
0.5-1,14197,False,-0.3026634924002243,supported
0.5-1,14198,False,-0.23921036716314986,supported
0.5-1,14199,False,-0.2657953651363418,supported
0.5-1,14200,False,-0.2900785209711938,supported
0.5-1,14201,False,-0.23909113463829224,supported
0.5-1,14202,False,-0.3153969880885699,supported
0.5-1,14203,False,-0.2835358686797503,supported
0.5-1,14204,False,-0.25204361055498853,supported
0.5-1,14205,False,-0.2944851003587533,supported
0.5-1,14206,False,-0.28712187903023356,supported
0.5-1,14207,False,-0.2945677332818213,supported
0.5-1,14208,False,-0.2560085383061203,supported
0.5-1,14209,False,-0.2770796778074276,supported
0.5-1,14210,True,0.048152885010720126,critical
0.5-1,14211,False,-0.2574941606512198,supported
0.5-1,14212,False,-0.2936912795687282,supported
0.5-1,14213,False,-0.29193451988002117,supported
0.5-1,14214,False,-0.30091186059542424,supported
0.5-1,14215,False,-0.29343047040970005,supported
0.5-1,14216,False,-0.2874788747704107,supported
0.5-1,14217,False,-0.31177487855535274,supported
0.5-1,14218,False,-0.2976447321979909,supported
0.5-1,14219,False,-0.3102019504432321,supported
0.5-1,14220,False,-0.2741971161708945,supported
0.5-1,14221,False,-0.28624285603808164,supported
0.5-1,14222,False,-0.25135614838754794,supported
0.5-1,14223,False,-0.2734961863902934,supported
0.5-1,14224,False,-0.3073023198138049,supported
0.5-1,14225,False,-0.2651686541228418,supported
0.5-1,14226,False,-0.3174796142864088,supported
0.5-1,14227,False,-0.2832258693254287,supported
0.5-1,14228,False,-0.26024981681168385,supported
0.5-1,14229,False,-0.29752421969001736,supported
0.5-1,14230,False,-0.2839774086455476,supported
0.5-1,14231,False,-0.27780532841324695,supported
0.5-1,14232,False,-0.2657237075466286,supported
0.5-1,14233,False,-0.2697558024104775,supported
0.5-1,14234,False,-0.24681102343370365,supported
0.5-1,14235,False,-0.26897935669070866,supported
0.5-1,14236,False,-0.29840022141319583,supported
0.5-1,14237,False,-0.29396971872546895,supported
0.5-1,14238,False,-0.3041572131114522,supported
0.5-1,14239,False,-0.2821088974711461,supported
0.5-1,14240,False,-0.30409828287034557,supported
0.5-1,14241,False,-0.3211019285433198,supported
0.5-1,14242,False,-0.3085832647261696,supported
0.5-1,14243,False,-0.3000887912036074,supported
0.5-1,14244,False,-0.2669587497076672,supported
0.5-1,14245,False,-0.2939372845797287,supported
0.5-1,14246,False,-0.2568776434150632,supported
0.5-1,14247,False,-0.2718518319545413,supported
0.5-1,14248,False,-0.29667668390302954,supported
0.5-1,14249,False,-0.27633309479172796,supported
0.5-1,14250,False,-0.3121507624602741,supported
0.5-1,14251,False,-0.27693119353472956,supported
0.5-1,14252,False,-0.24892597073758677,supported
0.5-1,14253,False,-0.298570427105519,supported
0.5-1,14254,False,-0.2742488773741388,supported
0.5-1,14255,False,-0.28619908739357025,supported
0.5-1,14256,False,-0.15081878412048377,supported
0.5-1,14257,False,-0.2560062594222367,supported
0.5-1,14258,False,-0.23570846931428008,supported
0.5-1,14259,False,-0.2725977379659229,supported
0.5-1,14260,False,-0.28333895163277223,supported
0.5-1,14261,False,-0.2762337201517773,supported
0.5-1,14262,False,-0.2883475093073461,supported
0.5-1,14263,False,-0.25961919407192896,supported
0.5-1,14264,False,-0.2884801146729215,supported
0.5-1,14265,False,-0.30771808591533895,supported
0.5-1,14266,False,-0.31864252320668424,supported
0.5-1,14267,False,-0.3047694773682298,supported
0.5-1,14268,False,-0.2990869405383443,supported
0.5-1,14269,False,-0.3147108575549046,supported
0.5-1,14270,False,-0.24499734325986083,supported
0.5-1,14271,False,-0.26357694053784675,supported
0.5-1,14272,False,-0.31692981693723243,supported
0.5-1,14273,False,-0.25930042098611206,supported
0.5-1,14274,False,-0.2978948072853808,supported
0.5-1,14275,False,-0.19906219811321496,supported
0.5-1,14276,False,-0.2055772358911972,supported
0.5-1,14277,False,-0.28088184411005146,supported
0.5-1,14278,False,-0.18999781782189595,supported
0.5-1,14279,False,-0.22090864998413956,supported
0.5-1,14280,False,-0.23847097924901478,supported
0.5-1,14281,False,-0.19370298139421033,supported
0.5-1,14282,False,-0.21784489928930217,supported
0.5-1,14283,False,-0.20504607689760457,supported
0.5-1,14284,False,-0.18157372511139536,supported
0.5-1,14285,False,-0.19394465788116788,supported
0.5-1,14286,False,-0.19247549920516105,supported
0.5-1,14287,False,-0.11246684030437726,supported
0.5-1,14288,False,-0.270015448415891,supported
0.5-1,14289,False,-0.27186042305619895,supported
0.5-1,14290,False,-0.29839467457075247,supported
0.5-1,14291,False,-0.21105876548095165,supported
0.5-1,14292,False,-0.08518643712773433,supported
0.5-1,14293,False,-0.3027587820116547,supported
0.5-1,14294,False,-0.23698839843770186,supported
0.5-1,14295,False,-0.1510145345532401,supported
0.5-1,14296,False,-0.032541600920055425,watch
0.5-1,14297,False,-0.06887706200171329,watch
0.5-1,14298,False,-0.27448103920012834,supported
0.5-1,14299,False,-0.19475593389653117,supported
0.5-1,14300,False,-0.21956560500864197,supported
0.5-1,14301,False,-0.20273564111902487,supported
0.5-1,14302,False,-0.1889892854310412,supported
0.5-1,14303,False,-0.2094322399191304,supported
0.5-1,14304,False,-0.16055501030688835,supported
0.5-1,14305,False,-0.1355930654060835,supported
0.5-1,14306,False,-0.16839587005952072,supported
0.5-1,14307,False,-0.1634251866233608,supported
0.5-1,14308,False,-0.21235015114362,supported
0.5-1,14309,False,-0.2011093964152198,supported
0.5-1,14310,False,-0.20834859982079063,supported
0.5-1,14311,False,-0.20493441587591105,supported
0.5-1,14312,False,-0.1513483776075647,supported
0.5-1,14313,False,-0.16246527146138434,supported
0.5-1,14314,False,-0.1552163652083206,supported
0.5-1,14315,False,-0.14866468102765584,supported
0.5-1,14316,False,-0.27317174200602423,supported
0.5-1,14317,False,-0.25721912916384276,supported
0.5-1,14318,False,-0.2702924115993839,supported
0.5-1,14319,False,-0.1803534718296539,supported
0.5-1,14320,False,-0.1873695140179431,supported
0.5-1,14321,False,-0.2096270558110801,supported
0.5-1,14322,False,-0.19797800402072463,supported
0.5-1,14323,False,-0.13339327486063646,supported
0.5-1,14324,False,-0.21682065071490864,supported
0.5-1,14325,False,-0.13323235004651712,supported
0.5-1,14326,False,-0.21512549761584238,supported
0.5-1,14327,False,-0.21708441773364912,supported
0.5-1,14328,False,-0.1754694127015327,supported
0.5-1,14329,False,-0.21667628642445785,supported
0.5-1,14330,False,-0.21943048545572047,supported
0.5-1,14331,False,-0.2078231865402571,supported
0.5-1,14332,False,-0.2621101859278557,supported
0.5-1,14333,False,-0.2731615047050545,supported
0.5-1,14334,False,-0.27246323330831757,supported
0.5-1,14335,False,-0.26406275282275377,supported
0.5-1,14336,False,-0.2930027168321884,supported
0.5-1,14337,False,-0.2608553582678512,supported
0.5-1,14338,False,-0.3074869610413871,supported
0.5-1,14339,False,-0.2649203464208025,supported
0.5-1,14340,False,-0.31776100016379083,supported
0.5-1,14341,False,-0.29003244754778407,supported
0.5-1,14342,False,-0.30362697901192504,supported
0.5-1,14343,False,-0.318133901299196,supported
0.5-1,14344,False,-0.3193879460877429,supported
0.5-1,14345,False,-0.2942458581362819,supported
0.5-1,14346,False,-0.2762723027149107,supported
0.5-1,14347,False,-0.26615595321450075,supported
0.5-1,14348,False,-0.2977146408112739,supported
0.5-1,14349,False,-0.27033876049580086,supported
0.5-1,14350,False,-0.29242609379598716,supported
0.5-1,14351,False,-0.29962874251362276,supported
0.5-1,14352,False,-0.2602886416450883,supported
0.5-1,14353,False,-0.3136471140060028,supported
0.5-1,14354,False,-0.2912233206719274,supported
0.5-1,14355,False,-0.30192759297717053,supported
0.5-1,14356,False,-0.26599902053928065,supported
0.5-1,14357,False,-0.24846201322300154,supported
0.5-1,14358,False,-0.26883155108487894,supported
0.5-1,14359,False,-0.25528416966577394,supported
0.5-1,14360,False,-0.2970240151323439,supported
0.5-1,14361,False,-0.2959537584060104,supported
0.5-1,14362,False,-0.3078757542594673,supported
0.5-1,14363,False,-0.2986263249565883,supported
0.5-1,14364,False,-0.2913137426220684,supported
0.5-1,14365,False,-0.31052650049644587,supported
0.5-1,14366,False,-0.30121148484178417,supported
0.5-1,14367,False,-0.30160926190532966,supported
0.5-1,14368,False,-0.3030606467796163,supported
0.5-1,14369,False,-0.3168595273349536,supported
0.5-1,14370,False,-0.25257709417966534,supported
0.5-1,14371,False,-0.255727204984429,supported
0.5-1,14372,False,-0.28994428603855676,supported
0.5-1,14373,False,-0.24150140929869635,supported
0.5-1,14374,False,-0.3066443822248705,supported
0.5-1,14375,False,-0.3027190740239739,supported
0.5-1,14376,False,-0.2562808638872853,supported
0.5-1,14377,False,-0.2964892150457722,supported
0.5-1,14378,False,-0.2953868907384086,supported
0.5-1,14379,False,-0.2970500921057607,supported
0.5-1,14380,False,-0.24800266127551485,supported
0.5-1,14381,False,-0.245255986726303,supported
0.5-1,14382,False,-0.25943078826052496,supported
0.5-1,14383,False,-0.2399624700088574,supported
0.5-1,14384,False,-0.2980464052627885,supported
0.5-1,14385,False,-0.294657417082089,supported
0.5-1,14386,False,-0.2942234926621087,supported
0.5-1,14387,False,-0.29365066076848795,supported
0.5-1,14388,False,-0.2906260847756043,supported
0.5-1,14389,False,-0.3051161509999912,supported
0.5-1,14390,False,-0.2908509301528687,supported
0.5-1,14391,False,-0.3028307509882042,supported
0.5-1,14392,False,-0.3078732528531921,supported
0.5-1,14393,False,-0.2934402323220664,supported
0.5-1,14394,False,-0.2409665400501057,supported
0.5-1,14395,False,-0.24465865609239656,supported
0.5-1,14396,False,-0.2862668426987332,supported
0.5-1,14397,False,-0.2380965956507815,supported
0.5-1,14398,False,-0.30305289440006317,supported
0.5-1,14399,False,-0.2932514665919963,supported
0.5-1,14400,False,-0.24791724889291744,supported
0.5-1,14401,False,-0.2955232697001255,supported
0.5-1,14402,False,-0.29524568422935565,supported
0.5-1,14403,False,-0.29805642865642584,supported
0.5-1,14404,False,-0.25051538059096556,supported
0.5-1,14405,False,-0.24576606195440265,supported
0.5-1,14406,False,-0.26523195927217696,supported
0.5-1,14407,False,-0.2347689722438127,supported
0.5-1,14408,False,-0.298787996452742,supported
0.5-1,14409,False,-0.2980048875232935,supported
0.5-1,14410,False,-0.3053352639226635,supported
0.5-1,14411,False,-0.29613299442760715,supported
0.5-1,14412,False,-0.3007090530877366,supported
0.5-1,14413,False,-0.30797657873680495,supported
0.5-1,14414,False,-0.30299103789641657,supported
0.5-1,14415,False,-0.3080428544216546,supported
0.5-1,14416,False,-0.3115870448000739,supported
0.5-1,14417,False,-0.3003906172910803,supported
0.5-1,14418,False,-0.2443645326032674,supported
0.5-1,14419,False,-0.2269630736545783,supported
0.5-1,14420,False,-0.30670818522364623,supported
0.5-1,14421,False,-0.24609715701812557,supported
0.5-1,14422,False,-0.29530453683152863,supported
0.5-1,14423,False,-0.2838604081158214,supported
0.5-1,14424,False,-0.261875412063469,supported
0.5-1,14425,False,-0.29371357204591775,supported
0.5-1,14426,False,-0.29445510522216534,supported
0.5-1,14427,False,-0.30190796268929904,supported
0.5-1,14428,False,-0.27197445088238775,supported
0.5-1,14429,False,-0.26364917384173636,supported
0.5-1,14430,False,-0.26762727809005965,supported
0.5-1,14431,False,-0.26058153509661763,supported
0.5-1,14432,False,-0.30134133272212016,supported
0.5-1,14433,False,-0.2981653020540481,supported
0.5-1,14434,False,-0.3061001840366538,supported
0.5-1,14435,False,-0.29696863174369237,supported
0.5-1,14436,False,-0.31114743772689746,supported
0.5-1,14437,False,-0.31745289526459347,supported
0.5-1,14438,False,-0.3126118109609677,supported
0.5-1,14439,False,-0.28654439494575007,supported
0.5-1,14440,False,-0.27597776760348636,supported
0.5-1,14441,False,-0.3004286050427817,supported
0.5-1,14442,False,-0.2549095920262554,supported
0.5-1,14443,False,-0.24968234700600367,supported
0.5-1,14444,False,-0.3008078811449037,supported
0.5-1,14445,False,-0.25291658368828646,supported
0.5-1,14446,False,-0.32058122224386876,supported
0.5-1,14447,False,-0.2853496654657817,supported
0.5-1,14448,False,-0.2648392150574938,supported
0.5-1,14449,False,-0.3021280558189897,supported
0.5-1,14450,False,-0.2899599335026429,supported
0.5-1,14451,False,-0.2913076154478192,supported
0.5-1,14452,False,-0.2532866837447015,supported
0.5-1,14453,False,-0.272139322882419,supported
0.5-1,14454,False,-0.24386485489673704,supported
0.5-1,14455,False,-0.2694271045722021,supported
0.5-1,14456,False,-0.3145477606143192,supported
0.5-1,14457,False,-0.2939522091276674,supported
0.5-1,14458,False,-0.30427932077118763,supported
0.5-1,14459,False,-0.29728409027068997,supported
0.5-1,14460,False,-0.22832058131115712,supported
0.5-1,14461,False,-0.30605650679710283,supported
0.5-1,14462,False,-0.31778323359430305,supported
0.5-1,14463,False,-0.2861356849513208,supported
0.5-1,14464,False,-0.27419410189806,supported
0.5-1,14465,False,-0.29579278779424656,supported
0.5-1,14466,False,-0.2536861464873428,supported
0.5-1,14467,False,-0.26654548593931016,supported
0.5-1,14468,False,-0.31821654271965155,supported
0.5-1,14469,False,-0.22931909859062344,supported
0.5-1,14470,False,-0.30153801834948835,supported
0.5-1,14471,False,-0.24947517371176864,supported
0.5-1,14472,False,-0.24512262126899592,supported
0.5-1,14473,False,-0.29716172601783003,supported
0.5-1,14474,False,-0.278920246258243,supported
0.5-1,14475,False,-0.29304171463978895,supported
0.5-1,14476,False,-0.26058409734196425,supported
0.5-1,14477,False,-0.16069566545967362,supported
0.5-1,14478,False,-0.25054738872199817,supported
0.5-1,14479,False,-0.2332094228962696,supported
0.5-1,14480,False,-0.30108060598816033,supported
0.5-1,14481,False,-0.2825376630963267,supported
0.5-1,14482,False,-0.3053686439742311,supported
0.5-1,14483,False,-0.2893619819207595,supported
0.5-1,14484,False,-0.320078314416667,supported
0.5-1,14485,False,-0.29159530779551085,supported
0.5-1,14486,False,-0.3168684330868784,supported
0.5-1,14487,False,-0.05397002765605263,supported
0.5-1,14488,False,-0.0715291805226077,supported
0.5-1,14489,False,-0.3106265586082709,supported
0.5-1,14490,False,-0.245646406417932,supported
0.5-1,14491,False,-0.2707214646223786,supported
0.5-1,14492,False,-0.314411876946728,supported
0.5-1,14493,False,-0.1603662020756138,supported
0.5-1,14494,False,-0.30998157151491856,supported
0.5-1,14495,False,-0.18674398718172835,supported
0.5-1,14496,False,-0.22401430478114248,supported
0.5-1,14497,False,-0.19198420259210203,supported
0.5-1,14498,False,-0.18325614874200757,supported
0.5-1,14499,False,-0.23200184104000726,supported
0.5-1,14500,False,-0.23447712045322727,supported
0.5-1,14501,False,-0.14911064317691702,supported
0.5-1,14502,False,-0.21586903423685339,supported
0.5-1,14503,False,-0.16100853581952346,supported
0.5-1,14504,False,-0.1915093922689946,supported
0.5-1,14505,False,-0.2181999354688694,supported
0.5-1,14506,False,-0.2562271668231939,supported
0.5-1,14507,False,-0.19258660807378497,supported
0.5-1,14508,False,-0.2224064045441594,supported
0.5-1,14509,False,-0.2598454451584659,supported
0.5-1,14510,False,-0.29181477006576156,supported
0.5-1,14511,False,-0.24389164931587387,supported
0.5-1,14512,False,-0.28939946496645746,supported
0.5-1,14513,False,-0.2956473041733278,supported
0.5-1,14514,False,-0.21728108393775242,supported
0.5-1,14515,False,-0.16029662924917065,supported
0.5-1,14516,False,-0.2144833362388872,supported
0.5-1,14517,False,-0.15943596466760046,supported
0.5-1,14518,False,-0.17458706675246127,supported
0.5-1,14519,False,-0.18296373739743832,supported
0.5-1,14520,False,-0.1979739537871924,supported
0.5-1,14521,False,-0.21124612257129066,supported
0.5-1,14522,False,-0.2144901973281278,supported
0.5-1,14523,False,-0.20337132531567853,supported
0.5-1,14524,False,-0.2061067858571795,supported
0.5-1,14525,False,-0.14151503083173556,supported
0.5-1,14526,False,-0.1748205188996369,supported
0.5-1,14527,False,-0.16389674782541674,supported
0.5-1,14528,False,-0.21350534411931138,supported
0.5-1,14529,False,-0.21048089364626682,supported
0.5-1,14530,False,-0.2176113792029939,supported
0.5-1,14531,False,-0.2192918717609479,supported
0.5-1,14532,False,-0.13261880644421242,supported
0.5-1,14533,False,-0.165480515295928,supported
0.5-1,14534,False,-0.16114607412684812,supported
0.5-1,14535,False,-0.1419800320989414,supported
0.5-1,14536,False,-0.22064171314402548,supported
0.5-1,14537,False,-0.19393418534873053,supported
0.5-1,14538,False,-0.24416706670904648,supported
0.5-1,14539,False,-0.16174358990255544,supported
0.5-1,14540,False,-0.1935881660914816,supported
0.5-1,14541,False,-0.24708095510446942,supported
0.5-1,14542,False,-0.17121281245607034,supported
0.5-1,14543,False,-0.14595776393333137,supported
0.5-1,14544,False,-0.210993100759703,supported
0.5-1,14545,False,-0.13096929018469927,supported
0.5-1,14546,False,-0.1279145913051669,supported
0.5-1,14547,False,-0.21363007991883065,supported
0.5-1,14548,False,-0.14859883991099787,supported
0.5-1,14549,False,-0.21745240577539499,supported
0.5-1,14550,False,-0.2169372547084656,supported
0.5-1,14551,False,-0.19336785473313012,supported
0.5-1,14552,False,-0.25826032687488515,supported
0.5-1,14553,False,-0.27289570767897353,supported
0.5-1,14554,False,-0.27598737951899627,supported
0.5-1,14555,False,-0.25476912247594685,supported
0.5-1,14556,False,-0.29350884704376673,supported
0.5-1,14557,False,-0.2821155926202004,supported
0.5-1,14558,False,-0.2934113217911608,supported
0.5-1,14559,False,-0.25687258749932756,supported
0.5-1,14560,False,-0.3064065750002425,supported
0.5-1,14561,False,-0.30745784853955976,supported
0.5-1,14562,False,-0.22139832330361947,supported
0.5-1,14563,False,-0.2963433348560629,supported
0.5-1,14564,False,-0.3129849058052398,supported
0.5-1,14565,False,-0.27561093532636105,supported
0.5-1,14566,False,-0.26914418383020583,supported
0.5-1,14567,False,-0.2573108436637419,supported
0.5-1,14568,False,-0.3115381702830257,supported
0.5-1,14569,False,-0.2710524441419008,supported
0.5-1,14570,False,-0.2932631801010468,supported
0.5-1,14571,False,-0.2927066085475331,supported
0.5-1,14572,False,-0.27046645393441193,supported
0.5-1,14573,False,-0.29450550836705847,supported
0.5-1,14574,False,-0.29743165993159376,supported
0.5-1,14575,False,-0.3063273688239501,supported
0.5-1,14576,True,0.042682434189813434,critical
0.5-1,14577,False,-0.25506671104374434,supported
0.5-1,14578,False,-0.26652309021300424,supported
0.5-1,14579,False,-0.2645418842641422,supported
0.5-1,14580,False,-0.30473615255424574,supported
0.5-1,14581,False,-0.2949402594317043,supported
0.5-1,14582,False,-0.2903563359947357,supported
0.5-1,14583,False,-0.30624557703026783,supported
0.5-1,14584,False,-0.2827349718058379,supported
0.5-1,14585,False,-0.2902267924047743,supported
0.5-1,14586,False,-0.3128463935997783,supported
0.5-1,14587,False,-0.3048380697676985,supported
0.5-1,14588,False,-0.3219568176663319,supported
0.5-1,14589,False,-0.31579410971154903,supported
0.5-1,14590,False,-0.2619920993312157,supported
0.5-1,14591,False,-0.2569961473021192,supported
0.5-1,14592,False,-0.27424421422276835,supported
0.5-1,14593,False,-0.2399448094281077,supported
0.5-1,14594,False,-0.11483766424615327,supported
0.5-1,14595,False,-0.29780750328991373,supported
0.5-1,14596,False,-0.26345168857152873,supported
0.5-1,14597,False,-0.2976818674699881,supported
0.5-1,14598,False,-0.29547912890991784,supported
0.5-1,14599,False,-0.3069436268718055,supported
0.5-1,14600,False,-0.2519854382645842,supported
0.5-1,14601,False,-0.23564568488891863,supported
0.5-1,14602,False,-0.26549974589827124,supported
0.5-1,14603,False,-0.24606040459385004,supported
0.5-1,14604,False,-0.29764707568579707,supported
0.5-1,14605,False,-0.28964060832696364,supported
0.5-1,14606,False,-0.2975761795896891,supported
0.5-1,14607,False,-0.3046553249717913,supported
0.5-1,14608,False,-0.287142906217001,supported
0.5-1,14609,False,-0.3067791869694213,supported
0.5-1,14610,False,-0.3056547740700251,supported
0.5-1,14611,False,-0.3146357348857265,supported
0.5-1,14612,False,-0.26694085496982,supported
0.5-1,14613,False,-0.3118539096456667,supported
0.5-1,14614,False,-0.24992177816073874,supported
0.5-1,14615,False,-0.22781072319298395,supported
0.5-1,14616,False,-0.30747320464305933,supported
0.5-1,14617,False,-0.23959342154191166,supported
0.5-1,14618,False,-0.2969123624749164,supported
0.5-1,14619,False,-0.29552248786042573,supported
0.5-1,14620,False,-0.241511073885536,supported
0.5-1,14621,False,-0.28758291904099575,supported
0.5-1,14622,False,-0.29746401432160685,supported
0.5-1,14623,False,-0.3000753516278566,supported
0.5-1,14624,False,-0.2569296241078137,supported
0.5-1,14625,True,0.049905949869111565,critical
0.5-1,14626,False,-0.24690659638354417,supported
0.5-1,14627,False,-0.25470284768705803,supported
0.5-1,14628,False,-0.2927302224003578,supported
0.5-1,14629,False,-0.2962779854778485,supported
0.5-1,14630,False,-0.2947373059294297,supported
0.5-1,14631,False,-0.2942688374072773,supported
0.5-1,14632,False,-0.30911588649136523,supported
0.5-1,14633,False,-0.3137572869179598,supported
0.5-1,14634,False,-0.07337732674170772,supported
0.5-1,14635,False,-0.3043100725618414,supported
0.5-1,14636,False,-0.3153045175635622,supported
0.5-1,14637,True,0.018654104801822502,critical
0.5-1,14638,False,-0.25481247548605446,supported
0.5-1,14639,False,-0.22315550495929642,supported
0.5-1,14640,False,-0.11136912675147548,supported
0.5-1,14641,False,-0.245892557821482,supported
0.5-1,14642,False,-0.3060310949207084,supported
0.5-1,14643,False,-0.2908023955916413,supported
0.5-1,14644,False,-0.26006743516696196,supported
0.5-1,14645,False,-0.2984698210414156,supported
0.5-1,14646,False,-0.29890611778016646,supported
0.5-1,14647,False,-0.2822303247720104,supported
0.5-1,14648,False,-0.2684097884588297,supported
0.5-1,14649,False,-0.2661207650841292,supported
0.5-1,14650,False,-0.25898547776963604,supported
0.5-1,14651,False,-0.25215038498092696,supported
0.5-1,14652,False,-0.30050627575203925,supported
0.5-1,14653,False,-0.29530392177432296,supported
0.5-1,14654,False,-0.3070935510512707,supported
0.5-1,14655,False,-0.29334953717672946,supported
0.5-1,14656,False,-0.2823404184254563,supported
0.5-1,14657,False,-0.2991414867759852,supported
0.5-1,14658,False,-0.31638479975194034,supported
0.5-1,14659,False,-0.2702613499832736,supported
0.5-1,14660,False,-0.3055643429603717,supported
0.5-1,14661,False,-0.31661060422098675,supported
0.5-1,14662,False,-0.2683065322487648,supported
0.5-1,14663,False,-0.24690504697914878,supported
0.5-1,14664,False,-0.23070151517424758,supported
0.5-1,14665,False,-0.2582317604026949,supported
0.5-1,14666,False,-0.28792718815803425,supported
0.5-1,14667,False,-0.2914759019564688,supported
0.5-1,14668,False,-0.2668028187777379,supported
0.5-1,14669,False,-0.3072944513194099,supported
0.5-1,14670,False,-0.2790669369247747,supported
0.5-1,14671,False,-0.2950946977494071,supported
0.5-1,14672,False,-0.2534496861841968,supported
0.5-1,14673,False,-0.2664905559573712,supported
0.5-1,14674,False,-0.23464155707802276,supported
0.5-1,14675,False,-0.25869870552944696,supported
0.5-1,14676,False,-0.29763373153672207,supported
0.5-1,14677,False,-0.29781860386256764,supported
0.5-1,14678,False,-0.2941850948715276,supported
0.5-1,14679,False,-0.29526680868269045,supported
0.5-1,14680,False,-0.28542960226154585,supported
0.5-1,14681,False,-0.3114436680641973,supported
0.5-1,14682,False,-0.3172071756894892,supported
0.5-1,14683,False,-0.29194270718727244,supported
0.5-1,14684,False,-0.29380801309281696,supported
0.5-1,14685,False,-0.30048401223256577,supported
0.5-1,14686,False,-0.26371745452801065,supported
0.5-1,14687,False,-0.2568745626323039,supported
0.5-1,14688,False,-0.294673086973936,supported
0.5-1,14689,False,-0.2635731387284823,supported
0.5-1,14690,False,-0.3061805245040681,supported
0.5-1,14691,False,-0.2769506735213603,supported
0.5-1,14692,False,-0.25259896529149406,supported
0.5-1,14693,False,-0.30923241516564687,supported
0.5-1,14694,False,-0.2916764404709522,supported
0.5-1,14695,False,-0.31459567641429376,supported
0.5-1,14696,False,-0.2407594434902201,supported
0.5-1,14697,False,-0.16796443571052766,supported
0.5-1,14698,False,-0.2272839984546256,supported
0.5-1,14699,False,-0.1716539919156692,supported
0.5-1,14700,False,-0.25078710488438055,supported
0.5-1,14701,False,-0.2854591359214049,supported
0.5-1,14702,False,-0.2916125713688878,supported
0.5-1,14703,False,-0.23543064054560675,supported
0.5-1,14704,False,-0.29086316568500364,supported
0.5-1,14705,False,-0.3089091858985817,supported
0.5-1,14706,False,-0.31736132403617695,supported
0.5-1,14707,False,-0.25407944977135116,supported
0.5-1,14708,False,-0.2817995437458933,supported
0.5-1,14709,False,-0.28552368327051336,supported
0.5-1,14710,False,-0.2353341794813565,supported
0.5-1,14711,False,-0.23258180978082005,supported
0.5-1,14712,False,-0.3125780185221136,supported
0.5-1,14713,False,-0.1943094132008253,supported
0.5-1,14714,False,-0.30644278572374406,supported
0.5-1,14715,False,-0.24290539175329612,supported
0.5-1,14716,False,-0.23529390453406213,supported
0.5-1,14717,False,-0.21300182034016008,supported
0.5-1,14718,False,-0.3056419857857175,supported
0.5-1,14719,False,-0.30198904112575964,supported
0.5-1,14720,False,-0.2238303778687341,supported
0.5-1,14721,False,-0.17112925318308547,supported
0.5-1,14722,False,-0.19288453496575642,supported
0.5-1,14723,False,-0.17211859713921873,supported
0.5-1,14724,False,-0.1957628749882785,supported
0.5-1,14725,False,-0.20580553077264896,supported
0.5-1,14726,False,-0.21379213071565561,supported
0.5-1,14727,False,-0.2086223807204724,supported
0.5-1,14728,False,-0.301113654981686,supported
0.5-1,14729,False,-0.26294175278380966,supported
0.5-1,14730,False,-0.28978293835601143,supported
0.5-1,14731,False,-0.2758354595388015,supported
0.5-1,14732,False,-0.30455959552757084,supported
0.5-1,14733,False,-0.2831356193895471,supported
0.5-1,14734,False,-0.22355185484416412,supported
0.5-1,14735,False,-0.15651491612698243,supported
0.5-1,14736,False,-0.22434088208771452,supported
0.5-1,14737,False,-0.15389163080975243,supported
0.5-1,14738,False,-0.2633944227695783,supported
0.5-1,14739,False,-0.21559318760571228,supported
0.5-1,14740,False,-0.22026919177703064,supported
0.5-1,14741,False,-0.22154573101842628,supported
0.5-1,14742,False,-0.20954563857537956,supported
0.5-1,14743,False,-0.22252320089402977,supported
0.5-1,14744,False,-0.18507022372131499,supported
0.5-1,14745,False,-0.10793804021471665,supported
0.5-1,14746,False,-0.1412434351331322,supported
0.5-1,14747,False,-0.16214881566314943,supported
0.5-1,14748,False,-0.20895658863614042,supported
0.5-1,14749,False,-0.21872523692598245,supported
0.5-1,14750,False,-0.20104485035769104,supported
0.5-1,14751,False,-0.2172856756188951,supported
0.5-1,14752,False,-0.13237451687709723,supported
0.5-1,14753,False,-0.16282926760375072,supported
0.5-1,14754,False,-0.15920061460525203,supported
0.5-1,14755,False,-0.1352689106929409,supported
0.5-1,14756,False,-0.22384248447435529,supported
0.5-1,14757,False,-0.12519764266877376,supported
0.5-1,14758,False,-0.15700077454244665,supported
0.5-1,14759,False,-0.19624414339795626,supported
0.5-1,14760,False,-0.17715577357173706,supported
0.5-1,14761,False,-0.14948084001983275,supported
0.5-1,14762,False,-0.1684647833491668,supported
0.5-1,14763,False,-0.1599215604166816,supported
0.5-1,14764,False,-0.21329412832473915,supported
0.5-1,14765,False,-0.11493271413946282,supported
0.5-1,14766,False,-0.12269234554595032,supported
0.5-1,14767,False,-0.2187330511940856,supported
0.5-1,14768,False,-0.13806684527194624,supported
0.5-1,14769,False,-0.21475293262110223,supported
0.5-1,14770,False,-0.2011505402825381,supported
0.5-1,14771,False,-0.2011236243208358,supported
0.5-1,14772,False,-0.26794974275003386,supported
0.5-1,14773,False,-0.2749460104789807,supported
0.5-1,14774,False,-0.2712034055881001,supported
0.5-1,14775,False,-0.25480316608039566,supported
0.5-1,14776,False,-0.2969220262651582,supported
0.5-1,14777,False,-0.15411581441010835,watch
0.5-1,14778,False,-0.28513430450773514,supported
0.5-1,14779,False,-0.11678132693813204,watch
0.5-1,14780,False,-0.24757266070586414,supported
0.5-1,14781,False,-0.30478363745008236,supported
0.5-1,14782,False,-0.24508852248368235,supported
0.5-1,14783,False,-0.31449375283623,supported
0.5-1,14784,False,-0.25198810618911177,supported
0.5-1,14785,False,-0.22173966659680244,supported
0.5-1,14786,False,-0.2538377088797089,supported
0.5-1,14787,False,-0.25820908071021786,supported
0.5-1,14788,False,-0.30981545426452217,supported
0.5-1,14789,False,-0.2758870143930846,supported
0.5-1,14790,False,-0.3188014568377801,supported
0.5-1,14791,False,-0.30840881977013357,supported
0.5-1,14792,False,-0.2770555231716212,supported
0.5-1,14793,False,-0.30830573874354145,supported
0.5-1,14794,False,-0.29643476357307713,supported
0.5-1,14795,False,-0.3090886191175392,supported
0.5-1,14796,False,-0.26411477870666966,supported
0.5-1,14797,False,-0.24679952405177774,supported
0.5-1,14798,False,-0.2634224765068626,supported
0.5-1,14799,False,-0.2564058036216999,supported
0.5-1,14800,False,-0.29086019423122306,supported
0.5-1,14801,False,-0.2935503190189178,supported
0.5-1,14802,False,-0.29871292144469813,supported
0.5-1,14803,False,-0.29705910540322933,supported
0.5-1,14804,False,-0.3113781823760652,supported
0.5-1,14805,False,-0.30594913338886875,supported
0.5-1,14806,False,-0.31020715051092046,supported
0.5-1,14807,False,-0.31672332290768224,supported
0.5-1,14808,False,-0.3111633464212722,supported
0.5-1,14809,False,-0.32154294061558597,supported
0.5-1,14810,False,-0.2680560469078122,supported
0.5-1,14811,False,-0.2544801857538266,supported
0.5-1,14812,False,-0.30132219670945914,supported
0.5-1,14813,False,-0.2510069858111435,supported
0.5-1,14814,False,-0.3163272205034895,supported
0.5-1,14815,False,-0.30583785069907166,supported
0.5-1,14816,False,-0.25847402843188333,supported
0.5-1,14817,False,-0.2962891840836261,supported
0.5-1,14818,False,-0.3025586849287996,supported
0.5-1,14819,False,-0.2872952239375499,supported
0.5-1,14820,False,-0.238881834940728,supported
0.5-1,14821,False,-0.23193305799355002,supported
0.5-1,14822,False,-0.2590959508889925,supported
0.5-1,14823,False,-0.24336626384072757,supported
0.5-1,14824,False,-0.30038138853546237,supported
0.5-1,14825,False,-0.3003139347965808,supported
0.5-1,14826,False,-0.2853109480946693,supported
0.5-1,14827,False,-0.30105832072104804,supported
0.5-1,14828,False,-0.2981164157631593,supported
0.5-1,14829,False,-0.30110260334513816,supported
0.5-1,14830,False,-0.31279723690835026,supported
0.5-1,14831,False,-0.2997190334310556,supported
0.5-1,14832,False,-0.299524921217614,supported
0.5-1,14833,False,-0.3090024504504379,supported
0.5-1,14834,False,-0.2616819840497293,supported
0.5-1,14835,False,-0.2349884381790473,supported
0.5-1,14836,False,-0.30394903009630786,supported
0.5-1,14837,False,-0.22656214784212603,supported
0.5-1,14838,False,-0.30798429003641276,supported
0.5-1,14839,False,-0.2985856540204394,supported
0.5-1,14840,False,-0.2474415407398018,supported
0.5-1,14841,False,-0.3002580207638779,supported
0.5-1,14842,False,-0.2832032026857774,supported
0.5-1,14843,False,-0.29002078697638584,supported
0.5-1,14844,False,-0.24922437056931485,supported
0.5-1,14845,False,-0.23887223577390465,supported
0.5-1,14846,False,-0.26678471823761213,supported
0.5-1,14847,False,-0.23851540078358469,supported
0.5-1,14848,False,-0.27848373229746054,supported
0.5-1,14849,False,-0.30119527907153937,supported
0.5-1,14850,False,-0.2940300592802516,supported
0.5-1,14851,False,-0.29711503870013534,supported
0.5-1,14852,False,-0.3094208468520865,supported
0.5-1,14853,False,-0.30231322170897484,supported
0.5-1,14854,False,-0.08428360297914017,supported
0.5-1,14855,False,-0.27234898690984527,supported
0.5-1,14856,False,-0.30384200651721316,supported
0.5-1,14857,False,-0.30963959445761785,supported
0.5-1,14858,False,-0.26556451022755684,supported
0.5-1,14859,False,-0.23101629132215912,supported
0.5-1,14860,False,-0.31394691375791933,supported
0.5-1,14861,False,-0.23505643418050376,supported
0.5-1,14862,False,-0.31874088425132974,supported
0.5-1,14863,False,-0.2917426831908735,supported
0.5-1,14864,False,-0.26380506458300634,supported
0.5-1,14865,False,-0.283293479666662,supported
0.5-1,14866,False,-0.3001550094515108,supported
0.5-1,14867,False,-0.30365724171884007,supported
0.5-1,14868,False,-0.2539003389809075,supported
0.5-1,14869,False,-0.26038172682495303,supported
0.5-1,14870,False,-0.2704694400579397,supported
0.5-1,14871,False,-0.24122742808107916,supported
0.5-1,14872,False,-0.30061901602036445,supported
0.5-1,14873,False,-0.30538220704117475,supported
0.5-1,14874,False,-0.298527911778126,supported
0.5-1,14875,False,-0.29811687239955015,supported
0.5-1,14876,False,-0.30733393417494237,supported
0.5-1,14877,False,-0.31260638600335083,supported
0.5-1,14878,False,-0.3069978233378032,supported
0.5-1,14879,False,-0.2640598342614563,supported
0.5-1,14880,False,-0.3050163321574293,supported
0.5-1,14881,False,-0.2564803668936144,supported
0.5-1,14882,False,-0.2554654823992501,supported
0.5-1,14883,False,-0.24377201754456151,supported
0.5-1,14884,False,-0.2584536317187619,supported
0.5-1,14885,False,-0.24077304288106316,supported
0.5-1,14886,False,-0.30464009454870455,supported
0.5-1,14887,False,-0.2895810366459305,supported
0.5-1,14888,False,-0.2557139623174117,supported
0.5-1,14889,False,-0.3094759463000443,supported
0.5-1,14890,False,-0.2931761827287188,supported
0.5-1,14891,False,-0.29994301898048875,supported
0.5-1,14892,False,-0.24595628141509412,supported
0.5-1,14893,False,-0.22807722514052542,supported
0.5-1,14894,False,-0.24387419786800407,supported
0.5-1,14895,False,-0.26975281178174876,supported
0.5-1,14896,False,-0.3094582015737941,supported
0.5-1,14897,False,-0.29655177936105453,supported
0.5-1,14898,False,-0.30000658487031673,supported
0.5-1,14899,False,-0.291157122176245,supported
0.5-1,14900,False,-0.3055922980287372,supported
0.5-1,14901,False,-0.31745484619709063,supported
0.5-1,14902,False,-0.29534202100798834,supported
0.5-1,14903,False,-0.28632240153492267,supported
0.5-1,14904,False,-0.26852037988691696,supported
0.5-1,14905,False,-0.3193039939430664,supported
0.5-1,14906,False,-0.2509722220849355,supported
0.5-1,14907,False,-0.2644814105047914,supported
0.5-1,14908,False,-0.3050201063521142,supported
0.5-1,14909,False,-0.27194691264739923,supported
0.5-1,14910,False,-0.29787920054956446,supported
0.5-1,14911,False,-0.2750427314062162,supported
0.5-1,14912,False,-0.2457166084167035,supported
0.5-1,14913,False,-0.30442849443301556,supported
0.5-1,14914,False,-0.2880763685986386,supported
0.5-1,14915,False,-0.305009785983294,supported
0.5-1,14916,False,-0.24953886446201812,supported
0.5-1,14917,False,-0.16580641172913524,supported
0.5-1,14918,False,-0.2270156766178134,supported
0.5-1,14919,False,-0.2684401740818633,supported
0.5-1,14920,False,-0.3131576676541812,supported
0.5-1,14921,False,-0.2991125708137802,supported
0.5-1,14922,False,-0.3104403868171713,supported
0.5-1,14923,False,-0.2918822191804408,supported
0.5-1,14924,False,-0.29715781403412095,supported
0.5-1,14925,False,-0.2941335180766708,supported
0.5-1,14926,False,-0.3066177575382712,supported
0.5-1,14927,False,-0.07055029591103401,supported
0.5-1,14928,False,-0.30321468033076954,supported
0.5-1,14929,False,-0.06218518612729185,supported
0.5-1,14930,False,-0.23943593820429399,supported
0.5-1,14931,False,-0.2731329949274367,supported
0.5-1,14932,False,-0.2904700874113986,supported
0.5-1,14933,False,-0.20110398670329188,supported
0.5-1,14934,False,-0.29652373028187073,supported
0.5-1,14935,False,-0.19898757057487276,supported
0.5-1,14936,False,-0.2170433501941894,supported
0.5-1,14937,False,-0.21651793981270123,supported
0.5-1,14938,False,-0.19821750246738895,supported
0.5-1,14939,False,-0.23811722011401787,supported
0.5-1,14940,False,-0.22466988713065877,supported
0.5-1,14941,False,-0.16563445123086462,supported
0.5-1,14942,False,-0.1885185945758286,supported
0.5-1,14943,False,-0.1651815247632844,supported
0.5-1,14944,False,-0.21853252257265354,supported
0.5-1,14945,False,-0.20532601310421733,supported
0.5-1,14946,False,-0.22290371576503543,supported
0.5-1,14947,False,-0.1860644566000711,supported
0.5-1,14948,False,-0.09313506035888997,supported
0.5-1,14949,False,-0.25618857204968587,supported
0.5-1,14950,False,-0.2702871262098476,supported
0.5-1,14951,False,-0.26203771774500484,supported
0.5-1,14952,False,-0.25784864759471693,supported
0.5-1,14953,False,-0.28352625692239547,supported
0.5-1,14954,False,-0.19262210913364836,supported
0.5-1,14955,False,-0.16556113810804862,supported
0.5-1,14956,False,-0.23523576732039853,supported
0.5-1,14957,False,-0.1665654276782086,supported
0.5-1,14958,False,-0.22566547605034365,supported
0.5-1,14959,False,-0.19471290467236546,supported
0.5-1,14960,False,-0.18454992718531404,supported
0.5-1,14961,False,-0.20865911210959454,supported
0.5-1,14962,False,-0.21252340804274955,supported
0.5-1,14963,False,-0.21982537438641347,supported
0.5-1,14964,False,-0.17878863692060565,supported
0.5-1,14965,False,-0.11873500242458823,supported
0.5-1,14966,False,-0.12182251534245714,supported
0.5-1,14967,False,-0.16812712393777896,supported
0.5-1,14968,False,-0.2180273015324355,supported
0.5-1,14969,False,-0.1988415731747566,supported
0.5-1,14970,False,-0.20685088413621644,supported
0.5-1,14971,False,-0.20368546082012928,supported
0.5-1,14972,False,-0.12965305471661004,supported
0.5-1,14973,False,-0.16677130670576357,supported
0.5-1,14974,False,-0.1562362196739414,supported
0.5-1,14975,False,-0.13563872390100906,supported
0.5-1,14976,False,-0.22212936583720855,supported
0.5-1,14977,False,-0.11838942898069793,supported
0.5-1,14978,False,-0.1539087796759553,supported
0.5-1,14979,False,-0.15201377624333834,supported
0.5-1,14980,False,-0.2221094995816385,supported
0.5-1,14981,False,-0.15384755665606864,supported
0.5-1,14982,False,-0.16421698045360344,supported
0.5-1,14983,False,-0.16832268122180727,supported
0.5-1,14984,False,-0.2080801489874246,supported
0.5-1,14985,False,-0.11338917442747098,supported
0.5-1,14986,False,-0.12969386100614155,supported
0.5-1,14987,False,-0.1851814446584663,supported
0.5-1,14988,False,-0.11716754799432194,supported
0.5-1,14989,False,-0.1851416199482352,supported
0.5-1,14990,False,-0.18526709569726452,supported
0.5-1,14991,False,-0.1973759050963757,supported
0.5-1,14992,False,-0.2595513120095578,supported
0.5-1,14993,False,-0.2742512493681165,supported
0.5-1,14994,False,-0.27293080714760354,supported
0.5-1,14995,False,-0.2540895013970784,supported
0.5-1,14996,False,-0.2875298079356015,supported
0.5-1,14997,False,-0.2667182375529332,supported
0.5-1,14998,False,-0.29269477766243285,supported
0.5-1,14999,False,-0.0771632781370114,watch
0.5-1,15000,False,-0.22299887472840152,supported
0.5-1,15001,False,-0.3168020465611199,supported
0.5-1,15002,False,-0.21663778635018943,supported
0.5-1,15003,False,-0.3020807650313429,supported
0.5-1,15004,False,-0.04314670628386752,watch
0.5-1,15005,False,-0.28280858905343975,supported
0.5-1,15006,False,-0.18008072562799549,supported
0.5-1,15007,False,-0.2635696200261339,supported
0.5-1,15008,False,-0.13005633104930547,supported
0.5-1,15009,False,-0.2711340111792424,supported
0.5-1,15010,False,-0.2967008475130268,supported
0.5-1,15011,False,-0.2946618895334157,supported
0.5-1,15012,False,-0.2750338578717739,supported
0.5-1,15013,False,-0.3096872561347441,supported
0.5-1,15014,False,-0.2733719627438216,supported
0.5-1,15015,False,-0.30186262797859864,supported
0.5-1,15016,False,-0.26218811692174837,supported
0.5-1,15017,False,-0.23942291316120673,supported
0.5-1,15018,False,-0.26354465970824326,supported
0.5-1,15019,False,-0.26038044933348437,supported
0.5-1,15020,False,-0.3022946514384514,supported
0.5-1,15021,False,-0.3015675694316199,supported
0.5-1,15022,False,-0.30965475485054383,supported
0.5-1,15023,False,-0.2935513198403248,supported
0.5-1,15024,False,-0.29553472502487327,supported
0.5-1,15025,False,-0.30815386645681087,supported
0.5-1,15026,False,-0.2934571737457639,supported
0.5-1,15027,False,-0.30318553247431385,supported
0.5-1,15028,False,-0.31371694507834275,supported
0.5-1,15029,False,-0.3068731411036685,supported
0.5-1,15030,False,-0.2710290517902334,supported
0.5-1,15031,False,-0.262906940930211,supported
0.5-1,15032,False,-0.3067186668783821,supported
0.5-1,15033,False,-0.24764316490898236,supported
0.5-1,15034,False,-0.30450204464352354,supported
0.5-1,15035,False,-0.30046693635223054,supported
0.5-1,15036,False,-0.258979480603769,supported
0.5-1,15037,False,-0.2847885473389148,supported
0.5-1,15038,False,-0.3042297619805024,supported
0.5-1,15039,False,-0.29770798722754455,supported
0.5-1,15040,False,-0.23898600485409122,supported
0.5-1,15041,False,-0.22480554458238333,supported
0.5-1,15042,False,-0.2528713927476407,supported
0.5-1,15043,False,-0.23623725269134654,supported
0.5-1,15044,False,-0.2904494692986357,supported
0.5-1,15045,False,-0.29309198981975937,supported
0.5-1,15046,False,-0.2855133923077705,supported
0.5-1,15047,False,-0.29774090383169416,supported
0.5-1,15048,False,-0.3118866015029576,supported
0.5-1,15049,False,-0.3091573357851098,supported
0.5-1,15050,False,-0.3089929115312741,supported
0.5-1,15051,False,-0.2831740544237961,supported
0.5-1,15052,False,-0.3188910843417188,supported
0.5-1,15053,False,-0.30863530873261474,supported
0.5-1,15054,False,-0.259455768182704,supported
0.5-1,15055,False,-0.23558916910852667,supported
0.5-1,15056,False,-0.2972269248828571,supported
0.5-1,15057,False,-0.22544609890581757,supported
0.5-1,15058,False,-0.30186767805984566,supported
0.5-1,15059,False,-0.2950844661325427,supported
0.5-1,15060,False,-0.25877384839240775,supported
0.5-1,15061,False,-0.29016039875915156,supported
0.5-1,15062,False,-0.2832378181874044,supported
0.5-1,15063,False,-0.30291339052726146,supported
0.5-1,15064,False,-0.25802719241749905,supported
0.5-1,15065,False,-0.23487120906160153,supported
0.5-1,15066,False,-0.2645968915358569,supported
0.5-1,15067,False,-0.22095011800444408,supported
0.5-1,15068,False,-0.3016192873846485,supported
0.5-1,15069,False,-0.29953838660965365,supported
0.5-1,15070,False,-0.29715953821231533,supported
0.5-1,15071,False,-0.2918897611771133,supported
0.5-1,15072,False,-0.28389303126763743,supported
0.5-1,15073,False,-0.30007288708189106,supported
0.5-1,15074,False,-0.03773983463566255,supported
0.5-1,15075,False,-0.2898565878821503,supported
0.5-1,15076,False,-0.2994790765876139,supported
0.5-1,15077,False,-0.3138884093740487,supported
0.5-1,15078,False,-0.26223154960163975,supported
0.5-1,15079,False,-0.21134174011864115,supported
0.5-1,15080,False,-0.3147108484937302,supported
0.5-1,15081,False,-0.23286765118521502,supported
0.5-1,15082,False,-0.2953134383840529,supported
0.5-1,15083,False,-0.29461979062871496,supported
0.5-1,15084,False,-0.2509650111115709,supported
0.5-1,15085,False,-0.2837996276832236,supported
0.5-1,15086,False,-0.2999925903971536,supported
0.5-1,15087,False,-0.3008207392955612,supported
0.5-1,15088,False,-0.26652296517736596,supported
0.5-1,15089,False,-0.2562784017152181,supported
0.5-1,15090,False,-0.251090933893606,supported
0.5-1,15091,False,-0.2387322619786138,supported
0.5-1,15092,False,-0.30545104701554554,supported
0.5-1,15093,False,-0.3007953839820503,supported
0.5-1,15094,False,-0.30182234381345086,supported
0.5-1,15095,False,-0.3009994035738685,supported
0.5-1,15096,False,-0.31659773394639895,supported
0.5-1,15097,False,-0.3097414483549354,supported
0.5-1,15098,False,-0.31859846545760634,supported
0.5-1,15099,False,-0.3154609550831364,supported
0.5-1,15100,False,-0.3083374680324377,supported
0.5-1,15101,False,-0.29721709372726096,supported
0.5-1,15102,False,-0.26056098113883835,supported
0.5-1,15103,False,-0.23464623426508613,supported
0.5-1,15104,False,-0.29518178005269835,supported
0.5-1,15105,False,-0.24187605463843698,supported
0.5-1,15106,False,-0.30619716517090617,supported
0.5-1,15107,False,-0.2977141118620116,supported
0.5-1,15108,False,-0.26350318078474566,supported
0.5-1,15109,False,-0.30649600926918147,supported
0.5-1,15110,False,-0.29205137936779896,supported
0.5-1,15111,False,-0.2990424903551317,supported
0.5-1,15112,False,-0.26436163137533486,supported
0.5-1,15113,False,-0.23197162954404138,supported
0.5-1,15114,False,-0.237069978757668,supported
0.5-1,15115,False,-0.26751351448636546,supported
0.5-1,15116,False,-0.3080737219668101,supported
0.5-1,15117,False,-0.29728250283852,supported
0.5-1,15118,False,-0.30335593042195996,supported
0.5-1,15119,False,-0.29889410685997225,supported
0.5-1,15120,False,-0.30773723948492165,supported
0.5-1,15121,False,-0.3144176687206517,supported
0.5-1,15122,False,-0.04308201315918625,watch
0.5-1,15123,False,-0.2917169354892778,supported
0.5-1,15124,False,-0.305186568146562,supported
0.5-1,15125,False,-0.31158639191501525,supported
0.5-1,15126,False,-0.2505104455759508,supported
0.5-1,15127,False,-0.25946489262520767,supported
0.5-1,15128,False,-0.3097452187575363,supported
0.5-1,15129,False,-0.26792538538835275,supported
0.5-1,15130,False,-0.2973596639779261,supported
0.5-1,15131,False,-0.3095171412151356,supported
0.5-1,15132,False,-0.24631675644521145,supported
0.5-1,15133,False,-0.31094008635369724,supported
0.5-1,15134,False,-0.291342763395683,supported
0.5-1,15135,False,-0.2959312697443369,supported
0.5-1,15136,False,-0.22762912739730834,supported
0.5-1,15137,False,-0.15906953487025455,supported
0.5-1,15138,False,-0.2309197168077517,supported
0.5-1,15139,False,-0.2711954726393459,supported
0.5-1,15140,False,-0.30739116180978965,supported
0.5-1,15141,False,-0.2834951342035621,supported
0.5-1,15142,False,-0.2948783000587694,supported
0.5-1,15143,False,-0.299010629860695,supported
0.5-1,15144,False,-0.3036939437925211,supported
0.5-1,15145,False,-0.2945179733643198,supported
0.5-1,15146,False,-0.27558848682956216,supported
0.5-1,15147,False,-0.28774328783124176,supported
0.5-1,15148,False,-0.2852654143575978,supported
0.5-1,15149,False,-0.19181231929907772,supported
0.5-1,15150,False,-0.2401543789105136,supported
0.5-1,15151,False,-0.27517409106219853,supported
0.5-1,15152,False,-0.29606098821008536,supported
0.5-1,15153,False,-0.20173615892154045,supported
0.5-1,15154,False,-0.3048317119054082,supported
0.5-1,15155,False,-0.2465842199974041,supported
0.5-1,15156,False,-0.2233283770198503,supported
0.5-1,15157,False,-0.2594845506064832,supported
0.5-1,15158,False,-0.2839043698738997,supported
0.5-1,15159,False,-0.2934514142518008,supported
0.5-1,15160,False,-0.20965519544982847,supported
0.5-1,15161,False,-0.16492620573529815,supported
0.5-1,15162,False,-0.18229497422790275,supported
0.5-1,15163,False,-0.15461349665064517,supported
0.5-1,15164,False,-0.20688668026002116,supported
0.5-1,15165,False,-0.19806274050599404,supported
0.5-1,15166,False,-0.19962395870296645,supported
0.5-1,15167,False,-0.28549059100861335,supported
0.5-1,15168,False,-0.23465726755019922,supported
0.5-1,15169,False,-0.23981753082119467,supported
0.5-1,15170,False,-0.2526955606345951,supported
0.5-1,15171,False,-0.18819167301761913,supported
0.5-1,15172,False,-0.28019958280888757,supported
0.5-1,15173,False,-0.27850441119255803,supported
0.5-1,15174,False,-0.19265762784276075,supported
0.5-1,15175,False,-0.1573894293050625,supported
0.5-1,15176,False,-0.18256411250639137,supported
0.5-1,15177,False,-0.17555317819665328,supported
0.5-1,15178,False,-0.1898610156377749,supported
0.5-1,15179,False,-0.2157706326847419,supported
0.5-1,15180,False,-0.1850714969821603,supported
0.5-1,15181,False,-0.22236075729281368,supported
0.5-1,15182,False,-0.20003117102918883,supported
0.5-1,15183,False,-0.22224140356418204,supported
0.5-1,15184,False,-0.16630742856831326,supported
0.5-1,15185,False,-0.10522390865611442,supported
0.5-1,15186,False,-0.12284803823820967,supported
0.5-1,15187,False,-0.1756306156960321,supported
0.5-1,15188,False,-0.22322044171215588,supported
0.5-1,15189,False,-0.21422458834442065,supported
0.5-1,15190,False,-0.19700183804255217,supported
0.5-1,15191,False,-0.19508268044696087,supported
0.5-1,15192,False,-0.13344728159113828,supported
0.5-1,15193,False,-0.16585422133205785,supported
0.5-1,15194,False,-0.16437019918539597,supported
0.5-1,15195,False,-0.1364702032157773,supported
0.5-1,15196,False,-0.201194773132373,supported
0.5-1,15197,False,-0.12058776155825812,supported
0.5-1,15198,False,-0.21793679108831665,supported
0.5-1,15199,False,-0.1831791693925814,supported
0.5-1,15200,False,-0.17940563454691238,supported
0.5-1,15201,False,-0.19163348098005079,supported
0.5-1,15202,False,-0.1577424274151764,supported
0.5-1,15203,False,-0.16871406120561172,supported
0.5-1,15204,False,-0.2083929455224408,supported
0.5-1,15205,False,-0.10723383225154215,supported
0.5-1,15206,False,-0.12305245803560538,supported
0.5-1,15207,False,-0.18912458131052512,supported
0.5-1,15208,False,-0.12385594502281894,supported
0.5-1,15209,False,-0.20150334150897042,supported
0.5-1,15210,False,-0.17374151099434754,supported
0.5-1,15211,False,-0.2026500428497543,supported
0.5-1,15212,False,-0.27927940223146747,supported
0.5-1,15213,False,-0.27254716962187514,supported
0.5-1,15214,False,-0.2377072823476526,supported
0.5-1,15215,False,-0.25881589609510375,supported
0.5-1,15216,False,-0.2793796296977978,supported
0.5-1,15217,False,-0.13463833226100952,supported
0.5-1,15218,False,-0.207089496590375,supported
0.5-1,15219,False,-0.19654643867482813,supported
0.5-1,15220,False,-0.27565396097479994,supported
0.5-1,15221,False,-0.31281658262888823,supported
0.5-1,15222,False,-0.31239878477389826,supported
0.5-1,15223,False,-0.32100265071746825,supported
0.5-1,15224,False,-0.31268920545267387,supported
0.5-1,15225,False,-0.22599684349972177,supported
0.5-1,15226,False,-0.17837711333966066,supported
0.5-1,15227,False,-0.2595368539334708,supported
0.5-1,15228,False,-0.293660856879722,supported
0.5-1,15229,False,-0.2721561433869998,supported
0.5-1,15230,False,-0.31453072941720517,supported
0.5-1,15231,False,-0.30521624036218276,supported
0.5-1,15232,False,-0.26182696731845123,supported
0.5-1,15233,False,-0.30268133228893446,supported
0.5-1,15234,False,-0.30390417569482625,supported
0.5-1,15235,False,-0.3010290429424373,supported
0.5-1,15236,False,-0.26689197392607267,supported
0.5-1,15237,False,-0.24477827663977364,supported
0.5-1,15238,False,-0.26577652414661296,supported
0.5-1,15239,False,-0.26763164467696565,supported
0.5-1,15240,False,-0.30599497762264155,supported
0.5-1,15241,False,-0.3088046254570823,supported
0.5-1,15242,False,-0.30150458738546804,supported
0.5-1,15243,False,-0.300959467638886,supported
0.5-1,15244,False,-0.23039036156960596,supported
0.5-1,15245,False,-0.2862656611010845,supported
0.5-1,15246,False,-0.27139851041073937,supported
0.5-1,15247,False,-0.3073147496287015,supported
0.5-1,15248,False,-0.31081480088083385,supported
0.5-1,15249,False,-0.30997102687039346,supported
0.5-1,15250,False,-0.2703216323410586,supported
0.5-1,15251,False,-0.26520591230144286,supported
0.5-1,15252,False,-0.3223829884230348,supported
0.5-1,15253,False,-0.24417648146521503,supported
0.5-1,15254,False,-0.3135633572009584,supported
0.5-1,15255,False,-0.3109644000818616,supported
0.5-1,15256,False,-0.26280481704833575,supported
0.5-1,15257,False,-0.3020337114705207,supported
0.5-1,15258,False,-0.3033159487094423,supported
0.5-1,15259,False,-0.29061997777365584,supported
0.5-1,15260,False,-0.26068063275514897,supported
0.5-1,15261,False,-0.22938390047815344,supported
0.5-1,15262,False,-0.2654438730598765,supported
0.5-1,15263,False,-0.23774321997198966,supported
0.5-1,15264,False,-0.293756354981864,supported
0.5-1,15265,False,-0.29544037713518356,supported
0.5-1,15266,False,-0.30206828257227053,supported
0.5-1,15267,False,-0.30993883071715034,supported
0.5-1,15268,False,-0.30861822914499787,supported
0.5-1,15269,False,-0.3003712036786047,supported
0.5-1,15270,False,-0.31786517529917746,supported
0.5-1,15271,False,-0.3165276874360442,supported
0.5-1,15272,False,-0.3147912543099791,supported
0.5-1,15273,False,-0.3064631132574938,supported
0.5-1,15274,False,-0.26375424440472484,supported
0.5-1,15275,False,-0.23095681756200592,supported
0.5-1,15276,False,-0.29676895752006527,supported
0.5-1,15277,False,-0.2359015135478627,supported
0.5-1,15278,False,-0.3158971281472267,supported
0.5-1,15279,False,-0.2963409641628425,supported
0.5-1,15280,False,-0.2646307799115623,supported
0.5-1,15281,False,-0.2994487273739894,supported
0.5-1,15282,False,-0.30801823598373407,supported
0.5-1,15283,False,-0.29580646659936655,supported
0.5-1,15284,False,-0.2594984201384272,supported
0.5-1,15285,False,-0.2326795986697549,supported
0.5-1,15286,False,-0.2641728974381493,supported
0.5-1,15287,False,-0.22599839741147398,supported
0.5-1,15288,False,-0.29071317689908477,supported
0.5-1,15289,False,-0.30779722101717016,supported
0.5-1,15290,False,-0.2896275838804157,supported
0.5-1,15291,False,-0.3009814267948896,supported
0.5-1,15292,False,-0.3116919105576594,supported
0.5-1,15293,False,-0.3036206213256279,supported
0.5-1,15294,False,-0.10070606242607838,supported
0.5-1,15295,False,-0.3097922630622299,supported
0.5-1,15296,False,-0.30421796857979144,supported
0.5-1,15297,False,-0.3140498740815896,supported
0.5-1,15298,False,-0.2665131748799797,supported
0.5-1,15299,False,-0.23017237551446318,supported
0.5-1,15300,False,-0.2879285908910507,supported
0.5-1,15301,False,-0.24335329603674216,supported
0.5-1,15302,False,-0.31179091013899796,supported
0.5-1,15303,False,-0.3060825751711859,supported
0.5-1,15304,False,-0.2565515570972096,supported
0.5-1,15305,False,-0.2837246371639064,supported
0.5-1,15306,False,-0.30605396716932404,supported
0.5-1,15307,False,-0.3019763641843431,supported
0.5-1,15308,False,-0.26028692282596666,supported
0.5-1,15309,False,-0.26310497771023555,supported
0.5-1,15310,False,-0.2565863808889751,supported
0.5-1,15311,False,-0.20993644732584948,supported
0.5-1,15312,False,-0.30810405823792086,supported
0.5-1,15313,False,-0.3116957364850238,supported
0.5-1,15314,False,-0.312304574814921,supported
0.5-1,15315,False,-0.3016603592910671,supported
0.5-1,15316,False,-0.2893532024074406,supported
0.5-1,15317,False,-0.3227287377845619,supported
0.5-1,15318,False,-0.3175727717088215,supported
0.5-1,15319,False,-0.29655924107765996,supported
0.5-1,15320,False,-0.31178473776661786,supported
0.5-1,15321,False,-0.30583872912986915,supported
0.5-1,15322,False,-0.2574938110186086,supported
0.5-1,15323,False,-0.24508112948776983,supported
0.5-1,15324,False,-0.30115532699920977,supported
0.5-1,15325,False,-0.2683969741597127,supported
0.5-1,15326,False,-0.3008996851629135,supported
0.5-1,15327,False,-0.3099409866692869,supported
0.5-1,15328,False,-0.26462404940281986,supported
0.5-1,15329,False,-0.307966856368556,supported
0.5-1,15330,False,-0.29544638909767534,supported
0.5-1,15331,False,-0.3020446430374073,supported
0.5-1,15332,False,-0.2561381427014313,supported
0.5-1,15333,False,-0.26676945967844967,supported
0.5-1,15334,False,-0.250293366004999,supported
0.5-1,15335,False,-0.20557234221626025,supported
0.5-1,15336,False,-0.3116754144727893,supported
0.5-1,15337,False,-0.3066305211577598,supported
0.5-1,15338,False,-0.31293261775120956,supported
0.5-1,15339,False,-0.29862889018082606,supported
0.5-1,15340,False,-0.3187350808178928,supported
0.5-1,15341,False,-0.29448296256942025,supported
0.5-1,15342,False,-0.3150530466580983,supported
0.5-1,15343,False,-0.29771926138162225,supported
0.5-1,15344,False,-0.30106852651338634,supported
0.5-1,15345,False,-0.29337907937081886,supported
0.5-1,15346,False,-0.2601347882919715,supported
0.5-1,15347,False,-0.2702054555519719,supported
0.5-1,15348,False,-0.1983339144551764,supported
0.5-1,15349,False,-0.2778087779375339,supported
0.5-1,15350,False,-0.29923363909452666,supported
0.5-1,15351,False,-0.31052653777373995,supported
0.5-1,15352,False,-0.2515247032718537,supported
0.5-1,15353,False,-0.30642947472645876,supported
0.5-1,15354,False,-0.28292669051295666,supported
0.5-1,15355,False,-0.23505441756913698,supported
0.5-1,15356,False,-0.2410494044587858,supported
0.5-1,15357,False,-0.15605353894545138,supported
0.5-1,15358,False,-0.2352250215532946,supported
0.5-1,15359,False,-0.19974570197533792,supported
0.5-1,15360,False,-0.27844280489546497,supported
0.5-1,15361,False,-0.3029221860994925,supported
0.5-1,15362,False,-0.2995110996543569,supported
0.5-1,15363,False,-0.2884164054406972,supported
0.5-1,15364,False,-0.3116060392861608,supported
0.5-1,15365,False,-0.27935155692657426,supported
0.5-1,15366,False,-0.299093171568075,supported
0.5-1,15367,False,-0.2905951851872531,supported
0.5-1,15368,False,-0.29081586166789514,supported
0.5-1,15369,False,-0.29651070769347326,supported
0.5-1,15370,False,-0.24080366584852053,supported
0.5-1,15371,False,-0.2409881625537743,supported
0.5-1,15372,False,-0.2995109354400431,supported
0.5-1,15373,False,-0.20971190880899887,supported
0.5-1,15374,False,-0.2954463140282602,supported
0.5-1,15375,False,-0.2978909457600854,supported
0.5-1,15376,False,-0.22154639466439846,supported
0.5-1,15377,False,-0.3006095113388559,supported
0.5-1,15378,False,-0.22103151964307244,supported
0.5-1,15379,False,-0.2027541717852056,supported
0.5-1,15380,False,-0.22007737363899554,supported
0.5-1,15381,False,-0.17152841637138483,supported
0.5-1,15382,False,-0.1808257033338342,supported
0.5-1,15383,False,-0.16886815403749966,supported
0.5-1,15384,False,-0.1998338070883534,supported
0.5-1,15385,False,-0.23299158635064326,supported
0.5-1,15386,False,-0.03506127873442855,moderate
0.5-1,15387,False,-0.199551887949252,supported
0.5-1,15388,False,-0.23514846374116183,supported
0.5-1,15389,False,-0.25449968067414036,supported
0.5-1,15390,False,-0.2702591740642968,supported
0.5-1,15391,False,-0.1729558862276499,supported
0.5-1,15392,False,-0.2049865830175211,supported
0.5-1,15393,False,-0.28021693007274323,supported
0.5-1,15394,False,-0.20250741720289328,supported
0.5-1,15395,False,-0.17934343118936868,supported
0.5-1,15396,False,-0.22173477779855555,supported
0.5-1,15397,False,-0.16915952853714078,supported
0.5-1,15398,False,-0.26337339389842734,supported
0.5-1,15399,False,-0.18741216589850995,supported
0.5-1,15400,False,-0.17723601035533632,supported
0.5-1,15401,False,-0.2236331550143989,supported
0.5-1,15402,False,-0.17360856569705896,supported
0.5-1,15403,False,-0.1945644177383798,supported
0.5-1,15404,False,-0.15300194058595773,supported
0.5-1,15405,False,-0.11190247999733272,supported
0.5-1,15406,False,-0.11433741595021552,supported
0.5-1,15407,False,-0.16571018918398372,supported
0.5-1,15408,False,-0.20699138078062468,supported
0.5-1,15409,False,-0.20504519699795032,supported
0.5-1,15410,False,-0.20959988317708822,supported
0.5-1,15411,False,-0.20088396133504416,supported
0.5-1,15412,False,-0.13082157847021647,supported
0.5-1,15413,False,-0.17176555023414564,supported
0.5-1,15414,False,-0.16529674316886966,supported
0.5-1,15415,False,-0.13572620914457656,supported
0.5-1,15416,False,-0.16639986235438053,supported
0.5-1,15417,False,-0.11779570315853816,supported
0.5-1,15418,False,-0.22151231844132424,supported
0.5-1,15419,False,-0.16316771339707392,supported
0.5-1,15420,False,-0.21521712341868776,supported
0.5-1,15421,False,-0.17928479664740737,supported
0.5-1,15422,False,-0.16332027640337354,supported
0.5-1,15423,False,-0.16779029348797514,supported
0.5-1,15424,False,-0.2185582236409877,supported
0.5-1,15425,False,-0.11056334814294477,supported
0.5-1,15426,False,-0.11184317733653859,supported
0.5-1,15427,False,-0.1986408399715317,supported
0.5-1,15428,False,-0.11783936021825836,supported
0.5-1,15429,False,-0.20320726147324936,supported
0.5-1,15430,False,-0.17097318836589948,supported
0.5-1,15431,False,-0.1829702137693221,supported
0.5-1,15432,False,-0.2636229398519357,supported
0.5-1,15433,False,-0.2750893010618284,supported
0.5-1,15434,False,-0.259098708642399,supported
0.5-1,15435,False,-0.25131833312298957,supported
0.5-1,15436,False,-0.2326908764269625,supported
0.5-1,15437,False,-0.20874506292006417,supported
0.5-1,15438,False,-0.1724310153889681,supported
0.5-1,15439,False,-0.08553987248162898,watch
0.5-1,15440,False,-0.1411291915003403,supported
0.5-1,15441,False,-0.11882538829005218,supported
0.5-1,15442,False,-0.3118426436854402,supported
0.5-1,15443,False,-0.31486277454679945,supported
0.5-1,15444,False,-0.3091489132729507,supported
0.5-1,15445,False,-0.16457785723507223,supported
0.5-1,15446,False,-0.0724082152584421,supported
0.5-1,15447,False,-0.24793605497711585,supported
0.5-1,15448,False,-0.3224461623482103,supported
0.5-1,15449,False,-0.2721686379136984,supported
0.5-1,15450,False,-0.31273203417042905,supported
0.5-1,15451,False,-0.3072826672707723,supported
0.5-1,15452,False,-0.2733991999827054,supported
0.5-1,15453,False,-0.29459270229025736,supported
0.5-1,15454,False,-0.30671703264322764,supported
0.5-1,15455,False,-0.29775433519662714,supported
0.5-1,15456,False,-0.2663685116273184,supported
0.5-1,15457,False,-0.24893589010752903,supported
0.5-1,15458,False,-0.2576727554843775,supported
0.5-1,15459,False,-0.2620470875052235,supported
0.5-1,15460,False,-0.2998931054499728,supported
0.5-1,15461,False,-0.30293140677669317,supported
0.5-1,15462,False,-0.3074363759785565,supported
0.5-1,15463,False,-0.31377166955094465,supported
0.5-1,15464,False,-0.3124816663144953,supported
0.5-1,15465,False,-0.2984760893048886,supported
0.5-1,15466,False,-0.3006496985473153,supported
0.5-1,15467,False,-0.3129782964716101,supported
0.5-1,15468,False,-0.30514715774308176,supported
0.5-1,15469,False,-0.27659836660419007,supported
0.5-1,15470,False,-0.26781843952348916,supported
0.5-1,15471,False,-0.26437533837683375,supported
0.5-1,15472,False,-0.2955279256790402,supported
0.5-1,15473,False,-0.2397543710086732,supported
0.5-1,15474,False,-0.305556931045462,supported
0.5-1,15475,False,-0.3095406814110774,supported
0.5-1,15476,False,-0.26667248313103054,supported
0.5-1,15477,False,-0.2912421792022495,supported
0.5-1,15478,False,-0.30845777472974567,supported
0.5-1,15479,False,-0.29965976167809,supported
0.5-1,15480,False,-0.269231550292094,supported
0.5-1,15481,False,-0.23013867718059688,supported
0.5-1,15482,False,-0.2659879147309041,supported
0.5-1,15483,False,-0.24338308249638702,supported
0.5-1,15484,False,-0.2774710005236563,supported
0.5-1,15485,False,-0.2907674576006495,supported
0.5-1,15486,False,-0.29690293374676735,supported
0.5-1,15487,False,-0.28789995046568617,supported
0.5-1,15488,False,-0.3069389778288135,supported
0.5-1,15489,False,-0.308101108506636,supported
0.5-1,15490,False,-0.31287454408119497,supported
0.5-1,15491,False,-0.3075384581148728,supported
0.5-1,15492,False,-0.3024995040119082,supported
0.5-1,15493,False,-0.283979145036496,supported
0.5-1,15494,False,-0.2612346395143464,supported
0.5-1,15495,False,-0.22303085163628272,supported
0.5-1,15496,False,-0.30505591460556714,supported
0.5-1,15497,False,-0.24135479275992472,supported
0.5-1,15498,False,-0.31232919762645556,supported
0.5-1,15499,False,-0.302238323604968,supported
0.5-1,15500,False,-0.26791141940119095,supported
0.5-1,15501,False,-0.3074481613737802,supported
0.5-1,15502,False,-0.3094781779306779,supported
0.5-1,15503,False,-0.29759074578849376,supported
0.5-1,15504,False,-0.2683999378287226,supported
0.5-1,15505,False,-0.23613133662663793,supported
0.5-1,15506,False,-0.2619099970592535,supported
0.5-1,15507,False,-0.25332392169574625,supported
0.5-1,15508,False,-0.28125106444839326,supported
0.5-1,15509,False,-0.30858125912569273,supported
0.5-1,15510,False,-0.29301423055623665,supported
0.5-1,15511,False,-0.3021433469439613,supported
0.5-1,15512,False,-0.305632156532595,supported
0.5-1,15513,False,-0.3121956473461347,supported
0.5-1,15514,False,-0.30814442126065344,supported
0.5-1,15515,False,-0.28988676707654326,supported
0.5-1,15516,False,-0.3006485052010944,supported
0.5-1,15517,False,-0.3112123119416533,supported
0.5-1,15518,False,-0.25892493909274844,supported
0.5-1,15519,False,-0.2307002614452081,supported
0.5-1,15520,False,-0.30987942393203793,supported
0.5-1,15521,False,-0.25317054673524797,supported
0.5-1,15522,False,-0.3151813847340775,supported
0.5-1,15523,False,-0.307712921898549,supported
0.5-1,15524,False,-0.26241296963951394,supported
0.5-1,15525,False,-0.2922829712604405,supported
0.5-1,15526,False,-0.3079122129079775,supported
0.5-1,15527,False,-0.30865101029627695,supported
0.5-1,15528,False,-0.2626327469781512,supported
0.5-1,15529,False,-0.2549393401948326,supported
0.5-1,15530,False,-0.2576413980318414,supported
0.5-1,15531,False,-0.2629415697832038,supported
0.5-1,15532,False,-0.3127944338962179,supported
0.5-1,15533,False,-0.31322309033459805,supported
0.5-1,15534,False,-0.30369776874347204,supported
0.5-1,15535,False,-0.3127156761382002,supported
0.5-1,15536,False,-0.3139199561317646,supported
0.5-1,15537,False,-0.3093480376071305,supported
0.5-1,15538,False,-0.32022432129781925,supported
0.5-1,15539,False,-0.30891917883968734,supported
0.5-1,15540,False,-0.30313787816906745,supported
0.5-1,15541,False,-0.3107715435567055,supported
0.5-1,15542,False,-0.2549474819736549,supported
0.5-1,15543,False,-0.2587360041766454,supported
0.5-1,15544,False,-0.29819383871540167,supported
0.5-1,15545,False,-0.26777803532555805,supported
0.5-1,15546,False,-0.2993776444494368,supported
0.5-1,15547,False,-0.29928923088743736,supported
0.5-1,15548,False,-0.2533559605055903,supported
0.5-1,15549,False,-0.29784340338907983,supported
0.5-1,15550,False,-0.3046686641644987,supported
0.5-1,15551,False,-0.3145180293906269,supported
0.5-1,15552,False,-0.2436000825443198,supported
0.5-1,15553,False,-0.21924167849487763,supported
0.5-1,15554,False,-0.25501602610258595,supported
0.5-1,15555,False,-0.21173039803578036,supported
0.5-1,15556,False,-0.31307368148795633,supported
0.5-1,15557,False,-0.3122110664891065,supported
0.5-1,15558,False,-0.29477610551884603,supported
0.5-1,15559,False,-0.3112022955294588,supported
0.5-1,15560,False,-0.31886865530145897,supported
0.5-1,15561,False,-0.3074735981820585,supported
0.5-1,15562,False,-0.1354425218488351,supported
0.5-1,15563,False,-0.29236530853326353,supported
0.5-1,15564,False,-0.30581993008192493,supported
0.5-1,15565,False,-0.3207763854090393,supported
0.5-1,15566,False,-0.2589379992640985,supported
0.5-1,15567,False,-0.26804977300958677,supported
0.5-1,15568,False,-0.276363883088451,supported
0.5-1,15569,False,-0.2673966843429783,supported
0.5-1,15570,False,-0.05881107987155432,supported
0.5-1,15571,False,-0.30024607295343014,supported
0.5-1,15572,False,-0.2572514837556491,supported
0.5-1,15573,False,-0.30524438120829533,supported
0.5-1,15574,False,-0.3053870444551014,supported
0.5-1,15575,False,-0.29379673416372337,supported
0.5-1,15576,False,-0.24327483704232272,supported
0.5-1,15577,False,-0.1645430416740099,supported
0.5-1,15578,False,-0.23182368345449544,supported
0.5-1,15579,False,-0.25730178481249244,supported
0.5-1,15580,False,-0.2913385439121744,supported
0.5-1,15581,False,-0.27461877514973854,supported
0.5-1,15582,False,-0.29321020621871824,supported
0.5-1,15583,False,-0.2819944681475157,supported
0.5-1,15584,False,-0.30648196773288616,supported
0.5-1,15585,False,-0.28256255931160873,supported
0.5-1,15586,False,-0.3062051127275606,supported
0.5-1,15587,False,-0.29904655532074165,supported
0.5-1,15588,False,-0.27837712751640264,supported
0.5-1,15589,False,-0.3012937808276966,supported
0.5-1,15590,False,-0.24220986061490019,supported
0.5-1,15591,False,-0.27010636116732845,supported
0.5-1,15592,False,-0.28559674335486845,supported
0.5-1,15593,False,-0.1635729147239684,supported
0.5-1,15594,False,-0.19752056795150008,supported
0.5-1,15595,False,-0.24480377893207356,supported
0.5-1,15596,False,-0.2214268213242871,supported
0.5-1,15597,False,-0.2097327800841664,supported
0.5-1,15598,False,-0.29359727943693964,supported
0.5-1,15599,False,-0.23405841181474685,supported
0.5-1,15600,False,-0.21027647698804725,supported
0.5-1,15601,False,-0.1717360967393292,supported
0.5-1,15602,False,-0.18146147137245183,supported
0.5-1,15603,False,-0.17756849241414385,supported
0.5-1,15604,False,-0.21524738939730187,supported
0.5-1,15605,False,-0.29321592886418046,supported
0.5-1,15606,False,-0.20656774086880325,supported
0.5-1,15607,False,-0.237623900944417,supported
0.5-1,15608,False,-0.2007625542406019,supported
0.5-1,15609,False,-0.13570933623290815,supported
0.5-1,15610,False,-0.277107509131795,supported
0.5-1,15611,False,-0.1805921639541339,supported
0.5-1,15612,False,-0.2434310363973805,supported
0.5-1,15613,False,-0.2511038302399336,supported
0.5-1,15614,False,-0.20470778511789162,supported
0.5-1,15615,False,-0.16814723254484154,supported
0.5-1,15616,False,-0.18363741746070117,supported
0.5-1,15617,False,-0.1125292729137285,supported
0.5-1,15618,False,-0.22450961939091113,supported
0.5-1,15619,False,-0.18233509495808908,supported
0.5-1,15620,False,-0.17633835322231461,supported
0.5-1,15621,False,-0.21990896784317554,supported
0.5-1,15622,False,-0.18169547761131233,supported
0.5-1,15623,False,-0.20664832431062574,supported
0.5-1,15624,False,-0.1750466287997673,supported
0.5-1,15625,False,-0.10441537000884937,supported
0.5-1,15626,False,-0.1318117536012926,supported
0.5-1,15627,False,-0.16099561124755557,supported
0.5-1,15628,False,-0.20166467331857013,supported
0.5-1,15629,False,-0.15619377790059563,supported
0.5-1,15630,False,-0.21790832474642502,supported
0.5-1,15631,False,-0.17204248843973535,supported
0.5-1,15632,False,-0.1363154686490491,supported
0.5-1,15633,False,-0.15674427927547674,supported
0.5-1,15634,False,-0.1660320531095767,supported
0.5-1,15635,False,-0.13948371177449925,supported
0.5-1,15636,False,-0.22097476651066472,supported
0.5-1,15637,False,-0.09980488548520272,supported
0.5-1,15638,False,-0.1344745457642902,supported
0.5-1,15639,False,-0.16508545667744212,supported
0.5-1,15640,False,-0.203576512529833,supported
0.5-1,15641,False,-0.14426067889361038,supported
0.5-1,15642,False,-0.16735190670792144,supported
0.5-1,15643,False,-0.1633484284267972,supported
0.5-1,15644,False,-0.2172538455267149,supported
0.5-1,15645,False,-0.10335665838617769,supported
0.5-1,15646,False,-0.10621179988575691,supported
0.5-1,15647,False,-0.1845580151436983,supported
0.5-1,15648,False,-0.11323858531852382,supported
0.5-1,15649,False,-0.20165967488146064,supported
0.5-1,15650,False,-0.15580784684376847,supported
0.5-1,15651,False,-0.195045535755419,supported
0.5-1,15652,False,-0.24074071494684696,supported
0.5-1,15653,False,-0.272567286989719,supported
0.5-1,15654,False,-0.2621314852777184,supported
0.5-1,15655,False,-0.2564901045013777,supported
0.5-1,15656,False,-0.2851516527809692,supported
0.5-1,15657,False,-0.27360984142574885,supported
0.5-1,15658,False,-0.28913441283604474,supported
0.5-1,15659,False,-0.28506476609894127,supported
0.5-1,15660,False,-0.015093251373090588,moderate
0.5-1,15661,False,-0.3124080394543851,supported
0.5-1,15662,False,-0.13810956169274957,supported
0.5-1,15663,False,-0.305197541676012,supported
0.5-1,15664,False,-0.2959415497434905,supported
0.5-1,15665,False,-0.3184795001124477,supported
0.5-1,15666,False,-0.26124776220869816,supported
0.5-1,15667,False,-0.26222218910309153,supported
0.5-1,15668,False,-0.31488883533777656,supported
0.5-1,15669,False,-0.2741501940028016,supported
0.5-1,15670,False,-0.3160304679473936,supported
0.5-1,15671,False,-0.30629294342800506,supported
0.5-1,15672,False,-0.27630057506670214,supported
0.5-1,15673,False,-0.30948225921467504,supported
0.5-1,15674,False,-0.30645798100288985,supported
0.5-1,15675,False,-0.30032683478114325,supported
0.5-1,15676,False,-0.28097744100588895,supported
0.5-1,15677,False,-0.24814623375340872,supported
0.5-1,15678,False,-0.26385951566955573,supported
0.5-1,15679,False,-0.2710332342176901,supported
0.5-1,15680,False,-0.2889588873494124,supported
0.5-1,15681,False,-0.3119791708528031,supported
0.5-1,15682,False,-0.30130901289212897,supported
0.5-1,15683,False,-0.3119119307550281,supported
0.5-1,15684,False,-0.27242029529480405,supported
0.5-1,15685,False,-0.07261585320282671,supported
0.5-1,15686,False,-0.29607857297563517,supported
0.5-1,15687,False,-0.31438423939018273,supported
0.5-1,15688,False,-0.3108247479713407,supported
0.5-1,15689,False,-0.024141307615647256,watch
0.5-1,15690,False,-0.261675677602316,supported
0.5-1,15691,False,-0.25547065944690417,supported
0.5-1,15692,False,-0.31400986492106775,supported
0.5-1,15693,False,-0.26176353302836813,supported
0.5-1,15694,False,-0.3083536726618827,supported
0.5-1,15695,False,-0.29370083592600443,supported
0.5-1,15696,False,-0.2590029286638973,supported
0.5-1,15697,False,-0.2907268769734198,supported
0.5-1,15698,False,-0.3131880558098957,supported
0.5-1,15699,False,-0.306844697099683,supported
0.5-1,15700,False,-0.26037946768392695,supported
0.5-1,15701,False,-0.24142681723711762,supported
0.5-1,15702,False,-0.2647484367329723,supported
0.5-1,15703,False,-0.2594286033882373,supported
0.5-1,15704,False,-0.2882495973267076,supported
0.5-1,15705,False,-0.3135765273401121,supported
0.5-1,15706,False,-0.303852880866004,supported
0.5-1,15707,False,-0.31027335179715465,supported
0.5-1,15708,False,-0.14225837319635348,supported
0.5-1,15709,False,-0.3093654518746441,supported
0.5-1,15710,False,-0.3181925751379351,supported
0.5-1,15711,False,-0.31356288760424345,supported
0.5-1,15712,True,0.011527089812707336,high
0.5-1,15713,False,-0.2643369395491161,supported
0.5-1,15714,False,-0.2587345218825206,supported
0.5-1,15715,False,-0.21531239545233127,supported
0.5-1,15716,False,-0.3036920540722802,supported
0.5-1,15717,False,-0.2607322706689624,supported
0.5-1,15718,False,-0.30216685815761646,supported
0.5-1,15719,False,-0.30601119450246483,supported
0.5-1,15720,False,-0.26550106545610186,supported
0.5-1,15721,False,-0.2837773624158859,supported
0.5-1,15722,False,-0.29810446237370153,supported
0.5-1,15723,False,-0.2997678937609694,supported
0.5-1,15724,False,-0.2770829429779355,supported
0.5-1,15725,False,-0.25089381007609773,supported
0.5-1,15726,False,-0.2570336935402665,supported
0.5-1,15727,False,-0.26104667462484016,supported
0.5-1,15728,False,-0.29847244795404104,supported
0.5-1,15729,False,-0.30658873046529617,supported
0.5-1,15730,False,-0.30974561353456487,supported
0.5-1,15731,False,-0.31261443619094387,supported
0.5-1,15732,False,-0.2876086607294368,supported
0.5-1,15733,False,-0.30413697970878584,supported
0.5-1,15734,False,-0.3097441529426477,supported
0.5-1,15735,False,-0.3028575681478469,supported
0.5-1,15736,False,-0.3083830277431891,supported
0.5-1,15737,False,-0.21942072891197656,supported
0.5-1,15738,False,-0.25184218756201426,supported
0.5-1,15739,False,-0.2346866039206838,supported
0.5-1,15740,False,-0.3073365607525407,supported
0.5-1,15741,False,-0.2627071409053001,supported
0.5-1,15742,False,-0.2919476523391824,supported
0.5-1,15743,False,-0.2966310584261934,supported
0.5-1,15744,False,-0.2558632518792234,supported
0.5-1,15745,False,-0.30503141422774555,supported
0.5-1,15746,False,-0.31482655607496884,supported
0.5-1,15747,False,-0.30904160359983174,supported
0.5-1,15748,False,-0.2714865082029818,supported
0.5-1,15749,False,-0.2670270167477061,supported
0.5-1,15750,False,-0.25155135972720993,supported
0.5-1,15751,False,-0.24525079430665264,supported
0.5-1,15752,False,-0.29338559651357826,supported
0.5-1,15753,False,-0.3128580781939087,supported
0.5-1,15754,False,-0.3003604073408635,supported
0.5-1,15755,False,-0.30802825617768786,supported
0.5-1,15756,False,-0.31327797248603767,supported
0.5-1,15757,False,-0.31364534822644624,supported
0.5-1,15758,False,-0.30026101465936655,supported
0.5-1,15759,False,-0.07716429438501793,supported
0.5-1,15760,False,-0.3011091437393125,supported
0.5-1,15761,False,-0.3166039646205317,supported
0.5-1,15762,False,-0.24324843248717648,supported
0.5-1,15763,False,-0.2641533862312283,supported
0.5-1,15764,False,-0.28275264638488196,supported
0.5-1,15765,False,-0.2658215782110005,supported
0.5-1,15766,False,-0.3046908702589094,supported
0.5-1,15767,False,-0.30123675135015804,supported
0.5-1,15768,False,-0.2506045505858621,supported
0.5-1,15769,False,-0.31502632490569904,supported
0.5-1,15770,False,-0.3007509074382422,supported
0.5-1,15771,False,-0.3133266846013163,supported
0.5-1,15772,False,-0.2550768753394499,supported
0.5-1,15773,False,-0.25482867460611347,supported
0.5-1,15774,False,-0.2505832419279731,supported
0.5-1,15775,False,-0.24435545498075717,supported
0.5-1,15776,False,-0.3092275582252479,supported
0.5-1,15777,False,-0.30946376266099923,supported
0.5-1,15778,False,-0.30890326854666,supported
0.5-1,15779,False,-0.30508505191274604,supported
0.5-1,15780,False,-0.2822846011724145,supported
0.5-1,15781,False,-0.2940772875272342,supported
0.5-1,15782,False,-0.31517308914839615,supported
0.5-1,15783,False,-0.28364489044892827,supported
0.5-1,15784,False,-0.27189133539861016,supported
0.5-1,15785,False,-0.3066026332781314,supported
0.5-1,15786,False,-0.25795889961330404,supported
0.5-1,15787,False,-0.27201455614176695,supported
0.5-1,15788,False,-0.30865179207657706,supported
0.5-1,15789,False,-0.1958791092081948,supported
0.5-1,15790,False,-0.27499283603925495,supported
0.5-1,15791,False,-0.30323175920428047,supported
0.5-1,15792,False,-0.24706872884301956,supported
0.5-1,15793,False,-0.29938158284866084,supported
0.5-1,15794,False,-0.29863011535690204,supported
0.5-1,15795,False,-0.30607287674430317,supported
0.5-1,15796,False,-0.2458634610032866,supported
0.5-1,15797,False,-0.1627183881601325,supported
0.5-1,15798,False,-0.22699803547640784,supported
0.5-1,15799,False,-0.1708949629463551,supported
0.5-1,15800,False,-0.23532417293828534,supported
0.5-1,15801,False,-0.2849392595883279,supported
0.5-1,15802,False,-0.21882159458076506,supported
0.5-1,15803,False,-0.2821403360882483,supported
0.5-1,15804,False,-0.3028120349800149,supported
0.5-1,15805,False,-0.2943984729011524,supported
0.5-1,15806,False,-0.2986601642871686,supported
0.5-1,15807,False,-0.23152079531939085,supported
0.5-1,15808,False,-0.2909723251802961,supported
0.5-1,15809,False,-0.30386320438718445,supported
0.5-1,15810,False,-0.24094103303622083,supported
0.5-1,15811,False,-0.25641322349439694,supported
0.5-1,15812,False,-0.3050504842450921,supported
0.5-1,15813,False,-0.23926822514563795,supported
0.5-1,15814,False,-0.26917817195585664,supported
0.5-1,15815,False,-0.29512997119655743,supported
0.5-1,15816,False,-0.2226211457892217,supported
0.5-1,15817,False,-0.25253387845639835,supported
0.5-1,15818,False,-0.24956626911136842,supported
0.5-1,15819,False,-0.31056915866674883,supported
0.5-1,15820,False,-0.21856429349915507,supported
0.5-1,15821,False,-0.171247018219852,supported
0.5-1,15822,False,-0.18077813127299192,supported
0.5-1,15823,False,-0.15153553757288352,supported
0.5-1,15824,False,-0.2132512958862831,supported
0.5-1,15825,False,-0.24210298790395374,supported
0.5-1,15826,False,-0.21787354599003983,supported
0.5-1,15827,False,-0.2213792160051511,supported
0.5-1,15828,False,-0.20311476881170215,supported
0.5-1,15829,False,-0.1519903267616104,supported
0.5-1,15830,False,-0.19138654596235888,supported
0.5-1,15831,False,-0.21131587399315954,supported
0.5-1,15832,False,-0.28212462508495273,supported
0.5-1,15833,False,-0.2533368198611852,supported
0.5-1,15834,False,-0.19489555105194695,supported
0.5-1,15835,False,-0.1734004307600242,supported
0.5-1,15836,False,-0.22505860493656388,supported
0.5-1,15837,False,-0.16693583851135152,supported
0.5-1,15838,False,-0.24449241632969493,supported
0.5-1,15839,False,-0.24675231886620486,supported
0.5-1,15840,False,-0.18363666011477442,supported
0.5-1,15841,False,-0.2154889369846792,supported
0.5-1,15842,False,-0.24438360950545213,supported
0.5-1,15843,False,-0.2199959099761402,supported
0.5-1,15844,False,-0.16236738009843554,supported
0.5-1,15845,False,-0.10729858977126883,supported
0.5-1,15846,False,-0.12233646686265987,supported
0.5-1,15847,False,-0.16854154748645755,supported
0.5-1,15848,False,-0.20252835382441514,supported
0.5-1,15849,False,-0.17944982511679275,supported
0.5-1,15850,False,-0.20832832509159005,supported
0.5-1,15851,False,-0.1824549930681164,supported
0.5-1,15852,False,-0.13185268558855068,supported
0.5-1,15853,False,-0.16356459218068364,supported
0.5-1,15854,False,-0.1662055409694566,supported
0.5-1,15855,False,-0.1359743190380951,supported
0.5-1,15856,False,-0.22215666881692087,supported
0.5-1,15857,False,-0.10789378330165411,supported
0.5-1,15858,False,-0.21947432988816062,supported
0.5-1,15859,False,-0.1935057990862052,supported
0.5-1,15860,False,-0.190684637847925,supported
0.5-1,15861,False,-0.2211138639641535,supported
0.5-1,15862,False,-0.15853598690764958,supported
0.5-1,15863,False,-0.17109960869575314,supported
0.5-1,15864,False,-0.2216724114323625,supported
0.5-1,15865,False,-0.11633891203304514,supported
0.5-1,15866,False,-0.10698846446628041,supported
0.5-1,15867,False,-0.1701644039495478,supported
0.5-1,15868,False,-0.11608192521178462,supported
0.5-1,15869,False,-0.205234987586906,supported
0.5-1,15870,False,-0.14940607263519978,supported
0.5-1,15871,False,-0.21041604378238826,supported
0.5-1,15872,False,-0.2480601288203833,supported
0.5-1,15873,False,-0.275682924462174,supported
0.5-1,15874,False,-0.10606296438401541,supported
0.5-1,15875,False,-0.03197704430455517,supported
0.5-1,15876,False,-0.27704100647854146,supported
0.5-1,15877,False,-0.11700093848155424,supported
0.5-1,15878,False,-0.15062572425864973,supported
0.5-1,15879,False,-0.2878533311504157,supported
0.5-1,15880,False,-0.31107770953907293,supported
0.5-1,15881,False,-0.32169490081142643,supported
0.5-1,15882,False,-0.30777478575959444,supported
0.5-1,15883,False,-0.31400426564287054,supported
0.5-1,15884,True,0.011483666201590026,moderate
0.5-1,15885,True,0.00571603667508791,moderate
0.5-1,15886,False,-0.03199673923748869,moderate
0.5-1,15887,True,0.004446206982955614,moderate
0.5-1,15888,False,-0.21165477165785723,supported
0.5-1,15889,False,-0.3028426921907459,supported
0.5-1,15890,False,-0.10837373116936977,supported
0.5-1,15891,False,-0.2649538686880536,supported
0.5-1,15892,False,-0.30141353875350824,supported
0.5-1,15893,False,-0.05485947216453113,supported
0.5-1,15894,False,-0.07359174134699176,supported
0.5-1,15895,False,-0.3091270979329876,supported
0.5-1,15896,False,-0.2704504393657166,supported
0.5-1,15897,False,-0.3045766039003994,supported
0.5-1,15898,False,-0.0850591677711563,supported
0.5-1,15899,False,-0.09206223465922214,supported
0.5-1,15900,False,-0.25590344604155846,supported
0.5-1,15901,False,-0.27040099360225445,supported
0.5-1,15902,False,-0.062482811741474076,supported
0.5-1,15903,False,-0.04922278005946257,supported
0.5-1,15904,False,-0.3052461690309354,supported
0.5-1,15905,False,-0.09728903716402815,supported
0.5-1,15906,False,-0.08479214562601456,supported
0.5-1,15907,False,-0.30449452179133724,supported
0.5-1,15908,False,-0.28471357832617256,supported
0.5-1,15909,False,-0.17408680325574055,supported
0.5-1,15910,False,-0.30809446305839105,supported
0.5-1,15911,False,-0.31228703825162774,supported
0.5-1,15912,True,0.012664405285229496,high
0.5-1,15913,True,0.012357179813592634,moderate
0.5-1,15914,True,0.00863648101896286,moderate
0.5-1,15915,True,0.009528285821864602,moderate
0.5-1,15916,False,-0.2948504454720085,supported
0.5-1,15917,False,-0.31440320871434296,supported
0.5-1,15918,False,-0.10398152696161056,supported
0.5-1,15919,False,-0.2692908612016644,supported
0.5-1,15920,False,-0.29542860396941,supported
0.5-1,15921,False,-0.08393325037045385,supported
0.5-1,15922,False,-0.3084171002155292,supported
0.5-1,15923,False,-0.3107225906013083,supported
0.5-1,15924,False,-0.27000742754331286,supported
0.5-1,15925,False,-0.3050501231249318,supported
0.5-1,15926,False,-0.13837161959588928,supported
0.5-1,15927,False,-0.13643165093760656,supported
0.5-1,15928,False,-0.2569669891174587,supported
0.5-1,15929,False,-0.268030862872275,supported
0.5-1,15930,False,-0.03919256854462527,supported
0.5-1,15931,False,-0.047475257418063355,supported
0.5-1,15932,False,-0.31115794152466913,supported
0.5-1,15933,False,-0.0849574250082995,supported
0.5-1,15934,False,-0.10130975208969972,supported
0.5-1,15935,False,-0.30484648849831236,supported
0.5-1,15936,False,-0.28978428608817675,supported
0.5-1,15937,False,-0.3136741147062277,supported
0.5-1,15938,False,-0.2976093576071592,supported
0.5-1,15939,True,0.011857919649402082,high
0.5-1,15940,True,0.01222457048379233,high
0.5-1,15941,True,0.013572114021950132,moderate
0.5-1,15942,True,0.011169171156223734,moderate
0.5-1,15943,True,0.010862839571676997,moderate
0.5-1,15944,False,-0.28091561059372666,supported
0.5-1,15945,False,-0.13288226303751904,supported
0.5-1,15946,False,-0.11013228278832021,supported
0.5-1,15947,False,-0.26289430466550623,supported
0.5-1,15948,False,-0.3080912786251936,supported
0.5-1,15949,False,-0.08227364576466267,supported
0.5-1,15950,False,-0.31402377051224317,supported
0.5-1,15951,False,-0.30592075588709544,supported
0.5-1,15952,False,-0.2615960476949927,supported
0.5-1,15953,False,-0.2983171719402147,supported
0.5-1,15954,False,-0.1539653103036307,supported
0.5-1,15955,False,-0.09641417202730851,supported
0.5-1,15956,False,-0.26710861449449314,supported
0.5-1,15957,False,-0.2645361546595592,supported
0.5-1,15958,False,-0.030970260736941535,supported
0.5-1,15959,False,-0.07862889889858171,supported
0.5-1,15960,False,-0.3098887467207575,supported
0.5-1,15961,False,-0.09938330332481127,supported
0.5-1,15962,False,-0.09286650848919298,supported
0.5-1,15963,False,-0.307522479369662,supported
0.5-1,15964,False,-0.31474252101123174,supported
0.5-1,15965,False,-0.31741748484720933,supported
0.5-1,15966,False,-0.31571165618340125,supported
0.5-1,15967,False,-0.31545730266626804,supported
0.5-1,15968,True,0.009520515395258666,moderate
0.5-1,15969,True,0.007832343603912939,moderate
0.5-1,15970,True,0.010462193831510369,moderate
0.5-1,15971,True,0.00811859393736658,moderate
0.5-1,15972,False,-0.31503279624470004,supported
0.5-1,15973,False,-0.29951655529614296,supported
0.5-1,15974,False,-0.07429441627596345,supported
0.5-1,15975,False,-0.25424989766315254,supported
0.5-1,15976,False,-0.3145515728310321,supported
0.5-1,15977,False,-0.08753053802502919,supported
0.5-1,15978,False,-0.27702183400703245,supported
0.5-1,15979,False,-0.3040785083147654,supported
0.5-1,15980,False,-0.2621663398153601,supported
0.5-1,15981,False,-0.310147674145897,supported
0.5-1,15982,False,-0.15276061052781564,supported
0.5-1,15983,False,-0.15321493291101052,supported
0.5-1,15984,False,-0.26317365583398866,supported
0.5-1,15985,False,-0.26516007480432097,supported
0.5-1,15986,False,-0.024849561870468828,supported
0.5-1,15987,False,-0.07809177279480317,supported
0.5-1,15988,False,-0.307121001991931,supported
0.5-1,15989,False,-0.08573920110137989,supported
0.5-1,15990,False,-0.1393167263725451,supported
0.5-1,15991,False,-0.31227908791196507,supported
0.5-1,15992,False,-0.003896527298114405,moderate
0.5-1,15993,False,-0.29930683544074005,supported
0.5-1,15994,False,-0.31215895649486686,supported
0.5-1,15995,False,-0.29609663063008074,supported
0.5-1,15996,True,0.004900220945141864,moderate
0.5-1,15997,True,0.0032832703284315645,moderate
0.5-1,15998,True,0.003810493718345853,moderate
0.5-1,15999,False,-0.05285006972043338,moderate
0.5-1,16000,False,-0.2965393787191206,supported
0.5-1,16001,False,-0.31060898527202835,supported
0.5-1,16002,False,-0.03177691075939659,supported
0.5-1,16003,False,-0.25598464588303677,supported
0.5-1,16004,False,-0.3192141415682377,supported
0.5-1,16005,False,-0.0920742836583699,supported
0.5-1,16006,False,-0.2924357740691675,supported
0.5-1,16007,False,-0.3033469067489427,supported
0.5-1,16008,False,-0.24767930244137487,supported
0.5-1,16009,False,-0.278932131873806,supported
0.5-1,16010,False,-0.15283457473284046,supported
0.5-1,16011,False,-0.12188054212230304,supported
0.5-1,16012,False,-0.25618938217084747,supported
0.5-1,16013,False,-0.25876148040735836,supported
0.5-1,16014,False,-0.027263727108443825,supported
0.5-1,16015,False,-0.08985519856736668,supported
0.5-1,16016,False,-0.31059199175914404,supported
0.5-1,16017,False,-0.08053237810128688,supported
0.5-1,16018,False,-0.14849943164902935,supported
0.5-1,16019,False,-0.30438397517717203,supported
0.5-1,16020,False,-0.30615235907192573,supported
0.5-1,16021,False,-0.1854979673596222,supported
0.5-1,16022,False,-0.3098954157173281,supported
0.5-1,16023,False,-0.30529739481342894,supported
0.5-1,16024,False,-0.1047630072622634,watch
0.5-1,16025,False,-0.0751079902555134,watch
0.5-1,16026,False,-0.10385148955622947,watch
0.5-1,16027,False,-0.11075403826335461,watch
0.5-1,16028,False,-0.3049561891230565,supported
0.5-1,16029,False,-0.2749987604293637,supported
0.5-1,16030,False,-0.028541120159976785,supported
0.5-1,16031,False,-0.256654564918516,supported
0.5-1,16032,False,-0.2977837806794834,supported
0.5-1,16033,False,-0.10263428723183399,supported
0.5-1,16034,False,-0.30520387487079514,supported
0.5-1,16035,False,-0.30145088033959083,supported
0.5-1,16036,False,-0.2427540434075462,supported
0.5-1,16037,False,-0.2846824133082147,supported
0.5-1,16038,False,-0.16006539424622157,supported
0.5-1,16039,False,-0.17241420051565148,supported
0.5-1,16040,False,-0.23752488593734594,supported
0.5-1,16041,False,-0.15353069399852282,supported
0.5-1,16042,False,-0.06697702400241146,supported
0.5-1,16043,False,-0.12366828994707457,supported
0.5-1,16044,False,-0.2996736968562099,supported
0.5-1,16045,False,-0.1314572736012265,supported
0.5-1,16046,False,-0.1521387321030514,supported
0.5-1,16047,False,-0.2849617978522944,supported
0.5-1,16048,False,-0.30134171803949655,supported
0.5-1,16049,False,-0.273811845387137,supported
0.5-1,16050,False,-0.19455924333865637,supported
0.5-1,16051,False,-0.0903038432910429,supported
0.5-1,16052,False,-0.12634051658042111,supported
0.5-1,16053,False,-0.12859412240787282,supported
0.5-1,16054,False,-0.1263496516085385,supported
0.5-1,16055,False,-0.14103914202439527,supported
0.5-1,16056,False,-0.3146460882684252,supported
0.5-1,16057,False,-0.29414587699430456,supported
0.5-1,16058,False,-0.0746152874647058,supported
0.5-1,16059,False,-0.16350153065795803,supported
0.5-1,16060,False,-0.287740893549871,supported
0.5-1,16061,False,-0.10857860338882874,supported
0.5-1,16062,False,-0.2617622620528566,supported
0.5-1,16063,False,-0.24715455657849272,supported
0.5-1,16064,False,-0.21945783077952802,supported
0.5-1,16065,False,-0.19316732657921626,supported
0.5-1,16066,False,-0.1574312012482536,supported
0.5-1,16067,False,-0.15395090483734974,supported
0.5-1,16068,False,-0.20848514638487153,supported
0.5-1,16069,False,-0.1560743480345662,supported
0.5-1,16070,False,-0.05913836638489267,supported
0.5-1,16071,False,-0.09102661304811521,supported
0.5-1,16072,False,-0.18109138861456897,supported
0.5-1,16073,False,-0.1425746881529496,supported
0.5-1,16074,False,-0.14535661972135994,supported
0.5-1,16075,False,-0.23492070400811627,supported
0.5-1,16076,False,-0.18721076246663282,supported
0.5-1,16077,False,-0.2160857752683339,supported
0.5-1,16078,False,-0.24771094054620463,supported
0.5-1,16079,False,-0.21413856522852925,supported
0.5-1,16080,False,-0.1415023787470464,supported
0.5-1,16081,False,-0.14592097637491552,supported
0.5-1,16082,False,-0.15131262261452438,supported
0.5-1,16083,False,-0.14291229554736973,supported
0.5-1,16084,False,-0.21019341739617836,supported
0.5-1,16085,False,-0.2616359183622304,supported
0.5-1,16086,False,-0.06737834988400537,supported
0.5-1,16087,False,-0.17890131320055902,supported
0.5-1,16088,False,-0.21078101434144858,supported
0.5-1,16089,False,-0.08878264935162383,supported
0.5-1,16090,False,-0.22788010502446387,supported
0.5-1,16091,False,-0.16364395937670562,supported
0.5-1,16092,False,-0.18702363120377313,supported
0.5-1,16093,False,-0.18555942980284423,supported
0.5-1,16094,False,-0.11626352940598705,supported
0.5-1,16095,False,-0.12637175076826013,supported
0.5-1,16096,False,-0.17240622768592018,supported
0.5-1,16097,False,-0.15110618413195342,supported
0.5-1,16098,False,-0.05056853657606919,supported
0.5-1,16099,False,-0.07443321881260467,supported
0.5-1,16100,False,-0.21660128571863846,supported
0.5-1,16101,False,-0.1261039859457851,supported
0.5-1,16102,False,-0.12636678908384358,supported
0.5-1,16103,False,-0.1709121658675108,supported
0.5-1,16104,False,-0.13761150248405485,supported
0.5-1,16105,False,-0.12748556527412158,supported
0.5-1,16106,False,-0.1508787791237024,supported
0.5-1,16107,False,-0.11410397877876866,supported
0.5-1,16108,False,-0.21561495692899002,supported
0.5-1,16109,False,-0.12078879431046496,supported
0.5-1,16110,False,-0.18570803052685303,supported
0.5-1,16111,False,-0.16397340246903536,supported
0.5-1,16112,False,-0.11398373526876326,supported
0.5-1,16113,False,-0.13650932566751295,supported
0.5-1,16114,False,-0.13963664630890382,supported
0.5-1,16115,False,-0.1198317079573975,supported
0.5-1,16116,False,-0.21639905297722173,supported
0.5-1,16117,False,-0.16046251902575992,supported
0.5-1,16118,False,-0.06579843188637235,supported
0.5-1,16119,False,-0.1571613758214786,supported
0.5-1,16120,False,-0.21102304577295633,supported
0.5-1,16121,False,-0.07042484294362872,supported
0.5-1,16122,False,-0.12342328683976822,supported
0.5-1,16123,False,-0.14853817776228473,supported
0.5-1,16124,False,-0.12214362573166426,supported
0.5-1,16125,False,-0.21318747083256567,supported
0.5-1,16126,False,-0.1172333506085722,supported
0.5-1,16127,False,-0.14606617572894942,supported
0.5-1,16128,False,-0.2693080789409048,supported
0.5-1,16129,False,-0.2698675763206527,supported
0.5-1,16130,False,-0.2709254130891899,supported
0.5-1,16131,False,-0.2486517924885559,supported
0.5-1,16132,False,-0.20359293821271185,supported
0.5-1,16133,False,-0.24379046567735885,supported
0.5-1,16134,False,-0.2383173676420311,supported
0.5-1,16135,False,-0.234324879678046,supported
0.5-1,16136,False,-0.27887900482866634,supported
0.5-1,16137,False,-0.26084120513132747,supported
0.5-1,16138,False,-0.2722838121327529,supported
0.5-1,16139,False,-0.2727510998623122,supported
0.5-1,16140,False,-0.2682728077658,supported
0.5-1,16141,False,-0.28893037978717073,supported
0.5-1,16142,False,-0.293662232027037,supported
0.5-1,16143,False,-0.26776789732316564,supported
0.5-1,16144,False,-0.31638999030323733,supported
0.5-1,16145,False,-0.29486485869970197,supported
0.5-1,16146,False,-0.15770646333269667,supported
0.5-1,16147,False,-0.22308701806520193,supported
0.5-1,16148,False,-0.3104916686438225,supported
0.5-1,16149,False,-0.2646746433511817,supported
0.5-1,16150,False,-0.31539978914899736,supported
0.5-1,16151,False,-0.30053641757562377,supported
0.5-1,16152,False,-0.10046157013844059,watch
0.5-1,16153,False,-0.29217012458754715,supported
0.5-1,16154,False,-0.3044082803241205,supported
0.5-1,16155,False,-0.2933469469465625,supported
0.5-1,16156,False,-0.264916687489619,supported
0.5-1,16157,False,-0.2618469345565052,supported
0.5-1,16158,False,-0.2524994088249287,supported
0.5-1,16159,False,-0.26456639481647903,supported
0.5-1,16160,False,-0.22736545913454592,supported
0.5-1,16161,False,-0.2064280329240356,supported
0.5-1,16162,False,-0.2361163499868002,supported
0.5-1,16163,False,-0.21092895185030097,supported
0.5-1,16164,False,-0.29501727032666814,supported
0.5-1,16165,False,-0.28779190269449567,supported
0.5-1,16166,False,-0.293500050599368,supported
0.5-1,16167,False,-0.277187372479994,supported
0.5-1,16168,False,-0.2935454216993951,supported
0.5-1,16169,False,-0.2628829810750403,supported
0.5-1,16170,False,-0.28792746277589426,supported
0.5-1,16171,False,-0.27918968120199,supported
0.5-1,16172,False,-0.3176817034752716,supported
0.5-1,16173,False,-0.29659393051645144,supported
0.5-1,16174,False,-0.20225208219559576,watch
0.5-1,16175,False,-0.2707537537211197,supported
0.5-1,16176,False,-0.29425625884380924,supported
0.5-1,16177,False,-0.27453468100536,supported
0.5-1,16178,False,-0.3053562891997111,supported
0.5-1,16179,False,-0.2948492878686274,supported
0.5-1,16180,False,-0.2101276706288157,watch
0.5-1,16181,False,-0.27776772097773644,supported
0.5-1,16182,False,-0.29428848149313985,supported
0.5-1,16183,False,-0.2825073399871799,supported
0.5-1,16184,False,-0.2465862791127984,supported
0.5-1,16185,False,-0.2728499065012016,supported
0.5-1,16186,False,-0.24124570623362585,supported
0.5-1,16187,False,-0.2508357336350005,supported
0.5-1,16188,False,-0.2361725670213749,supported
0.5-1,16189,False,-0.19166056607151205,supported
0.5-1,16190,False,-0.23982782238991956,supported
0.5-1,16191,False,-0.22485053798763055,supported
0.5-1,16192,False,-0.2890239686645672,supported
0.5-1,16193,False,-0.2884610217392324,supported
0.5-1,16194,False,-0.2922306002222589,supported
0.5-1,16195,False,-0.27047656340086806,supported
0.5-1,16196,False,-0.3046664668386733,supported
0.5-1,16197,False,-0.2793418033274619,supported
0.5-1,16198,False,-0.27044529087824964,supported
0.5-1,16199,False,-0.2940455147190695,supported
0.5-1,16200,False,-0.31677462592603695,supported
0.5-1,16201,False,-0.0949600392687433,supported
0.5-1,16202,False,-0.20519861494034375,watch
0.5-1,16203,False,-0.2636835161216532,supported
0.5-1,16204,False,-0.2974859058925627,supported
0.5-1,16205,False,-0.2623105978822739,supported
0.5-1,16206,False,-0.30600646986280594,supported
0.5-1,16207,False,-0.28175477637032376,supported
0.5-1,16208,False,-0.2403642599209888,supported
0.5-1,16209,False,-0.28305866230694754,supported
0.5-1,16210,False,-0.29123834848478186,supported
0.5-1,16211,False,-0.2839883169256617,supported
0.5-1,16212,False,-0.2416765461334901,supported
0.5-1,16213,False,-0.2704919283310852,supported
0.5-1,16214,False,-0.2544918667356663,supported
0.5-1,16215,False,-0.26291576486995283,supported
0.5-1,16216,False,-0.23256649762060494,supported
0.5-1,16217,False,-0.21590493415720774,supported
0.5-1,16218,False,-0.22426698088322222,supported
0.5-1,16219,False,-0.22945437387235146,supported
0.5-1,16220,False,-0.2965227327305525,supported
0.5-1,16221,False,-0.29539705230493724,supported
0.5-1,16222,False,-0.29337580920209866,supported
0.5-1,16223,False,-0.27034306845589196,supported
0.5-1,16224,False,-0.2951359977091237,supported
0.5-1,16225,False,-0.27093076356994955,supported
0.5-1,16226,False,-0.26371094949092766,supported
0.5-1,16227,False,-0.2947212313742008,supported
0.5-1,16228,False,-0.29469332492992184,supported
0.5-1,16229,False,-0.29710215729324757,supported
0.5-1,16230,False,-0.23190399945629153,supported
0.5-1,16231,False,-0.2643929660737844,supported
0.5-1,16232,False,-0.2780126171650138,supported
0.5-1,16233,False,-0.2717566916474245,supported
0.5-1,16234,False,-0.30132125925332326,supported
0.5-1,16235,False,-0.27753410942659545,supported
0.5-1,16236,False,-0.2540349100554861,supported
0.5-1,16237,False,-0.2898243243064929,supported
0.5-1,16238,False,-0.285383983932035,supported
0.5-1,16239,False,-0.28953840734765407,supported
0.5-1,16240,False,-0.2598710103932743,supported
0.5-1,16241,False,-0.2769315549918122,supported
0.5-1,16242,False,-0.2663333462995007,supported
0.5-1,16243,False,-0.27218183864367246,supported
0.5-1,16244,False,-0.2580463741680499,supported
0.5-1,16245,False,-0.2284827288740871,supported
0.5-1,16246,False,-0.23091687016013396,supported
0.5-1,16247,False,-0.248823764823758,supported
0.5-1,16248,False,-0.2889534392978797,supported
0.5-1,16249,False,-0.29541611047806815,supported
0.5-1,16250,False,-0.2910560548168966,supported
0.5-1,16251,False,-0.2797277419212598,supported
0.5-1,16252,False,-0.30205761267486786,supported
0.5-1,16253,False,-0.25925365538401385,supported
0.5-1,16254,False,-0.28261642839680506,supported
0.5-1,16255,False,-0.30891407682275956,supported
0.5-1,16256,False,-0.30376465217387577,supported
0.5-1,16257,False,-0.31009678047253,supported
0.5-1,16258,False,-0.25822882150550325,supported
0.5-1,16259,False,-0.2698295800985614,supported
0.5-1,16260,False,-0.2968771541149844,supported
0.5-1,16261,False,-0.2730888964375037,supported
0.5-1,16262,False,-0.3095090198178654,supported
0.5-1,16263,False,-0.27043503723632406,supported
0.5-1,16264,False,-0.273927681907353,supported
0.5-1,16265,False,-0.2883270819130897,supported
0.5-1,16266,False,-0.2839023476660099,supported
0.5-1,16267,False,-0.29187173191792437,supported
0.5-1,16268,False,-0.268566644018545,supported
0.5-1,16269,False,-0.26491308699875,supported
0.5-1,16270,False,-0.26373640724197567,supported
0.5-1,16271,False,-0.2700573338923541,supported
0.5-1,16272,False,-0.25944262489458186,supported
0.5-1,16273,False,-0.24349512059986717,supported
0.5-1,16274,False,-0.23004637224056756,supported
0.5-1,16275,False,-0.2483486650432622,supported
0.5-1,16276,False,-0.2994085994005327,supported
0.5-1,16277,False,-0.30048872554840533,supported
0.5-1,16278,False,-0.2992366850011327,supported
0.5-1,16279,False,-0.2694801962930327,supported
0.5-1,16280,False,-0.28915998362147216,supported
0.5-1,16281,False,-0.3176335815952072,supported
0.5-1,16282,False,-0.29761056934560026,supported
0.5-1,16283,False,-0.3050037620471078,supported
0.5-1,16284,False,-0.2922149442372349,supported
0.5-1,16285,False,-0.31130543978636055,supported
0.5-1,16286,False,-0.2647068401366579,supported
0.5-1,16287,False,-0.26700216527643117,supported
0.5-1,16288,False,-0.2585385358628694,supported
0.5-1,16289,False,-0.2643608524071205,supported
0.5-1,16290,False,-0.3206723661271805,supported
0.5-1,16291,False,-0.2908007131101588,supported
0.5-1,16292,False,-0.2637011272253373,supported
0.5-1,16293,False,-0.30426746236028424,supported
0.5-1,16294,False,-0.28609667458592297,supported
0.5-1,16295,False,-0.28732851941092524,supported
0.5-1,16296,False,-0.26702608608206124,supported
0.5-1,16297,False,-0.24337254599511587,supported
0.5-1,16298,False,-0.25169486666473173,supported
0.5-1,16299,False,-0.25765542174811784,supported
0.5-1,16300,False,-0.23368989285333025,supported
0.5-1,16301,False,-0.2399984696334435,supported
0.5-1,16302,False,-0.22537625352157437,supported
0.5-1,16303,False,-0.24556556539199786,supported
0.5-1,16304,False,-0.2883511321008813,supported
0.5-1,16305,False,-0.2936946447584793,supported
0.5-1,16306,False,-0.297978026227623,supported
0.5-1,16307,False,-0.27399824318322674,supported
0.5-1,16308,False,-0.2803828347062186,supported
0.5-1,16309,False,-0.3138222817738373,supported
0.5-1,16310,False,-0.2927592568648194,supported
0.5-1,16311,False,-0.30342589188624686,supported
0.5-1,16312,False,-0.29521469378557386,supported
0.5-1,16313,False,-0.315411478531896,supported
0.5-1,16314,False,-0.2584054254813934,supported
0.5-1,16315,False,-0.2488642356223783,supported
0.5-1,16316,False,-0.3023457953243629,supported
0.5-1,16317,False,-0.23643185229433844,supported
0.5-1,16318,False,-0.30793896340774884,supported
0.5-1,16319,False,-0.29635645922449555,supported
0.5-1,16320,False,-0.24847538265359648,supported
0.5-1,16321,False,-0.287230726284411,supported
0.5-1,16322,False,-0.2917585920789536,supported
0.5-1,16323,False,-0.23242334243601565,supported
0.5-1,16324,False,-0.1589934301996787,supported
0.5-1,16325,False,-0.15981868456935122,supported
0.5-1,16326,False,-0.20714719300925843,supported
0.5-1,16327,False,-0.2207362487194709,supported
0.5-1,16328,False,-0.22151268136115648,supported
0.5-1,16329,False,-0.2171321332411778,supported
0.5-1,16330,False,-0.18617921811070537,supported
0.5-1,16331,False,-0.20680961276937332,supported
0.5-1,16332,False,-0.1901743642484916,supported
0.5-1,16333,False,-0.19372441534510637,supported
0.5-1,16334,False,-0.22812716485983636,supported
0.5-1,16335,False,-0.23940632782873578,supported
0.5-1,16336,False,-0.2794653643419582,supported
0.5-1,16337,False,-0.29031065517119586,supported
0.5-1,16338,False,-0.30806498433869584,supported
0.5-1,16339,False,-0.2822572027697904,supported
0.5-1,16340,False,-0.2943881286181481,supported
0.5-1,16341,False,-0.29635630363404886,supported
0.5-1,16342,False,-0.2466009983669658,supported
0.5-1,16343,False,-0.23751405057831676,supported
0.5-1,16344,False,-0.2736377032630306,supported
0.5-1,16345,False,-0.15426846591487609,supported
0.5-1,16346,False,-0.2904516012425206,supported
0.5-1,16347,False,-0.20397939215400046,supported
0.5-1,16348,False,-0.1695196330396639,supported
0.5-1,16349,False,-0.21139363896360885,supported
0.5-1,16350,False,-0.2943519833082223,supported
0.5-1,16351,False,-0.20307335821822797,supported
0.5-1,16352,False,-0.17913963138926703,supported
0.5-1,16353,False,-0.11502930857757865,supported
0.5-1,16354,False,-0.14629523456468307,supported
0.5-1,16355,False,-0.14302374800438722,supported
0.5-1,16356,False,-0.19672776630940741,supported
0.5-1,16357,False,-0.19776091534263107,supported
0.5-1,16358,False,-0.156731464464687,supported
0.5-1,16359,False,-0.19029223921728966,supported
0.5-1,16360,False,-0.21747195810015735,supported
0.5-1,16361,False,-0.2206691322431485,supported
0.5-1,16362,False,-0.22062529146421117,supported
0.5-1,16363,False,-0.210595225588336,supported
0.5-1,16364,False,-0.14868511811214757,supported
0.5-1,16365,False,-0.15411618928761173,supported
0.5-1,16366,False,-0.16503595221367218,supported
0.5-1,16367,False,-0.1549538649103709,supported
0.5-1,16368,False,-0.2955924618752417,supported
0.5-1,16369,False,-0.2479064896829804,supported
0.5-1,16370,False,-0.2774962548763392,supported
0.5-1,16371,False,-0.19210525067615414,supported
0.5-1,16372,False,-0.19951917583084872,supported
0.5-1,16373,False,-0.26095226292471674,supported
0.5-1,16374,False,-0.20190678669876339,supported
0.5-1,16375,False,-0.16288561287009273,supported
0.5-1,16376,False,-0.20956772997367373,supported
0.5-1,16377,False,-0.11813029666569808,supported
0.5-1,16378,False,-0.22613356862226802,supported
0.5-1,16379,False,-0.21913749982431674,supported
0.5-1,16380,False,-0.11168002683235789,supported
0.5-1,16381,False,-0.2205824096427954,supported
0.5-1,16382,False,-0.2131957289076783,supported
0.5-1,16383,False,-0.2174986395452998,supported
0.5-1,16384,False,-0.21751294803153443,supported
0.5-1,16385,False,-0.27371920091816054,supported
0.5-1,16386,False,-0.257548504042916,supported
0.5-1,16387,False,-0.25545234998375466,supported
0.5-1,16388,False,-0.19256713415790477,supported
0.5-1,16389,False,-0.19362893318152807,supported
0.5-1,16390,False,-0.2301803143848073,supported
0.5-1,16391,False,-0.22490028036996768,supported
0.5-1,16392,False,-0.28813732104876005,supported
0.5-1,16393,False,-0.18729048422058503,supported
0.5-1,16394,False,-0.304385339263473,supported
0.5-1,16395,False,-0.23398999477681975,supported
0.5-1,16396,False,-0.30701708164372443,supported
0.5-1,16397,False,-0.3033189841871335,supported
0.5-1,16398,False,-0.31573843914179,supported
0.5-1,16399,False,-0.31459727060637527,supported
0.5-1,16400,False,-0.29534594917991275,supported
0.5-1,16401,False,-0.3177532058914046,supported
0.5-1,16402,False,-0.19726636740108133,supported
0.5-1,16403,False,-0.22262721971348304,supported
0.5-1,16404,False,-0.3045847335962139,supported
0.5-1,16405,False,-0.2470608296348783,supported
0.5-1,16406,False,-0.30958300580587744,supported
0.5-1,16407,False,-0.29104181177745564,supported
0.5-1,16408,False,-0.12148053027306249,watch
0.5-1,16409,False,-0.30584434469971394,supported
0.5-1,16410,False,-0.294612944383511,supported
0.5-1,16411,False,-0.308460034629519,supported
0.5-1,16412,False,-0.24647168983110496,supported
0.5-1,16413,False,-0.2546920255917791,supported
0.5-1,16414,False,-0.24065290060301198,supported
0.5-1,16415,False,-0.27632565489499855,supported
0.5-1,16416,False,-0.24679169343329643,supported
0.5-1,16417,False,-0.21768860352248476,supported
0.5-1,16418,False,-0.23232535855556152,supported
0.5-1,16419,False,-0.21680053687368256,supported
0.5-1,16420,False,-0.29179633955080564,supported
0.5-1,16421,False,-0.29282079131585237,supported
0.5-1,16422,False,-0.29879034561760237,supported
0.5-1,16423,False,-0.29394934291765173,supported
0.5-1,16424,False,-0.30725080047477804,supported
0.5-1,16425,False,-0.30489055362231743,supported
0.5-1,16426,False,-0.3149839375266293,supported
0.5-1,16427,False,-0.30450402792650394,supported
0.5-1,16428,False,-0.31680909915202826,supported
0.5-1,16429,False,-0.31100223612638056,supported
0.5-1,16430,False,-0.16616292170503577,watch
0.5-1,16431,False,-0.2741372714248776,supported
0.5-1,16432,False,-0.30500196950464914,supported
0.5-1,16433,False,-0.26391625945163416,supported
0.5-1,16434,False,-0.3053726381840238,supported
0.5-1,16435,False,-0.29713018049160694,supported
0.5-1,16436,False,-0.11198651870411147,watch
0.5-1,16437,False,-0.3085532461690695,supported
0.5-1,16438,False,-0.30137819315126335,supported
0.5-1,16439,False,-0.2927873014513729,supported
0.5-1,16440,False,-0.24632031689825018,supported
0.5-1,16441,False,-0.2609180516425992,supported
0.5-1,16442,False,-0.24211006686071368,supported
0.5-1,16443,False,-0.2548430723330453,supported
0.5-1,16444,False,-0.22917984083588783,supported
0.5-1,16445,False,-0.2167333353890899,supported
0.5-1,16446,False,-0.2268449909413479,supported
0.5-1,16447,False,-0.21381225959943667,supported
0.5-1,16448,False,-0.29264220180645917,supported
0.5-1,16449,False,-0.29755700121166034,supported
0.5-1,16450,False,-0.3115613475095414,supported
0.5-1,16451,False,-0.29175401691013025,supported
0.5-1,16452,False,-0.3035063173341912,supported
0.5-1,16453,False,-0.30176699430792964,supported
0.5-1,16454,False,-0.309227090296082,supported
0.5-1,16455,False,-0.28994423343115905,supported
0.5-1,16456,False,-0.3001714674897573,supported
0.5-1,16457,False,-0.3018636579967183,supported
0.5-1,16458,False,-0.20048760614743844,watch
0.5-1,16459,False,-0.26320469721314516,supported
0.5-1,16460,False,-0.30095047857587914,supported
0.5-1,16461,False,-0.26838468731496967,supported
0.5-1,16462,False,-0.2983983199598185,supported
0.5-1,16463,False,-0.2917559169166955,supported
0.5-1,16464,False,-0.2149378376444615,supported
0.5-1,16465,False,-0.2965749545642959,supported
0.5-1,16466,False,-0.29451763244612017,supported
0.5-1,16467,False,-0.2876901709115902,supported
0.5-1,16468,False,-0.23957318050530158,supported
0.5-1,16469,False,-0.26272304764985954,supported
0.5-1,16470,False,-0.2589591477972256,supported
0.5-1,16471,False,-0.2653846585017088,supported
0.5-1,16472,False,-0.24103603641607302,supported
0.5-1,16473,False,-0.21583163613695272,supported
0.5-1,16474,False,-0.2301004217122432,supported
0.5-1,16475,False,-0.2120712302995474,supported
0.5-1,16476,False,-0.30043989070218297,supported
0.5-1,16477,False,-0.29647560043585,supported
0.5-1,16478,False,-0.30579902637478046,supported
0.5-1,16479,False,-0.2998752382062279,supported
0.5-1,16480,False,-0.29528971475969884,supported
0.5-1,16481,False,-0.30998920419703807,supported
0.5-1,16482,False,-0.31602208580998686,supported
0.5-1,16483,False,-0.3175427721184492,supported
0.5-1,16484,False,-0.2872064626653574,supported
0.5-1,16485,False,-0.30730359016043085,supported
0.5-1,16486,False,-0.2077486458518561,supported
0.5-1,16487,False,-0.27428946153922124,supported
0.5-1,16488,False,-0.31023998521747015,supported
0.5-1,16489,False,-0.27739465608789665,supported
0.5-1,16490,False,-0.30990005977053225,supported
0.5-1,16491,False,-0.2905013910208279,supported
0.5-1,16492,False,-0.2526670739660971,supported
0.5-1,16493,False,-0.2909464723682117,supported
0.5-1,16494,False,-0.29011855115111296,supported
0.5-1,16495,False,-0.2936129987734903,supported
0.5-1,16496,False,-0.2558968949678655,supported
0.5-1,16497,False,-0.27590813605876247,supported
0.5-1,16498,False,-0.27000277065203826,supported
0.5-1,16499,False,-0.26119186065458444,supported
0.5-1,16500,False,-0.24724104719290724,supported
0.5-1,16501,False,-0.22539354729369726,supported
0.5-1,16502,False,-0.24135256393701293,supported
0.5-1,16503,False,-0.24555866224653317,supported
0.5-1,16504,False,-0.2984825166238139,supported
0.5-1,16505,False,-0.2985239889088358,supported
0.5-1,16506,False,-0.3143369405885532,supported
0.5-1,16507,False,-0.3025349468242561,supported
0.5-1,16508,False,-0.3153638796996001,supported
0.5-1,16509,False,-0.31548449593008177,supported
0.5-1,16510,False,-0.30139947271609235,supported
0.5-1,16511,False,-0.3086291529997625,supported
0.5-1,16512,False,-0.29170471648345686,supported
0.5-1,16513,False,-0.3114847786942437,supported
0.5-1,16514,False,-0.2576163661572564,supported
0.5-1,16515,False,-0.27488774187474346,supported
0.5-1,16516,False,-0.30298655733114893,supported
0.5-1,16517,False,-0.2702095214344427,supported
0.5-1,16518,False,-0.31718904029676137,supported
0.5-1,16519,False,-0.2713220211306793,supported
0.5-1,16520,False,-0.28014463600572076,supported
0.5-1,16521,False,-0.2924996905918508,supported
0.5-1,16522,False,-0.29454837376475995,supported
0.5-1,16523,False,-0.2961454697868789,supported
0.5-1,16524,False,-0.26935028210368767,supported
0.5-1,16525,False,-0.26959038355763465,supported
0.5-1,16526,False,-0.25097708613370806,supported
0.5-1,16527,False,-0.27372948677304415,supported
0.5-1,16528,False,-0.24559580706006473,supported
0.5-1,16529,False,-0.24855105404879996,supported
0.5-1,16530,False,-0.2533567273314341,supported
0.5-1,16531,False,-0.24312020981968718,supported
0.5-1,16532,False,-0.31018309222558893,supported
0.5-1,16533,False,-0.30382482138626077,supported
0.5-1,16534,False,-0.30302105523952966,supported
0.5-1,16535,False,-0.2929005495044319,supported
0.5-1,16536,False,-0.29929950424861923,supported
0.5-1,16537,False,-0.3216290004017619,supported
0.5-1,16538,False,-0.30969355243507235,supported
0.5-1,16539,False,-0.27533086134907503,supported
0.5-1,16540,False,-0.2579646744393507,supported
0.5-1,16541,False,-0.3212732691634567,supported
0.5-1,16542,False,-0.2752781519352736,supported
0.5-1,16543,False,-0.2736322961989585,supported
0.5-1,16544,False,-0.29208833005035906,supported
0.5-1,16545,False,-0.26427236457280534,supported
0.5-1,16546,False,-0.22449135379260898,supported
0.5-1,16547,False,-0.27124260001287587,supported
0.5-1,16548,False,-0.27189530559340297,supported
0.5-1,16549,False,-0.2960215371747445,supported
0.5-1,16550,False,-0.28196776438107807,supported
0.5-1,16551,False,-0.2930242972562215,supported
0.5-1,16552,False,-0.25239073218350466,supported
0.5-1,16553,False,-0.2510243311772282,supported
0.5-1,16554,False,-0.25164158639097284,supported
0.5-1,16555,False,-0.26467335990287655,supported
0.5-1,16556,False,-0.2473962754236727,supported
0.5-1,16557,False,-0.25099017730461365,supported
0.5-1,16558,False,-0.2281013438579404,supported
0.5-1,16559,False,-0.24048665734533453,supported
0.5-1,16560,False,-0.29597603513141196,supported
0.5-1,16561,False,-0.28409158228208053,supported
0.5-1,16562,False,-0.31029871077168775,supported
0.5-1,16563,False,-0.29712222824182033,supported
0.5-1,16564,False,-0.3074089879945989,supported
0.5-1,16565,False,-0.3030332776879601,supported
0.5-1,16566,False,-0.0979319106599077,supported
0.5-1,16567,False,-0.2748356200991829,supported
0.5-1,16568,False,-0.2639235676126455,supported
0.5-1,16569,False,-0.3115109909803199,supported
0.5-1,16570,False,-0.25800444088761204,supported
0.5-1,16571,False,-0.2475597740984098,supported
0.5-1,16572,False,-0.2945414182625951,supported
0.5-1,16573,False,-0.19110076540070559,supported
0.5-1,16574,False,-0.32211422550318225,supported
0.5-1,16575,False,-0.20675245307314838,supported
0.5-1,16576,False,-0.2416292838377041,supported
0.5-1,16577,False,-0.2980491798735218,supported
0.5-1,16578,False,-0.2830152206790998,supported
0.5-1,16579,False,-0.283959517219088,supported
0.5-1,16580,False,-0.22397911334816695,supported
0.5-1,16581,False,-0.13436486940005155,supported
0.5-1,16582,False,-0.21109887793428644,supported
0.5-1,16583,False,-0.20221535595986706,supported
0.5-1,16584,False,-0.21751652820740175,supported
0.5-1,16585,False,-0.2256271680745226,supported
0.5-1,16586,False,-0.18929224383302046,supported
0.5-1,16587,False,-0.19845310646373876,supported
0.5-1,16588,False,-0.1965830444167025,supported
0.5-1,16589,False,-0.23663904363361088,supported
0.5-1,16590,False,-0.29431529769283,supported
0.5-1,16591,False,-0.2455719879323791,supported
0.5-1,16592,False,-0.31594742802215975,supported
0.5-1,16593,False,-0.23484433382087888,supported
0.5-1,16594,False,-0.3013757014227751,supported
0.5-1,16595,False,-0.2621220069386501,supported
0.5-1,16596,False,-0.2734671732220983,supported
0.5-1,16597,False,-0.2973676330231234,supported
0.5-1,16598,False,-0.23316075145359394,supported
0.5-1,16599,False,-0.20805651391383262,supported
0.5-1,16600,False,-0.2682471363050988,supported
0.5-1,16601,False,-0.1615042618742506,supported
0.5-1,16602,False,-0.2905723485826836,supported
0.5-1,16603,False,-0.21547298571052625,supported
0.5-1,16604,False,-0.19592601137021975,supported
0.5-1,16605,False,-0.21614815070411963,supported
0.5-1,16606,False,-0.21320011873635092,supported
0.5-1,16607,False,-0.21786619451149336,supported
0.5-1,16608,False,-0.1950851157206157,supported
0.5-1,16609,False,-0.11746286957124796,supported
0.5-1,16610,False,-0.1356596591200966,supported
0.5-1,16611,False,-0.15816667573606913,supported
0.5-1,16612,False,-0.20073343648458392,supported
0.5-1,16613,False,-0.20230598960922042,supported
0.5-1,16614,False,-0.10796293587124384,supported
0.5-1,16615,False,-0.19232300732432145,supported
0.5-1,16616,False,-0.22345975100223103,supported
0.5-1,16617,False,-0.21122964934764776,supported
0.5-1,16618,False,-0.22186217853014412,supported
0.5-1,16619,False,-0.22477731892388475,supported
0.5-1,16620,False,-0.1466849237615523,supported
0.5-1,16621,False,-0.16070732211332894,supported
0.5-1,16622,False,-0.1664140927482809,supported
0.5-1,16623,False,-0.15333519776912985,supported
0.5-1,16624,False,-0.21802675997534476,supported
0.5-1,16625,False,-0.1667456502777127,supported
0.5-1,16626,False,-0.2541882883119804,supported
0.5-1,16627,False,-0.19962525265037018,supported
0.5-1,16628,False,-0.2071812224700374,supported
0.5-1,16629,False,-0.2044111628237819,supported
0.5-1,16630,False,-0.1819478686852014,supported
0.5-1,16631,False,-0.15576663091535148,supported
0.5-1,16632,False,-0.19052930238173332,supported
0.5-1,16633,False,-0.10437795013168649,supported
0.5-1,16634,False,-0.16279862845233617,supported
0.5-1,16635,False,-0.21416340131084532,supported
0.5-1,16636,False,-0.1516099845734178,supported
0.5-1,16637,False,-0.2182933251643367,supported
0.5-1,16638,False,-0.21820807858533087,supported
0.5-1,16639,False,-0.20796607648702814,supported
0.5-1,16640,False,-0.08471044027108443,supported
0.5-1,16641,False,-0.27817000019961036,supported
0.5-1,16642,False,-0.2613388637803644,supported
0.5-1,16643,False,-0.23849252309201185,supported
0.5-1,16644,False,-0.18612293015059628,supported
0.5-1,16645,False,-0.1885454656532718,supported
0.5-1,16646,False,-0.2285875935685256,supported
0.5-1,16647,False,-0.21666207283013622,supported
0.5-1,16648,False,-0.3006530732857771,supported
0.5-1,16649,False,-0.265684102791981,supported
0.5-1,16650,False,-0.2973266459785048,supported
0.5-1,16651,False,-0.2560860594772186,supported
0.5-1,16652,False,-0.18585372816604095,supported
0.5-1,16653,False,-0.30777793448618807,supported
0.5-1,16654,False,-0.23040196505624627,supported
0.5-1,16655,False,-0.31923479321975107,supported
0.5-1,16656,False,-0.2394085795040123,supported
0.5-1,16657,False,-0.29949630641684616,supported
0.5-1,16658,False,-0.20279100902092284,supported
0.5-1,16659,False,-0.22199621480989962,supported
0.5-1,16660,False,-0.29796866139856243,supported
0.5-1,16661,False,-0.24201068656702074,supported
0.5-1,16662,False,-0.30886545022029244,supported
0.5-1,16663,False,-0.27336964635710925,supported
0.5-1,16664,False,-0.21746354200703316,supported
0.5-1,16665,False,-0.30066780405147225,supported
0.5-1,16666,False,-0.2954463248968485,supported
0.5-1,16667,False,-0.31353580667090003,supported
0.5-1,16668,False,-0.26255460017461885,supported
0.5-1,16669,False,-0.2612829994569479,supported
0.5-1,16670,False,-0.2516435423467402,supported
0.5-1,16671,False,-0.27099430269753233,supported
0.5-1,16672,False,-0.2306202204298744,supported
0.5-1,16673,False,-0.22881895167954003,supported
0.5-1,16674,False,-0.22962372343685955,supported
0.5-1,16675,False,-0.22318782307823454,supported
0.5-1,16676,False,-0.3006387622015376,supported
0.5-1,16677,False,-0.30012763736203185,supported
0.5-1,16678,False,-0.30766225241344747,supported
0.5-1,16679,False,-0.3044746497133825,supported
0.5-1,16680,False,-0.3000334384910202,supported
0.5-1,16681,False,-0.30492457160811837,supported
0.5-1,16682,False,-0.31759911801808316,supported
0.5-1,16683,False,-0.30667091455126955,supported
0.5-1,16684,False,-0.31179594483476525,supported
0.5-1,16685,False,-0.30047504280626286,supported
0.5-1,16686,False,-0.2251576031196339,supported
0.5-1,16687,False,-0.25020822248827856,supported
0.5-1,16688,False,-0.2983566419108494,supported
0.5-1,16689,False,-0.2590819293536736,supported
0.5-1,16690,False,-0.28153125666358836,supported
0.5-1,16691,False,-0.29766210945501287,supported
0.5-1,16692,False,-0.20164258343575475,watch
0.5-1,16693,False,-0.3044998805951972,supported
0.5-1,16694,False,-0.29816217847858334,supported
0.5-1,16695,False,-0.2991916288252619,supported
0.5-1,16696,False,-0.2530778733371416,supported
0.5-1,16697,False,-0.2624973689389153,supported
0.5-1,16698,False,-0.24146282659950985,supported
0.5-1,16699,False,-0.2501751639046507,supported
0.5-1,16700,False,-0.22821503375743862,supported
0.5-1,16701,False,-0.23711948945002442,supported
0.5-1,16702,False,-0.19514595250393624,supported
0.5-1,16703,False,-0.2320011116450219,supported
0.5-1,16704,False,-0.2958052079253006,supported
0.5-1,16705,False,-0.2964944326968606,supported
0.5-1,16706,False,-0.30874307571026943,supported
0.5-1,16707,False,-0.30742197577485303,supported
0.5-1,16708,False,-0.3110730872903019,supported
0.5-1,16709,False,-0.2994535187203774,supported
0.5-1,16710,False,-0.30511029019543195,supported
0.5-1,16711,False,-0.29506104066779326,supported
0.5-1,16712,False,-0.3176599268470967,supported
0.5-1,16713,False,-0.3139190184818001,supported
0.5-1,16714,False,-0.20152647450669858,watch
0.5-1,16715,False,-0.26674780457607156,supported
0.5-1,16716,False,-0.3011793676830816,supported
0.5-1,16717,False,-0.2681321524323277,supported
0.5-1,16718,False,-0.31889469471582366,supported
0.5-1,16719,False,-0.2941923685125224,supported
0.5-1,16720,False,-0.2102913211424104,supported
0.5-1,16721,False,-0.3113305614632485,supported
0.5-1,16722,False,-0.2986372627850079,supported
0.5-1,16723,False,-0.29243119864233125,supported
0.5-1,16724,False,-0.24096552170647084,supported
0.5-1,16725,False,-0.26217254492729014,supported
0.5-1,16726,False,-0.2587328753544125,supported
0.5-1,16727,False,-0.2612237649555561,supported
0.5-1,16728,False,-0.21641229668715228,supported
0.5-1,16729,False,-0.2220394045714515,supported
0.5-1,16730,False,-0.24039956012972563,supported
0.5-1,16731,False,-0.21207977159095726,supported
0.5-1,16732,False,-0.30375263191424673,supported
0.5-1,16733,False,-0.2941151250456024,supported
0.5-1,16734,False,-0.3032283807770207,supported
0.5-1,16735,False,-0.3098449008950842,supported
0.5-1,16736,False,-0.30169975811133765,supported
0.5-1,16737,False,-0.3054434443395894,supported
0.5-1,16738,False,-0.3027925997686457,supported
0.5-1,16739,False,-0.30046660194047425,supported
0.5-1,16740,False,-0.2657578644261609,supported
0.5-1,16741,False,-0.28947171364679963,supported
0.5-1,16742,False,-0.2231745122854587,supported
0.5-1,16743,False,-0.27405169258325385,supported
0.5-1,16744,False,-0.28585021252491377,supported
0.5-1,16745,False,-0.269576072843256,supported
0.5-1,16746,False,-0.31499626984212287,supported
0.5-1,16747,False,-0.3000769796004438,supported
0.5-1,16748,False,-0.20775631769887448,supported
0.5-1,16749,False,-0.308507295084799,supported
0.5-1,16750,False,-0.29955759342854454,supported
0.5-1,16751,False,-0.3028048275046754,supported
0.5-1,16752,False,-0.2606841044711581,supported
0.5-1,16753,False,-0.2707800201496808,supported
0.5-1,16754,False,-0.2688188598161244,supported
0.5-1,16755,False,-0.26872841127176983,supported
0.5-1,16756,False,-0.24476503761654966,supported
0.5-1,16757,False,-0.22407948895280239,supported
0.5-1,16758,False,-0.247696513321494,supported
0.5-1,16759,False,-0.24428723276700953,supported
0.5-1,16760,False,-0.2906033194751897,supported
0.5-1,16761,False,-0.29923313541755187,supported
0.5-1,16762,False,-0.31062615302785834,supported
0.5-1,16763,False,-0.29909327865782254,supported
0.5-1,16764,False,-0.26556512289037115,supported
0.5-1,16765,False,-0.3143199734873037,supported
0.5-1,16766,False,-0.30782359679064797,supported
0.5-1,16767,False,-0.2957696190321358,supported
0.5-1,16768,False,-0.2934531285166808,supported
0.5-1,16769,False,-0.31881499183304585,supported
0.5-1,16770,False,-0.2639997654815707,supported
0.5-1,16771,False,-0.27289958861342606,supported
0.5-1,16772,False,-0.3013698890200994,supported
0.5-1,16773,False,-0.2601574043047994,supported
0.5-1,16774,False,-0.3032944925175599,supported
0.5-1,16775,False,-0.28362462480128464,supported
0.5-1,16776,False,-0.27121317629816705,supported
0.5-1,16777,False,-0.3055324314893718,supported
0.5-1,16778,False,-0.2998612712837615,supported
0.5-1,16779,False,-0.30691849997916054,supported
0.5-1,16780,False,-0.2719662748468347,supported
0.5-1,16781,False,-0.2687929693524525,supported
0.5-1,16782,False,-0.25829115958992205,supported
0.5-1,16783,False,-0.2740544517027077,supported
0.5-1,16784,False,-0.25675061465688354,supported
0.5-1,16785,False,-0.2339547409087519,supported
0.5-1,16786,False,-0.25936583227406035,supported
0.5-1,16787,False,-0.23521721233285792,supported
0.5-1,16788,False,-0.3108552818270569,supported
0.5-1,16789,False,-0.2960622164621018,supported
0.5-1,16790,False,-0.31115124924226867,supported
0.5-1,16791,False,-0.2887985318255822,supported
0.5-1,16792,False,-0.27413893614611806,supported
0.5-1,16793,False,-0.29472947495603286,supported
0.5-1,16794,False,-0.2895248280814334,supported
0.5-1,16795,False,-0.27116943107199404,supported
0.5-1,16796,False,-0.303796542802385,supported
0.5-1,16797,False,-0.2863339113928998,supported
0.5-1,16798,False,-0.27865273322746925,supported
0.5-1,16799,False,-0.26609267542322046,supported
0.5-1,16800,False,-0.24149788919431925,supported
0.5-1,16801,False,-0.258437390155621,supported
0.5-1,16802,False,-0.31583062672605905,supported
0.5-1,16803,False,-0.29761814792533803,supported
0.5-1,16804,False,-0.26057820855580144,supported
0.5-1,16805,False,-0.31552476489466846,supported
0.5-1,16806,False,-0.3050324223434388,supported
0.5-1,16807,False,-0.3049853279518221,supported
0.5-1,16808,False,-0.24756913716787637,supported
0.5-1,16809,False,-0.19456840588652569,supported
0.5-1,16810,False,-0.23244313504049052,supported
0.5-1,16811,False,-0.2651567899080502,supported
0.5-1,16812,False,-0.23127506877064463,supported
0.5-1,16813,False,-0.24615367572173924,supported
0.5-1,16814,False,-0.2388091814161798,supported
0.5-1,16815,False,-0.22973287249486174,supported
0.5-1,16816,False,-0.28373123360123514,supported
0.5-1,16817,False,-0.28549021050367124,supported
0.5-1,16818,False,-0.2907963060900958,supported
0.5-1,16819,False,-0.2831957550337381,supported
0.5-1,16820,False,-0.021019612886543748,moderate
0.5-1,16821,False,-0.3096286321311884,supported
0.5-1,16822,False,-0.31295011176318166,supported
0.5-1,16823,False,-0.2391387404078716,supported
0.5-1,16824,False,-0.2886568705381081,supported
0.5-1,16825,False,-0.22459971939093415,supported
0.5-1,16826,False,-0.2598445653102657,supported
0.5-1,16827,False,-0.2461080270023871,supported
0.5-1,16828,False,-0.27594906180117174,supported
0.5-1,16829,False,-0.24341241585217882,supported
0.5-1,16830,False,-0.30671133649993987,supported
0.5-1,16831,False,-0.2855457106136262,supported
0.5-1,16832,False,-0.2516332184793941,supported
0.5-1,16833,False,-0.2954378716945687,supported
0.5-1,16834,False,-0.28085738587122266,supported
0.5-1,16835,False,-0.2949476190578345,supported
0.5-1,16836,False,-0.21322887382179379,supported
0.5-1,16837,False,-0.15899913891079387,supported
0.5-1,16838,False,-0.18298707498061706,supported
0.5-1,16839,False,-0.15764269888609517,supported
0.5-1,16840,False,-0.20371317812805328,supported
0.5-1,16841,False,-0.22033516193829522,supported
0.5-1,16842,False,-0.1948587278663932,supported
0.5-1,16843,False,-0.18896903928311481,supported
0.5-1,16844,False,-0.1990117991545194,supported
0.5-1,16845,False,-0.21272847127424105,supported
0.5-1,16846,False,-0.20681012635540202,supported
0.5-1,16847,False,-0.20303066775151313,supported
0.5-1,16848,False,-0.2854215796153412,supported
0.5-1,16849,False,-0.2780957327006001,supported
0.5-1,16850,False,-0.29416411102076867,supported
0.5-1,16851,False,-0.24915066128510277,supported
0.5-1,16852,False,-0.280783802627575,supported
0.5-1,16853,False,-0.297486222483353,supported
0.5-1,16854,False,-0.22032862945582266,supported
0.5-1,16855,False,-0.23636264173193594,supported
0.5-1,16856,False,-0.22500482794359966,supported
0.5-1,16857,False,-0.13827540974774544,supported
0.5-1,16858,False,-0.29090998678763796,supported
0.5-1,16859,False,-0.2137404382535147,supported
0.5-1,16860,False,-0.19788694756576036,supported
0.5-1,16861,False,-0.20727117292460867,supported
0.5-1,16862,False,-0.225377301739404,supported
0.5-1,16863,False,-0.22130827986277513,supported
0.5-1,16864,False,-0.1787246296907764,supported
0.5-1,16865,False,-0.11230019683648274,supported
0.5-1,16866,False,-0.11861954689452014,supported
0.5-1,16867,False,-0.16414409799968976,supported
0.5-1,16868,False,-0.17964398693924244,supported
0.5-1,16869,False,-0.1901549577444,supported
0.5-1,16870,False,-0.09740334531424788,supported
0.5-1,16871,False,-0.14711203244105386,supported
0.5-1,16872,False,-0.2209425228237904,supported
0.5-1,16873,False,-0.2193384191445581,supported
0.5-1,16874,False,-0.2217490646507262,supported
0.5-1,16875,False,-0.21478014974296283,supported
0.5-1,16876,False,-0.14580011163921414,supported
0.5-1,16877,False,-0.1562534260149302,supported
0.5-1,16878,False,-0.15266690126285187,supported
0.5-1,16879,False,-0.15267432799004,supported
0.5-1,16880,False,-0.18949453326995513,supported
0.5-1,16881,False,-0.17139716076974454,supported
0.5-1,16882,False,-0.17490157403459927,supported
0.5-1,16883,False,-0.18603494772651769,supported
0.5-1,16884,False,-0.2619073643330181,supported
0.5-1,16885,False,-0.23016256698358478,supported
0.5-1,16886,False,-0.1618484243441234,supported
0.5-1,16887,False,-0.15672313254500714,supported
0.5-1,16888,False,-0.2040141148856962,supported
0.5-1,16889,False,-0.08948832128838247,supported
0.5-1,16890,False,-0.18047989262929343,supported
0.5-1,16891,False,-0.20608179544762534,supported
0.5-1,16892,False,-0.148911001186249,supported
0.5-1,16893,False,-0.22115763312219067,supported
0.5-1,16894,False,-0.17652187354696613,supported
0.5-1,16895,False,-0.21624800334317673,supported
0.5-1,16896,False,-0.15376331386136433,supported
0.5-1,16897,False,-0.27492280355313653,supported
0.5-1,16898,False,-0.2407112442595527,supported
0.5-1,16899,False,-0.24470916180186558,supported
0.5-1,16900,False,-0.19451766213039345,supported
0.5-1,16901,False,-0.20169865376343388,supported
0.5-1,16902,False,-0.21915160038320008,supported
0.5-1,16903,False,-0.22650926832311968,supported
0.5-1,16904,False,-0.28136670602614133,supported
0.5-1,16905,False,-0.09212528037291745,watch
0.5-1,16906,False,-0.2807327256494626,supported
0.5-1,16907,False,-0.1592580438107577,supported
0.5-1,16908,False,-0.2845231196757416,supported
0.5-1,16909,False,-0.21791055537141013,supported
0.5-1,16910,False,-0.3115740096335693,supported
0.5-1,16911,False,-0.30504052040966656,supported
0.5-1,16912,False,-0.2925592578124301,supported
0.5-1,16913,False,-0.3126478115686024,supported
0.5-1,16914,False,-0.05370661634131868,watch
0.5-1,16915,False,-0.215348836862085,supported
0.5-1,16916,False,-0.30610380623278044,supported
0.5-1,16917,False,-0.2600457910595192,supported
0.5-1,16918,False,-0.16909620635242073,supported
0.5-1,16919,False,-0.3055099172250612,supported
0.5-1,16920,False,-0.17027406283789637,supported
0.5-1,16921,False,-0.29892984634356545,supported
0.5-1,16922,False,-0.2667442708080579,supported
0.5-1,16923,False,-0.31526246153853515,supported
0.5-1,16924,False,-0.2570623559255698,supported
0.5-1,16925,False,-0.2653347347150709,supported
0.5-1,16926,False,-0.2670819400003472,supported
0.5-1,16927,False,-0.2737421009559312,supported
0.5-1,16928,False,-0.252662479814219,supported
0.5-1,16929,False,-0.22438221864559305,supported
0.5-1,16930,False,-0.2191308110269291,supported
0.5-1,16931,False,-0.2389606812616601,supported
0.5-1,16932,False,-0.31012865689872715,supported
0.5-1,16933,False,-0.29110223530677565,supported
0.5-1,16934,False,-0.2990082935790691,supported
0.5-1,16935,False,-0.30140065980441155,supported
0.5-1,16936,False,-0.3196052518301801,supported
0.5-1,16937,False,-0.3047580918419082,supported
0.5-1,16938,False,-0.1213483784825824,supported
0.5-1,16939,False,-0.3144829154071561,supported
0.5-1,16940,False,-0.30715024081480136,supported
0.5-1,16941,False,-0.27276888211783373,supported
0.5-1,16942,False,-0.22503845113273507,supported
0.5-1,16943,False,-0.2649557281465104,supported
0.5-1,16944,False,-0.30798467578057204,supported
0.5-1,16945,False,-0.2686543558617648,supported
0.5-1,16946,False,-0.31143030975111147,supported
0.5-1,16947,False,-0.29298517205711455,supported
0.5-1,16948,False,-0.20284757567387013,watch
0.5-1,16949,False,-0.3125691927987046,supported
0.5-1,16950,False,-0.3077782927557153,supported
0.5-1,16951,False,-0.3008464776343249,supported
0.5-1,16952,False,-0.24674603907670978,supported
0.5-1,16953,False,-0.26879958645126184,supported
0.5-1,16954,False,-0.2527155062699374,supported
0.5-1,16955,False,-0.2516938859032885,supported
0.5-1,16956,False,-0.21362503525116577,supported
0.5-1,16957,False,-0.23704141221026687,supported
0.5-1,16958,False,-0.2220013115556696,supported
0.5-1,16959,False,-0.2370338332919807,supported
0.5-1,16960,False,-0.3060379849845317,supported
0.5-1,16961,False,-0.29523018656471867,supported
0.5-1,16962,False,-0.3026203874202513,supported
0.5-1,16963,False,-0.3000354507554773,supported
0.5-1,16964,False,-0.3157035411021381,supported
0.5-1,16965,False,-0.2992135636783625,supported
0.5-1,16966,False,-0.31083232059411625,supported
0.5-1,16967,False,-0.2696876273874816,supported
0.5-1,16968,False,-0.2919683364894714,supported
0.5-1,16969,False,-0.2685675074245646,supported
0.5-1,16970,False,-0.20643836867913695,supported
0.5-1,16971,False,-0.2624145721092516,supported
0.5-1,16972,False,-0.29294254453762575,supported
0.5-1,16973,False,-0.2595515671567336,supported
0.5-1,16974,False,-0.3068910694582906,supported
0.5-1,16975,False,-0.2992221559808915,supported
0.5-1,16976,False,-0.21166359039795268,supported
0.5-1,16977,False,-0.3043068330540641,supported
0.5-1,16978,False,-0.3059306389596097,supported
0.5-1,16979,False,-0.2857212489166416,supported
0.5-1,16980,False,-0.23699481847990866,supported
0.5-1,16981,False,-0.2580313746442071,supported
0.5-1,16982,False,-0.2657003048249255,supported
0.5-1,16983,False,-0.2533973101296891,supported
0.5-1,16984,False,-0.1908151031381335,supported
0.5-1,16985,False,-0.2165615201577228,supported
0.5-1,16986,False,-0.2190805439095424,supported
0.5-1,16987,False,-0.23366214319621859,supported
0.5-1,16988,False,-0.3002799625316448,supported
0.5-1,16989,False,-0.29972243648389235,supported
0.5-1,16990,False,-0.3102388916008804,supported
0.5-1,16991,False,-0.30537717843730705,supported
0.5-1,16992,False,-0.30128019495005176,supported
0.5-1,16993,False,-0.3042762381987698,supported
0.5-1,16994,False,-0.3072548255515165,supported
0.5-1,16995,False,-0.284583007273688,supported
0.5-1,16996,False,-0.10942769507260286,supported
0.5-1,16997,False,-0.30663603906393816,supported
0.5-1,16998,False,-0.2081687496187553,supported
0.5-1,16999,False,-0.2666870153402571,supported
0.5-1,17000,False,-0.30539246528572794,supported
0.5-1,17001,False,-0.2591157048420665,supported
0.5-1,17002,False,-0.3140433297188814,supported
0.5-1,17003,False,-0.2974049059149995,supported
0.5-1,17004,False,-0.23150096887361915,supported
0.5-1,17005,False,-0.3073300974127826,supported
0.5-1,17006,False,-0.29146343129846247,supported
0.5-1,17007,True,0.011106138016067524,critical
0.5-1,17008,False,-0.26027017800257135,supported
0.5-1,17009,False,-0.2717328912127784,supported
0.5-1,17010,False,-0.26938410451851025,supported
0.5-1,17011,False,-0.2714393382148398,supported
0.5-1,17012,False,-0.230424900541575,supported
0.5-1,17013,False,-0.22642906247263495,supported
0.5-1,17014,False,-0.23781732442568748,supported
0.5-1,17015,False,-0.24809889163123372,supported
0.5-1,17016,False,-0.30651129195892446,supported
0.5-1,17017,False,-0.30152514253553964,supported
0.5-1,17018,False,-0.3048069028579562,supported
0.5-1,17019,False,-0.3035929429817712,supported
0.5-1,17020,False,-0.28510751340345947,supported
0.5-1,17021,False,-0.2862719251250301,supported
0.5-1,17022,False,-0.3156792418026856,supported
0.5-1,17023,False,-0.2908643697141407,supported
0.5-1,17024,False,-0.12627119302915113,supported
0.5-1,17025,False,-0.0760515336364419,supported
0.5-1,17026,False,-0.2471314679914951,supported
0.5-1,17027,False,-0.25844204824140493,supported
0.5-1,17028,False,-0.2492218350633949,supported
0.5-1,17029,False,-0.26131782983280605,supported
0.5-1,17030,False,-0.320883966265203,supported
0.5-1,17031,False,-0.2854749079150241,supported
0.5-1,17032,False,-0.27078223010355323,supported
0.5-1,17033,False,-0.3016035405691228,supported
0.5-1,17034,False,-0.30235604244585096,supported
0.5-1,17035,False,-0.3074014547917208,supported
0.5-1,17036,False,-0.2773809727178617,supported
0.5-1,17037,False,-0.2661785851020682,supported
0.5-1,17038,False,-0.2623368659405511,supported
0.5-1,17039,False,-0.26929019579388125,supported
0.5-1,17040,False,-0.24582086225588418,supported
0.5-1,17041,False,-0.2337199455617886,supported
0.5-1,17042,False,-0.2552243857747368,supported
0.5-1,17043,False,-0.23608414915050596,supported
0.5-1,17044,False,-0.3148703422948975,supported
0.5-1,17045,False,-0.30088848742526947,supported
0.5-1,17046,False,-0.31244083058210625,supported
0.5-1,17047,False,-0.2981703739884445,supported
0.5-1,17048,False,-0.2651184801861787,supported
0.5-1,17049,False,-0.32251147299514793,supported
0.5-1,17050,False,-0.3212931056487078,supported
0.5-1,17051,False,-0.2652360799532385,supported
0.5-1,17052,False,-0.26842296855162684,supported
0.5-1,17053,False,-0.3146767223608832,supported
0.5-1,17054,False,-0.26813821859115866,supported
0.5-1,17055,False,-0.26702321905679044,supported
0.5-1,17056,False,-0.269229677451704,supported
0.5-1,17057,False,-0.25844495474390944,supported
0.5-1,17058,False,-0.10730133401030595,supported
0.5-1,17059,False,-0.2841204644205755,supported
0.5-1,17060,False,-0.27377223588761884,supported
0.5-1,17061,False,-0.30578084328841615,supported
0.5-1,17062,False,-0.28713519791618447,supported
0.5-1,17063,False,-0.3037089339673319,supported
0.5-1,17064,False,-0.25209791369819157,supported
0.5-1,17065,False,-0.25025073864350283,supported
0.5-1,17066,False,-0.2222268580301101,supported
0.5-1,17067,False,-0.2544449612656726,supported
0.5-1,17068,False,-0.22598076890092023,supported
0.5-1,17069,False,-0.23648472436584267,supported
0.5-1,17070,False,-0.21580525724363198,supported
0.5-1,17071,False,-0.2317586400932557,supported
0.5-1,17072,False,-0.29752339758179214,supported
0.5-1,17073,False,-0.2782107697618864,supported
0.5-1,17074,False,-0.3007231486368598,supported
0.5-1,17075,False,-0.30287676387708,supported
0.5-1,17076,False,-0.2839898294082306,supported
0.5-1,17077,False,-0.20492232422079548,supported
0.5-1,17078,False,-0.31312097274317663,supported
0.5-1,17079,False,-0.2394647390976286,supported
0.5-1,17080,False,-0.2582400967782268,supported
0.5-1,17081,False,-0.3181722304759014,supported
0.5-1,17082,False,-0.2627839288425096,supported
0.5-1,17083,False,-0.25145642967407467,supported
0.5-1,17084,False,-0.2709665762331063,supported
0.5-1,17085,False,-0.23900564090627735,supported
0.5-1,17086,False,-0.30390114129597096,supported
0.5-1,17087,False,-0.22720995372114317,supported
0.5-1,17088,False,-0.2507520587916765,supported
0.5-1,17089,False,-0.3086317306905934,supported
0.5-1,17090,False,-0.25886068331253637,supported
0.5-1,17091,False,-0.23091614714551223,supported
0.5-1,17092,False,-0.2108745289121458,supported
0.5-1,17093,False,-0.14799687166206432,supported
0.5-1,17094,False,-0.1743289373325464,supported
0.5-1,17095,False,-0.1601805092132581,supported
0.5-1,17096,False,-0.19805240003578883,supported
0.5-1,17097,False,-0.21964234969857604,supported
0.5-1,17098,False,-0.19211165083062587,supported
0.5-1,17099,False,-0.19226786632636766,supported
0.5-1,17100,False,-0.21635683329309663,supported
0.5-1,17101,False,-0.22376534024528716,supported
0.5-1,17102,False,-0.24055527799126464,supported
0.5-1,17103,False,-0.23731104718903978,supported
0.5-1,17104,False,-0.2918733324546877,supported
0.5-1,17105,False,-0.23051606775465655,supported
0.5-1,17106,False,-0.2951997546103316,supported
0.5-1,17107,False,-0.1664592383482003,supported
0.5-1,17108,False,-0.16724397242442357,supported
0.5-1,17109,False,-0.24758421458866092,supported
0.5-1,17110,False,-0.23104328300678956,supported
0.5-1,17111,False,-0.20110910424128947,supported
0.5-1,17112,False,-0.28122856804306084,supported
0.5-1,17113,False,-0.143174034673614,supported
0.5-1,17114,False,-0.19626631317821497,supported
0.5-1,17115,False,-0.19847654820522198,supported
0.5-1,17116,False,-0.18811852089887643,supported
0.5-1,17117,False,-0.2136169109469503,supported
0.5-1,17118,False,-0.21607840039907905,supported
0.5-1,17119,False,-0.223282813496958,supported
0.5-1,17120,False,-0.17813978510726092,supported
0.5-1,17121,False,-0.10464909461053507,supported
0.5-1,17122,False,-0.11127587765868518,supported
0.5-1,17123,False,-0.1670589601866762,supported
0.5-1,17124,False,-0.17731456322644668,supported
0.5-1,17125,False,-0.18549150677185333,supported
0.5-1,17126,False,-0.10527495337573245,supported
0.5-1,17127,False,-0.14077934543498904,supported
0.5-1,17128,False,-0.22071684193869578,supported
0.5-1,17129,False,-0.21016947358976334,supported
0.5-1,17130,False,-0.2260795112638998,supported
0.5-1,17131,False,-0.2202161322056283,supported
0.5-1,17132,False,-0.13992975234569638,supported
0.5-1,17133,False,-0.16111038011852308,supported
0.5-1,17134,False,-0.15124289861115037,supported
0.5-1,17135,False,-0.13215281931924105,supported
0.5-1,17136,False,-0.20594527237622573,supported
0.5-1,17137,False,-0.14645801510862133,supported
0.5-1,17138,False,-0.1569591259078419,supported
0.5-1,17139,False,-0.20906819929882203,supported
0.5-1,17140,False,-0.1888819859365084,supported
0.5-1,17141,False,-0.16312626555510035,supported
0.5-1,17142,False,-0.17412300270515246,supported
0.5-1,17143,False,-0.16592699479193773,supported
0.5-1,17144,False,-0.20119772971151256,supported
0.5-1,17145,False,-0.0984168416666632,supported
0.5-1,17146,False,-0.14347080548880353,supported
0.5-1,17147,False,-0.19067112213132276,supported
0.5-1,17148,False,-0.1144224571873127,supported
0.5-1,17149,False,-0.2174295078970785,supported
0.5-1,17150,False,-0.18372859866967806,supported
0.5-1,17151,False,-0.20419735810497142,supported
0.5-1,17152,False,-0.04989258184421086,supported
0.5-1,17153,False,-0.27328034678084023,supported
0.5-1,17154,False,-0.2520026472871137,supported
0.5-1,17155,False,-0.23561684543853384,supported
0.5-1,17156,False,-0.20452907215573485,supported
0.5-1,17157,False,-0.2071286726567106,supported
0.5-1,17158,False,-0.24526888162636246,supported
0.5-1,17159,False,-0.23186221923234984,supported
0.5-1,17160,False,-0.1831954988016683,supported
0.5-1,17161,False,-0.1343191536866818,watch
0.5-1,17162,False,-0.30497209063078357,supported
0.5-1,17163,False,-0.09340268825457576,watch
0.5-1,17164,False,-0.2335136200102501,supported
0.5-1,17165,False,-0.3187846082740729,supported
0.5-1,17166,False,-0.24625892105369235,supported
0.5-1,17167,False,-0.29462691952540815,supported
0.5-1,17168,False,-0.06709405858186779,watch
0.5-1,17169,False,-0.2401455426795045,supported
0.5-1,17170,True,0.015330332954554104,moderate
0.5-1,17171,False,-0.24162312076303372,supported
0.5-1,17172,False,-0.2425608720779034,supported
0.5-1,17173,False,-0.2646016274982784,supported
0.5-1,17174,False,-0.28359286126986427,supported
0.5-1,17175,False,-0.2743175161653947,supported
0.5-1,17176,False,-0.17643484895659378,supported
0.5-1,17177,False,-0.29904496448819873,supported
0.5-1,17178,False,-0.27521307977386505,supported
0.5-1,17179,False,-0.30825441544524484,supported
0.5-1,17180,False,-0.2630015087565808,supported
0.5-1,17181,False,-0.2724037113664003,supported
0.5-1,17182,False,-0.25507835326321665,supported
0.5-1,17183,False,-0.27769448589793727,supported
0.5-1,17184,False,-0.24824227620521488,supported
0.5-1,17185,False,-0.23769463010728303,supported
0.5-1,17186,False,-0.2394246262880695,supported
0.5-1,17187,False,-0.2395949995710263,supported
0.5-1,17188,False,-0.3101391112861637,supported
0.5-1,17189,False,-0.28507715599588823,supported
0.5-1,17190,False,-0.2983546627105178,supported
0.5-1,17191,False,-0.29910841222842605,supported
0.5-1,17192,False,-0.3070223859948591,supported
0.5-1,17193,False,-0.2896208257178764,supported
0.5-1,17194,False,-0.3031239051860396,supported
0.5-1,17195,False,-0.3057176210466588,supported
0.5-1,17196,False,-0.31058879086302543,supported
0.5-1,17197,False,-0.17557173792680403,supported
0.5-1,17198,False,-0.05907424260437821,watch
0.5-1,17199,False,-0.267139611968188,supported
0.5-1,17200,False,-0.15122050647353824,supported
0.5-1,17201,False,-0.2695244261044248,supported
0.5-1,17202,False,-0.2954668109325182,supported
0.5-1,17203,False,-0.29740794730115644,supported
0.5-1,17204,False,-0.20956905393219627,supported
0.5-1,17205,False,-0.30194777724229827,supported
0.5-1,17206,False,-0.2881091105255574,supported
0.5-1,17207,False,-0.2989459712089929,supported
0.5-1,17208,False,-0.24085796162839934,supported
0.5-1,17209,False,-0.2674577959736965,supported
0.5-1,17210,False,-0.25472632079849383,supported
0.5-1,17211,False,-0.26498034189476094,supported
0.5-1,17212,False,-0.22699550053798312,supported
0.5-1,17213,False,-0.23235877422147533,supported
0.5-1,17214,False,-0.22773740135530207,supported
0.5-1,17215,False,-0.24031166717068536,supported
0.5-1,17216,False,-0.2986012642464209,supported
0.5-1,17217,False,-0.3030624952476249,supported
0.5-1,17218,False,-0.3008539191892261,supported
0.5-1,17219,False,-0.30143461292101836,supported
0.5-1,17220,False,-0.2848981620767747,supported
0.5-1,17221,False,-0.3038158928741349,supported
0.5-1,17222,False,-0.30351895176785526,supported
0.5-1,17223,False,-0.3096140868721427,supported
0.5-1,17224,False,-0.307621770747599,supported
0.5-1,17225,False,-0.31434102721848733,supported
0.5-1,17226,False,-0.2153192124145762,supported
0.5-1,17227,False,-0.26517154905010415,supported
0.5-1,17228,False,-0.31283452852768123,supported
0.5-1,17229,False,-0.26994822377275834,supported
0.5-1,17230,False,-0.31129815799510074,supported
0.5-1,17231,False,-0.2980687914610399,supported
0.5-1,17232,False,-0.21170352438592221,supported
0.5-1,17233,False,-0.3016572245941532,supported
0.5-1,17234,False,-0.30960862178971055,supported
0.5-1,17235,False,-0.3025342619046825,supported
0.5-1,17236,False,-0.23574818015724902,supported
0.5-1,17237,False,-0.26849159895093433,supported
0.5-1,17238,False,-0.26477227079890275,supported
0.5-1,17239,False,-0.26380985963521414,supported
0.5-1,17240,False,-0.21482041373519456,supported
0.5-1,17241,False,-0.22523717328262266,supported
0.5-1,17242,False,-0.22242501938078696,supported
0.5-1,17243,False,-0.24060452926388992,supported
0.5-1,17244,False,-0.3011584697516357,supported
0.5-1,17245,False,-0.2974443171465773,supported
0.5-1,17246,False,-0.2868825661720489,supported
0.5-1,17247,False,-0.3012424615634359,supported
0.5-1,17248,False,-0.02180700749706621,moderate
0.5-1,17249,False,-0.2977020652810236,supported
0.5-1,17250,False,-0.2838241158090017,supported
0.5-1,17251,False,-0.30706682643212535,supported
0.5-1,17252,False,-0.27206750874947017,supported
0.5-1,17253,False,-0.29164679545064676,supported
0.5-1,17254,False,-0.20977012914560306,supported
0.5-1,17255,False,-0.27233279516060216,supported
0.5-1,17256,False,-0.3189852941219337,supported
0.5-1,17257,False,-0.26356060743594717,supported
0.5-1,17258,False,-0.30994674871767536,supported
0.5-1,17259,False,-0.2991791822507042,supported
0.5-1,17260,False,-0.22264273966981318,supported
0.5-1,17261,False,-0.2913374521033536,supported
0.5-1,17262,False,-0.3021750535313039,supported
0.5-1,17263,False,-0.30754287613818565,supported
0.5-1,17264,False,-0.26430447697041487,supported
0.5-1,17265,False,-0.27383952492150293,supported
0.5-1,17266,False,-0.2693037851227269,supported
0.5-1,17267,False,-0.27195425276317575,supported
0.5-1,17268,False,-0.22591725349344627,supported
0.5-1,17269,False,-0.22556291264632933,supported
0.5-1,17270,False,-0.23678532765019433,supported
0.5-1,17271,False,-0.24081223125418577,supported
0.5-1,17272,False,-0.2864416460571736,supported
0.5-1,17273,False,-0.29433667127965685,supported
0.5-1,17274,False,-0.3100507753069444,supported
0.5-1,17275,False,-0.30365047854914423,supported
0.5-1,17276,False,-0.27324472430513197,supported
0.5-1,17277,False,-0.3158983464944919,supported
0.5-1,17278,False,-0.3134389517688409,supported
0.5-1,17279,False,-0.27645791628987587,supported
0.5-1,17280,False,-0.2769889213104214,supported
0.5-1,17281,False,-0.31447666790434736,supported
0.5-1,17282,False,-0.2355332363542043,supported
0.5-1,17283,False,-0.27693503296472344,supported
0.5-1,17284,False,-0.2893640776029701,supported
0.5-1,17285,False,-0.2675716813118629,supported
0.5-1,17286,False,-0.31069332071759515,supported
0.5-1,17287,False,-0.29569354222542826,supported
0.5-1,17288,False,-0.2608100297342732,supported
0.5-1,17289,False,-0.3035058008550277,supported
0.5-1,17290,False,-0.303931439436713,supported
0.5-1,17291,False,-0.2968519735830828,supported
0.5-1,17292,False,-0.2622549799252116,supported
0.5-1,17293,False,-0.2662858170073929,supported
0.5-1,17294,False,-0.25616515864584366,supported
0.5-1,17295,False,-0.2728434461023006,supported
0.5-1,17296,False,-0.24298039485846495,supported
0.5-1,17297,False,-0.23566690683299202,supported
0.5-1,17298,False,-0.2530069795097057,supported
0.5-1,17299,False,-0.22641584822108363,supported
0.5-1,17300,False,-0.3146289157138513,supported
0.5-1,17301,False,-0.29635423544793094,supported
0.5-1,17302,False,-0.27444355646953955,supported
0.5-1,17303,False,-0.29771839535940636,supported
0.5-1,17304,False,-0.2691130374195142,supported
0.5-1,17305,False,-0.31652034526978057,supported
0.5-1,17306,False,-0.31944214217695116,supported
0.5-1,17307,False,-0.22114259148540838,supported
0.5-1,17308,False,-0.26067129722784965,supported
0.5-1,17309,False,-0.3029446711723227,supported
0.5-1,17310,False,-0.26835439083309426,supported
0.5-1,17311,False,-0.2687770671123291,supported
0.5-1,17312,False,-0.2904727760448592,supported
0.5-1,17313,False,-0.2560639346194936,supported
0.5-1,17314,False,-0.3156230763667075,supported
0.5-1,17315,False,-0.294803925311687,supported
0.5-1,17316,False,-0.280147063520783,supported
0.5-1,17317,False,-0.30116404190763335,supported
0.5-1,17318,False,-0.28632451676939474,supported
0.5-1,17319,False,-0.31365549211178906,supported
0.5-1,17320,False,-0.2506467767366054,supported
0.5-1,17321,False,-0.2524425619164883,supported
0.5-1,17322,False,-0.23422818341994017,supported
0.5-1,17323,False,-0.24740902950753313,supported
0.5-1,17324,False,-0.21212702246466852,supported
0.5-1,17325,False,-0.23321478678520474,supported
0.5-1,17326,False,-0.21023580816926057,supported
0.5-1,17327,False,-0.23996796744206977,supported
0.5-1,17328,False,-0.3007791766940041,supported
0.5-1,17329,False,-0.2954717566097173,supported
0.5-1,17330,False,-0.2999113815815168,supported
0.5-1,17331,False,-0.2987032285324907,supported
0.5-1,17332,False,-0.2505365726029819,supported
0.5-1,17333,False,-0.2906074406525146,supported
0.5-1,17334,False,-0.3199290037996121,supported
0.5-1,17335,False,-0.2505816735844223,supported
0.5-1,17336,False,-0.2690906918311585,supported
0.5-1,17337,False,-0.30776081582960607,supported
0.5-1,17338,False,-0.262033207315535,supported
0.5-1,17339,False,-0.24362173581399676,supported
0.5-1,17340,False,-0.2780626173751517,supported
0.5-1,17341,False,-0.23768704746146097,supported
0.5-1,17342,False,-0.3130909988237038,supported
0.5-1,17343,False,-0.28105299457653293,supported
0.5-1,17344,False,-0.2537260802536525,supported
0.5-1,17345,False,-0.2906196742137651,supported
0.5-1,17346,False,-0.28925071386236406,supported
0.5-1,17347,False,-0.3032049579480491,supported
0.5-1,17348,False,-0.2022679076283203,supported
0.5-1,17349,False,-0.1601592512833664,supported
0.5-1,17350,False,-0.17217388000338762,supported
0.5-1,17351,False,-0.2091049821154592,supported
0.5-1,17352,False,-0.1966360233664206,supported
0.5-1,17353,False,-0.22545215509477445,supported
0.5-1,17354,False,-0.1701292550084016,supported
0.5-1,17355,False,-0.2036214111764703,supported
0.5-1,17356,False,-0.2816804944710044,supported
0.5-1,17357,False,-0.21189633333933572,supported
0.5-1,17358,False,-0.24476118407379072,supported
0.5-1,17359,False,-0.2541989825610766,supported
0.5-1,17360,False,-0.24943528401985593,supported
0.5-1,17361,False,-0.25520644437980616,supported
0.5-1,17362,False,-0.247707678117913,supported
0.5-1,17363,False,-0.2487113454641232,supported
0.5-1,17364,False,-0.16619830695521443,supported
0.5-1,17365,False,-0.2270429635127525,supported
0.5-1,17366,False,-0.2317364172947447,supported
0.5-1,17367,False,-0.1922205080466889,supported
0.5-1,17368,False,-0.22944443026370825,supported
0.5-1,17369,False,-0.15732054500135584,supported
0.5-1,17370,False,-0.21290740603048114,supported
0.5-1,17371,False,-0.22130816961142574,supported
0.5-1,17372,False,-0.1977121345710583,supported
0.5-1,17373,False,-0.22285661764728437,supported
0.5-1,17374,False,-0.20381193469073372,supported
0.5-1,17375,False,-0.21786448023535104,supported
0.5-1,17376,False,-0.16108447948916582,supported
0.5-1,17377,False,-0.1037499555140996,supported
0.5-1,17378,False,-0.10968100759041322,supported
0.5-1,17379,False,-0.15507004030296845,supported
0.5-1,17380,False,-0.1742954113964914,supported
0.5-1,17381,False,-0.19064798819800832,supported
0.5-1,17382,False,-0.10949078823093228,supported
0.5-1,17383,False,-0.14378140293266617,supported
0.5-1,17384,False,-0.21804962167352077,supported
0.5-1,17385,False,-0.21229943183397648,supported
0.5-1,17386,False,-0.2202862732358677,supported
0.5-1,17387,False,-0.21628091523796472,supported
0.5-1,17388,False,-0.14096635532560908,supported
0.5-1,17389,False,-0.1653075362739891,supported
0.5-1,17390,False,-0.13277750581696957,supported
0.5-1,17391,False,-0.09188791636890403,supported
0.5-1,17392,False,-0.1864821973083456,supported
0.5-1,17393,False,-0.1314989432786008,supported
0.5-1,17394,False,-0.15267715539215776,supported
0.5-1,17395,False,-0.20589379024362092,supported
0.5-1,17396,False,-0.19548834429923656,supported
0.5-1,17397,False,-0.14661452628947347,supported
0.5-1,17398,False,-0.17497930152840635,supported
0.5-1,17399,False,-0.15380520545416065,supported
0.5-1,17400,False,-0.16376219108241052,supported
0.5-1,17401,False,-0.09988251205819731,supported
0.5-1,17402,False,-0.13237625556867394,supported
0.5-1,17403,False,-0.20782100116503444,supported
0.5-1,17404,False,-0.13522291508718276,supported
0.5-1,17405,False,-0.21897085387647197,supported
0.5-1,17406,False,-0.16605958637633933,supported
0.5-1,17407,False,-0.2023119279364991,supported
0.5-1,17408,False,-0.17071904951865957,supported
0.5-1,17409,False,-0.259462951609156,supported
0.5-1,17410,False,-0.18255093979625436,supported
0.5-1,17411,False,-0.24130806585312475,supported
0.5-1,17412,False,-0.21287194410911586,supported
0.5-1,17413,False,-0.20824246467754592,supported
0.5-1,17414,False,-0.24755196256642242,supported
0.5-1,17415,False,-0.224506686797027,supported
0.5-1,17416,False,-0.25937251948933554,supported
0.5-1,17417,False,-0.07581667000911152,watch
0.5-1,17418,False,-0.20634756575096674,supported
0.5-1,17419,False,-0.09324635009090076,watch
0.5-1,17420,False,-0.23666482926636284,supported
0.5-1,17421,False,-0.29011072440844055,supported
0.5-1,17422,False,-0.21605624478466123,supported
0.5-1,17423,False,-0.23578402886551764,supported
0.5-1,17424,False,-0.23480199439183796,supported
0.5-1,17425,False,-0.21476470421574584,supported
0.5-1,17426,False,-0.014605107779625093,watch
0.5-1,17427,False,-0.23931313297358453,supported
0.5-1,17428,False,-0.30194794383341483,supported
0.5-1,17429,False,-0.2594194613679437,supported
0.5-1,17430,False,-0.27383767244847673,supported
0.5-1,17431,False,-0.2660624460530091,supported
0.5-1,17432,False,-0.17207162791582364,supported
0.5-1,17433,False,-0.30772548774134084,supported
0.5-1,17434,False,-0.30411006083172,supported
0.5-1,17435,False,-0.30294634704978796,supported
0.5-1,17436,False,-0.2700292072823416,supported
0.5-1,17437,False,-0.2771302225502773,supported
0.5-1,17438,False,-0.25776603151507466,supported
0.5-1,17439,False,-0.2780944534626936,supported
0.5-1,17440,False,-0.25278938855114086,supported
0.5-1,17441,False,-0.2092247290166399,supported
0.5-1,17442,False,-0.23311543011914826,supported
0.5-1,17443,False,-0.23727440228331914,supported
0.5-1,17444,False,-0.30947350293115944,supported
0.5-1,17445,False,-0.30096496324036853,supported
0.5-1,17446,False,-0.3061063820395386,supported
0.5-1,17447,False,-0.3043434989912378,supported
0.5-1,17448,False,-0.3099682681252608,supported
0.5-1,17449,False,-0.31296396384522335,supported
0.5-1,17450,False,-0.3139572509276623,supported
0.5-1,17451,False,-0.3145765116398994,supported
0.5-1,17452,False,-0.31939587834058775,supported
0.5-1,17453,False,-0.1079415889172225,supported
0.5-1,17454,False,-0.23014111590627212,supported
0.5-1,17455,False,-0.26740991292835536,supported
0.5-1,17456,False,-0.3099655431612189,supported
0.5-1,17457,False,-0.27397583518711727,supported
0.5-1,17458,False,-0.3025343426892476,supported
0.5-1,17459,False,-0.30505006750077435,supported
0.5-1,17460,False,-0.21705432352845488,supported
0.5-1,17461,False,-0.3057443172643224,supported
0.5-1,17462,False,-0.30858378579033513,supported
0.5-1,17463,False,-0.29475973309190456,supported
0.5-1,17464,False,-0.2546296891308471,supported
0.5-1,17465,False,-0.2706015087369256,supported
0.5-1,17466,False,-0.26289005094949325,supported
0.5-1,17467,False,-0.2691884721983408,supported
0.5-1,17468,False,-0.2143603753258413,supported
0.5-1,17469,False,-0.2480106946893551,supported
0.5-1,17470,False,-0.22080936831122777,supported
0.5-1,17471,False,-0.2413218441368462,supported
0.5-1,17472,False,-0.2983836983164304,supported
0.5-1,17473,False,-0.29176799100176115,supported
0.5-1,17474,False,-0.29864211313595257,supported
0.5-1,17475,False,-0.2957462541427956,supported
0.5-1,17476,False,-0.30497368519400614,supported
0.5-1,17477,False,-0.3106015500114052,supported
0.5-1,17478,False,-0.3097494912087833,supported
0.5-1,17479,False,-0.314747837460623,supported
0.5-1,17480,False,-0.30870141661271555,supported
0.5-1,17481,False,-0.30254023743587904,supported
0.5-1,17482,False,-0.2279364775250508,supported
0.5-1,17483,False,-0.2694509364929563,supported
0.5-1,17484,False,-0.31272809016705705,supported
0.5-1,17485,False,-0.27171949895193515,supported
0.5-1,17486,False,-0.3113398110838797,supported
0.5-1,17487,False,-0.30242221350545273,supported
0.5-1,17488,False,-0.21999687948877222,supported
0.5-1,17489,False,-0.2868848495960968,supported
0.5-1,17490,False,-0.3095136349466249,supported
0.5-1,17491,False,-0.30332155202839056,supported
0.5-1,17492,False,-0.25464591884491256,supported
0.5-1,17493,False,-0.26459997510763306,supported
0.5-1,17494,False,-0.2647496654560509,supported
0.5-1,17495,False,-0.27064755649192945,supported
0.5-1,17496,False,-0.21737612293436986,supported
0.5-1,17497,False,-0.235944025261776,supported
0.5-1,17498,False,-0.23457131153650124,supported
0.5-1,17499,False,-0.22672739701582406,supported
0.5-1,17500,False,-0.2989843308824628,supported
0.5-1,17501,False,-0.3018237107837324,supported
0.5-1,17502,False,-0.3095716853134392,supported
0.5-1,17503,False,-0.2957942178253017,supported
0.5-1,17504,False,-0.30691490595997867,supported
0.5-1,17505,False,-0.2681842472888022,supported
0.5-1,17506,False,-0.305120142593032,supported
0.5-1,17507,False,-0.2946511406792209,supported
0.5-1,17508,False,-0.2914305136623393,supported
0.5-1,17509,False,-0.2811417575604397,supported
0.5-1,17510,False,-0.233927330119173,supported
0.5-1,17511,False,-0.2649452275310227,supported
0.5-1,17512,False,-0.30088607327494166,supported
0.5-1,17513,False,-0.2641447124970215,supported
0.5-1,17514,False,-0.3134964924273183,supported
0.5-1,17515,False,-0.3009648885941036,supported
0.5-1,17516,False,-0.23144980321001213,supported
0.5-1,17517,False,-0.2980067238662754,supported
0.5-1,17518,False,-0.310626198935991,supported
0.5-1,17519,False,-0.30236927459868906,supported
0.5-1,17520,False,-0.27087643772500003,supported
0.5-1,17521,False,-0.27055528739700657,supported
0.5-1,17522,False,-0.27210515589290346,supported
0.5-1,17523,False,-0.2731063426170711,supported
0.5-1,17524,False,-0.22852149002681327,supported
0.5-1,17525,False,-0.24352056751235474,supported
0.5-1,17526,False,-0.22877160050746465,supported
0.5-1,17527,False,-0.2539127153914049,supported
0.5-1,17528,False,-0.2959194319734798,supported
0.5-1,17529,False,-0.30257047610893156,supported
0.5-1,17530,False,-0.2856150588927446,supported
0.5-1,17531,False,-0.2971080217072753,supported
0.5-1,17532,False,-0.12833421879945317,supported
0.5-1,17533,False,-0.03629601728634424,watch
0.5-1,17534,False,-0.3086656430994462,supported
0.5-1,17535,False,-0.2431581881381094,supported
0.5-1,17536,False,-0.3038942026888144,supported
0.5-1,17537,False,-0.31652456436125403,supported
0.5-1,17538,False,-0.2515531074081397,supported
0.5-1,17539,False,-0.26166403165599855,supported
0.5-1,17540,False,-0.28890373890531834,supported
0.5-1,17541,False,-0.2562137171891371,supported
0.5-1,17542,False,-0.31849988693973647,supported
0.5-1,17543,False,-0.3051443108987578,supported
0.5-1,17544,False,-0.25865367060118954,supported
0.5-1,17545,False,-0.29019687716693116,supported
0.5-1,17546,False,-0.2983341098916676,supported
0.5-1,17547,False,-0.3120197206883858,supported
0.5-1,17548,False,-0.275745811317824,supported
0.5-1,17549,False,-0.2613272207638744,supported
0.5-1,17550,False,-0.2622932989726986,supported
0.5-1,17551,False,-0.27164215137910175,supported
0.5-1,17552,False,-0.2347689059220997,supported
0.5-1,17553,False,-0.2522761364975055,supported
0.5-1,17554,False,-0.24171440293771984,supported
0.5-1,17555,False,-0.25016741420241617,supported
0.5-1,17556,False,-0.31046675161884696,supported
0.5-1,17557,False,-0.30951017162559247,supported
0.5-1,17558,False,-0.28503408784505385,supported
0.5-1,17559,False,-0.29594846473001796,supported
0.5-1,17560,False,-0.2880324360897682,supported
0.5-1,17561,False,-0.30459667278889657,supported
0.5-1,17562,False,-0.029169952255208687,moderate
0.5-1,17563,False,-0.2646756152869047,supported
0.5-1,17564,False,-0.2697549671082036,supported
0.5-1,17565,False,-0.3110593388727446,supported
0.5-1,17566,False,-0.26956523960484075,supported
0.5-1,17567,False,-0.2675559148133624,supported
0.5-1,17568,False,-0.26112416841759517,supported
0.5-1,17569,False,-0.2533652272674451,supported
0.5-1,17570,False,-0.3114664333730473,supported
0.5-1,17571,False,-0.31352365122584563,supported
0.5-1,17572,False,-0.27497351273455534,supported
0.5-1,17573,False,-0.30927984415886217,supported
0.5-1,17574,False,-0.28167191750902965,supported
0.5-1,17575,False,-0.3090933577554066,supported
0.5-1,17576,False,-0.25340467911632053,supported
0.5-1,17577,False,-0.21362700497804588,supported
0.5-1,17578,False,-0.202612229697127,supported
0.5-1,17579,False,-0.20514031521733822,supported
0.5-1,17580,False,-0.22607062734403788,supported
0.5-1,17581,False,-0.24634204812379934,supported
0.5-1,17582,False,-0.2025906560911363,supported
0.5-1,17583,False,-0.24927751502747408,supported
0.5-1,17584,False,-0.29292701939038845,supported
0.5-1,17585,False,-0.2943272526756827,supported
0.5-1,17586,False,-0.3107010262484739,supported
0.5-1,17587,False,-0.27630261454415733,supported
0.5-1,17588,False,-0.2859916114952031,supported
0.5-1,17589,False,-0.3021018868284475,supported
0.5-1,17590,False,-0.30689043987341086,supported
0.5-1,17591,False,-0.2726196014139793,supported
0.5-1,17592,False,-0.2704463654459066,supported
0.5-1,17593,False,-0.30386627074804573,supported
0.5-1,17594,False,-0.26248920331492936,supported
0.5-1,17595,False,-0.2460567770052674,supported
0.5-1,17596,False,-0.19872515265074203,supported
0.5-1,17597,False,-0.23140697307614327,supported
0.5-1,17598,False,-0.2939758283879581,supported
0.5-1,17599,False,-0.2757641537338144,supported
0.5-1,17600,False,-0.2534584932766461,supported
0.5-1,17601,False,-0.2988926629067713,supported
0.5-1,17602,False,-0.25235089982427383,supported
0.5-1,17603,False,-0.21784243569651257,supported
0.5-1,17604,False,-0.19965153528454288,supported
0.5-1,17605,False,-0.1458485267519105,supported
0.5-1,17606,False,-0.1764544727590146,supported
0.5-1,17607,False,-0.11411620045118731,watch
0.5-1,17608,False,-0.196393077218032,supported
0.5-1,17609,False,-0.22110338953150882,supported
0.5-1,17610,False,-0.173502999152515,supported
0.5-1,17611,False,-0.2080466779376267,supported
0.5-1,17612,False,-0.2193809552300131,supported
0.5-1,17613,False,-0.2802810236135156,supported
0.5-1,17614,False,-0.2292437108970513,supported
0.5-1,17615,False,-0.1899465184049074,supported
0.5-1,17616,False,-0.27370726914495536,supported
0.5-1,17617,False,-0.2441403748821428,supported
0.5-1,17618,False,-0.18883729922507697,supported
0.5-1,17619,False,-0.1545920505325571,supported
0.5-1,17620,False,-0.17473795239659473,supported
0.5-1,17621,False,-0.29064779433889465,supported
0.5-1,17622,False,-0.2298406019953475,supported
0.5-1,17623,False,-0.15541073769858316,supported
0.5-1,17624,False,-0.19018846994335759,supported
0.5-1,17625,False,-0.14216164559711542,supported
0.5-1,17626,False,-0.2166497577472793,supported
0.5-1,17627,False,-0.18941175417198236,supported
0.5-1,17628,False,-0.19989691709068325,supported
0.5-1,17629,False,-0.20537671804693114,supported
0.5-1,17630,False,-0.19265292007019563,supported
0.5-1,17631,False,-0.2106397623835023,supported
0.5-1,17632,False,-0.15030123633417003,supported
0.5-1,17633,False,-0.09093631067140495,supported
0.5-1,17634,False,-0.11470741050833233,supported
0.5-1,17635,False,-0.14936789821066032,supported
0.5-1,17636,False,-0.18457450269417286,supported
0.5-1,17637,False,-0.20238094596237732,supported
0.5-1,17638,False,-0.10255352274565999,supported
0.5-1,17639,False,-0.11063421918697824,supported
0.5-1,17640,False,-0.2156273040140133,supported
0.5-1,17641,False,-0.1942801157707742,supported
0.5-1,17642,False,-0.21596855750298372,supported
0.5-1,17643,False,-0.18531090212118795,supported
0.5-1,17644,False,-0.14040392049596817,supported
0.5-1,17645,False,-0.1634727243759423,supported
0.5-1,17646,False,-0.0923226213180588,supported
0.5-1,17647,False,-0.07972333336986281,supported
0.5-1,17648,False,-0.22262730254208007,supported
0.5-1,17649,False,-0.15253233053265058,supported
0.5-1,17650,False,-0.15522454077474535,supported
0.5-1,17651,False,-0.1714490880825883,supported
0.5-1,17652,False,-0.20618204886920544,supported
0.5-1,17653,False,-0.13998291772276283,supported
0.5-1,17654,False,-0.17290757766110665,supported
0.5-1,17655,False,-0.15630242199148936,supported
0.5-1,17656,False,-0.211430424786401,supported
0.5-1,17657,False,-0.10474282046110084,supported
0.5-1,17658,False,-0.13098105858743514,supported
0.5-1,17659,False,-0.1784369838614358,supported
0.5-1,17660,False,-0.1363794469764985,supported
0.5-1,17661,False,-0.21492485549252544,supported
0.5-1,17662,False,-0.16566564581496168,supported
0.5-1,17663,False,-0.20120759004982247,supported
0.5-1,17664,False,-0.10124656678040644,supported
0.5-1,17665,False,-0.26171001065055677,supported
0.5-1,17666,False,-0.27088549847405374,supported
0.5-1,17667,False,-0.24100467047001572,supported
0.5-1,17668,False,-0.21048748966287306,supported
0.5-1,17669,False,-0.20719669437396293,supported
0.5-1,17670,False,-0.24671004450430006,supported
0.5-1,17671,False,-0.23062280620945175,supported
0.5-1,17672,False,-0.15825697255851057,supported
0.5-1,17673,False,-0.09405024584312593,watch
0.5-1,17674,False,-0.22366437500508995,supported
0.5-1,17675,False,-0.07634888424853625,watch
0.5-1,17676,False,-0.23199640567602858,supported
0.5-1,17677,False,-0.2975149230014021,supported
0.5-1,17678,False,-0.1065860722856472,supported
0.5-1,17679,False,-0.26825052618465745,supported
0.5-1,17680,False,-0.21406639345396467,supported
0.5-1,17681,False,-0.3001476616554936,supported
0.5-1,17682,False,-0.08165688229696944,watch
0.5-1,17683,False,-0.23404047159792762,supported
0.5-1,17684,False,-0.2867801846183907,supported
0.5-1,17685,False,-0.26808000196669723,supported
0.5-1,17686,False,-0.3204821330535027,supported
0.5-1,17687,False,-0.29847498631032293,supported
0.5-1,17688,False,-0.2165565641068971,supported
0.5-1,17689,False,-0.3100340641205311,supported
0.5-1,17690,False,-0.29209529655084965,supported
0.5-1,17691,False,-0.31516382457106684,supported
0.5-1,17692,False,-0.2673067263249946,supported
0.5-1,17693,False,-0.27054312610287395,supported
0.5-1,17694,False,-0.2718000131972678,supported
0.5-1,17695,False,-0.27424308001824116,supported
0.5-1,17696,False,-0.24977987824165115,supported
0.5-1,17697,False,-0.2322307109329525,supported
0.5-1,17698,False,-0.21841851443521026,supported
0.5-1,17699,False,-0.2308552033440171,supported
0.5-1,17700,False,-0.30785265093844705,supported
0.5-1,17701,False,-0.29478915746618994,supported
0.5-1,17702,False,-0.3067859612840158,supported
0.5-1,17703,False,-0.3030173631236081,supported
0.5-1,17704,False,-0.310336932920622,supported
0.5-1,17705,False,-0.31219928064394925,supported
0.5-1,17706,False,-0.29591793170389696,supported
0.5-1,17707,False,-0.29670280671080357,supported
0.5-1,17708,False,-0.12201312757300609,supported
0.5-1,17709,False,-0.06379478448209508,supported
0.5-1,17710,False,-0.251879503772087,supported
0.5-1,17711,False,-0.2609605740640781,supported
0.5-1,17712,False,-0.3128221230958331,supported
0.5-1,17713,False,-0.2706363196219494,supported
0.5-1,17714,False,-0.31489725453111195,supported
0.5-1,17715,False,-0.29661624160649697,supported
0.5-1,17716,False,-0.2485355701086126,supported
0.5-1,17717,False,-0.304297596372016,supported
0.5-1,17718,False,-0.3050203013077627,supported
0.5-1,17719,False,-0.30612845690119844,supported
0.5-1,17720,False,-0.24561766538797908,supported
0.5-1,17721,False,-0.2623225544038331,supported
0.5-1,17722,False,-0.26922110679753586,supported
0.5-1,17723,False,-0.2673092499619878,supported
0.5-1,17724,False,-0.22499162765417585,supported
0.5-1,17725,False,-0.22839508967980254,supported
0.5-1,17726,False,-0.20616248275595722,supported
0.5-1,17727,False,-0.23028688126011249,supported
0.5-1,17728,False,-0.30193408040148806,supported
0.5-1,17729,False,-0.306260434812876,supported
0.5-1,17730,False,-0.29550666274007115,supported
0.5-1,17731,False,-0.30086305474955916,supported
0.5-1,17732,False,-0.315112867895848,supported
0.5-1,17733,False,-0.30719628966102364,supported
0.5-1,17734,False,-0.3097494770396078,supported
0.5-1,17735,False,-0.3177649693706436,supported
0.5-1,17736,False,-0.3139616350404305,supported
0.5-1,17737,False,-0.3133847377383404,supported
0.5-1,17738,False,-0.22975885303272398,supported
0.5-1,17739,False,-0.25863817092700897,supported
0.5-1,17740,False,-0.3009014969785141,supported
0.5-1,17741,False,-0.27375144059590545,supported
0.5-1,17742,False,-0.31774094252976226,supported
0.5-1,17743,False,-0.29912749811387507,supported
0.5-1,17744,False,-0.229080707614373,supported
0.5-1,17745,False,-0.29987395399136973,supported
0.5-1,17746,False,-0.3037731511111414,supported
0.5-1,17747,False,-0.30447448703603314,supported
0.5-1,17748,False,-0.2584577078124388,supported
0.5-1,17749,False,-0.27509439957382675,supported
0.5-1,17750,False,-0.26418923585493864,supported
0.5-1,17751,False,-0.26322488573269415,supported
0.5-1,17752,False,-0.22289409707797292,supported
0.5-1,17753,False,-0.23852695754595,supported
0.5-1,17754,False,-0.20953823790998688,supported
0.5-1,17755,False,-0.22944524424414842,supported
0.5-1,17756,False,-0.3097581106080897,supported
0.5-1,17757,False,-0.300526827391771,supported
0.5-1,17758,False,-0.2774259618150502,supported
0.5-1,17759,False,-0.30413561854062265,supported
0.5-1,17760,False,-0.28581669064986254,supported
0.5-1,17761,False,-0.31467723268542513,supported
0.5-1,17762,False,-0.3101825948761104,supported
0.5-1,17763,False,-0.28376796892858247,supported
0.5-1,17764,False,-0.30081150525148037,supported
0.5-1,17765,False,-0.30256590326178007,supported
0.5-1,17766,False,-0.22921495708869505,supported
0.5-1,17767,False,-0.265063312247138,supported
0.5-1,17768,False,-0.30598585005809703,supported
0.5-1,17769,False,-0.2705905848336713,supported
0.5-1,17770,False,-0.3101069969833978,supported
0.5-1,17771,False,-0.3006529316725396,supported
0.5-1,17772,False,-0.24865081650338466,supported
0.5-1,17773,False,-0.3000248071850267,supported
0.5-1,17774,False,-0.31300196914494716,supported
0.5-1,17775,False,-0.3078973235861226,supported
0.5-1,17776,False,-0.26720323691967407,supported
0.5-1,17777,False,-0.27105264994882394,supported
0.5-1,17778,False,-0.27215947224825693,supported
0.5-1,17779,False,-0.2682517870251156,supported
0.5-1,17780,False,-0.23349382029495885,supported
0.5-1,17781,False,-0.23841323098230466,supported
0.5-1,17782,False,-0.2348309425206646,supported
0.5-1,17783,False,-0.23796619958483234,supported
0.5-1,17784,False,-0.31041991490527904,supported
0.5-1,17785,False,-0.29351871113346295,supported
0.5-1,17786,False,-0.3067661262787161,supported
0.5-1,17787,False,-0.3087727201392703,supported
0.5-1,17788,False,-0.29272635092565463,supported
0.5-1,17789,False,-0.3190560295602867,supported
0.5-1,17790,False,-0.31484405643077273,supported
0.5-1,17791,False,-0.2539192813822469,supported
0.5-1,17792,False,-0.28435266234094153,supported
0.5-1,17793,False,-0.3150329768389063,supported
0.5-1,17794,False,-0.24656442708107962,supported
0.5-1,17795,False,-0.26309780121783655,supported
0.5-1,17796,False,-0.2826025501865054,supported
0.5-1,17797,False,-0.2626081328172893,supported
0.5-1,17798,False,-0.3085432825220182,supported
0.5-1,17799,False,-0.2960031572207405,supported
0.5-1,17800,False,-0.26413502221726975,supported
0.5-1,17801,False,-0.3125817157557064,supported
0.5-1,17802,False,-0.30535379543538355,supported
0.5-1,17803,False,-0.31386475274888154,supported
0.5-1,17804,False,-0.27320958825705954,supported
0.5-1,17805,False,-0.25657104207032166,supported
0.5-1,17806,False,-0.26075866645296664,supported
0.5-1,17807,False,-0.2642945160785291,supported
0.5-1,17808,False,-0.23907313279953774,supported
0.5-1,17809,False,-0.2425836765213079,supported
0.5-1,17810,False,-0.24037220204309034,supported
0.5-1,17811,False,-0.25333533772190464,supported
0.5-1,17812,False,-0.3153084771887099,supported
0.5-1,17813,False,-0.31053198423822254,supported
0.5-1,17814,False,-0.3034327916997183,supported
0.5-1,17815,False,-0.30453510361512837,supported
0.5-1,17816,False,-0.3102512208664316,supported
0.5-1,17817,False,-0.3107150655728788,supported
0.5-1,17818,False,-0.3188962172231335,supported
0.5-1,17819,False,-0.2724033649331938,supported
0.5-1,17820,False,-0.2703912028708133,supported
0.5-1,17821,False,-0.3141132715241769,supported
0.5-1,17822,False,-0.27713104968946967,supported
0.5-1,17823,False,-0.2680848132126316,supported
0.5-1,17824,False,-0.27643699451146525,supported
0.5-1,17825,False,-0.26798381580924896,supported
0.5-1,17826,False,-0.29509006361433215,supported
0.5-1,17827,False,-0.2730250603490343,supported
0.5-1,17828,False,-0.2798909205668128,supported
0.5-1,17829,False,-0.3005160858593219,supported
0.5-1,17830,False,-0.30152938892031605,supported
0.5-1,17831,False,-0.3154210039829806,supported
0.5-1,17832,False,-0.25146276187339506,supported
0.5-1,17833,False,-0.2163915664524088,supported
0.5-1,17834,False,-0.23004168423980603,supported
0.5-1,17835,False,-0.23704487666117124,supported
0.5-1,17836,False,-0.22096224695810296,supported
0.5-1,17837,False,-0.2551454016682798,supported
0.5-1,17838,False,-0.2101133778049466,supported
0.5-1,17839,False,-0.24500057844546952,supported
0.5-1,17840,False,-0.3097941530196135,supported
0.5-1,17841,False,-0.30719672970887313,supported
0.5-1,17842,False,-0.3113883038379937,supported
0.5-1,17843,False,-0.30146880677387233,supported
0.5-1,17844,False,-0.2935095425993104,supported
0.5-1,17845,False,-0.29609623996361434,supported
0.5-1,17846,False,-0.30620562447593347,supported
0.5-1,17847,False,-0.2430428960099414,supported
0.5-1,17848,False,-0.27012282231344253,supported
0.5-1,17849,False,-0.29599277322089534,supported
0.5-1,17850,False,-0.2649663010306726,supported
0.5-1,17851,False,-0.250267117611183,supported
0.5-1,17852,False,-0.28276850199288833,supported
0.5-1,17853,False,-0.26059195996488416,supported
0.5-1,17854,False,-0.2865381266632098,supported
0.5-1,17855,False,-0.024256606386138246,moderate
0.5-1,17856,False,-0.25637846317012497,supported
0.5-1,17857,False,-0.2987646625801887,supported
0.5-1,17858,False,-0.24535222659254696,supported
0.5-1,17859,False,-0.2489290887335156,supported
0.5-1,17860,False,-0.20036793481000353,supported
0.5-1,17861,False,-0.1422660250023634,supported
0.5-1,17862,False,-0.17505441789019793,supported
0.5-1,17863,False,-0.1688148385582221,supported
0.5-1,17864,False,-0.19404941310592516,supported
0.5-1,17865,False,-0.23155819194376598,supported
0.5-1,17866,False,-0.19690093525078117,supported
0.5-1,17867,False,-0.19835434671034796,supported
0.5-1,17868,False,-0.20156247014112982,supported
0.5-1,17869,False,-0.2797497513377313,supported
0.5-1,17870,False,-0.24155317731116266,supported
0.5-1,17871,False,-0.21089261492505212,supported
0.5-1,17872,False,-0.23884125052251698,supported
0.5-1,17873,False,-0.15245850759491408,supported
0.5-1,17874,False,-0.2893221030149217,supported
0.5-1,17875,False,-0.21827652958077826,supported
0.5-1,17876,False,-0.1993173007226386,supported
0.5-1,17877,False,-0.2755899087424093,supported
0.5-1,17878,False,-0.2375488769162168,supported
0.5-1,17879,False,-0.1562284396636764,supported
0.5-1,17880,False,-0.18935902753747236,supported
0.5-1,17881,False,-0.15771654616589015,supported
0.5-1,17882,False,-0.27864894640549825,supported
0.5-1,17883,False,-0.2154029848572236,supported
0.5-1,17884,False,-0.19932310094874078,supported
0.5-1,17885,False,-0.22096139727534586,supported
0.5-1,17886,False,-0.18681392624812176,supported
0.5-1,17887,False,-0.22128450127842192,supported
0.5-1,17888,False,-0.1618368719674811,supported
0.5-1,17889,False,-0.10713068581335017,supported
0.5-1,17890,False,-0.12422584901040978,supported
0.5-1,17891,False,-0.15924557429993902,supported
0.5-1,17892,False,-0.18941303955269906,supported
0.5-1,17893,False,-0.19422580661586653,supported
0.5-1,17894,False,-0.10792021531651852,supported
0.5-1,17895,False,-0.11737916423578876,supported
0.5-1,17896,False,-0.22001823489308642,supported
0.5-1,17897,False,-0.16518036683530812,supported
0.5-1,17898,False,-0.19994821210153702,supported
0.5-1,17899,False,-0.17688688314645307,supported
0.5-1,17900,False,-0.1386233028837479,supported
0.5-1,17901,False,-0.18248777491347434,supported
0.5-1,17902,False,-0.08289622547588416,supported
0.5-1,17903,False,-0.09258509745340726,watch
0.5-1,17904,False,-0.22444558071723475,supported
0.5-1,17905,False,-0.11501653693743985,supported
0.5-1,17906,False,-0.17160722168423082,supported
0.5-1,17907,False,-0.20308709288777832,supported
0.5-1,17908,False,-0.2060476293839255,supported
0.5-1,17909,False,-0.1690113165145517,supported
0.5-1,17910,False,-0.17371623780214984,supported
0.5-1,17911,False,-0.16030138544542383,supported
0.5-1,17912,False,-0.21722374428391555,supported
0.5-1,17913,False,-0.10265650896677492,supported
0.5-1,17914,False,-0.13118114294355077,supported
0.5-1,17915,False,-0.16700383692039233,supported
0.5-1,17916,False,-0.13285947949786636,supported
0.5-1,17917,False,-0.20370305160279623,supported
0.5-1,17918,False,-0.1647239542924832,supported
0.5-1,17919,False,-0.19813267107344756,supported
0.5-1,17920,False,-0.16966808712694237,supported
0.5-1,17921,False,-0.271670144441312,supported
0.5-1,17922,False,-0.20866565977709517,supported
0.5-1,17923,False,-0.24474241144496267,supported
0.5-1,17924,False,-0.22162251912547043,supported
0.5-1,17925,False,-0.2065636719047802,supported
0.5-1,17926,False,-0.25080433368818955,supported
0.5-1,17927,False,-0.22424490181071016,supported
0.5-1,17928,False,-0.2623711301560285,supported
0.5-1,17929,False,-0.27593813632459857,supported
0.5-1,17930,False,-0.27697266130280784,supported
0.5-1,17931,False,-0.1622919999476271,supported
0.5-1,17932,False,-0.11927746975585574,supported
0.5-1,17933,False,-0.3108251304936505,supported
0.5-1,17934,False,-0.2511021331643457,supported
0.5-1,17935,False,-0.2852340541925561,supported
0.5-1,17936,False,-0.27911115364113037,supported
0.5-1,17937,False,-0.3039858132246617,supported
0.5-1,17938,False,-0.2721269102166733,supported
0.5-1,17939,False,-0.24176954176607623,supported
0.5-1,17940,False,-0.31221331079126535,supported
0.5-1,17941,False,-0.26554208049151434,supported
0.5-1,17942,False,-0.32162303386886965,supported
0.5-1,17943,False,-0.2987021626246944,supported
0.5-1,17944,False,-0.26776042985657417,supported
0.5-1,17945,False,-0.3119654458677551,supported
0.5-1,17946,False,-0.287344728030763,supported
0.5-1,17947,False,-0.29964715877345227,supported
0.5-1,17948,False,-0.2733022734238463,supported
0.5-1,17949,False,-0.26811428049251884,supported
0.5-1,17950,False,-0.2731065753916368,supported
0.5-1,17951,False,-0.2775056524579476,supported
0.5-1,17952,False,-0.24685686676548252,supported
0.5-1,17953,False,-0.22546938217795626,supported
0.5-1,17954,False,-0.2398296176510415,supported
0.5-1,17955,False,-0.23963217972571343,supported
0.5-1,17956,False,-0.29834105645500203,supported
0.5-1,17957,False,-0.30974711550663564,supported
0.5-1,17958,False,-0.3021359810346187,supported
0.5-1,17959,False,-0.30710627642769267,supported
0.5-1,17960,False,-0.32074942848299853,supported
0.5-1,17961,False,-0.30994904875302687,supported
0.5-1,17962,False,-0.31079267307181024,supported
0.5-1,17963,False,-0.31028908522805393,supported
0.5-1,17964,False,-0.31557474254396717,supported
0.5-1,17965,False,-0.3035992242234131,supported
0.5-1,17966,False,-0.27509063074887596,supported
0.5-1,17967,False,-0.27824406968371307,supported
0.5-1,17968,False,-0.314891660887662,supported
0.5-1,17969,False,-0.2732450575837678,supported
0.5-1,17970,False,-0.3096779170282475,supported
0.5-1,17971,False,-0.30749230228024726,supported
0.5-1,17972,False,-0.2442330180333957,supported
0.5-1,17973,False,-0.3017628561663659,supported
0.5-1,17974,False,-0.3043164584473311,supported
0.5-1,17975,False,-0.2973338607264039,supported
0.5-1,17976,False,-0.2631419287130845,supported
0.5-1,17977,False,-0.27163440059692195,supported
0.5-1,17978,False,-0.2697818419775973,supported
0.5-1,17979,False,-0.26521689573680285,supported
0.5-1,17980,False,-0.23131605475843509,supported
0.5-1,17981,False,-0.23839202875323007,supported
0.5-1,17982,False,-0.21380595811305148,supported
0.5-1,17983,False,-0.22647365176546574,supported
0.5-1,17984,False,-0.3046575745017458,supported
0.5-1,17985,False,-0.31527964158864485,supported
0.5-1,17986,False,-0.26652631202587507,supported
0.5-1,17987,False,-0.29894805343928177,supported
0.5-1,17988,False,-0.2185314972553581,supported
0.5-1,17989,False,-0.31500994864068793,supported
0.5-1,17990,False,-0.3173954824752484,supported
0.5-1,17991,False,-0.24458645555879316,supported
0.5-1,17992,False,-0.31342565038627945,supported
0.5-1,17993,False,-0.3091043836659722,supported
0.5-1,17994,False,-0.2569253910268165,supported
0.5-1,17995,False,-0.2737375646903811,supported
0.5-1,17996,False,-0.3026801873437408,supported
0.5-1,17997,False,-0.2588174696620414,supported
0.5-1,17998,False,-0.3206797145177539,supported
0.5-1,17999,False,-0.3003774474134693,supported
0.5-1,18000,False,-0.24041976618301047,supported
0.5-1,18001,False,-0.2939251720128711,supported
0.5-1,18002,False,-0.30327060278985324,supported
0.5-1,18003,False,-0.29400384000634927,supported
0.5-1,18004,False,-0.26091909596418567,supported
0.5-1,18005,False,-0.27582400380336003,supported
0.5-1,18006,False,-0.2671994376156838,supported
0.5-1,18007,False,-0.26411473097588817,supported
0.5-1,18008,False,-0.22474703243186928,supported
0.5-1,18009,False,-0.24106583712078544,supported
0.5-1,18010,False,-0.22692253564133652,supported
0.5-1,18011,False,-0.2317510087438046,supported
0.5-1,18012,False,-0.311672519395448,supported
0.5-1,18013,False,-0.3132498330226105,supported
0.5-1,18014,False,-0.2981196374516374,supported
0.5-1,18015,False,-0.30322639495750386,supported
0.5-1,18016,False,-0.29757625133997795,supported
0.5-1,18017,False,-0.2759291644664635,supported
0.5-1,18018,False,-0.3069621666708758,supported
0.5-1,18019,False,-0.296751700960917,supported
0.5-1,18020,False,-0.29770786740322724,supported
0.5-1,18021,False,-0.31817050186429024,supported
0.5-1,18022,False,-0.2675998190209843,supported
0.5-1,18023,False,-0.27510257807565736,supported
0.5-1,18024,False,-0.3000910145821475,supported
0.5-1,18025,False,-0.27245767161112894,supported
0.5-1,18026,False,-0.30754183000612717,supported
0.5-1,18027,False,-0.3009749014794016,supported
0.5-1,18028,False,-0.25236472020853634,supported
0.5-1,18029,False,-0.304704629979237,supported
0.5-1,18030,False,-0.3086552480875564,supported
0.5-1,18031,False,-0.3002195329955223,supported
0.5-1,18032,False,-0.2597190338203613,supported
0.5-1,18033,False,-0.276400361058274,supported
0.5-1,18034,False,-0.26469952941033437,supported
0.5-1,18035,False,-0.27347695870904754,supported
0.5-1,18036,False,-0.23004392455970096,supported
0.5-1,18037,False,-0.25458522224487296,supported
0.5-1,18038,False,-0.23572262171477043,supported
0.5-1,18039,False,-0.24416265228778572,supported
0.5-1,18040,False,-0.313715834192708,supported
0.5-1,18041,False,-0.3160745213116025,supported
0.5-1,18042,False,-0.2978686156924874,supported
0.5-1,18043,False,-0.29913681217816984,supported
0.5-1,18044,False,-0.30118651724335194,supported
0.5-1,18045,False,-0.31767498371818187,supported
0.5-1,18046,False,-0.31920081516165505,supported
0.5-1,18047,False,-0.3024893354519104,supported
0.5-1,18048,False,-0.2972194241305821,supported
0.5-1,18049,False,-0.3137434114380542,supported
0.5-1,18050,False,-0.2669069342222051,supported
0.5-1,18051,False,-0.2594770208009561,supported
0.5-1,18052,False,-0.2858052898936086,supported
0.5-1,18053,False,-0.2576314368523828,supported
0.5-1,18054,False,-0.2866723596210146,supported
0.5-1,18055,False,-0.3064423672419019,supported
0.5-1,18056,False,-0.2719705346957583,supported
0.5-1,18057,False,-0.304811624516981,supported
0.5-1,18058,False,-0.31140799351493076,supported
0.5-1,18059,False,-0.30889815886925887,supported
0.5-1,18060,False,-0.27162007646701125,supported
0.5-1,18061,False,-0.26203620921128307,supported
0.5-1,18062,False,-0.25286295576022594,supported
0.5-1,18063,False,-0.2697285013931974,supported
0.5-1,18064,False,-0.2365442819912803,supported
0.5-1,18065,False,-0.25644337827693786,supported
0.5-1,18066,False,-0.23405492496787228,supported
0.5-1,18067,False,-0.24410812164756174,supported
0.5-1,18068,False,-0.3035322795877625,supported
0.5-1,18069,False,-0.3061834950897985,supported
0.5-1,18070,False,-0.31766484827421604,supported
0.5-1,18071,False,-0.2909717470919931,supported
0.5-1,18072,False,-0.29301702668584706,supported
0.5-1,18073,False,-0.3048659468977575,supported
0.5-1,18074,False,-0.1689350304043189,supported
0.5-1,18075,False,-0.3037317598196247,supported
0.5-1,18076,False,-0.3074562023759932,supported
0.5-1,18077,False,-0.3130553898006615,supported
0.5-1,18078,False,-0.2780278930837133,supported
0.5-1,18079,False,-0.2496511737565006,supported
0.5-1,18080,False,-0.28044988308190144,supported
0.5-1,18081,False,-0.25056768873386365,supported
0.5-1,18082,False,-0.2769556680083994,supported
0.5-1,18083,False,-0.30679598652086526,supported
0.5-1,18084,False,-0.274566005129195,supported
0.5-1,18085,False,-0.31077160284761574,supported
0.5-1,18086,False,-0.3034608891366133,supported
0.5-1,18087,False,-0.29167089376957095,supported
0.5-1,18088,False,-0.24872533529860025,supported
0.5-1,18089,False,-0.17267635884787647,supported
0.5-1,18090,False,-0.22573198366127334,supported
0.5-1,18091,False,-0.21184796069630524,supported
0.5-1,18092,False,-0.21465411556649733,supported
0.5-1,18093,False,-0.2513950574023192,supported
0.5-1,18094,False,-0.20622801262473517,supported
0.5-1,18095,False,-0.23715344733853067,supported
0.5-1,18096,False,-0.2959024461391955,supported
0.5-1,18097,False,-0.29275287199854105,supported
0.5-1,18098,False,-0.307627755279377,supported
0.5-1,18099,False,-0.2954328142183868,supported
0.5-1,18100,False,-0.2921924019113088,supported
0.5-1,18101,False,-0.2978353183741056,supported
0.5-1,18102,False,-0.30083064091042416,supported
0.5-1,18103,False,-0.3057225463987604,supported
0.5-1,18104,False,-0.2889317303748216,supported
0.5-1,18105,False,-0.3009641623070022,supported
0.5-1,18106,False,-0.257471887659957,supported
0.5-1,18107,False,-0.24506052018564944,supported
0.5-1,18108,False,-0.2659455897255502,supported
0.5-1,18109,False,-0.24751342630911088,supported
0.5-1,18110,False,-0.27367976091001395,supported
0.5-1,18111,False,-0.29858321782343994,supported
0.5-1,18112,False,-0.25686991254660335,supported
0.5-1,18113,False,-0.30194201005367455,supported
0.5-1,18114,False,-0.28553217289851046,supported
0.5-1,18115,False,-0.2886088583516664,supported
0.5-1,18116,False,-0.20338766555041943,supported
0.5-1,18117,False,-0.1535730822355329,supported
0.5-1,18118,False,-0.17624961079522405,supported
0.5-1,18119,False,-0.14341685558837347,supported
0.5-1,18120,False,-0.1955026426321158,supported
0.5-1,18121,False,-0.23091260916859463,supported
0.5-1,18122,False,-0.19266962839319285,supported
0.5-1,18123,False,-0.21795960227836664,supported
0.5-1,18124,False,-0.2205418755065262,supported
0.5-1,18125,False,-0.2262142601020733,supported
0.5-1,18126,False,-0.2203914565661812,supported
0.5-1,18127,False,-0.2058422228513735,supported
0.5-1,18128,False,-0.27277241080115106,supported
0.5-1,18129,False,-0.19602473531033276,supported
0.5-1,18130,False,-0.2307016749505088,supported
0.5-1,18131,False,-0.2080417920917132,supported
0.5-1,18132,False,-0.3071279889891787,supported
0.5-1,18133,False,-0.23003038722065366,supported
0.5-1,18134,False,-0.22718504124066957,supported
0.5-1,18135,False,-0.16192951093883645,supported
0.5-1,18136,False,-0.17611780158160073,supported
0.5-1,18137,False,-0.15087290128522657,supported
0.5-1,18138,False,-0.2475801702897522,supported
0.5-1,18139,False,-0.16617094840355118,supported
0.5-1,18140,False,-0.21300247997084687,supported
0.5-1,18141,False,-0.2168811487913077,supported
0.5-1,18142,False,-0.19867409355653665,supported
0.5-1,18143,False,-0.20944445535753958,supported
0.5-1,18144,False,-0.15970230994282364,supported
0.5-1,18145,False,-0.11015138854272133,supported
0.5-1,18146,False,-0.12410211566305829,supported
0.5-1,18147,False,-0.1516360422916776,supported
0.5-1,18148,False,-0.16280028579313088,supported
0.5-1,18149,False,-0.2029039256735264,supported
0.5-1,18150,False,-0.03820489508256808,supported
0.5-1,18151,False,-0.11640990365380677,supported
0.5-1,18152,False,-0.21540697145893467,supported
0.5-1,18153,False,-0.19532146424803254,supported
0.5-1,18154,False,-0.19923982348771258,supported
0.5-1,18155,False,-0.19621741078031468,supported
0.5-1,18156,False,-0.14370686596718052,supported
0.5-1,18157,False,-0.16779745175463834,supported
0.5-1,18158,False,-0.08933342232750174,supported
0.5-1,18159,False,-0.07916323423835836,watch
0.5-1,18160,False,-0.21521742589760817,supported
0.5-1,18161,False,-0.13048000694608197,supported
0.5-1,18162,False,-0.15939223751568998,supported
0.5-1,18163,False,-0.18644043230731205,supported
0.5-1,18164,False,-0.18933063336154327,supported
0.5-1,18165,False,-0.1834838546916795,supported
0.5-1,18166,False,-0.1775302373881381,supported
0.5-1,18167,False,-0.15461184700896224,supported
0.5-1,18168,False,-0.19993690045063833,supported
0.5-1,18169,False,-0.11055583170001726,supported
0.5-1,18170,False,-0.10997888373425346,supported
0.5-1,18171,False,-0.16548018296832268,supported
0.5-1,18172,False,-0.14017868417335966,supported
0.5-1,18173,False,-0.17937813070639064,supported
0.5-1,18174,False,-0.16279212971799983,supported
0.5-1,18175,False,-0.2059062917920942,supported
0.5-1,18176,False,-0.2635445395752879,supported
0.5-1,18177,False,-0.2722863983853979,supported
0.5-1,18178,False,-0.06516120474241971,supported
0.5-1,18179,False,-0.03794884424189071,supported
0.5-1,18180,False,-0.035607276819469624,supported
0.5-1,18181,False,-0.22362528872204912,supported
0.5-1,18182,False,-0.2552110538467715,supported
0.5-1,18183,False,-0.10324696182814252,supported
0.5-1,18184,False,-0.2500254004996505,supported
0.5-1,18185,False,-0.160793879849082,supported
0.5-1,18186,False,-0.1705329801726725,supported
0.5-1,18187,False,-0.15630906172064452,supported
0.5-1,18188,False,-0.30304097032401645,supported
0.5-1,18189,False,-0.3059422662674197,supported
0.5-1,18190,False,-0.31094787181488365,supported
0.5-1,18191,False,-0.29168055395749026,supported
0.5-1,18192,True,0.005082668275374735,moderate
0.5-1,18193,False,-0.04188074003538034,moderate
0.5-1,18194,False,-0.08622091606711191,watch
0.5-1,18195,False,-0.06412109708939362,watch
0.5-1,18196,False,-0.24666897090699086,supported
0.5-1,18197,False,-0.22943755400754656,supported
0.5-1,18198,False,-0.1208699277088876,supported
0.5-1,18199,False,-0.25614592978415146,supported
0.5-1,18200,True,0.014954524972154215,high
0.5-1,18201,False,-0.07853952499904471,supported
0.5-1,18202,False,-0.27879949735612514,supported
0.5-1,18203,False,-0.30575912927745513,supported
0.5-1,18204,False,-0.2787734704439501,supported
0.5-1,18205,False,-0.30340368329324674,supported
0.5-1,18206,False,-0.15272684944070258,supported
0.5-1,18207,False,-0.10349322733667665,supported
0.5-1,18208,False,-0.2754212175354193,supported
0.5-1,18209,False,-0.2754849888924241,supported
0.5-1,18210,False,-0.11113373688011075,supported
0.5-1,18211,False,-0.04922990261364346,supported
0.5-1,18212,False,-0.14478838067423183,supported
0.5-1,18213,False,-0.20378206005128152,supported
0.5-1,18214,False,-0.23977484821621514,supported
0.5-1,18215,False,-0.11414564424367757,supported
0.5-1,18216,False,-0.290844586677918,supported
0.5-1,18217,False,-0.09955476766326299,supported
0.5-1,18218,False,-0.17057220470070444,supported
0.5-1,18219,False,-0.30243901478875607,supported
0.5-1,18220,False,-0.27316740125225863,supported
0.5-1,18221,False,-0.2845499463121742,supported
0.5-1,18222,False,-0.3208437090792235,supported
0.5-1,18223,False,-0.31723684931514057,supported
0.5-1,18224,True,0.008263219826789236,moderate
0.5-1,18225,False,-0.0009607179811480515,moderate
0.5-1,18226,False,-0.05141932983834241,watch
0.5-1,18227,False,-0.041184620348444945,moderate
0.5-1,18228,False,-0.28717769151806644,supported
0.5-1,18229,False,-0.3142058566924673,supported
0.5-1,18230,False,-0.1158962495996444,supported
0.5-1,18231,False,-0.27289798763040135,supported
0.5-1,18232,False,-0.3191072033884788,supported
0.5-1,18233,False,-0.08286873318334853,supported
0.5-1,18234,False,-0.3024411591953142,supported
0.5-1,18235,False,-0.29903367986777457,supported
0.5-1,18236,False,-0.26008767738371485,supported
0.5-1,18237,False,-0.2910394151307325,supported
0.5-1,18238,False,-0.044164920867567736,watch
0.5-1,18239,False,-0.17117547480315076,supported
0.5-1,18240,False,-0.2618098756859545,supported
0.5-1,18241,False,-0.27514279454641505,supported
0.5-1,18242,False,-0.07204200580540265,supported
0.5-1,18243,False,-0.07297687549295873,supported
0.5-1,18244,False,-0.13453338527472913,supported
0.5-1,18245,False,-0.23067978548425466,supported
0.5-1,18246,False,-0.22978711048540107,supported
0.5-1,18247,False,-0.11907212617712082,supported
0.5-1,18248,False,-0.2912381224553242,supported
0.5-1,18249,False,-0.01756090014045164,watch
0.5-1,18250,False,-0.1887946644726089,supported
0.5-1,18251,False,-0.29873778783735466,supported
0.5-1,18252,False,-0.02705339727842926,watch
0.5-1,18253,False,-0.30385055802615923,supported
0.5-1,18254,False,-0.30250465756880857,supported
0.5-1,18255,False,-0.29659395057215476,supported
0.5-1,18256,True,0.008266924680818466,moderate
0.5-1,18257,True,0.004446167305414694,moderate
0.5-1,18258,False,-0.03889882456104854,moderate
0.5-1,18259,False,-0.03488423549956854,moderate
0.5-1,18260,False,-0.309639248320914,supported
0.5-1,18261,False,-0.21911440795646941,supported
0.5-1,18262,False,-0.07826199828955727,supported
0.5-1,18263,False,-0.2597353603485324,supported
0.5-1,18264,False,-0.31508078074955553,supported
0.5-1,18265,False,-0.11332809048022408,supported
0.5-1,18266,False,-0.3110823997370762,supported
0.5-1,18267,False,-0.31061058953836507,supported
0.5-1,18268,False,-0.2536273376405851,supported
0.5-1,18269,False,-0.3027292673043164,supported
0.5-1,18270,False,-0.027106553868972427,supported
0.5-1,18271,False,-0.15787464948133578,supported
0.5-1,18272,False,-0.2612888458591653,supported
0.5-1,18273,False,-0.2747705150523401,supported
0.5-1,18274,True,0.03435743123676027,moderate
0.5-1,18275,False,-0.07933156095970229,supported
0.5-1,18276,False,-0.14903807483816744,supported
0.5-1,18277,False,-0.2282581315710135,supported
0.5-1,18278,False,-0.2365354812019299,supported
0.5-1,18279,False,-0.11807043015459462,supported
0.5-1,18280,False,-0.31379751130535505,supported
0.5-1,18281,False,-0.10602560464269317,supported
0.5-1,18282,False,-0.17865496926697866,supported
0.5-1,18283,False,-0.30740367524825024,supported
0.5-1,18284,False,-0.32022829933283314,supported
0.5-1,18285,False,-0.31232786396334883,supported
0.5-1,18286,False,-0.22501075376877688,supported
0.5-1,18287,False,-0.3162550748224953,supported
0.5-1,18288,True,0.00487710958422527,moderate
0.5-1,18289,True,0.003979237790162959,moderate
0.5-1,18290,False,-0.0330251297633668,moderate
0.5-1,18291,False,-0.03550671421237528,moderate
0.5-1,18292,False,-0.3107502532941843,supported
0.5-1,18293,False,-0.31814072907441315,supported
0.5-1,18294,False,-0.0757956793834943,supported
0.5-1,18295,False,-0.2725456576674035,supported
0.5-1,18296,False,-0.3123162252832131,supported
0.5-1,18297,False,-0.07826970938063993,supported
0.5-1,18298,False,-0.31032402584434765,supported
0.5-1,18299,False,-0.2990929898271602,supported
0.5-1,18300,False,-0.2610725770530906,supported
0.5-1,18301,False,-0.30789099820517796,supported
0.5-1,18302,False,-0.12712041412934338,supported
0.5-1,18303,False,-0.11844835813746768,supported
0.5-1,18304,False,-0.26806097363646536,supported
0.5-1,18305,False,-0.27334012771336014,supported
0.5-1,18306,False,-0.05961397436873428,supported
0.5-1,18307,False,-0.11349805501326748,supported
0.5-1,18308,False,-0.12737577519012955,supported
0.5-1,18309,False,-0.22490319300342337,supported
0.5-1,18310,False,-0.22370505260251428,supported
0.5-1,18311,False,-0.120468651042827,supported
0.5-1,18312,False,-0.3070832419048819,supported
0.5-1,18313,False,-0.10316181259812829,supported
0.5-1,18314,False,-0.17330753704356405,supported
0.5-1,18315,False,-0.29384700564734506,supported
0.5-1,18316,False,-0.3165912429007909,supported
0.5-1,18317,False,-0.30018939544542744,supported
0.5-1,18318,False,-0.3070044769460726,supported
0.5-1,18319,False,-0.3147393581249832,supported
0.5-1,18320,False,-0.03953622090081954,moderate
0.5-1,18321,False,-0.000408476738428476,moderate
0.5-1,18322,False,-0.03130712647784806,moderate
0.5-1,18323,False,-0.07820621246055826,watch
0.5-1,18324,False,-0.3012174393979682,supported
0.5-1,18325,False,-0.3126266771006184,supported
0.5-1,18326,False,-0.08106668751428026,supported
0.5-1,18327,False,-0.2675067407916618,supported
0.5-1,18328,False,-0.3127251959786817,supported
0.5-1,18329,False,-0.11848432547971655,supported
0.5-1,18330,False,-0.21580902011776804,supported
0.5-1,18331,False,-0.29924619846741185,supported
0.5-1,18332,False,-0.27970201596543665,supported
0.5-1,18333,False,-0.30762425360600754,supported
0.5-1,18334,False,-0.1805148286107342,supported
0.5-1,18335,False,-0.178629663480526,supported
0.5-1,18336,False,-0.26557211593031727,supported
0.5-1,18337,False,-0.25916429044701417,supported
0.5-1,18338,False,-0.0838097494146618,supported
0.5-1,18339,False,-0.12356023456739718,supported
0.5-1,18340,False,-0.12173588332848895,supported
0.5-1,18341,False,-0.23626731304666676,supported
0.5-1,18342,False,-0.22195937702352686,supported
0.5-1,18343,False,-0.11217328933538806,supported
0.5-1,18344,False,-0.30885579527635815,supported
0.5-1,18345,False,-0.14228406218115708,supported
0.5-1,18346,False,-0.18670262839200097,supported
0.5-1,18347,False,-0.2828098612549298,supported
0.5-1,18348,False,-0.21378830387601427,supported
0.5-1,18349,False,-0.21539486682598352,supported
0.5-1,18350,False,-0.27872850485614786,supported
0.5-1,18351,False,-0.3012924924912145,supported
0.5-1,18352,False,-0.11986080667606269,watch
0.5-1,18353,False,-0.10059081102991974,watch
0.5-1,18354,False,-0.0903141822522765,watch
0.5-1,18355,False,-0.1315679641918348,watch
0.5-1,18356,False,-0.30575588173453117,supported
0.5-1,18357,False,-0.3169388473004708,supported
0.5-1,18358,False,-0.07093056606421366,supported
0.5-1,18359,False,-0.2701223640946681,supported
0.5-1,18360,False,-0.21345556086418627,supported
0.5-1,18361,False,-0.1237997050495806,supported
0.5-1,18362,False,-0.09483112217985812,supported
0.5-1,18363,False,-0.2712468688518171,supported
0.5-1,18364,False,-0.2703328732759478,supported
0.5-1,18365,False,-0.2899947372861488,supported
0.5-1,18366,False,-0.1772915978114301,supported
0.5-1,18367,False,-0.18878043799018007,supported
0.5-1,18368,False,-0.23572459425165004,supported
0.5-1,18369,False,-0.21116927390117501,supported
0.5-1,18370,False,-0.07077572893801964,supported
0.5-1,18371,False,-0.10756228727697048,supported
0.5-1,18372,False,-0.10106336568168994,supported
0.5-1,18373,False,-0.23774052523464495,supported
0.5-1,18374,False,-0.20884744918015574,supported
0.5-1,18375,False,-0.09823596561123882,supported
0.5-1,18376,False,-0.3050312201147748,supported
0.5-1,18377,False,-0.14729933759543645,supported
0.5-1,18378,False,-0.21437320296609047,supported
0.5-1,18379,False,-0.29261528623168154,supported
0.5-1,18380,False,-0.29095867749595744,supported
0.5-1,18381,False,-0.2745424588270486,supported
0.5-1,18382,False,-0.2981708837969885,supported
0.5-1,18383,False,-0.3021346155261602,supported
0.5-1,18384,False,-0.1362555825356786,supported
0.5-1,18385,False,-0.12135311207555355,supported
0.5-1,18386,False,-0.1401170504361774,supported
0.5-1,18387,False,-0.15205657879389967,supported
0.5-1,18388,False,-0.2889353107541872,supported
0.5-1,18389,False,-0.24668338014105518,supported
0.5-1,18390,False,-0.09577683826908823,supported
0.5-1,18391,False,-0.22251093563759977,supported
0.5-1,18392,False,-0.28395522147901525,supported
0.5-1,18393,False,-0.11516190481876265,supported
0.5-1,18394,False,-0.2455506897734639,supported
0.5-1,18395,False,-0.26196680160863,supported
0.5-1,18396,False,-0.24635181597140776,supported
0.5-1,18397,False,-0.27586877220367984,supported
0.5-1,18398,False,-0.15269703809857726,supported
0.5-1,18399,False,-0.18729966006632676,supported
0.5-1,18400,False,-0.19849036386915714,supported
0.5-1,18401,False,-0.13120222366629353,supported
0.5-1,18402,False,-0.054429362730858744,supported
0.5-1,18403,False,-0.09151471148452328,supported
0.5-1,18404,False,-0.09345623645742951,supported
0.5-1,18405,False,-0.2287359526103102,supported
0.5-1,18406,False,-0.20303150071577836,supported
0.5-1,18407,False,-0.08244346341843045,supported
0.5-1,18408,False,-0.1916061263774994,supported
0.5-1,18409,False,-0.14866866630944886,supported
0.5-1,18410,False,-0.16116647490168878,supported
0.5-1,18411,False,-0.21425523925176987,supported
0.5-1,18412,False,-0.19097962744509117,supported
0.5-1,18413,False,-0.15539337065438774,supported
0.5-1,18414,False,-0.17521882606849093,supported
0.5-1,18415,False,-0.18927570596745463,supported
0.5-1,18416,False,-0.14678168214288434,supported
0.5-1,18417,False,-0.1414707537441393,supported
0.5-1,18418,False,-0.16159523976165546,supported
0.5-1,18419,False,-0.16423509254183544,supported
0.5-1,18420,False,-0.2764558193867131,supported
0.5-1,18421,False,-0.26256810020627935,supported
0.5-1,18422,False,-0.08992422639606434,supported
0.5-1,18423,False,-0.17126373249490567,supported
0.5-1,18424,False,-0.26046755608454925,supported
0.5-1,18425,False,-0.07226038721838979,supported
0.5-1,18426,False,-0.21679821726148352,supported
0.5-1,18427,False,-0.21985384253115892,supported
0.5-1,18428,False,-0.20417101466539406,supported
0.5-1,18429,False,-0.20817028716140723,supported
0.5-1,18430,False,-0.11873379948849816,supported
0.5-1,18431,False,-0.11787870105361531,supported
0.5-1,18432,False,-0.16367562771660338,supported
0.5-1,18433,False,-0.1144514120784974,supported
0.5-1,18434,False,-0.050010908098933604,supported
0.5-1,18435,False,-0.06180812266146718,supported
0.5-1,18436,False,-0.08681953340984294,supported
0.5-1,18437,False,-0.21474846957237886,supported
0.5-1,18438,False,-0.05139216745423736,supported
0.5-1,18439,False,-0.010449280032029606,supported
0.5-1,18440,False,-0.22269387448843198,supported
0.5-1,18441,False,-0.12696403658574085,supported
0.5-1,18442,False,-0.15783479063004002,supported
0.5-1,18443,False,-0.19765912178697664,supported
0.5-1,18444,False,-0.12549021019790285,supported
0.5-1,18445,False,-0.11682341369397542,supported
0.5-1,18446,False,-0.12904818679389096,supported
0.5-1,18447,False,-0.14537672739777108,supported
0.5-1,18448,False,-0.2174171260793708,supported
0.5-1,18449,False,-0.1286161847924422,supported
0.5-1,18450,False,-0.14244462227287225,supported
0.5-1,18451,False,-0.16575888983777431,supported
0.5-1,18452,False,-0.11719219302582029,supported
0.5-1,18453,False,-0.14878219148963434,supported
0.5-1,18454,False,-0.16061144594063315,supported
0.5-1,18455,False,-0.1523937795144924,supported
0.5-1,18456,False,-0.19745399847001444,supported
0.5-1,18457,False,-0.19690197990491654,supported
0.5-1,18458,False,-0.06576729317843777,supported
0.5-1,18459,False,-0.14953913846282618,supported
0.5-1,18460,False,-0.1892267068639501,supported
0.5-1,18461,False,-0.06657732120907378,supported
0.5-1,18462,False,-0.09906869588940215,supported
0.5-1,18463,False,-0.15674386998908063,supported
0.5-1,18464,False,-0.14763132519727074,supported
0.5-1,18465,False,-0.1963290683885181,supported
0.5-1,18466,False,-0.1447984972491374,supported
0.5-1,18467,False,-0.13645441020372218,supported
