specimen_id,strut_id,bad_strut,supervised_bad_probability,supervised_bad_prediction
0.5-1,0,0,6.750765160714993e-06,False
0.5-1,1,0,2.034893005983379e-08,False
0.5-1,2,0,1.889269051104226e-08,False
0.5-1,3,0,1.8200089541326569e-09,False
0.5-1,4,0,0.004709017237564276,False
0.5-1,5,0,0.3331493032425429,False
0.5-1,6,0,7.439963550081964e-11,False
0.5-1,7,0,1.3754066511105429e-08,False
0.5-1,8,0,1.2414821636790113e-06,False
0.5-1,9,0,0.0019937178028492926,False
0.5-1,10,1,0.985310502660668,True
0.5-1,11,0,2.304342003092228e-13,False
0.5-1,12,0,5.844352486528987e-15,False
0.5-1,13,0,0.00012654650423630422,False
0.5-1,14,0,2.1382450823162612e-10,False
0.5-1,15,0,3.7532189905462564e-11,False
0.5-1,16,0,9.86238799585292e-09,False
0.5-1,17,0,8.126129048831944e-10,False
0.5-1,18,0,7.279249232184654e-13,False
0.5-1,19,0,0.000275161185664441,False
0.5-1,20,0,1.6687801219334728e-08,False
0.5-1,21,0,1.2899815873514703e-10,False
0.5-1,22,0,4.125178588520338e-09,False
0.5-1,23,0,0.00010947350663628447,False
0.5-1,24,0,4.583711892284836e-08,False
0.5-1,25,0,2.2446559660359228e-08,False
0.5-1,26,0,4.5678932742196434e-08,False
0.5-1,27,0,6.9006077996016976e-09,False
0.5-1,28,0,9.680757366009233e-05,False
0.5-1,29,0,4.548946620928327e-05,False
0.5-1,30,0,9.106720351254503e-12,False
0.5-1,31,0,3.1233173829154374e-10,False
0.5-1,32,0,3.239531192747476e-07,False
0.5-1,33,0,1.3321879201209429e-05,False
0.5-1,34,0,1.0996135163514907e-12,False
0.5-1,35,0,2.6583503194561467e-12,False
0.5-1,36,0,9.502839896522545e-15,False
0.5-1,37,0,5.524123819347457e-06,False
0.5-1,38,0,1.0091488349691306e-07,False
0.5-1,39,0,2.7873968229078216e-11,False
0.5-1,40,0,6.036940280005776e-09,False
0.5-1,41,0,1.0049672459757449e-09,False
0.5-1,42,0,1.649281020107739e-09,False
0.5-1,43,0,0.00011001840958861959,False
0.5-1,44,0,2.3674144876976634e-08,False
0.5-1,45,0,3.303906870308393e-12,False
0.5-1,46,0,2.0233893178554124e-11,False
0.5-1,47,0,1.959559794378024e-05,False
0.5-1,48,0,5.2810937598327397e-08,False
0.5-1,49,0,1.35464257703941e-08,False
0.5-1,50,0,1.790291474364784e-08,False
0.5-1,51,0,2.1398045260987813e-08,False
0.5-1,52,0,7.018231953563783e-06,False
0.5-1,53,0,1.2826499389045506e-06,False
0.5-1,54,0,4.493115300149567e-12,False
0.5-1,55,0,3.191322420079162e-10,False
0.5-1,56,0,9.352259627307934e-07,False
0.5-1,57,0,2.0395090384969776e-06,False
0.5-1,58,0,2.118197388484475e-09,False
0.5-1,59,0,3.3228788989169922e-12,False
0.5-1,60,0,3.842606082740101e-14,False
0.5-1,61,0,4.1691414882530915e-07,False
0.5-1,62,0,3.3359347973138394e-08,False
0.5-1,63,0,1.0845454594319403e-10,False
0.5-1,64,0,8.587980420920246e-09,False
0.5-1,65,0,2.039268424276123e-09,False
0.5-1,66,0,3.993267449996558e-13,False
0.5-1,67,0,0.00013728545214255057,False
0.5-1,68,0,2.8414855319667412e-08,False
0.5-1,69,0,6.694171125517352e-12,False
0.5-1,70,0,5.028602164521272e-12,False
0.5-1,71,0,1.7017316454494067e-07,False
0.5-1,72,0,1.4590497258065343e-08,False
0.5-1,73,0,2.688265770198908e-09,False
0.5-1,74,0,6.406375997318179e-09,False
0.5-1,75,0,1.2519580214031128e-08,False
0.5-1,76,0,2.166484999113316e-06,False
0.5-1,77,0,4.056751472524711e-06,False
0.5-1,78,0,1.848943930209768e-12,False
0.5-1,79,0,4.426692413991245e-11,False
0.5-1,80,0,2.7757449840853213e-06,False
0.5-1,81,0,8.95024586223829e-05,False
0.5-1,82,0,1.0078655410893742e-13,False
0.5-1,83,0,9.877465627874162e-12,False
0.5-1,84,0,1.486335475029845e-14,False
0.5-1,85,0,2.2753621370862326e-09,False
0.5-1,86,0,1.5964418935254053e-07,False
0.5-1,87,0,2.423315325767741e-12,False
0.5-1,88,0,2.807103660769184e-07,False
0.5-1,89,0,2.431824208703939e-11,False
0.5-1,90,0,9.761030004187152e-12,False
0.5-1,91,0,8.907426378172501e-06,False
0.5-1,92,0,9.644351438311971e-08,False
0.5-1,93,0,7.661970140224422e-12,False
0.5-1,94,0,2.2108794642892212e-10,False
0.5-1,95,0,2.325811327094674e-07,False
0.5-1,96,0,1.000649261104774e-09,False
0.5-1,97,0,4.7618776101034707e-11,False
0.5-1,98,0,2.4761709455175574e-10,False
0.5-1,99,0,1.0908586835118675e-09,False
0.5-1,100,0,1.732107266503955e-06,False
0.5-1,101,0,3.255932165618927e-07,False
0.5-1,102,0,5.877653116597906e-13,False
0.5-1,103,0,9.74246232795449e-11,False
0.5-1,104,0,2.254098101615332e-05,False
0.5-1,105,0,1.499796771422214e-08,False
0.5-1,106,0,3.349735713716785e-14,False
0.5-1,107,0,6.528362626536189e-09,False
0.5-1,108,0,1.3936070600178784e-12,False
0.5-1,109,0,4.284404392562579e-10,False
0.5-1,110,0,6.57262191620967e-08,False
0.5-1,111,0,1.121554753560187e-12,False
0.5-1,112,0,2.2879446212635244e-06,False
0.5-1,113,0,1.4735834166277455e-10,False
0.5-1,114,0,3.052013814413132e-15,False
0.5-1,115,0,2.1486721594126297e-05,False
0.5-1,116,0,6.367512959149086e-07,False
0.5-1,117,0,1.427687258184342e-10,False
0.5-1,118,0,8.871619215392421e-11,False
0.5-1,119,0,4.959645654444143e-06,False
0.5-1,120,0,1.1305457811794015e-11,False
0.5-1,121,0,1.3567764666812716e-12,False
0.5-1,122,0,2.74093003034731e-12,False
0.5-1,123,0,2.4581255360146003e-11,False
0.5-1,124,0,2.329872689145235e-07,False
0.5-1,125,0,0.00038230340281281773,False
0.5-1,126,0,4.560675425621507e-11,False
0.5-1,127,0,2.6485814341232195e-11,False
0.5-1,128,0,5.43751283222606e-06,False
0.5-1,129,0,9.508220327284247e-12,False
0.5-1,130,0,9.864326246090417e-15,False
0.5-1,131,0,4.72975890021784e-06,False
0.5-1,132,0,6.012730434580136e-08,False
0.5-1,133,0,4.368642170024358e-12,False
0.5-1,134,0,0.00018069765258604334,False
0.5-1,135,0,1.0041373103214974e-10,False
0.5-1,136,0,3.527856128148191e-05,False
0.5-1,137,0,2.021022899467485e-08,False
0.5-1,138,0,5.153108059287681e-18,False
0.5-1,139,0,2.0230014933793617e-06,False
0.5-1,140,0,2.160427806910871e-07,False
0.5-1,141,0,2.6359802266637376e-10,False
0.5-1,142,0,1.0564627294807608e-06,False
0.5-1,143,0,2.180938507156822e-07,False
0.5-1,144,0,4.6379770850575113e-14,False
0.5-1,145,0,1.3758921218278625e-15,False
0.5-1,146,0,3.1104659519206418e-15,False
0.5-1,147,0,7.294160752518914e-14,False
0.5-1,148,0,1.1201940183829196e-07,False
0.5-1,149,0,1.299631528865524e-06,False
0.5-1,150,0,1.8323475054983604e-10,False
0.5-1,151,0,6.571895509070257e-09,False
0.5-1,152,0,4.931032721937055e-05,False
0.5-1,153,0,2.297205103604943e-15,False
0.5-1,154,0,1.2862891740320445e-18,False
0.5-1,155,0,0.0013813694285474362,False
0.5-1,156,0,2.180894277579467e-05,False
0.5-1,157,0,1.239924411120624e-14,False
0.5-1,158,0,7.810643846219435e-06,False
0.5-1,159,0,3.7936841635222733e-10,False
0.5-1,160,0,1.0380510704373562e-05,False
0.5-1,161,0,1.2856229510953704e-05,False
0.5-1,162,0,5.6316173324044835e-21,False
0.5-1,163,0,6.067460035479275e-05,False
0.5-1,164,0,3.996635553190667e-07,False
0.5-1,165,0,1.0501602744868807e-08,False
0.5-1,166,0,1.4171152064485256e-06,False
0.5-1,167,0,6.420144342255556e-06,False
0.5-1,168,0,1.8649729257089393e-17,False
0.5-1,169,0,6.1007692808352e-19,False
0.5-1,170,0,2.0321910512233725e-19,False
0.5-1,171,0,4.279793074474463e-17,False
0.5-1,172,0,5.499520406993785e-08,False
0.5-1,173,0,2.121779746832151e-08,False
0.5-1,174,0,2.0349842281931203e-07,False
0.5-1,175,0,2.1392628742134025e-06,False
0.5-1,176,0,4.300866800745076e-05,False
0.5-1,177,0,2.7779854080343602e-19,False
0.5-1,178,0,1.9043298349918108e-15,False
0.5-1,179,0,2.3339690157836572e-05,False
0.5-1,180,0,1.5073112386355936e-05,False
0.5-1,181,0,2.3138283689565406e-18,False
0.5-1,182,0,9.075944576303039e-08,False
0.5-1,183,0,4.116871026746818e-07,False
0.5-1,184,0,2.187607633813419e-06,False
0.5-1,185,0,1.1381988834544289e-07,False
0.5-1,186,0,7.386190658152083e-26,False
0.5-1,187,0,8.852028247977864e-05,False
0.5-1,188,0,1.9749469798096698e-08,False
0.5-1,189,0,3.892492388811595e-06,False
0.5-1,190,0,6.329096436275903e-07,False
0.5-1,191,0,1.2361400262687012e-07,False
0.5-1,192,0,5.741048258096625e-20,False
0.5-1,193,0,1.7030715969154268e-18,False
0.5-1,194,0,4.6181233471653985e-23,False
0.5-1,195,0,1.3329799987416513e-20,False
0.5-1,196,0,1.6439652924968223e-07,False
0.5-1,197,0,5.9407010435672565e-06,False
0.5-1,198,0,1.9419508082204396e-09,False
0.5-1,199,0,1.5032241133690984e-06,False
0.5-1,200,0,0.00012103538956723132,False
0.5-1,201,0,1.8234709324258257e-05,False
0.5-1,202,0,7.886162879978649e-07,False
0.5-1,203,0,6.854630017564914e-08,False
0.5-1,204,0,4.193882016308412e-06,False
0.5-1,205,0,2.0261948518794414e-18,False
0.5-1,206,0,1.1972142335387922e-26,False
0.5-1,207,0,6.335259322270172e-08,False
0.5-1,208,0,7.310032957270498e-06,False
0.5-1,209,0,4.298830441748411e-21,False
0.5-1,210,0,1.2775456181149535e-09,False
0.5-1,211,0,8.163307596675033e-08,False
0.5-1,212,0,5.711343236997912e-07,False
0.5-1,213,0,3.160771814621429e-10,False
0.5-1,214,0,5.082939734110391e-09,False
0.5-1,215,0,0.00036568716879933184,False
0.5-1,216,0,5.217796384641924e-12,False
0.5-1,217,0,3.457143760012355e-07,False
0.5-1,218,0,5.16650863564117e-07,False
0.5-1,219,0,3.007362036115894e-08,False
0.5-1,220,0,3.1010999092857678e-09,False
0.5-1,221,0,1.3691076641785212e-08,False
0.5-1,222,0,1.5260460181259095e-08,False
0.5-1,223,0,4.57305668922086e-10,False
0.5-1,224,0,0.005787384556215183,False
0.5-1,225,0,0.3502382303605445,False
0.5-1,226,0,7.04672038777407e-05,False
0.5-1,227,0,3.803256769424937e-09,False
0.5-1,228,0,3.337128266252177e-10,False
0.5-1,229,0,3.682534988838525e-06,False
0.5-1,230,0,2.098452025352595e-05,False
0.5-1,231,0,1.4147411023324348e-13,False
0.5-1,232,0,1.7362862234629597e-17,False
0.5-1,233,0,9.665423243948042e-07,False
0.5-1,234,0,5.839826443995561e-11,False
0.5-1,235,0,2.213576309231713e-13,False
0.5-1,236,0,5.713389900366735e-10,False
0.5-1,237,0,3.5322384727749144e-10,False
0.5-1,238,0,1.7514426903321872e-07,False
0.5-1,239,0,0.0019029893238968253,False
0.5-1,240,0,2.1270092655817973e-08,False
0.5-1,241,0,7.737854368441188e-09,False
0.5-1,242,0,4.313652574881262e-09,False
0.5-1,243,0,2.423894377986335e-05,False
0.5-1,244,0,8.448994830585087e-08,False
0.5-1,245,0,1.1770568106773249e-07,False
0.5-1,246,0,1.39569854178479e-07,False
0.5-1,247,0,1.7784699471312406e-08,False
0.5-1,248,0,1.1797369015365798e-05,False
0.5-1,249,0,2.0163137586840873e-05,False
0.5-1,250,0,1.2033401149316895e-09,False
0.5-1,251,0,1.2457199408107917e-10,False
0.5-1,252,0,1.8003242822334279e-09,False
0.5-1,253,0,3.5678188572203895e-07,False
0.5-1,254,0,1.2822245324821213e-11,False
0.5-1,255,0,2.205019796925929e-14,False
0.5-1,256,0,5.479814671456769e-14,False
0.5-1,257,0,8.583272130918703e-07,False
0.5-1,258,0,1.1124914379743063e-08,False
0.5-1,259,0,8.198853480623385e-10,False
0.5-1,260,0,4.282099775420788e-10,False
0.5-1,261,0,6.302286069087331e-10,False
0.5-1,262,0,1.1525641997532241e-07,False
0.5-1,263,0,0.0011826661440838293,False
0.5-1,264,0,2.0027069397502672e-08,False
0.5-1,265,0,6.504068241888123e-11,False
0.5-1,266,0,5.132456944754807e-10,False
0.5-1,267,0,1.045855085674412e-06,False
0.5-1,268,0,1.951177122434768e-07,False
0.5-1,269,0,6.644551603840217e-08,False
0.5-1,270,0,1.1627799706253741e-07,False
0.5-1,271,0,1.0197586291006037e-07,False
0.5-1,272,0,2.3698071463282866e-07,False
0.5-1,273,0,2.494153765189003e-07,False
0.5-1,274,0,4.87679501437571e-12,False
0.5-1,275,0,3.521943105897216e-11,False
0.5-1,276,0,2.1403666345186668e-10,False
0.5-1,277,0,1.1541432986736704e-07,False
0.5-1,278,0,5.35537704196876e-12,False
0.5-1,279,0,1.6412192082650062e-13,False
0.5-1,280,0,3.1507175137242846e-14,False
0.5-1,281,0,3.468538518978838e-09,False
0.5-1,282,0,1.4944336178856995e-08,False
0.5-1,283,0,4.933394014238537e-09,False
0.5-1,284,0,7.418145190489278e-10,False
0.5-1,285,0,2.3727975390051642e-08,False
0.5-1,286,0,1.0384940112807073e-13,False
0.5-1,287,0,2.9803883407550388e-05,False
0.5-1,288,0,3.855104728977041e-07,False
0.5-1,289,0,3.0377037093642742e-12,False
0.5-1,290,0,5.8706502689074775e-12,False
0.5-1,291,0,1.3550181308020205e-08,False
0.5-1,292,0,7.730613287493542e-08,False
0.5-1,293,0,1.050966128136023e-08,False
0.5-1,294,0,2.657606151179807e-08,False
0.5-1,295,0,4.646336774440542e-08,False
0.5-1,296,0,1.380617085548708e-07,False
0.5-1,297,0,3.7350372244761753e-07,False
0.5-1,298,0,4.90493434850987e-13,False
0.5-1,299,0,7.351364627094895e-11,False
0.5-1,300,0,1.9556450564293594e-09,False
0.5-1,301,0,1.6783314620811715e-08,False
0.5-1,302,0,8.390883637343412e-14,False
0.5-1,303,0,2.6637332099844295e-11,False
0.5-1,304,0,6.20185850000817e-13,False
0.5-1,305,0,7.735413136261545e-10,False
0.5-1,306,0,9.689048403755617e-08,False
0.5-1,307,0,2.4887424646915345e-10,False
0.5-1,308,0,3.5468114421708593e-09,False
0.5-1,309,0,2.703773990029903e-10,False
0.5-1,310,0,1.7342454056466056e-14,False
0.5-1,311,0,5.158923176584328e-07,False
0.5-1,312,0,2.745590062399523e-07,False
0.5-1,313,0,4.180942174680647e-12,False
0.5-1,314,0,9.525397712073813e-12,False
0.5-1,315,0,4.7280723150824115e-08,False
0.5-1,316,0,7.051081128449216e-09,False
0.5-1,317,0,1.1538054314627708e-09,False
0.5-1,318,0,1.365597048256565e-09,False
0.5-1,319,0,4.7171494725526e-09,False
0.5-1,320,0,8.72606230919308e-08,False
0.5-1,321,0,2.300277690498543e-08,False
0.5-1,322,0,1.086605190936163e-13,False
0.5-1,323,0,1.0666834107115906e-10,False
0.5-1,324,0,6.746668814240318e-08,False
0.5-1,325,0,4.711126032178831e-10,False
0.5-1,326,0,3.1183618299975244e-14,False
0.5-1,327,0,9.938571730737822e-08,False
0.5-1,328,0,8.519953308122818e-11,False
0.5-1,329,0,2.606564601379657e-12,False
0.5-1,330,0,2.542555145325642e-07,False
0.5-1,331,0,7.865670007146202e-10,False
0.5-1,332,0,4.3379031917245145e-06,False
0.5-1,333,0,1.094400029736652e-09,False
0.5-1,334,0,9.127934255682802e-14,False
0.5-1,335,0,4.6129340808078037e-07,False
0.5-1,336,0,1.6545667739620688e-06,False
0.5-1,337,0,2.4622048523158607e-12,False
0.5-1,338,0,2.0340448151678053e-12,False
0.5-1,339,0,3.9286645355629185e-07,False
0.5-1,340,0,2.345738247486451e-10,False
0.5-1,341,0,1.8657878631528464e-11,False
0.5-1,342,0,1.1410570168995213e-11,False
0.5-1,343,0,1.7597630156948456e-10,False
0.5-1,344,0,0.00019158140508586822,False
0.5-1,345,0,9.331993426685255e-06,False
0.5-1,346,0,5.091732187857514e-12,False
0.5-1,347,0,1.1063402274686781e-09,False
0.5-1,348,0,5.787966707644899e-07,False
0.5-1,349,0,1.8199027424694725e-14,False
0.5-1,350,0,1.0482646813046852e-16,False
0.5-1,351,0,0.00018772492589286862,False
0.5-1,352,0,4.991728113191219e-06,False
0.5-1,353,0,8.71234911598892e-14,False
0.5-1,354,0,0.0005289205612500345,False
0.5-1,355,0,5.4277118876259026e-08,False
0.5-1,356,0,3.1195112117648352e-06,False
0.5-1,357,0,4.535502188988295e-09,False
0.5-1,358,0,7.229301452912887e-19,False
0.5-1,359,0,8.018451327914956e-08,False
0.5-1,360,0,5.531303634500711e-07,False
0.5-1,361,0,1.1701704282517324e-10,False
0.5-1,362,0,1.9647416512851552e-07,False
0.5-1,363,0,4.026531145602989e-09,False
0.5-1,364,0,6.053842783011987e-13,False
0.5-1,365,0,2.6495782164021338e-14,False
0.5-1,366,0,1.2634941817481258e-14,False
0.5-1,367,0,5.348321095621872e-13,False
0.5-1,368,0,7.446475392433285e-07,False
0.5-1,369,0,1.2539626464991228e-07,False
0.5-1,370,0,3.7050750843764335e-10,False
0.5-1,371,0,1.693081040280254e-07,False
0.5-1,372,0,1.5243739958641448e-05,False
0.5-1,373,0,7.39760190750092e-17,False
0.5-1,374,0,3.4835775349349544e-20,False
0.5-1,375,0,6.6800222582064936e-06,False
0.5-1,376,0,9.232210229568969e-05,False
0.5-1,377,0,7.456751983122893e-17,False
0.5-1,378,0,2.7088163522593085e-05,False
0.5-1,379,0,4.1653250218570494e-07,False
0.5-1,380,0,1.4844679940305938e-05,False
0.5-1,381,0,3.6611080088062984e-05,False
0.5-1,382,0,1.0889778270389205e-21,False
0.5-1,383,0,3.6091134074921146e-06,False
0.5-1,384,0,5.8917269770825575e-06,False
0.5-1,385,0,2.0376532632310224e-09,False
0.5-1,386,0,1.47462145492776e-08,False
0.5-1,387,0,1.1682888703658652e-07,False
0.5-1,388,0,1.680418201958765e-16,False
0.5-1,389,0,3.310053272757616e-19,False
0.5-1,390,0,3.292114605465501e-19,False
0.5-1,391,0,1.3505179073627102e-16,False
0.5-1,392,0,2.533427948402294e-06,False
0.5-1,393,0,2.542392928811997e-06,False
0.5-1,394,0,1.5432138156852822e-06,False
0.5-1,395,0,3.9224472792685166e-05,False
0.5-1,396,0,2.746914865630871e-06,False
0.5-1,397,0,1.7450908533213126e-21,False
0.5-1,398,0,6.658956348749055e-24,False
0.5-1,399,0,4.5212669051086715e-05,False
0.5-1,400,0,1.411738957118544e-05,False
0.5-1,401,0,8.803097280170305e-20,False
0.5-1,402,0,9.759395789113113e-08,False
0.5-1,403,0,6.401424121504241e-07,False
0.5-1,404,0,1.2498745720681116e-06,False
0.5-1,405,0,6.841157702369303e-07,False
0.5-1,406,0,6.836808037996826e-26,False
0.5-1,407,0,1.6752540125779306e-05,False
0.5-1,408,0,3.979079429511404e-08,False
0.5-1,409,0,7.401787496138497e-07,False
0.5-1,410,0,2.2625764559815924e-09,False
0.5-1,411,0,2.6767372349729558e-08,False
0.5-1,412,0,4.3830898984174135e-21,False
0.5-1,413,0,4.644121762635526e-24,False
0.5-1,414,0,2.2781389829280247e-25,False
0.5-1,415,0,2.7815173720096975e-21,False
0.5-1,416,0,3.394481737225209e-08,False
0.5-1,417,0,4.7173816482028e-06,False
0.5-1,418,0,1.8021180065052806e-08,False
0.5-1,419,0,3.62280381729433e-06,False
0.5-1,420,0,4.8996551111320865e-06,False
0.5-1,421,0,1.1508502373624018e-05,False
0.5-1,422,0,7.481642171127129e-07,False
0.5-1,423,0,3.828478209620587e-08,False
0.5-1,424,0,3.733828701142964e-07,False
0.5-1,425,0,7.119555781209805e-22,False
0.5-1,426,0,7.217830659864609e-28,False
0.5-1,427,0,7.619646758125189e-08,False
0.5-1,428,0,1.2497114374206446e-06,False
0.5-1,429,0,2.0986666045885764e-20,False
0.5-1,430,0,1.596600201940893e-10,False
0.5-1,431,0,3.202601468192034e-09,False
0.5-1,432,0,1.5505798866383003e-08,False
0.5-1,433,0,3.8885539855001034e-11,False
0.5-1,434,0,3.843107039947499e-20,False
0.5-1,435,0,3.65166667668398e-06,False
0.5-1,436,0,2.6475610568694243e-12,False
0.5-1,437,0,3.049655446339422e-08,False
0.5-1,438,0,1.517382591889835e-09,False
0.5-1,439,0,5.020343537597145e-09,False
0.5-1,440,0,1.98263809794889e-09,False
0.5-1,441,0,1.0362300220894804e-08,False
0.5-1,442,0,4.51872083985015e-09,False
0.5-1,443,0,9.383651894720915e-11,False
0.5-1,444,0,0.18755103462990366,False
0.5-1,445,0,0.043833868497744614,False
0.5-1,446,0,0.003003225587871575,False
0.5-1,447,0,5.7640514614786086e-08,False
0.5-1,448,0,2.7534628783390518e-11,False
0.5-1,449,0,4.250476082053146e-05,False
0.5-1,450,0,2.0974987927417143e-07,False
0.5-1,451,0,3.572078814675096e-16,False
0.5-1,452,0,5.5087071197380114e-17,False
0.5-1,453,0,6.375769083993995e-06,False
0.5-1,454,0,5.574295091945186e-09,False
0.5-1,455,0,1.388764767230763e-11,False
0.5-1,456,0,1.459714068406802e-10,False
0.5-1,457,0,1.773886116791183e-08,False
0.5-1,458,0,4.4076257979390627e-07,False
0.5-1,459,0,5.421349954846401e-06,False
0.5-1,460,0,8.969917580034251e-07,False
0.5-1,461,0,7.313451054274557e-08,False
0.5-1,462,0,9.618709619378472e-11,False
0.5-1,463,0,1.7396353369766297e-05,False
0.5-1,464,0,8.629015945451416e-08,False
0.5-1,465,0,1.6282519174661005e-07,False
0.5-1,466,0,9.92530294728901e-08,False
0.5-1,467,0,1.1018152294151663e-08,False
0.5-1,468,0,2.814031881717175e-05,False
0.5-1,469,0,6.041562365933355e-05,False
0.5-1,470,0,2.5861231564124757e-08,False
0.5-1,471,0,2.5399295559971895e-09,False
0.5-1,472,0,1.2197071875112557e-11,False
0.5-1,473,0,2.1276273092739707e-05,False
0.5-1,474,0,5.088374079260007e-10,False
0.5-1,475,0,6.609917370650855e-09,False
0.5-1,476,0,3.5452945579358136e-16,False
0.5-1,477,0,5.150520225304766e-06,False
0.5-1,478,0,5.282796291730251e-07,False
0.5-1,479,0,2.1905791507937102e-09,False
0.5-1,480,0,2.0275323795201483e-10,False
0.5-1,481,0,1.244114701110913e-07,False
0.5-1,482,0,4.2737859236511445e-08,False
0.5-1,483,0,9.251991205044665e-06,False
0.5-1,484,0,1.842239448042314e-08,False
0.5-1,485,0,2.4237399326706073e-12,False
0.5-1,486,0,9.000923463202503e-12,False
0.5-1,487,0,1.423704483104846e-07,False
0.5-1,488,0,3.791810542070605e-07,False
0.5-1,489,0,1.8030543997346638e-07,False
0.5-1,490,0,1.5345839804825971e-07,False
0.5-1,491,0,8.741480288095831e-08,False
0.5-1,492,0,1.7109186420601513e-07,False
0.5-1,493,0,1.8159703723642758e-07,False
0.5-1,494,0,5.4891089928396616e-11,False
0.5-1,495,0,5.184045462612862e-10,False
0.5-1,496,0,2.446554161738489e-10,False
0.5-1,497,0,9.96490815783682e-05,False
0.5-1,498,0,4.365111362890096e-11,False
0.5-1,499,0,1.368810968279477e-13,False
0.5-1,500,0,1.6114410881013152e-15,False
0.5-1,501,0,3.8338049188287315e-07,False
0.5-1,502,0,2.660058144858206e-05,False
0.5-1,503,0,3.341937514464098e-09,False
0.5-1,504,0,1.3369996130924606e-09,False
0.5-1,505,0,2.7176997682747985e-07,False
0.5-1,506,0,2.1488332919892315e-09,False
0.5-1,507,0,2.1209251062374743e-06,False
0.5-1,508,0,2.095717063702348e-07,False
0.5-1,509,0,3.0875992753021332e-12,False
0.5-1,510,0,3.4802345919312256e-11,False
0.5-1,511,0,7.90007487249276e-09,False
0.5-1,512,0,2.282740317784971e-07,False
0.5-1,513,0,6.146609229390724e-08,False
0.5-1,514,0,4.650013603383001e-08,False
0.5-1,515,0,6.954138499819947e-08,False
0.5-1,516,0,3.145371111025331e-08,False
0.5-1,517,0,8.750080398644765e-08,False
0.5-1,518,0,2.8546053465542744e-13,False
0.5-1,519,0,2.2248874814447087e-09,False
0.5-1,520,0,3.1436853176447713e-09,False
0.5-1,521,0,1.3081559607909335e-09,False
0.5-1,522,0,1.863712422717402e-13,False
0.5-1,523,0,5.942474573537117e-09,False
0.5-1,524,0,5.971219385408758e-13,False
0.5-1,525,0,6.227768840587003e-08,False
0.5-1,526,0,8.095829491170676e-08,False
0.5-1,527,0,1.6757908395514646e-10,False
0.5-1,528,0,1.1923503410758767e-10,False
0.5-1,529,0,2.211331758738124e-09,False
0.5-1,530,0,7.090840082698917e-12,False
0.5-1,531,0,1.4999457541081731e-07,False
0.5-1,532,0,1.5668326660449423e-07,False
0.5-1,533,0,6.750411108479821e-10,False
0.5-1,534,0,8.814868288307411e-10,False
0.5-1,535,0,6.568990470250252e-09,False
0.5-1,536,0,4.145575143059054e-08,False
0.5-1,537,0,5.8195482540718976e-09,False
0.5-1,538,0,4.0961218316978786e-09,False
0.5-1,539,0,1.1222039180557243e-08,False
0.5-1,540,0,1.0662532642947763e-08,False
0.5-1,541,0,3.792490471598596e-09,False
0.5-1,542,0,1.3137940611288081e-11,False
0.5-1,543,0,2.579856844832687e-09,False
0.5-1,544,0,8.963046142535506e-08,False
0.5-1,545,0,9.663211041061628e-13,False
0.5-1,546,0,3.6538249127085204e-16,False
0.5-1,547,0,5.141751666776334e-10,False
0.5-1,548,0,3.33738205364784e-09,False
0.5-1,549,0,5.057796571728568e-13,False
0.5-1,550,0,1.5181530703016136e-08,False
0.5-1,551,0,8.499212936662664e-10,False
0.5-1,552,0,2.8198512374835235e-09,False
0.5-1,553,0,8.714893504369786e-08,False
0.5-1,554,0,3.9550153840500824e-16,False
0.5-1,555,0,3.4930457400518115e-07,False
0.5-1,556,0,4.90776320557259e-07,False
0.5-1,557,0,7.313025649552245e-10,False
0.5-1,558,0,6.135225026620804e-10,False
0.5-1,559,0,1.1622051531783483e-07,False
0.5-1,560,0,7.007729913251786e-10,False
0.5-1,561,0,6.711736784527017e-11,False
0.5-1,562,0,2.985363109184205e-11,False
0.5-1,563,0,3.5680707645686475e-10,False
0.5-1,564,0,6.238189531882925e-08,False
0.5-1,565,0,8.931035313949843e-06,False
0.5-1,566,0,3.5252600061277266e-09,False
0.5-1,567,0,1.0762934045986974e-11,False
0.5-1,568,0,1.2499232163951477e-06,False
0.5-1,569,0,6.131382264941145e-11,False
0.5-1,570,0,2.28101908965509e-17,False
0.5-1,571,0,5.968117368680018e-08,False
0.5-1,572,0,1.6066815458061717e-06,False
0.5-1,573,0,1.8619845341997556e-12,False
0.5-1,574,0,0.0003031212125020597,False
0.5-1,575,0,2.8113252114216846e-07,False
0.5-1,576,0,3.7868809090204495e-07,False
0.5-1,577,0,1.864872818971586e-06,False
0.5-1,578,0,1.0246594434427011e-18,False
0.5-1,579,0,1.205152580512847e-06,False
0.5-1,580,0,5.172445247802423e-07,False
0.5-1,581,0,8.699208289042431e-10,False
0.5-1,582,0,0.00021241278835585088,False
0.5-1,583,0,4.946436679812972e-08,False
0.5-1,584,0,1.723356129644801e-12,False
0.5-1,585,0,3.587546256806946e-14,False
0.5-1,586,0,1.7081812905837795e-14,False
0.5-1,587,0,9.703127886967828e-13,False
0.5-1,588,0,2.787568120197373e-07,False
0.5-1,589,0,7.995776867774882e-09,False
0.5-1,590,0,6.61955298729016e-10,False
0.5-1,591,0,1.2800976260357535e-10,False
0.5-1,592,0,9.934416132413945e-06,False
0.5-1,593,0,8.695892787977664e-18,False
0.5-1,594,0,1.2347549261372021e-20,False
0.5-1,595,0,5.8149608468435456e-05,False
0.5-1,596,0,3.6618891043313865e-07,False
0.5-1,597,0,1.3800591593963236e-16,False
0.5-1,598,0,1.4354645628322902e-05,False
0.5-1,599,0,1.4718959909043094e-06,False
0.5-1,600,0,1.5204324128151326e-06,False
0.5-1,601,0,1.0142140003549319e-05,False
0.5-1,602,0,2.0802057564438943e-21,False
0.5-1,603,0,9.48415629001839e-06,False
0.5-1,604,0,1.048065913508095e-06,False
0.5-1,605,0,6.467309233393319e-08,False
0.5-1,606,0,2.6335479864097717e-06,False
0.5-1,607,0,1.1214591759661694e-06,False
0.5-1,608,0,3.6527940905356314e-16,False
0.5-1,609,0,5.694062473181426e-19,False
0.5-1,610,0,1.5475544690870333e-19,False
0.5-1,611,0,8.524672202262054e-17,False
0.5-1,612,0,5.615311970202956e-07,False
0.5-1,613,0,2.8797449176092204e-09,False
0.5-1,614,0,1.7973490108229036e-07,False
0.5-1,615,0,5.67749852894825e-07,False
0.5-1,616,0,4.0511557508081415e-07,False
0.5-1,617,0,5.483564670776376e-22,False
0.5-1,618,0,3.2277839491949925e-25,False
0.5-1,619,0,1.8286954303629624e-06,False
0.5-1,620,0,3.978607398895459e-05,False
0.5-1,621,0,3.104426373986974e-20,False
0.5-1,622,0,3.882113019951401e-08,False
0.5-1,623,0,9.893971196201512e-07,False
0.5-1,624,0,1.3786289091889183e-07,False
0.5-1,625,0,9.077084900359861e-09,False
0.5-1,626,0,1.6104286945977225e-26,False
0.5-1,627,0,3.1595857632884577e-07,False
0.5-1,628,0,4.447712567876556e-09,False
0.5-1,629,0,2.513593082456135e-06,False
0.5-1,630,0,2.4802824462495746e-08,False
0.5-1,631,0,2.58543210374926e-08,False
0.5-1,632,0,3.994124302973006e-21,False
0.5-1,633,0,2.8321178601580303e-25,False
0.5-1,634,0,4.601259411739576e-27,False
0.5-1,635,0,1.6499162561653627e-22,False
0.5-1,636,0,1.47420718116339e-08,False
0.5-1,637,0,1.0458943491260729e-08,False
0.5-1,638,0,1.7846361838152894e-08,False
0.5-1,639,0,4.807589219975369e-08,False
0.5-1,640,0,1.3440150460669153e-06,False
0.5-1,641,0,8.162992668842757e-07,False
0.5-1,642,0,6.78273466645951e-08,False
0.5-1,643,0,1.8040282649719073e-08,False
0.5-1,644,0,6.364495996235698e-08,False
0.5-1,645,0,1.0407851801613136e-22,False
0.5-1,646,0,2.4759014385613734e-28,False
0.5-1,647,0,1.4103569885011013e-08,False
0.5-1,648,0,2.125530186750431e-06,False
0.5-1,649,0,1.9294673701749625e-23,False
0.5-1,650,0,4.7763293162398734e-11,False
0.5-1,651,0,4.431827835543716e-09,False
0.5-1,652,0,2.8935538714314066e-09,False
0.5-1,653,0,1.6538870165479962e-11,False
0.5-1,654,0,1.343488290916375e-31,False
0.5-1,655,0,5.827915242896282e-07,False
0.5-1,656,0,5.783512905648542e-13,False
0.5-1,657,0,3.886860092070341e-08,False
0.5-1,658,0,2.836728742599838e-09,False
0.5-1,659,0,1.23726180977982e-09,False
0.5-1,660,0,4.0267854789926203e-10,False
0.5-1,661,0,8.644629589265821e-09,False
0.5-1,662,0,4.195654224593125e-09,False
0.5-1,663,0,6.785923157722634e-11,False
0.5-1,664,0,0.6348778253334624,False
0.5-1,665,0,0.3095336220563644,False
0.5-1,666,0,0.002889623190987173,False
0.5-1,667,0,1.1532835667316631e-10,False
0.5-1,668,0,2.1940480761291735e-11,False
0.5-1,669,0,1.4686912012075076e-05,False
0.5-1,670,0,2.554488203308075e-06,False
0.5-1,671,0,9.946908381315465e-16,False
0.5-1,672,0,3.508565174099123e-16,False
0.5-1,673,0,0.4258952761555209,False
0.5-1,674,0,1.4154102832304371e-08,False
0.5-1,675,0,7.616817099117264e-11,False
0.5-1,676,0,5.666612928140235e-11,False
0.5-1,677,0,4.46601390190599e-08,False
0.5-1,678,0,1.1011178712866896e-05,False
0.5-1,679,0,9.719739870878754e-06,False
0.5-1,680,0,7.57181026944589e-07,False
0.5-1,681,0,1.5553890539344003e-06,False
0.5-1,682,0,1.268440595721503e-09,False
0.5-1,683,0,0.0048938375623059985,False
0.5-1,684,0,7.027958255880419e-08,False
0.5-1,685,0,2.384640938302708e-07,False
0.5-1,686,0,1.0612472800981764e-07,False
0.5-1,687,0,1.6580464200745534e-08,False
0.5-1,688,0,3.32594333642048e-05,False
0.5-1,689,0,2.2970259745380232e-06,False
0.5-1,690,0,6.765115644485863e-09,False
0.5-1,691,0,2.5926236091163972e-11,False
0.5-1,692,0,1.5724883135754902e-12,False
0.5-1,693,0,2.2893989178854915e-05,False
0.5-1,694,0,3.3250318635803106e-08,False
0.5-1,695,0,4.615625698215538e-15,False
0.5-1,696,0,2.773568283950997e-15,False
0.5-1,697,0,5.1893636211909374e-05,False
0.5-1,698,0,4.749380725440509e-08,False
0.5-1,699,0,6.329477868730602e-07,False
0.5-1,700,0,9.561288219925411e-11,False
0.5-1,701,0,1.1143328214420487e-06,False
0.5-1,702,0,3.552309793550726e-09,False
0.5-1,703,0,2.1745152716152675e-06,False
0.5-1,704,0,1.3590405514900783e-06,False
0.5-1,705,0,2.1124612349209072e-11,False
0.5-1,706,0,5.5869830306622504e-11,False
0.5-1,707,0,2.5548046124121846e-05,False
0.5-1,708,0,6.315125316811509e-07,False
0.5-1,709,0,2.523653349144751e-07,False
0.5-1,710,0,2.926869886625354e-07,False
0.5-1,711,0,1.6177237026599984e-07,False
0.5-1,712,0,2.8096437445875155e-08,False
0.5-1,713,0,8.196863845495227e-09,False
0.5-1,714,0,2.18260125065031e-11,False
0.5-1,715,0,4.4397777341816135e-11,False
0.5-1,716,0,6.177787716666687e-11,False
0.5-1,717,0,2.823577885656106e-08,False
0.5-1,718,0,3.0589327867246767e-09,False
0.5-1,719,0,3.11950012041454e-12,False
0.5-1,720,0,4.4793311928606537e-14,False
0.5-1,721,0,6.55893701641728e-07,False
0.5-1,722,0,1.1037298251270422e-06,False
0.5-1,723,0,6.403057938893897e-06,False
0.5-1,724,0,4.353307038225305e-10,False
0.5-1,725,0,8.46684560347945e-06,False
0.5-1,726,0,8.743198372234787e-10,False
0.5-1,727,0,4.130861477512283e-07,False
0.5-1,728,0,3.0034314354616577e-05,False
0.5-1,729,0,1.0666415727752817e-11,False
0.5-1,730,0,4.5431600115028626e-10,False
0.5-1,731,0,3.7852410988876385e-09,False
0.5-1,732,0,5.765178518015606e-07,False
0.5-1,733,0,1.392349842157675e-07,False
0.5-1,734,0,9.284716090675685e-08,False
0.5-1,735,0,1.7554709631489292e-07,False
0.5-1,736,0,1.434256581844141e-08,False
0.5-1,737,0,2.1969756756670704e-08,False
0.5-1,738,0,6.469055433057605e-13,False
0.5-1,739,0,5.867845995911768e-10,False
0.5-1,740,0,1.3034786307265578e-10,False
0.5-1,741,0,7.218648664162286e-10,False
0.5-1,742,0,1.9876548082350222e-10,False
0.5-1,743,0,1.600303679063238e-09,False
0.5-1,744,0,4.853234340192026e-14,False
0.5-1,745,0,3.1390221019431643e-08,False
0.5-1,746,0,0.00010920057872899745,False
0.5-1,747,0,2.722607735128283e-06,False
0.5-1,748,0,9.451641325321472e-10,False
0.5-1,749,0,1.6193452543920119e-06,False
0.5-1,750,0,1.8424387453063944e-13,False
0.5-1,751,0,7.629748903930617e-08,False
0.5-1,752,0,0.0019657353157209283,False
0.5-1,753,0,5.291527987370699e-11,False
0.5-1,754,0,1.5965004089614642e-10,False
0.5-1,755,0,6.4264159715088914e-09,False
0.5-1,756,0,9.403551472778882e-08,False
0.5-1,757,0,1.0171220585443929e-08,False
0.5-1,758,0,5.9618987505026345e-09,False
0.5-1,759,0,2.8593246349693346e-08,False
0.5-1,760,0,1.1245706246763768e-08,False
0.5-1,761,0,4.205086813318453e-09,False
0.5-1,762,0,6.279338561888324e-12,False
0.5-1,763,0,1.454348593050446e-09,False
0.5-1,764,0,1.6896301043890027e-07,False
0.5-1,765,0,1.344180547190914e-13,False
0.5-1,766,0,1.230323725770302e-14,False
0.5-1,767,0,3.506305988622235e-05,False
0.5-1,768,0,3.242920396211383e-11,False
0.5-1,769,0,5.870432633052605e-11,False
0.5-1,770,0,0.0015391334721959308,False
0.5-1,771,0,6.334413636335305e-07,False
0.5-1,772,0,4.5134630699011996e-08,False
0.5-1,773,0,0.00013921674407082007,False
0.5-1,774,0,3.657346840785979e-16,False
0.5-1,775,0,1.9412050959878678e-08,False
0.5-1,776,0,7.528676156495911e-07,False
0.5-1,777,0,2.1644292842455832e-11,False
0.5-1,778,0,2.557420338099018e-11,False
0.5-1,779,0,7.30829628109809e-09,False
0.5-1,780,0,1.9449486574574695e-09,False
0.5-1,781,0,1.504986258927756e-10,False
0.5-1,782,0,6.3231196016318e-11,False
0.5-1,783,0,5.391551924205507e-10,False
0.5-1,784,0,2.7773724086606458e-09,False
0.5-1,785,0,1.8783438737346708e-08,False
0.5-1,786,0,1.3741256160665146e-10,False
0.5-1,787,0,1.3434605643607755e-10,False
0.5-1,788,0,5.553604159453579e-07,False
0.5-1,789,0,8.333122637789371e-17,False
0.5-1,790,0,8.625147095695426e-17,False
0.5-1,791,0,0.001435301804294756,False
0.5-1,792,0,0.00035077572334269396,False
0.5-1,793,0,6.482391523785727e-14,False
0.5-1,794,0,0.0003640736855117257,False
0.5-1,795,0,6.96801300560934e-08,False
0.5-1,796,0,2.5266179319167154e-06,False
0.5-1,797,0,4.0332241407747504e-05,False
0.5-1,798,0,2.2253125727972127e-19,False
0.5-1,799,0,8.426053574634876e-09,False
0.5-1,800,0,5.327988557020276e-07,False
0.5-1,801,0,4.79369942111394e-11,False
0.5-1,802,0,2.0904837071985744e-10,False
0.5-1,803,0,5.335060423900895e-09,False
0.5-1,804,0,4.5510074325877614e-12,False
0.5-1,805,0,7.172713995233907e-14,False
0.5-1,806,0,3.3262663445207374e-14,False
0.5-1,807,0,2.0628810914609277e-12,False
0.5-1,808,0,2.1576101628882926e-07,False
0.5-1,809,0,2.7755782517082152e-08,False
0.5-1,810,0,1.0408574450874449e-07,False
0.5-1,811,0,2.6722042368385817e-09,False
0.5-1,812,0,1.898809974082395e-07,False
0.5-1,813,0,1.3184724099178206e-13,False
0.5-1,814,0,6.152345703789331e-18,False
0.5-1,815,0,0.0005570191733622289,False
0.5-1,816,0,1.8695483972612366e-06,False
0.5-1,817,0,3.2450654501845205e-16,False
0.5-1,818,0,5.151012305630957e-06,False
0.5-1,819,0,8.332870631629649e-09,False
0.5-1,820,0,3.4148899087097098e-06,False
0.5-1,821,0,7.119584969658086e-07,False
0.5-1,822,0,1.1146685912602277e-21,False
0.5-1,823,0,6.885992880436242e-08,False
0.5-1,824,0,1.752629126310681e-06,False
0.5-1,825,0,1.203857524235632e-08,False
0.5-1,826,0,4.894556637103787e-08,False
0.5-1,827,0,1.0543135041158333e-07,False
0.5-1,828,0,6.182786046343185e-16,False
0.5-1,829,0,5.323059572287359e-19,False
0.5-1,830,0,3.036818089416312e-19,False
0.5-1,831,0,1.590828516143243e-16,False
0.5-1,832,0,2.807935622769246e-07,False
0.5-1,833,0,2.9630257902522606e-09,False
0.5-1,834,0,2.619150714323391e-06,False
0.5-1,835,0,1.1091930683421648e-08,False
0.5-1,836,0,1.9117661817879326e-07,False
0.5-1,837,0,1.2581108769215442e-22,False
0.5-1,838,0,7.694394186391372e-24,False
0.5-1,839,0,3.686252304544405e-06,False
0.5-1,840,0,3.167738283890132e-05,False
0.5-1,841,0,6.0633026559389554e-21,False
0.5-1,842,0,3.0129758105228747e-09,False
0.5-1,843,0,5.16271262998972e-09,False
0.5-1,844,0,8.702369189040931e-08,False
0.5-1,845,0,3.3609059676701736e-09,False
0.5-1,846,0,5.333193539006203e-16,False
0.5-1,847,0,1.0101782984707191e-08,False
0.5-1,848,0,9.083605869787326e-10,False
0.5-1,849,0,2.486960692367079e-06,False
0.5-1,850,0,3.978159986375187e-09,False
0.5-1,851,0,2.4149930846992252e-08,False
0.5-1,852,0,1.2342649349591579e-21,False
0.5-1,853,0,4.141423640766539e-26,False
0.5-1,854,0,5.4304275679711884e-27,False
0.5-1,855,0,5.957541781989742e-22,False
0.5-1,856,0,6.713847516938455e-09,False
0.5-1,857,0,4.651448279314426e-09,False
0.5-1,858,0,5.7481360541914626e-08,False
0.5-1,859,0,1.3168114410672545e-10,False
0.5-1,860,0,8.038016619303163e-07,False
0.5-1,861,0,6.876600539356108e-07,False
0.5-1,862,0,1.0956202912565707e-09,False
0.5-1,863,0,1.6127998014983295e-08,False
0.5-1,864,0,5.958113859278682e-09,False
0.5-1,865,0,5.075212889880419e-23,False
0.5-1,866,0,1.5281289804687266e-25,False
0.5-1,867,0,2.5468110315385047e-09,False
0.5-1,868,0,5.405511839352271e-07,False
0.5-1,869,0,1.254332049267583e-22,False
0.5-1,870,0,2.415526671808821e-12,False
0.5-1,871,0,4.407874886624036e-10,False
0.5-1,872,0,5.42797535191677e-10,False
0.5-1,873,0,8.117775193628978e-12,False
0.5-1,874,0,5.3161992064065984e-24,False
0.5-1,875,0,1.054293268630524e-07,False
0.5-1,876,0,1.7230169526235258e-13,False
0.5-1,877,0,8.51503272071852e-09,False
0.5-1,878,0,1.0812108185883691e-10,False
0.5-1,879,0,4.6569815415069204e-09,False
0.5-1,880,0,2.399032170808152e-10,False
0.5-1,881,0,7.354128169082142e-09,False
0.5-1,882,0,7.348666018368463e-10,False
0.5-1,883,0,5.556797822698423e-12,False
0.5-1,884,0,0.970542923803982,True
0.5-1,885,0,0.31556572369151104,False
0.5-1,886,0,0.010480630069001063,False
0.5-1,887,0,1.6518709788311386e-09,False
0.5-1,888,0,4.004552906034501e-11,False
0.5-1,889,0,0.00310040730115046,False
0.5-1,890,0,5.7009922009915e-07,False
0.5-1,891,0,1.1327313523492297e-15,False
0.5-1,892,0,1.5164395385083709e-13,False
0.5-1,893,0,0.05512259649552725,False
0.5-1,894,0,1.1848940680778516e-07,False
0.5-1,895,0,8.22830008151379e-12,False
0.5-1,896,0,3.488852017455153e-11,False
0.5-1,897,0,1.1576107498836387e-07,False
0.5-1,898,0,1.858508288179571e-05,False
0.5-1,899,0,2.0212637308535652e-05,False
0.5-1,900,0,2.9689533592490973e-06,False
0.5-1,901,0,7.82343949502382e-06,False
0.5-1,902,0,9.314778012884927e-13,False
0.5-1,903,0,0.0030090070801605364,False
0.5-1,904,0,5.954176806122598e-08,False
0.5-1,905,0,2.256109454464117e-07,False
0.5-1,906,0,1.0161685936309798e-07,False
0.5-1,907,0,7.794826370533786e-09,False
0.5-1,908,0,0.001185081409854473,False
0.5-1,909,0,7.041450123349528e-06,False
0.5-1,910,0,1.5229844142176397e-08,False
0.5-1,911,0,7.696662917699585e-12,False
0.5-1,912,0,4.076108159215378e-12,False
0.5-1,913,0,0.0005208880908597013,False
0.5-1,914,0,1.5510369110180586e-08,False
0.5-1,915,0,3.728567332694571e-15,False
0.5-1,916,0,1.7372473192515829e-15,False
0.5-1,917,0,0.00012489287611759756,False
0.5-1,918,0,4.425509024224479e-07,False
0.5-1,919,0,2.2718413418239307e-07,False
0.5-1,920,0,9.449643114557997e-12,False
0.5-1,921,0,1.0831706003670048e-05,False
0.5-1,922,0,3.8082726892401966e-07,False
0.5-1,923,0,4.2556194967731274e-05,False
0.5-1,924,0,4.348489232712344e-07,False
0.5-1,925,0,3.2042908490607996e-10,False
0.5-1,926,0,3.086364883298533e-13,False
0.5-1,927,0,2.182445727665887e-05,False
0.5-1,928,0,6.276047352302403e-07,False
0.5-1,929,0,5.203146797767231e-07,False
0.5-1,930,0,2.3039096450259999e-07,False
0.5-1,931,0,1.7400054373913319e-07,False
0.5-1,932,0,3.254313873116477e-06,False
0.5-1,933,0,4.00887746978304e-07,False
0.5-1,934,0,3.1892338525052246e-10,False
0.5-1,935,0,1.5140755631653897e-11,False
0.5-1,936,0,4.793292443186976e-10,False
0.5-1,937,0,3.3542856939743648e-06,False
0.5-1,938,0,4.2194547475285965e-12,False
0.5-1,939,0,1.5984387791436247e-13,False
0.5-1,940,0,5.094733393573217e-14,False
0.5-1,941,0,6.050533776387288e-06,False
0.5-1,942,0,9.558209339392334e-07,False
0.5-1,943,0,4.07444371016482e-06,False
0.5-1,944,0,1.8573263490370841e-09,False
0.5-1,945,0,5.908649779698828e-05,False
0.5-1,946,1,0.9846438767999947,True
0.5-1,947,0,1.1209809107540846e-06,False
0.5-1,948,0,8.979352493325654e-06,False
0.5-1,949,0,5.777023330952873e-12,False
0.5-1,950,0,8.174708592855089e-11,False
0.5-1,951,0,5.669017276489812e-08,False
0.5-1,952,0,7.348832661227911e-07,False
0.5-1,953,0,1.4425973906197176e-07,False
0.5-1,954,0,1.7333242941663272e-07,False
0.5-1,955,0,2.864960901713423e-07,False
0.5-1,956,0,8.990153605874667e-06,False
0.5-1,957,0,7.632951645069617e-07,False
0.5-1,958,0,6.80318396561593e-12,False
0.5-1,959,0,1.7238163431722745e-11,False
0.5-1,960,0,6.675228770284453e-10,False
0.5-1,961,0,4.650073835245461e-10,False
0.5-1,962,0,7.531859805952189e-14,False
0.5-1,963,0,1.2764629111214845e-11,False
0.5-1,964,0,2.4621995801129252e-12,False
0.5-1,965,0,7.743013149457376e-07,False
0.5-1,966,0,7.922127579626865e-06,False
0.5-1,967,0,1.6206473617687092e-05,False
0.5-1,968,0,1.02336802115903e-08,False
0.5-1,969,0,0.00014530724257446844,False
0.5-1,970,0,2.320376784658665e-12,False
0.5-1,971,0,2.4373526107230686e-07,False
0.5-1,972,0,0.000144904589913648,False
0.5-1,973,0,3.2589075747365015e-11,False
0.5-1,974,0,2.3065485187146685e-11,False
0.5-1,975,0,6.253471024923549e-08,False
0.5-1,976,0,1.605492237785548e-07,False
0.5-1,977,0,1.304269272100792e-08,False
0.5-1,978,0,6.906737889073048e-09,False
0.5-1,979,0,3.129849887363081e-08,False
0.5-1,980,0,1.214869023312779e-09,False
0.5-1,981,0,1.5284675497198374e-08,False
0.5-1,982,0,1.5846067559905984e-11,False
0.5-1,983,0,1.346948544997738e-10,False
0.5-1,984,0,1.017093692397323e-05,False
0.5-1,985,0,1.5410278863342979e-12,False
0.5-1,986,0,7.323614711233777e-16,False
0.5-1,987,0,2.309749449832158e-09,False
0.5-1,988,0,4.700522254101105e-10,False
0.5-1,989,0,3.331136971732775e-08,False
0.5-1,990,0,0.00044505206819062066,False
0.5-1,991,0,0.00010101046990076444,False
0.5-1,992,0,1.2425991763283232e-09,False
0.5-1,993,0,0.0003507532486181044,False
0.5-1,994,0,7.792771963957267e-15,False
0.5-1,995,0,2.2816142565359027e-09,False
0.5-1,996,0,0.00041753810278841885,False
0.5-1,997,0,2.7856879912360316e-12,False
0.5-1,998,0,2.525022509639541e-13,False
0.5-1,999,0,5.798437573724535e-07,False
0.5-1,1000,0,3.8057069079972164e-09,False
0.5-1,1001,0,2.365750492730108e-10,False
0.5-1,1002,0,1.1882445963513373e-10,False
0.5-1,1003,0,1.593224778536323e-09,False
0.5-1,1004,0,5.089539186235887e-08,False
0.5-1,1005,0,1.719842187620435e-09,False
0.5-1,1006,0,1.0492051150140484e-11,False
0.5-1,1007,0,1.952003248025662e-11,False
0.5-1,1008,0,2.6180501115408566e-07,False
0.5-1,1009,0,1.187555086130793e-16,False
0.5-1,1010,0,7.97787929065641e-18,False
0.5-1,1011,0,1.1715485231180601e-05,False
0.5-1,1012,0,3.054248350820089e-08,False
0.5-1,1013,0,1.5568082398003707e-14,False
0.5-1,1014,0,0.0005856053966610175,False
0.5-1,1015,0,0.00028743798270031693,False
0.5-1,1016,0,1.0453588685027931e-07,False
0.5-1,1017,0,0.0002634049479913729,False
0.5-1,1018,0,4.977376822457964e-18,False
0.5-1,1019,0,7.497708893335264e-11,False
0.5-1,1020,0,8.151264467592826e-05,False
0.5-1,1021,0,2.712987451496927e-09,False
0.5-1,1022,0,5.6716391266443615e-11,False
0.5-1,1023,0,1.1880231714476103e-07,False
0.5-1,1024,0,5.6399211417740094e-12,False
0.5-1,1025,0,9.459734384491336e-14,False
0.5-1,1026,0,4.59398176000013e-14,False
0.5-1,1027,0,2.031133550161787e-12,False
0.5-1,1028,0,4.7934493188432464e-08,False
0.5-1,1029,0,1.011402665712948e-10,False
0.5-1,1030,0,1.8859761823163635e-09,False
0.5-1,1031,0,6.143028678331746e-11,False
0.5-1,1032,0,2.3000002855788806e-06,False
0.5-1,1033,0,1.3492957722243436e-19,False
0.5-1,1034,0,1.3548044967823086e-21,False
0.5-1,1035,0,5.847780039737048e-05,False
0.5-1,1036,0,5.006666420239159e-05,False
0.5-1,1037,0,1.0676955219128085e-16,False
0.5-1,1038,0,2.5717447754096286e-05,False
0.5-1,1039,0,1.0079817551069603e-05,False
0.5-1,1040,0,9.351024506081329e-07,False
0.5-1,1041,0,1.4499183284813772e-06,False
0.5-1,1042,0,1.2329333002027476e-21,False
0.5-1,1043,0,1.5777503287526428e-10,False
0.5-1,1044,0,5.054379241708005e-06,False
0.5-1,1045,0,5.670862542500886e-10,False
0.5-1,1046,0,2.967395933203936e-10,False
0.5-1,1047,0,1.8454585429411646e-07,False
0.5-1,1048,0,6.14574842581229e-16,False
0.5-1,1049,0,7.130821435217973e-19,False
0.5-1,1050,0,2.4424664950430323e-19,False
0.5-1,1051,0,1.8275609900839193e-16,False
0.5-1,1052,0,3.9643606652326354e-07,False
0.5-1,1053,0,6.243248396898578e-12,False
0.5-1,1054,0,1.195957911284834e-06,False
0.5-1,1055,0,3.470124892035125e-08,False
0.5-1,1056,0,3.008987766048158e-07,False
0.5-1,1057,0,4.070116878366919e-20,False
0.5-1,1058,0,1.5354564934880994e-24,False
0.5-1,1059,0,2.750644897623125e-06,False
0.5-1,1060,0,1.3906696956031779e-05,False
0.5-1,1061,0,4.14309394558199e-18,False
0.5-1,1062,0,7.035334406767314e-08,False
0.5-1,1063,0,2.8986543087751396e-08,False
0.5-1,1064,0,1.465221562520182e-07,False
0.5-1,1065,0,1.4769205012972846e-09,False
0.5-1,1066,0,1.0346375698896177e-24,False
0.5-1,1067,0,2.9329774746520605e-11,False
0.5-1,1068,0,4.885071532911789e-11,False
0.5-1,1069,0,3.037327117636332e-07,False
0.5-1,1070,0,8.962538825406884e-11,False
0.5-1,1071,0,4.629185330047927e-07,False
0.5-1,1072,0,9.952786005895708e-22,False
0.5-1,1073,0,1.0424768017363463e-26,False
0.5-1,1074,0,9.792203247950012e-28,False
0.5-1,1075,0,2.7244013080403424e-22,False
0.5-1,1076,0,6.300385335558402e-08,False
0.5-1,1077,0,3.6282267231480237e-12,False
0.5-1,1078,0,4.97693537494538e-08,False
0.5-1,1079,0,7.029324089715625e-10,False
0.5-1,1080,0,1.161568684167325e-06,False
0.5-1,1081,0,7.581049745353215e-08,False
0.5-1,1082,0,4.210346019269444e-09,False
0.5-1,1083,0,9.364387541135607e-09,False
0.5-1,1084,0,7.807980656755937e-09,False
0.5-1,1085,0,5.961362005726012e-20,False
0.5-1,1086,0,2.386546679406172e-26,False
0.5-1,1087,0,2.9090184400675898e-09,False
0.5-1,1088,0,4.738529928023321e-07,False
0.5-1,1089,0,6.264902621797184e-24,False
0.5-1,1090,0,2.9325982057843924e-11,False
0.5-1,1091,0,3.951501470680486e-10,False
0.5-1,1092,0,1.145836742681628e-09,False
0.5-1,1093,0,9.127519742961043e-13,False
0.5-1,1094,0,1.4215764943496675e-31,False
0.5-1,1095,0,1.5905019050217825e-11,False
0.5-1,1096,0,4.012793211387172e-15,False
0.5-1,1097,0,1.613795784593442e-08,False
0.5-1,1098,0,7.464225412655791e-12,False
0.5-1,1099,0,1.607327265019088e-08,False
0.5-1,1100,0,9.736982836018003e-12,False
0.5-1,1101,0,4.417897358010081e-10,False
0.5-1,1102,0,1.9610403115045938e-10,False
0.5-1,1103,0,1.0271207220042317e-12,False
0.5-1,1104,1,0.9948462902874093,True
0.5-1,1105,0,5.6691982975975644e-05,False
0.5-1,1106,0,0.007400399748618435,False
0.5-1,1107,0,4.749470476371055e-08,False
0.5-1,1108,0,3.4505065896962155e-12,False
0.5-1,1109,0,0.0037345487304448477,False
0.5-1,1110,0,0.00033452031424401117,False
0.5-1,1111,0,4.573771636687444e-16,False
0.5-1,1112,0,8.894554607751211e-15,False
0.5-1,1113,0,0.1530636650882231,False
0.5-1,1114,0,5.283782976435102e-07,False
0.5-1,1115,0,2.082066473780265e-11,False
0.5-1,1116,0,4.865483093774549e-11,False
0.5-1,1117,0,1.0768077916771852e-08,False
0.5-1,1118,0,1.7874200639744086e-08,False
0.5-1,1119,0,3.7302608597110775e-07,False
0.5-1,1120,0,5.781534476396159e-07,False
0.5-1,1121,0,2.5458743670581297e-06,False
0.5-1,1122,0,2.5138706552947097e-10,False
0.5-1,1123,0,0.15114572397416698,False
0.5-1,1124,0,7.250370731267363e-09,False
0.5-1,1125,0,5.322446340385022e-08,False
0.5-1,1126,0,1.3453757880943782e-08,False
0.5-1,1127,0,1.3051439144284327e-09,False
0.5-1,1128,0,0.003435083076609194,False
0.5-1,1129,0,2.424577395398309e-08,False
0.5-1,1130,0,1.4855623154387082e-08,False
0.5-1,1131,0,2.1203692504621808e-11,False
0.5-1,1132,0,1.9371257168013632e-12,False
0.5-1,1133,0,0.0026716820771483696,False
0.5-1,1134,0,2.8945363620167367e-05,False
0.5-1,1135,0,1.0032687181596254e-14,False
0.5-1,1136,0,3.9238192246414063e-16,False
0.5-1,1137,0,0.0011127527653548434,False
0.5-1,1138,0,1.433098002245024e-06,False
0.5-1,1139,0,8.770325180662745e-07,False
0.5-1,1140,0,8.293284691367338e-11,False
0.5-1,1141,0,1.0987488454658035e-06,False
0.5-1,1142,0,1.7792803081167077e-08,False
0.5-1,1143,0,7.212686528551527e-08,False
0.5-1,1144,0,6.00034432133997e-08,False
0.5-1,1145,0,3.8966463006178887e-11,False
0.5-1,1146,0,5.493005438730413e-13,False
0.5-1,1147,0,0.00011622711350710543,False
0.5-1,1148,0,1.2009527895962869e-07,False
0.5-1,1149,0,1.8819444956601845e-07,False
0.5-1,1150,0,4.534487668574431e-08,False
0.5-1,1151,0,3.188891653033062e-08,False
0.5-1,1152,0,2.0485750049392137e-05,False
0.5-1,1153,0,2.432131485649035e-09,False
0.5-1,1154,0,1.552251586101885e-09,False
0.5-1,1155,0,7.50352403521875e-12,False
0.5-1,1156,0,1.5419846636463401e-09,False
0.5-1,1157,0,2.96085774793395e-06,False
0.5-1,1158,0,1.22541428530158e-10,False
0.5-1,1159,0,6.373687179016296e-14,False
0.5-1,1160,0,5.404543434844034e-13,False
0.5-1,1161,0,2.366444485445042e-05,False
0.5-1,1162,0,1.683002444572578e-07,False
0.5-1,1163,0,5.998411105201325e-05,False
0.5-1,1164,0,1.4847551120959124e-09,False
0.5-1,1165,0,0.0009728311837594551,False
0.5-1,1166,0,2.007848190010513e-12,False
0.5-1,1167,0,2.3883487871048293e-08,False
0.5-1,1168,0,9.393563393150566e-07,False
0.5-1,1169,0,2.46800742686953e-11,False
0.5-1,1170,0,3.627697313990374e-11,False
0.5-1,1171,0,1.5615426473007435e-06,False
0.5-1,1172,0,3.461630074850503e-07,False
0.5-1,1173,0,1.387470245308498e-07,False
0.5-1,1174,0,2.8516904629755863e-08,False
0.5-1,1175,0,4.4105679699423075e-08,False
0.5-1,1176,0,2.7915987007835784e-06,False
0.5-1,1177,0,5.6439292099112953e-08,False
0.5-1,1178,0,1.5565578945921343e-11,False
0.5-1,1179,0,1.1564591739602158e-12,False
0.5-1,1180,0,5.9704933327689436e-05,False
0.5-1,1181,0,8.263858407995474e-07,False
0.5-1,1182,0,1.6934538551178367e-13,False
0.5-1,1183,0,1.2372799078949645e-12,False
0.5-1,1184,0,2.316438362828138e-09,False
0.5-1,1185,0,4.0900990629046994e-08,False
0.5-1,1186,0,1.258735237668715e-06,False
0.5-1,1187,0,2.583011678388285e-05,False
0.5-1,1188,0,5.3867665436593616e-08,False
0.5-1,1189,0,5.6042699732098506e-05,False
0.5-1,1190,0,2.7345940790402987e-13,False
0.5-1,1191,0,4.1975742060304977e-07,False
0.5-1,1192,0,2.941482472193293e-05,False
0.5-1,1193,0,1.9618238796418372e-10,False
0.5-1,1194,0,1.361997736752104e-12,False
0.5-1,1195,0,5.064004628690183e-07,False
0.5-1,1196,0,6.237236236362608e-08,False
0.5-1,1197,0,6.541626247603518e-09,False
0.5-1,1198,0,2.2262692594625237e-09,False
0.5-1,1199,0,1.6503345930846314e-08,False
0.5-1,1200,0,4.263576289403564e-08,False
0.5-1,1201,0,4.848681430711685e-10,False
0.5-1,1202,0,7.807783034639295e-11,False
0.5-1,1203,0,6.869879557341118e-12,False
0.5-1,1204,0,3.057856370948091e-08,False
0.5-1,1205,0,1.023791143646295e-10,False
0.5-1,1206,0,9.458276567842522e-15,False
0.5-1,1207,0,4.770293900709415e-07,False
0.5-1,1208,0,3.418476209587521e-11,False
0.5-1,1209,0,5.681642292068052e-09,False
0.5-1,1210,0,8.157799725344613e-07,False
0.5-1,1211,0,0.00014152717406010996,False
0.5-1,1212,0,2.6796364859890218e-05,False
0.5-1,1213,0,0.0002192502311874496,False
0.5-1,1214,0,6.614052084789595e-18,False
0.5-1,1215,0,1.2584562309635259e-08,False
0.5-1,1216,0,0.00015317293536603086,False
0.5-1,1217,0,1.6625836746128547e-11,False
0.5-1,1218,0,2.2051573918628848e-14,False
0.5-1,1219,0,3.330220634300432e-06,False
0.5-1,1220,0,1.8684468450015725e-09,False
0.5-1,1221,0,8.351802236628768e-11,False
0.5-1,1222,0,4.8207521394289906e-11,False
0.5-1,1223,0,2.879368500835139e-10,False
0.5-1,1224,0,2.559562484123342e-07,False
0.5-1,1225,0,1.2533352085083302e-09,False
0.5-1,1226,0,3.4473224032278826e-12,False
0.5-1,1227,0,1.5093828880057607e-13,False
0.5-1,1228,0,2.7373541064518493e-07,False
0.5-1,1229,0,2.578529844781064e-12,False
0.5-1,1230,0,2.392351555541598e-17,False
0.5-1,1231,0,1.638643956422872e-08,False
0.5-1,1232,0,4.5858565570715286e-08,False
0.5-1,1233,0,3.9739058078287335e-13,False
0.5-1,1234,0,0.00015691734481551811,False
0.5-1,1235,0,0.00026958603863913165,False
0.5-1,1236,0,4.007171608076658e-05,False
0.5-1,1237,0,0.00016539134496376486,False
0.5-1,1238,0,1.149335654302232e-19,False
0.5-1,1239,0,3.8581064539558927e-10,False
0.5-1,1240,0,5.8369575250005667e-05,False
0.5-1,1241,0,1.1078879409467445e-09,False
0.5-1,1242,0,3.4106179063453585e-14,False
0.5-1,1243,0,3.055123762944434e-07,False
0.5-1,1244,0,3.456173261045142e-12,False
0.5-1,1245,0,3.155381592397428e-14,False
0.5-1,1246,0,1.566187659559903e-14,False
0.5-1,1247,0,6.843039095828572e-13,False
0.5-1,1248,0,8.238544928332402e-08,False
0.5-1,1249,0,2.270165084753862e-11,False
0.5-1,1250,0,2.4981034766169704e-10,False
0.5-1,1251,0,1.8472740241213498e-13,False
0.5-1,1252,0,4.7661655836379334e-07,False
0.5-1,1253,0,1.6480972044127848e-17,False
0.5-1,1254,0,1.2650633005810921e-19,False
0.5-1,1255,0,6.386265466672308e-06,False
0.5-1,1256,0,9.236197317685423e-06,False
0.5-1,1257,0,8.65595366677347e-17,False
0.5-1,1258,0,3.541272921154167e-05,False
0.5-1,1259,0,1.0163963397239436e-05,False
0.5-1,1260,0,2.73646486530931e-06,False
0.5-1,1261,0,1.0411693598385336e-06,False
0.5-1,1262,0,1.4813564224600977e-22,False
0.5-1,1263,0,3.1463098200246708e-09,False
0.5-1,1264,0,1.2389770584798492e-06,False
0.5-1,1265,0,1.1783318226979016e-07,False
0.5-1,1266,0,1.325841809237386e-11,False
0.5-1,1267,0,1.1331870242056165e-05,False
0.5-1,1268,0,2.835479183670311e-16,False
0.5-1,1269,0,1.1899554176595692e-19,False
0.5-1,1270,0,3.069337917679487e-20,False
0.5-1,1271,0,4.961620487571751e-17,False
0.5-1,1272,0,2.224754205027755e-06,False
0.5-1,1273,0,6.304234408278581e-13,False
0.5-1,1274,0,4.299710725517587e-07,False
0.5-1,1275,0,7.135151353748721e-13,False
0.5-1,1276,0,7.920948197379121e-07,False
0.5-1,1277,0,7.521022071907085e-24,False
0.5-1,1278,0,4.9863732235069216e-24,False
0.5-1,1279,0,5.90719334807566e-07,False
0.5-1,1280,0,1.2961417494562773e-06,False
0.5-1,1281,0,8.527387213640235e-20,False
0.5-1,1282,0,2.220065278292546e-08,False
0.5-1,1283,0,2.5340536780157783e-08,False
0.5-1,1284,0,2.897363646085924e-07,False
0.5-1,1285,0,5.438411619761221e-10,False
0.5-1,1286,0,2.635089847184125e-25,False
0.5-1,1287,0,3.7959045565119056e-11,False
0.5-1,1288,0,8.596581170667442e-10,False
0.5-1,1289,0,7.088016207637393e-07,False
0.5-1,1290,0,3.099898679600773e-13,False
0.5-1,1291,0,1.570813555677445e-06,False
0.5-1,1292,0,3.9406541144075625e-22,False
0.5-1,1293,0,1.112371702043859e-27,False
0.5-1,1294,0,2.6770761535076534e-28,False
0.5-1,1295,0,3.621322911336932e-23,False
0.5-1,1296,0,2.574981299717184e-07,False
0.5-1,1297,0,4.720592600171453e-13,False
0.5-1,1298,0,4.4333033639025427e-07,False
0.5-1,1299,0,1.2876667123178227e-13,False
0.5-1,1300,0,1.32655892750195e-06,False
0.5-1,1301,0,2.339183998926617e-09,False
0.5-1,1302,0,7.075674593124466e-11,False
0.5-1,1303,0,3.666878678453769e-09,False
0.5-1,1304,0,3.955649722324e-08,False
0.5-1,1305,0,4.4513352042589035e-24,False
0.5-1,1306,0,1.0751526862088551e-23,False
0.5-1,1307,0,5.455630893140361e-10,False
0.5-1,1308,0,1.4323262880885542e-07,False
0.5-1,1309,0,1.0419779371653579e-24,False
0.5-1,1310,0,2.2641416452589023e-10,False
0.5-1,1311,0,3.197874187316802e-11,False
0.5-1,1312,0,1.2889127558962268e-09,False
0.5-1,1313,0,4.3851687802428914e-13,False
0.5-1,1314,0,2.2573301109912813e-30,False
0.5-1,1315,0,4.916850579913972e-10,False
0.5-1,1316,0,5.585276906958692e-14,False
0.5-1,1317,0,1.1995309588209831e-08,False
0.5-1,1318,0,3.7031074992219145e-13,False
0.5-1,1319,0,4.003109625706519e-08,False
0.5-1,1320,0,2.6625804670374132e-12,False
0.5-1,1321,0,3.1711166195558887e-10,False
0.5-1,1322,0,1.3280048070547498e-10,False
0.5-1,1323,0,3.543027520129065e-13,False
0.5-1,1324,1,0.9949560104952285,True
0.5-1,1325,0,0.00010273030365211844,False
0.5-1,1326,0,0.01264786059489524,False
0.5-1,1327,0,2.000367933035985e-10,False
0.5-1,1328,0,7.462345174644621e-12,False
0.5-1,1329,0,0.02892359159479187,False
0.5-1,1330,0,0.0002412296292456016,False
0.5-1,1331,0,2.186154047345445e-17,False
0.5-1,1332,0,1.5184350292320658e-17,False
0.5-1,1333,0,0.007658278019710413,False
0.5-1,1334,0,2.077038261952351e-06,False
0.5-1,1335,0,1.837694474180362e-12,False
0.5-1,1336,0,3.241115517809893e-11,False
0.5-1,1337,0,7.470222562373201e-07,False
0.5-1,1338,0,0.0003197229098055192,False
0.5-1,1339,0,4.7615710400425446e-07,False
0.5-1,1340,0,2.210252155710865e-06,False
0.5-1,1341,0,0.0038701786839419037,False
0.5-1,1342,0,2.1644077474820313e-11,False
0.5-1,1343,0,0.008079559779058337,False
0.5-1,1344,0,3.2009323106997127e-09,False
0.5-1,1345,0,2.0671871111017048e-08,False
0.5-1,1346,0,1.1619485183879291e-08,False
0.5-1,1347,0,1.0845412967535904e-09,False
0.5-1,1348,0,0.0026917081229104623,False
0.5-1,1349,0,1.012357236124306e-07,False
0.5-1,1350,0,2.5136880522484475e-06,False
0.5-1,1351,0,8.386122029608018e-13,False
0.5-1,1352,0,5.286942481914355e-13,False
0.5-1,1353,0,0.000340718465477969,False
0.5-1,1354,0,1.029698005480171e-06,False
0.5-1,1355,0,4.277213419584549e-14,False
0.5-1,1356,0,2.0381184412616947e-11,False
0.5-1,1357,0,9.461307444677331e-06,False
0.5-1,1358,0,6.380301799393758e-07,False
0.5-1,1359,0,1.1774876630580485e-07,False
0.5-1,1360,0,2.1645685538198321e-10,False
0.5-1,1361,0,1.5943490740376215e-06,False
0.5-1,1362,0,5.040243964839042e-06,False
0.5-1,1363,0,1.0480285947763396e-07,False
0.5-1,1364,0,6.298212870336148e-08,False
0.5-1,1365,0,1.2473785945081172e-07,False
0.5-1,1366,0,4.568523683844011e-11,False
0.5-1,1367,0,0.00017452867476119748,False
0.5-1,1368,0,9.143412018473326e-08,False
0.5-1,1369,0,8.454056638251558e-08,False
0.5-1,1370,0,2.6696270948781992e-08,False
0.5-1,1371,0,2.2992436210093918e-08,False
0.5-1,1372,0,6.77499030638371e-06,False
0.5-1,1373,0,4.945159664992678e-10,False
0.5-1,1374,0,3.1583314067962917e-07,False
0.5-1,1375,0,2.488633895595368e-12,False
0.5-1,1376,0,4.016312745901865e-12,False
0.5-1,1377,0,3.0446581948646606e-06,False
0.5-1,1378,0,6.145381313173424e-11,False
0.5-1,1379,0,1.4124204547772888e-13,False
0.5-1,1380,0,1.228512695517354e-12,False
0.5-1,1381,0,2.6558986803588044e-05,False
0.5-1,1382,0,6.589915044119024e-08,False
0.5-1,1383,0,2.4306613307087056e-05,False
0.5-1,1384,0,1.032490055700929e-10,False
0.5-1,1385,0,2.1085605743709473e-05,False
0.5-1,1386,0,1.7725928566260782e-07,False
0.5-1,1387,0,6.646997950679527e-09,False
0.5-1,1388,0,2.598982512030853e-07,False
0.5-1,1389,0,1.3074244787906158e-08,False
0.5-1,1390,0,3.7371673318678975e-11,False
0.5-1,1391,0,9.079825116767956e-07,False
0.5-1,1392,0,1.0456261256152768e-07,False
0.5-1,1393,0,2.940818497111454e-08,False
0.5-1,1394,0,1.2262908511182535e-08,False
0.5-1,1395,0,3.251296633998333e-08,False
0.5-1,1396,0,9.873032319572247e-06,False
0.5-1,1397,0,8.883489169334478e-10,False
0.5-1,1398,0,9.836700505438208e-10,False
0.5-1,1399,0,7.40756686440648e-14,False
0.5-1,1400,0,3.575981177090489e-10,False
0.5-1,1401,0,8.715982009519915e-08,False
0.5-1,1402,0,2.8089747472435792e-11,False
0.5-1,1403,0,2.8429843969982668e-11,False
0.5-1,1404,0,2.1814068467881193e-10,False
0.5-1,1405,0,4.166400649421305e-10,False
0.5-1,1406,0,1.3281347187531734e-07,False
0.5-1,1407,0,1.4107080419429334e-05,False
0.5-1,1408,0,8.680347263174002e-10,False
0.5-1,1409,0,2.20768887989456e-05,False
0.5-1,1410,0,2.23534471945727e-15,False
0.5-1,1411,0,7.768533756661177e-09,False
0.5-1,1412,0,3.364807185822067e-07,False
0.5-1,1413,0,8.127341333714395e-09,False
0.5-1,1414,0,1.8140041479326565e-12,False
0.5-1,1415,0,3.340717316236569e-07,False
0.5-1,1416,0,1.5448770498149696e-08,False
0.5-1,1417,0,1.580727745775189e-09,False
0.5-1,1418,0,7.441365018407482e-10,False
0.5-1,1419,0,3.809580535476231e-09,False
0.5-1,1420,0,1.03239186054924e-07,False
0.5-1,1421,0,1.51806063652011e-11,False
0.5-1,1422,0,1.2723142191609196e-08,False
0.5-1,1423,0,6.847766593480281e-14,False
0.5-1,1424,0,2.519845077628863e-07,False
0.5-1,1425,0,1.5806108068147468e-10,False
0.5-1,1426,0,8.881004996907193e-15,False
0.5-1,1427,0,5.048231034105353e-10,False
0.5-1,1428,0,1.6855488907657498e-10,False
0.5-1,1429,0,1.8696540039427858e-11,False
0.5-1,1430,0,9.083979705399305e-08,False
0.5-1,1431,0,8.734322702897713e-05,False
0.5-1,1432,0,3.595468302184805e-08,False
0.5-1,1433,0,1.3744279336572498e-06,False
0.5-1,1434,0,1.1554263648925083e-16,False
0.5-1,1435,0,3.1700188072533523e-10,False
0.5-1,1436,0,4.080120282755422e-06,False
0.5-1,1437,0,5.361901693368261e-11,False
0.5-1,1438,0,3.4959203294871278e-15,False
0.5-1,1439,0,9.886245354467054e-07,False
0.5-1,1440,0,2.9121039907634205e-10,False
0.5-1,1441,0,2.4038619536673204e-11,False
0.5-1,1442,0,5.301016676520794e-12,False
0.5-1,1443,0,6.250599389348474e-11,False
0.5-1,1444,0,1.2320581962599277e-06,False
0.5-1,1445,0,2.2235823231303892e-11,False
0.5-1,1446,0,8.321427242858899e-13,False
0.5-1,1447,0,3.5339691987857344e-14,False
0.5-1,1448,0,3.67397804221969e-06,False
0.5-1,1449,0,2.6285692320043683e-15,False
0.5-1,1450,0,4.576060796445425e-17,False
0.5-1,1451,0,2.066101827005742e-06,False
0.5-1,1452,0,6.375672509729966e-09,False
0.5-1,1453,0,4.185289093191867e-13,False
0.5-1,1454,0,3.042587277177904e-06,False
0.5-1,1455,0,7.758922984076576e-05,False
0.5-1,1456,0,1.275822998846266e-06,False
0.5-1,1457,0,7.701516426504899e-06,False
0.5-1,1458,0,1.479466847808585e-20,False
0.5-1,1459,0,3.446021024489954e-13,False
0.5-1,1460,0,2.0814204975285844e-05,False
0.5-1,1461,0,8.280535538913751e-10,False
0.5-1,1462,0,1.3925138411380324e-16,False
0.5-1,1463,0,2.7419816423204506e-07,False
0.5-1,1464,0,1.1613550325225592e-12,False
0.5-1,1465,0,1.450758387426078e-14,False
0.5-1,1466,0,1.6457612466696059e-15,False
0.5-1,1467,0,8.993322501066244e-14,False
0.5-1,1468,0,3.2326771405921136e-08,False
0.5-1,1469,0,1.313209622424839e-13,False
0.5-1,1470,0,2.998979656923118e-10,False
0.5-1,1471,0,1.4224329117416146e-15,False
0.5-1,1472,0,1.692756926189308e-05,False
0.5-1,1473,0,9.038070721018829e-19,False
0.5-1,1474,0,9.687230194122285e-21,False
0.5-1,1475,0,0.00011201684441737941,False
0.5-1,1476,0,1.415397456930864e-05,False
0.5-1,1477,0,9.216554019812585e-19,False
0.5-1,1478,0,5.11768136581299e-06,False
0.5-1,1479,0,1.9898237198451455e-06,False
0.5-1,1480,0,4.228675962342641e-06,False
0.5-1,1481,0,3.16513120669785e-07,False
0.5-1,1482,0,9.484949615576705e-22,False
0.5-1,1483,0,5.300610625789372e-13,False
0.5-1,1484,0,9.460155289261631e-07,False
0.5-1,1485,0,9.758845241809217e-11,False
0.5-1,1486,0,1.6116301479530899e-18,False
0.5-1,1487,0,7.89045606252336e-07,False
0.5-1,1488,0,1.173124648752156e-16,False
0.5-1,1489,0,3.204768859210656e-20,False
0.5-1,1490,0,1.052640776669757e-20,False
0.5-1,1491,0,3.6371073688644684e-18,False
0.5-1,1492,0,4.8700103090148164e-05,False
0.5-1,1493,0,1.0142793900284982e-14,False
0.5-1,1494,0,2.9430207334654584e-08,False
0.5-1,1495,0,4.0228513182313323e-13,False
0.5-1,1496,0,1.9976962619284284e-06,False
0.5-1,1497,0,1.0748005124143247e-22,False
0.5-1,1498,0,9.726312509515522e-24,False
0.5-1,1499,0,8.002062612409846e-09,False
0.5-1,1500,0,1.7484439446943905e-07,False
0.5-1,1501,0,4.702603734175866e-19,False
0.5-1,1502,0,1.6562152999927796e-08,False
0.5-1,1503,0,1.636859751842448e-08,False
0.5-1,1504,0,4.6590785982952974e-07,False
0.5-1,1505,0,1.9814553933863813e-10,False
0.5-1,1506,0,1.4510931309281845e-25,False
0.5-1,1507,0,1.6020807224888779e-13,False
0.5-1,1508,0,7.282010274903855e-10,False
0.5-1,1509,0,3.1051948850851454e-07,False
0.5-1,1510,0,3.8389869945168534e-16,False
0.5-1,1511,0,3.571332349505513e-06,False
0.5-1,1512,0,8.716566489857061e-23,False
0.5-1,1513,0,1.587553856218823e-28,False
0.5-1,1514,0,3.169367689258184e-29,False
0.5-1,1515,0,7.086925412755859e-24,False
0.5-1,1516,0,4.885749737426073e-07,False
0.5-1,1517,0,6.59031094432013e-13,False
0.5-1,1518,0,2.7977876055125074e-08,False
0.5-1,1519,0,6.27581966147386e-14,False
0.5-1,1520,0,1.8634794428322283e-06,False
0.5-1,1521,0,5.067950481955844e-09,False
0.5-1,1522,0,1.4837701360789305e-10,False
0.5-1,1523,0,1.943088961532104e-09,False
0.5-1,1524,0,5.389955633320156e-08,False
0.5-1,1525,0,1.0185616271067321e-16,False
0.5-1,1526,0,7.587273120242674e-23,False
0.5-1,1527,0,4.184124025443316e-11,False
0.5-1,1528,0,1.0161388147050621e-08,False
0.5-1,1529,0,1.0899305025667302e-23,False
0.5-1,1530,0,1.6133840137874946e-11,False
0.5-1,1531,0,2.7461899800452244e-11,False
0.5-1,1532,0,2.1163816084928265e-09,False
0.5-1,1533,0,2.7598825928409134e-13,False
0.5-1,1534,0,1.7641021587268725e-25,False
0.5-1,1535,0,6.6640655770138235e-12,False
0.5-1,1536,0,2.06455755061686e-14,False
0.5-1,1537,0,4.322044704578071e-09,False
0.5-1,1538,0,1.2429985669383452e-17,False
0.5-1,1539,0,1.2847508693550544e-07,False
0.5-1,1540,0,1.9253773511976373e-12,False
0.5-1,1541,0,2.7693166295935677e-10,False
0.5-1,1542,0,5.425353737441386e-11,False
0.5-1,1543,0,1.9676360102291242e-13,False
0.5-1,1544,1,0.9987436937764801,True
0.5-1,1545,0,0.003510465596285411,False
0.5-1,1546,0,0.027279043550126614,False
0.5-1,1547,0,7.764516611769659e-09,False
0.5-1,1548,0,3.7751971188599105e-12,False
0.5-1,1549,0,0.005559419736033249,False
0.5-1,1550,0,5.227858154501188e-05,False
0.5-1,1551,0,8.481058923397094e-17,False
0.5-1,1552,0,8.043449808530602e-17,False
0.5-1,1553,0,0.40680033935719334,False
0.5-1,1554,0,0.00018212452617500478,False
0.5-1,1555,0,5.444126041385991e-08,False
0.5-1,1556,0,9.658829034366446e-10,False
0.5-1,1557,0,0.00024335012021899224,False
0.5-1,1558,0,1.271963321173294e-06,False
0.5-1,1559,0,2.860301764607619e-08,False
0.5-1,1560,0,0.0004594167538443361,False
0.5-1,1561,0,0.0008582906049108027,False
0.5-1,1562,0,1.7141100121524684e-11,False
0.5-1,1563,0,0.24612698269291636,False
0.5-1,1564,0,5.354011696836247e-09,False
0.5-1,1565,0,3.5256496834619277e-08,False
0.5-1,1566,0,5.541934176791742e-09,False
0.5-1,1567,0,6.816872144648929e-10,False
0.5-1,1568,0,0.005549870969430795,False
0.5-1,1569,0,3.578132783258994e-07,False
0.5-1,1570,0,2.4091864050814984e-05,False
0.5-1,1571,0,1.5860155469613488e-11,False
0.5-1,1572,0,2.4903677797709236e-11,False
0.5-1,1573,0,0.00035115244169544636,False
0.5-1,1574,0,5.250900977542632e-07,False
0.5-1,1575,0,3.4514555552616087e-15,False
0.5-1,1576,0,6.595841585821596e-15,False
0.5-1,1577,0,0.036095083908296174,False
0.5-1,1578,0,0.0009580104451996737,False
0.5-1,1579,0,0.0020715857693465885,False
0.5-1,1580,0,9.993803267855074e-12,False
0.5-1,1581,0,0.0014754586779710023,False
0.5-1,1582,0,1.6506730385483358e-07,False
0.5-1,1583,0,1.1975797908759506e-08,False
0.5-1,1584,0,1.0908331139874449e-05,False
0.5-1,1585,0,3.5157956442125316e-09,False
0.5-1,1586,0,1.0463267278706812e-12,False
0.5-1,1587,0,0.0008497305934720435,False
0.5-1,1588,0,5.870730674207235e-08,False
0.5-1,1589,0,5.410995510742905e-08,False
0.5-1,1590,0,1.1348216193498403e-08,False
0.5-1,1591,0,7.744642466903562e-09,False
0.5-1,1592,0,3.703829722729123e-05,False
0.5-1,1593,0,2.1871184267905967e-09,False
0.5-1,1594,0,1.5062316395030389e-06,False
0.5-1,1595,0,3.1562566948938095e-12,False
0.5-1,1596,0,2.273735854515063e-09,False
0.5-1,1597,0,4.4989905851677664e-05,False
0.5-1,1598,0,1.0565445559970455e-09,False
0.5-1,1599,0,3.0182457283508465e-14,False
0.5-1,1600,0,1.9225051841343126e-14,False
0.5-1,1601,0,3.4349356831103076e-05,False
0.5-1,1602,0,0.0003025301986735931,False
0.5-1,1603,0,0.00011295044074537662,False
0.5-1,1604,0,4.420716265805557e-09,False
0.5-1,1605,0,0.012343986044909154,False
0.5-1,1606,0,8.800486571170813e-08,False
0.5-1,1607,0,5.817729349477289e-10,False
0.5-1,1608,0,1.7622481566028396e-07,False
0.5-1,1609,0,4.6141316118970215e-08,False
0.5-1,1610,0,1.1584425894257428e-12,False
0.5-1,1611,0,1.071062582788384e-06,False
0.5-1,1612,0,9.175454738691945e-08,False
0.5-1,1613,0,2.420928039735545e-08,False
0.5-1,1614,0,4.199983981375151e-09,False
0.5-1,1615,0,8.02857303982042e-09,False
0.5-1,1616,0,5.198975831303954e-06,False
0.5-1,1617,0,2.056121048380501e-10,False
0.5-1,1618,0,8.769064394328475e-09,False
0.5-1,1619,0,2.6078779732822317e-13,False
0.5-1,1620,0,6.200259097936561e-10,False
0.5-1,1621,0,4.6905763281810183e-07,False
0.5-1,1622,0,7.635298961023916e-13,False
0.5-1,1623,0,1.1332985154804695e-11,False
0.5-1,1624,0,4.296601768177882e-13,False
0.5-1,1625,0,1.3106590813135843e-07,False
0.5-1,1626,0,0.003971038798818278,False
0.5-1,1627,0,2.733656782260278e-06,False
0.5-1,1628,0,7.719621936827483e-10,False
0.5-1,1629,0,0.00026461300848296343,False
0.5-1,1630,0,1.5310764838152234e-09,False
0.5-1,1631,0,1.4208329505120325e-09,False
0.5-1,1632,0,1.0293121991142344e-07,False
0.5-1,1633,0,9.263399981260998e-08,False
0.5-1,1634,0,7.552691824442413e-14,False
0.5-1,1635,0,1.2231393654827231e-05,False
0.5-1,1636,0,8.365985067801505e-09,False
0.5-1,1637,0,8.629803221735474e-10,False
0.5-1,1638,0,1.6486143169500637e-10,False
0.5-1,1639,0,9.363981419786696e-10,False
0.5-1,1640,0,5.315067956904929e-07,False
0.5-1,1641,0,5.025115633010755e-12,False
0.5-1,1642,0,2.8876319174525684e-07,False
0.5-1,1643,0,4.679379485132059e-13,False
0.5-1,1644,0,1.1138239941682047e-08,False
0.5-1,1645,0,9.973184835071824e-11,False
0.5-1,1646,0,1.9806974771264383e-14,False
0.5-1,1647,0,1.881247912568151e-09,False
0.5-1,1648,0,2.7730807494764782e-11,False
0.5-1,1649,0,1.7189949025555357e-10,False
0.5-1,1650,0,1.4788031209445457e-07,False
0.5-1,1651,0,5.2008854724825965e-06,False
0.5-1,1652,0,2.1435924942321014e-08,False
0.5-1,1653,0,1.0401168794685771e-05,False
0.5-1,1654,0,3.94948125357954e-11,False
0.5-1,1655,0,3.234509116753869e-11,False
0.5-1,1656,0,3.3602641513365734e-07,False
0.5-1,1657,0,1.4350653708565001e-08,False
0.5-1,1658,0,4.978506252846346e-15,False
0.5-1,1659,0,3.820345175686809e-05,False
0.5-1,1660,0,1.5693557829825126e-10,False
0.5-1,1661,0,7.799323435710492e-12,False
0.5-1,1662,0,9.406337276285382e-13,False
0.5-1,1663,0,1.584683074426153e-11,False
0.5-1,1664,0,4.409891816186267e-06,False
0.5-1,1665,0,2.403801926401987e-13,False
0.5-1,1666,0,0.03140533929602694,False
0.5-1,1667,0,4.31144719864879e-15,False
0.5-1,1668,0,2.8485064527279075e-06,False
0.5-1,1669,0,3.777167169771105e-12,False
0.5-1,1670,0,3.181368679645665e-19,False
0.5-1,1671,0,5.392405064253229e-10,False
0.5-1,1672,0,1.1237533704243684e-06,False
0.5-1,1673,0,6.92080371884133e-11,False
0.5-1,1674,0,6.172422468027702e-07,False
0.5-1,1675,0,2.1058171406187916e-05,False
0.5-1,1676,0,5.2728753784100635e-08,False
0.5-1,1677,0,2.2265270084609294e-05,False
0.5-1,1678,0,8.581152727122056e-15,False
0.5-1,1679,0,2.2913372855809346e-13,False
0.5-1,1680,0,2.8121338183164784e-06,False
0.5-1,1681,0,8.940938103053144e-07,False
0.5-1,1682,0,5.47576826142535e-15,False
0.5-1,1683,0,1.6839323364895557e-06,False
0.5-1,1684,0,2.4692376438067936e-13,False
0.5-1,1685,0,2.389691216078443e-15,False
0.5-1,1686,0,2.7745454771416447e-16,False
0.5-1,1687,0,1.3277465421293426e-14,False
0.5-1,1688,0,1.5545733146125902e-08,False
0.5-1,1689,0,6.714550154710328e-16,False
0.5-1,1690,0,2.0913815950849612e-08,False
0.5-1,1691,0,2.969015168993071e-17,False
0.5-1,1692,0,0.0002717836828738226,False
0.5-1,1693,0,8.668420344914711e-19,False
0.5-1,1694,0,2.5654318750484543e-22,False
0.5-1,1695,0,1.0056948730791633e-08,False
0.5-1,1696,0,1.0496227727264643e-05,False
0.5-1,1697,0,9.13749351780716e-12,False
0.5-1,1698,0,3.5325717731773403e-07,False
0.5-1,1699,0,4.5732821599410324e-07,False
0.5-1,1700,0,7.047194868723791e-06,False
0.5-1,1701,0,3.5219112999600884e-07,False
0.5-1,1702,0,4.541774160736747e-21,False
0.5-1,1703,0,5.587378191556384e-14,False
0.5-1,1704,0,2.244913230146456e-07,False
0.5-1,1705,0,1.1551039564886631e-10,False
0.5-1,1706,0,1.228660431259837e-16,False
0.5-1,1707,0,2.7178092696164143e-05,False
0.5-1,1708,0,7.116136844801301e-18,False
0.5-1,1709,0,4.743553817422663e-21,False
0.5-1,1710,0,3.28026519472487e-22,False
0.5-1,1711,0,4.1400213475918647e-19,False
0.5-1,1712,0,3.7477880618544445e-07,False
0.5-1,1713,0,2.1131179170983453e-17,False
0.5-1,1714,0,6.05223837715297e-08,False
0.5-1,1715,0,1.4169517436654378e-18,False
0.5-1,1716,0,4.6702556138426875e-06,False
0.5-1,1717,0,1.4704143329973892e-17,False
0.5-1,1718,0,1.9715417380434144e-16,False
0.5-1,1719,0,9.749194460543971e-08,False
0.5-1,1720,0,3.6918589749739297e-07,False
0.5-1,1721,0,8.520237577278443e-17,False
0.5-1,1722,0,4.568833375391175e-08,False
0.5-1,1723,0,1.5514239543354598e-08,False
0.5-1,1724,0,3.874044432672755e-06,False
0.5-1,1725,0,6.048782892074992e-10,False
0.5-1,1726,0,2.3843757296839022e-23,False
0.5-1,1727,0,1.280915752473739e-14,False
0.5-1,1728,0,1.2554307768320346e-08,False
0.5-1,1729,0,3.0214724127029486e-08,False
0.5-1,1730,0,1.0751296967830774e-17,False
0.5-1,1731,0,4.0357135579131597e-07,False
0.5-1,1732,0,7.47714819103201e-24,False
0.5-1,1733,0,3.1246253965079075e-29,False
0.5-1,1734,0,2.8901400380598836e-30,False
0.5-1,1735,0,3.194991333199298e-25,False
0.5-1,1736,0,3.175344261965697e-06,False
0.5-1,1737,0,4.957378562689186e-17,False
0.5-1,1738,0,8.283577583008852e-10,False
0.5-1,1739,0,5.295148603582213e-18,False
0.5-1,1740,0,2.494604966944404e-06,False
0.5-1,1741,0,2.0265699037015877e-11,False
0.5-1,1742,0,1.941354986854219e-13,False
0.5-1,1743,0,2.4199133509074014e-09,False
0.5-1,1744,0,1.3569947530384584e-07,False
0.5-1,1745,0,4.650649189898496e-23,False
0.5-1,1746,0,8.88535373071095e-30,False
0.5-1,1747,0,9.31658768319866e-12,False
0.5-1,1748,0,3.130074343791625e-08,False
0.5-1,1749,0,7.596674815593985e-24,False
0.5-1,1750,0,1.0864232810627385e-11,False
0.5-1,1751,0,1.2887926506896898e-11,False
0.5-1,1752,0,5.89248111998858e-09,False
0.5-1,1753,0,9.902259227419575e-14,False
0.5-1,1754,0,5.440051953347115e-30,False
0.5-1,1755,0,3.6298796759390213e-12,False
0.5-1,1756,0,3.540814887659842e-14,False
0.5-1,1757,0,9.252391616441325e-09,False
0.5-1,1758,0,6.3987157526436985e-15,False
0.5-1,1759,0,4.792119935120568e-07,False
0.5-1,1760,0,1.5467049781399032e-12,False
0.5-1,1761,0,2.4419765909272495e-10,False
0.5-1,1762,0,8.382602714185156e-13,False
0.5-1,1763,0,1.8143971021594658e-11,False
0.5-1,1764,1,0.999758317882799,True
0.5-1,1765,0,0.9377524806625033,False
0.5-1,1766,0,5.482256160296221e-07,False
0.5-1,1767,0,5.729699948994602e-11,False
0.5-1,1768,0,1.8275529410094006e-10,False
0.5-1,1769,0,0.0002980396326379135,False
0.5-1,1770,0,0.0016537489305411973,False
0.5-1,1771,0,1.3055994663884572e-15,False
0.5-1,1772,1,0.9918064852584186,True
0.5-1,1773,1,0.999494775577851,True
0.5-1,1774,0,0.00014947332485396177,False
0.5-1,1775,0,0.007601247590096839,False
0.5-1,1776,0,4.0860387374735684e-16,False
0.5-1,1777,1,0.9876190512691791,True
0.5-1,1778,0,2.4342572139147903e-06,False
0.5-1,1779,0,0.20216163307214624,False
0.5-1,1780,0,4.0027692200798755e-11,False
0.5-1,1781,0,0.016735084749099856,False
0.5-1,1782,0,2.1861824667953894e-06,False
0.5-1,1783,0,2.771490269242527e-05,False
0.5-1,1784,0,0.0009112911157007262,False
0.5-1,1785,0,0.0020954493731450796,False
0.5-1,1786,0,1.492196759113652e-10,False
0.5-1,1787,0,0.0003497745115490947,False
0.5-1,1788,0,2.194463097552493e-09,False
0.5-1,1789,0,1.236554931895347e-08,False
0.5-1,1790,0,3.765750482779819e-13,False
0.5-1,1791,0,4.141645081152458e-12,False
0.5-1,1792,0,0.01574813993784678,False
0.5-1,1793,0,4.77428187409193e-06,False
0.5-1,1794,0,1.2894949650158022e-12,False
0.5-1,1795,0,8.706832392434123e-12,False
0.5-1,1796,0,2.217408045716634e-11,False
0.5-1,1797,0,8.008666371012508e-06,False
0.5-1,1798,0,1.018169587889881e-06,False
0.5-1,1799,0,1.2108853911772125e-13,False
0.5-1,1800,1,0.9936669861482558,True
0.5-1,1801,1,0.9940175569135874,True
0.5-1,1802,0,0.0017027364665790376,False
0.5-1,1803,0,0.0310359639463827,False
0.5-1,1804,0,1.638019774608763e-15,False
0.5-1,1805,1,0.9881568859152727,True
0.5-1,1806,0,0.00037770857169845603,False
0.5-1,1807,0,0.024790418094184658,False
0.5-1,1808,0,1.0365197846469494e-08,False
0.5-1,1809,0,0.004078418627424277,False
0.5-1,1810,0,1.089714092002386e-07,False
0.5-1,1811,0,1.1412231957962272e-06,False
0.5-1,1812,0,0.005111572635269652,False
0.5-1,1813,0,1.2938747706369868e-07,False
0.5-1,1814,0,4.087695955783981e-13,False
0.5-1,1815,0,1.509968902226147e-06,False
0.5-1,1816,0,2.0739162030580437e-08,False
0.5-1,1817,0,1.343552283771575e-08,False
0.5-1,1818,0,2.304602678632779e-13,False
0.5-1,1819,0,3.5368922534301953e-13,False
0.5-1,1820,0,0.00010905719864684489,False
0.5-1,1821,0,2.035161814897891e-06,False
0.5-1,1822,0,4.377797001317371e-12,False
0.5-1,1823,0,9.16942333043616e-13,False
0.5-1,1824,0,1.4318714126810471e-11,False
0.5-1,1825,0,0.0011099847518684113,False
0.5-1,1826,0,1.6107890026392645e-06,False
0.5-1,1827,0,2.6837815879101534e-12,False
0.5-1,1828,1,0.9967157580899184,True
0.5-1,1829,1,0.9960957237264398,True
0.5-1,1830,0,0.0058249127335900895,False
0.5-1,1831,0,0.017017760561785538,False
0.5-1,1832,0,1.2540376048853376e-14,False
0.5-1,1833,0,0.01746228526015536,False
0.5-1,1834,0,0.0014959471139032415,False
0.5-1,1835,0,0.054840019925109035,False
0.5-1,1836,0,1.8532376146980548e-09,False
0.5-1,1837,0,3.7477282114048817e-07,False
0.5-1,1838,0,8.15304916397693e-09,False
0.5-1,1839,0,1.3613085927462722e-09,False
0.5-1,1840,0,0.0008908119433659972,False
0.5-1,1841,0,4.61154919472005e-07,False
0.5-1,1842,0,2.982508934078216e-13,False
0.5-1,1843,0,1.7673395763681357e-08,False
0.5-1,1844,0,1.3979712742015881e-08,False
0.5-1,1845,0,4.675626468148752e-09,False
0.5-1,1846,0,1.154514544955271e-13,False
0.5-1,1847,0,1.3843880776950696e-13,False
0.5-1,1848,0,0.00027389001589588064,False
0.5-1,1849,0,1.3840325892364307e-08,False
0.5-1,1850,0,2.053484558937633e-14,False
0.5-1,1851,0,5.1454181279392504e-14,False
0.5-1,1852,0,2.3997244672065134e-09,False
0.5-1,1853,0,1.181385250611762e-07,False
0.5-1,1854,0,2.2936283302884195e-10,False
0.5-1,1855,0,3.3808443763228767e-09,False
0.5-1,1856,1,0.9905720972195088,True
0.5-1,1857,1,0.9938261836389692,True
0.5-1,1858,0,0.0035540385737154634,False
0.5-1,1859,0,0.004108546250738303,False
0.5-1,1860,0,9.610782619225827e-13,False
0.5-1,1861,0,2.2298099136291053e-05,False
0.5-1,1862,0,1.4635853877764696e-07,False
0.5-1,1863,0,0.019406679232031827,False
0.5-1,1864,0,1.263673422964768e-08,False
0.5-1,1865,0,1.2977300630149145e-06,False
0.5-1,1866,0,2.361244822387619e-10,False
0.5-1,1867,0,2.4509711999091154e-09,False
0.5-1,1868,0,0.009636871232342931,False
0.5-1,1869,0,1.545360773577874e-06,False
0.5-1,1870,0,2.7994766517377002e-14,False
0.5-1,1871,0,1.4661919773209144e-08,False
0.5-1,1872,0,1.5457460373801555e-09,False
0.5-1,1873,0,9.587966090283659e-11,False
0.5-1,1874,0,3.092222049891201e-16,False
0.5-1,1875,0,8.899496316348299e-15,False
0.5-1,1876,0,2.516460932161222e-05,False
0.5-1,1877,0,5.325075718559375e-10,False
0.5-1,1878,0,2.0127013033285972e-13,False
0.5-1,1879,0,5.84354835121105e-14,False
0.5-1,1880,0,3.8645807282148856e-09,False
0.5-1,1881,0,1.3108629236127934e-09,False
0.5-1,1882,0,4.323694449915524e-11,False
0.5-1,1883,0,7.662450743660547e-07,False
0.5-1,1884,0,0.7916010469602959,False
0.5-1,1885,0,0.9563679636350552,False
0.5-1,1886,0,0.0008245695350493648,False
0.5-1,1887,0,0.00024362277274427328,False
0.5-1,1888,0,1.5627162743550354e-10,False
0.5-1,1889,0,6.646328088841315e-08,False
0.5-1,1890,0,4.1072015286475964e-07,False
0.5-1,1891,0,0.0037342713236074685,False
0.5-1,1892,0,2.3049121687617288e-05,False
0.5-1,1893,0,9.713970618918064e-08,False
0.5-1,1894,0,2.9760552662380387e-12,False
0.5-1,1895,0,1.9962927755100014e-11,False
0.5-1,1896,0,0.0020155144465564654,False
0.5-1,1897,0,8.462558926420657e-07,False
0.5-1,1898,0,4.217849761929825e-15,False
0.5-1,1899,0,3.627634939583037e-09,False
0.5-1,1900,0,2.3972800254188482e-11,False
0.5-1,1901,0,6.603633637228478e-13,False
0.5-1,1902,0,6.534674158165977e-18,False
0.5-1,1903,0,1.0471382561884492e-17,False
0.5-1,1904,0,0.00028281428616433023,False
0.5-1,1905,0,6.309896712508947e-12,False
0.5-1,1906,0,1.0932193066559214e-14,False
0.5-1,1907,0,1.2128224641625618e-15,False
0.5-1,1908,0,1.4966363302479088e-06,False
0.5-1,1909,0,2.4468118390974524e-13,False
0.5-1,1910,0,5.351380738876434e-15,False
0.5-1,1911,0,0.00011317961800260995,False
0.5-1,1912,0,0.16259809968586697,False
0.5-1,1913,0,0.3580698269230241,False
0.5-1,1914,0,7.012965186552653e-05,False
0.5-1,1915,0,9.623261583681596e-06,False
0.5-1,1916,0,9.157438198744925e-07,False
0.5-1,1917,0,3.4610460181246973e-11,False
0.5-1,1918,0,3.0904104906704774e-08,False
0.5-1,1919,0,0.0002184976667773931,False
0.5-1,1920,0,0.0013327590547743862,False
0.5-1,1921,0,8.07395734923594e-09,False
0.5-1,1922,0,7.501790371822734e-20,False
0.5-1,1923,0,2.737373111836368e-14,False
0.5-1,1924,0,5.8759310411847576e-06,False
0.5-1,1925,0,3.12091500812715e-05,False
0.5-1,1926,0,3.3569628328386166e-17,False
0.5-1,1927,0,4.013900914261554e-10,False
0.5-1,1928,0,2.1472031269614876e-14,False
0.5-1,1929,0,2.290406305926254e-16,False
0.5-1,1930,0,2.944960486253037e-22,False
0.5-1,1931,0,5.156276177215623e-20,False
0.5-1,1932,0,8.339530815143933e-07,False
0.5-1,1933,0,4.911079834971296e-13,False
0.5-1,1934,0,4.748985197751989e-13,False
0.5-1,1935,0,1.0133823471951398e-16,False
0.5-1,1936,0,5.015764759450484e-06,False
0.5-1,1937,0,4.599345099932681e-15,False
0.5-1,1938,0,3.5664545429398464e-16,False
0.5-1,1939,0,4.4436679699666494e-07,False
0.5-1,1940,0,0.00550825171411537,False
0.5-1,1941,0,0.011235945067549054,False
0.5-1,1942,0,1.4360092110891512e-06,False
0.5-1,1943,0,5.078784880706831e-08,False
0.5-1,1944,0,5.892586530487373e-06,False
0.5-1,1945,0,2.383549909021539e-13,False
0.5-1,1946,0,1.907210340853463e-09,False
0.5-1,1947,0,4.085756929050707e-07,False
0.5-1,1948,0,0.000716209310913915,False
0.5-1,1949,0,3.3208405927582404e-11,False
0.5-1,1950,0,5.88557030705243e-11,False
0.5-1,1951,0,5.079353134535107e-15,False
0.5-1,1952,0,1.6668790046252567e-07,False
0.5-1,1953,0,2.426177883619466e-08,False
0.5-1,1954,0,2.5201528769693026e-18,False
0.5-1,1955,0,5.536096180752895e-10,False
0.5-1,1956,0,1.0823692599175178e-18,False
0.5-1,1957,0,4.786648941370758e-22,False
0.5-1,1958,0,1.2570048965465673e-26,False
0.5-1,1959,0,8.061629526781038e-25,False
0.5-1,1960,0,1.1859154829451514e-05,False
0.5-1,1961,0,3.9743256445174e-14,False
0.5-1,1962,0,1.5883042810671838e-13,False
0.5-1,1963,0,4.005374727056837e-19,False
0.5-1,1964,0,1.2088156306988928e-05,False
0.5-1,1965,0,5.0310872101288905e-21,False
0.5-1,1966,0,1.5364231439454066e-23,False
0.5-1,1967,0,1.705189603420701e-07,False
0.5-1,1968,0,1.7905582969977636e-05,False
0.5-1,1969,0,4.650388142133789e-05,False
0.5-1,1970,0,6.991192381991692e-09,False
0.5-1,1971,0,4.38765264178404e-11,False
0.5-1,1972,0,3.0426450837338255e-07,False
0.5-1,1973,0,9.058983409457418e-18,False
0.5-1,1974,0,5.010354534731713e-13,False
0.5-1,1975,0,1.2261522501243224e-08,False
0.5-1,1976,0,3.359019575859968e-05,False
0.5-1,1977,0,7.255778132553248e-15,False
0.5-1,1978,0,3.431917915144029e-23,False
0.5-1,1979,0,2.997641182290264e-16,False
0.5-1,1980,0,3.1674075363847254e-10,False
0.5-1,1981,0,3.158170825452326e-08,False
0.5-1,1982,0,2.1246039688685427e-20,False
0.5-1,1983,0,4.863204367933508e-12,False
0.5-1,1984,0,4.753398825884252e-24,False
0.5-1,1985,0,2.2417318904721771e-29,False
0.5-1,1986,0,2.6933443082162905e-26,False
0.5-1,1987,0,1.3729370995409278e-28,False
0.5-1,1988,0,4.679483965741375e-06,False
0.5-1,1989,0,1.01588987494715e-12,False
0.5-1,1990,0,3.161162897469529e-15,False
0.5-1,1991,0,8.939063622487675e-20,False
0.5-1,1992,0,1.2710106580853018e-05,False
0.5-1,1993,0,1.099002092513384e-07,False
0.5-1,1994,0,4.250616555489709e-14,False
0.5-1,1995,0,1.1504436977477107e-14,False
0.5-1,1996,0,7.99849733827942e-07,False
0.5-1,1997,0,1.166088375342979e-26,False
0.5-1,1998,0,2.757787312893546e-29,False
0.5-1,1999,0,9.21088897864292e-11,False
0.5-1,2000,0,2.03320402081261e-06,False
0.5-1,2001,0,6.900691116836994e-07,False
0.5-1,2002,0,9.217678955038938e-12,False
0.5-1,2003,0,2.9464404087426505e-15,False
0.5-1,2004,0,9.160723057758704e-08,False
0.5-1,2005,0,1.051838371708419e-12,False
0.5-1,2006,0,1.2239434387434804e-14,False
0.5-1,2007,0,9.080281564119577e-11,False
0.5-1,2008,0,1.4378845282720329e-07,False
0.5-1,2009,0,3.9507493286552565e-19,False
0.5-1,2010,0,4.980514148226967e-32,False
0.5-1,2011,0,1.501457431245304e-15,False
0.5-1,2012,0,6.300937299414796e-14,False
0.5-1,2013,0,2.6848053634741434e-08,False
0.5-1,2014,0,3.006126047994234e-20,False
0.5-1,2015,0,1.7124739697138483e-13,False
0.5-1,2016,0,8.057897069099745e-10,False
0.5-1,2017,0,9.946271412683131e-10,False
0.5-1,2018,0,4.973195799479203e-11,False
0.5-1,2019,0,9.078424236830083e-12,False
0.5-1,2020,0,1.941526248064432e-10,False
0.5-1,2021,0,1.4803264801420147e-13,False
0.5-1,2022,0,4.378187005970387e-09,False
0.5-1,2023,0,1.7544098621937892e-11,False
0.5-1,2024,0,4.556069370977669e-16,False
0.5-1,2025,0,8.336888701720055e-10,False
0.5-1,2026,0,3.3249939211528743e-14,False
0.5-1,2027,0,4.551649001176967e-14,False
0.5-1,2028,0,7.779151030441449e-16,False
0.5-1,2029,0,2.149427589443254e-12,False
0.5-1,2030,0,2.9257641797252655e-11,False
0.5-1,2031,0,6.511667191131163e-13,False
0.5-1,2032,0,2.7202044402413018e-15,False
0.5-1,2033,0,9.52970784424564e-11,False
0.5-1,2034,0,3.39577726384734e-14,False
0.5-1,2035,0,4.373442092306034e-10,False
0.5-1,2036,0,6.78810220368511e-10,False
0.5-1,2037,0,2.3308958253597715e-11,False
0.5-1,2038,0,5.735544910695918e-12,False
0.5-1,2039,0,3.2956837095682054e-11,False
0.5-1,2040,0,3.500504920440208e-09,False
0.5-1,2041,0,7.974487788969008e-10,False
0.5-1,2042,0,1.1994886221078224e-08,False
0.5-1,2043,0,2.832947908426293e-07,False
0.5-1,2044,0,8.202609282758962e-11,False
0.5-1,2045,0,2.8607655810276733e-11,False
0.5-1,2046,0,4.509730324401098e-12,False
0.5-1,2047,0,2.6063640533670314e-09,False
0.5-1,2048,0,2.041498622634868e-14,False
0.5-1,2049,0,2.554021795713353e-12,False
0.5-1,2050,0,7.58291297575674e-13,False
0.5-1,2051,0,1.5273732236203733e-11,False
0.5-1,2052,0,7.081478756473302e-14,False
0.5-1,2053,0,2.2390765613874296e-11,False
0.5-1,2054,0,9.848696060079309e-10,False
0.5-1,2055,0,5.877616556318007e-09,False
0.5-1,2056,0,7.610157614257254e-15,False
0.5-1,2057,0,2.3757370887682827e-08,False
0.5-1,2058,0,1.1119220134958271e-10,False
0.5-1,2059,0,7.14094849541914e-13,False
0.5-1,2060,0,1.0016832262997295e-09,False
0.5-1,2061,0,4.1642885314562115e-09,False
0.5-1,2062,0,6.637260919510283e-13,False
0.5-1,2063,0,2.0085639661322704e-12,False
0.5-1,2064,0,3.041579148907735e-10,False
0.5-1,2065,0,1.359146207588739e-10,False
0.5-1,2066,0,1.076985212703998e-08,False
0.5-1,2067,0,3.474275733413212e-07,False
0.5-1,2068,0,3.0064755562520825e-12,False
0.5-1,2069,0,1.0581063963652504e-12,False
0.5-1,2070,0,2.4342292836071748e-12,False
0.5-1,2071,0,5.457800323119962e-12,False
0.5-1,2072,0,1.2676282599050152e-12,False
0.5-1,2073,0,1.261697415519324e-12,False
0.5-1,2074,0,1.1949287620267676e-06,False
0.5-1,2075,0,1.866328219433769e-11,False
0.5-1,2076,0,1.4578165053349876e-13,False
0.5-1,2077,0,5.1303387381881735e-14,False
0.5-1,2078,0,1.6522499868090665e-09,False
0.5-1,2079,0,6.321742027748502e-10,False
0.5-1,2080,0,3.683386387802663e-14,False
0.5-1,2081,0,1.0268982460288933e-08,False
0.5-1,2082,0,4.906436423238001e-12,False
0.5-1,2083,0,5.240091739028064e-10,False
0.5-1,2084,0,2.900940702642447e-09,False
0.5-1,2085,0,1.1066172062368487e-11,False
0.5-1,2086,0,2.0822258752496855e-12,False
0.5-1,2087,0,1.4011946064667165e-12,False
0.5-1,2088,0,7.040018423727092e-10,False
0.5-1,2089,0,3.385057351807142e-11,False
0.5-1,2090,0,1.6758175551834516e-07,False
0.5-1,2091,0,2.756708179734949e-08,False
0.5-1,2092,0,1.457009898123113e-12,False
0.5-1,2093,0,3.83717088237413e-11,False
0.5-1,2094,0,2.0088956473663962e-12,False
0.5-1,2095,0,2.17643123041859e-11,False
0.5-1,2096,0,1.826925846411904e-11,False
0.5-1,2097,0,5.378704550285923e-10,False
0.5-1,2098,0,8.789738576722078e-13,False
0.5-1,2099,0,3.221998281116178e-13,False
0.5-1,2100,0,6.010062063111985e-15,False
0.5-1,2101,0,1.23953567901767e-15,False
0.5-1,2102,0,1.0367793859825194e-08,False
0.5-1,2103,0,8.882353645108473e-10,False
0.5-1,2104,0,1.3616064580328857e-11,False
0.5-1,2105,0,1.691677424369583e-08,False
0.5-1,2106,0,4.3717286518612076e-14,False
0.5-1,2107,0,2.1855756974434173e-09,False
0.5-1,2108,0,3.5886931892157843e-09,False
0.5-1,2109,0,8.959729159204599e-12,False
0.5-1,2110,0,1.2755861191836836e-11,False
0.5-1,2111,0,1.4420432154932134e-12,False
0.5-1,2112,0,1.536104237056452e-09,False
0.5-1,2113,0,3.0729495416237965e-12,False
0.5-1,2114,0,4.419651402696108e-09,False
0.5-1,2115,0,4.658971559569515e-11,False
0.5-1,2116,0,2.557616675889066e-13,False
0.5-1,2117,0,1.908254035105408e-11,False
0.5-1,2118,0,8.156924819643536e-13,False
0.5-1,2119,0,3.499791600433422e-12,False
0.5-1,2120,0,1.910630634014232e-09,False
0.5-1,2121,0,8.813226884801398e-15,False
0.5-1,2122,0,1.76687928636914e-13,False
0.5-1,2123,0,6.364570373030352e-11,False
0.5-1,2124,0,1.7033091804528076e-13,False
0.5-1,2125,0,2.005491209986874e-15,False
0.5-1,2126,0,2.8816271429378463e-08,False
0.5-1,2127,0,9.39932639639737e-11,False
0.5-1,2128,0,7.118637446705059e-10,False
0.5-1,2129,0,3.467607743488662e-08,False
0.5-1,2130,0,3.6420867252136785e-15,False
0.5-1,2131,0,3.741204578213713e-08,False
0.5-1,2132,0,1.3022734405085218e-08,False
0.5-1,2133,0,4.2823783827029855e-10,False
0.5-1,2134,0,5.964743737171615e-10,False
0.5-1,2135,0,6.5761864414286685e-12,False
0.5-1,2136,0,1.747199029163635e-08,False
0.5-1,2137,0,1.671192126139544e-11,False
0.5-1,2138,0,1.0771318603518424e-05,False
0.5-1,2139,0,7.16151546950908e-11,False
0.5-1,2140,0,2.736272589340754e-12,False
0.5-1,2141,0,3.312010346025377e-11,False
0.5-1,2142,0,8.802957563961658e-13,False
0.5-1,2143,0,1.9136744701378692e-10,False
0.5-1,2144,0,5.214793397708684e-10,False
0.5-1,2145,0,8.103035412759914e-18,False
0.5-1,2146,0,6.610048077834964e-14,False
0.5-1,2147,0,2.125026309833747e-08,False
0.5-1,2148,0,5.706242267010367e-09,False
0.5-1,2149,0,3.173373026940711e-17,False
0.5-1,2150,0,1.512300175637655e-08,False
0.5-1,2151,0,5.680863550403547e-10,False
0.5-1,2152,0,0.00021694734423884058,False
0.5-1,2153,0,4.463045752415014e-08,False
0.5-1,2154,0,5.2285161332765225e-18,False
0.5-1,2155,0,9.747280760036319e-08,False
0.5-1,2156,0,2.849263072804193e-08,False
0.5-1,2157,0,4.254405233967579e-10,False
0.5-1,2158,0,3.182190866739294e-09,False
0.5-1,2159,0,3.0699252859771125e-10,False
0.5-1,2160,0,3.812718347778527e-10,False
0.5-1,2161,0,1.8175953325435228e-11,False
0.5-1,2162,0,2.714908073974266e-07,False
0.5-1,2163,0,2.0292984723805295e-10,False
0.5-1,2164,0,5.8501687183916856e-12,False
0.5-1,2165,0,9.172613845294804e-08,False
0.5-1,2166,0,4.897065012790575e-11,False
0.5-1,2167,0,1.157735763858244e-08,False
0.5-1,2168,0,1.0596668127506413e-06,False
0.5-1,2169,0,8.490806602393173e-20,False
0.5-1,2170,0,3.2067715415279763e-18,False
0.5-1,2171,0,1.0911010827931358e-05,False
0.5-1,2172,0,4.3853300212866534e-06,False
0.5-1,2173,0,1.0611468608733444e-18,False
0.5-1,2174,0,8.655117574062663e-06,False
0.5-1,2175,0,7.229902871489462e-11,False
0.5-1,2176,0,4.0024711632702346e-05,False
0.5-1,2177,0,8.070275791620182e-06,False
0.5-1,2178,0,4.6099470841440496e-20,False
0.5-1,2179,0,7.154607745791579e-09,False
0.5-1,2180,0,4.129484063658361e-10,False
0.5-1,2181,0,1.7252544631470317e-08,False
0.5-1,2182,0,6.335256038198365e-05,False
0.5-1,2183,0,1.452279385061395e-06,False
0.5-1,2184,0,2.8212830696766812e-08,False
0.5-1,2185,0,6.908940054323759e-09,False
0.5-1,2186,0,5.146114151418941e-09,False
0.5-1,2187,0,3.368648910826932e-07,False
0.5-1,2188,0,8.785884286271158e-12,False
0.5-1,2189,0,5.897218482078837e-07,False
0.5-1,2190,0,9.841785607903341e-09,False
0.5-1,2191,0,8.450519377503524e-08,False
0.5-1,2192,0,1.2910828016812943e-05,False
0.5-1,2193,0,1.900917261790492e-24,False
0.5-1,2194,0,1.987740632391408e-18,False
0.5-1,2195,0,8.594444214581446e-06,False
0.5-1,2196,0,1.0271160639071481e-05,False
0.5-1,2197,0,1.2119052649030004e-22,False
0.5-1,2198,0,5.243988018417407e-08,False
0.5-1,2199,0,3.240934959583711e-10,False
0.5-1,2200,0,2.3139798534970418e-06,False
0.5-1,2201,0,7.485174698034363e-07,False
0.5-1,2202,0,1.0847150191872647e-23,False
0.5-1,2203,0,1.698454131941982e-06,False
0.5-1,2204,0,2.0049675341378258e-09,False
0.5-1,2205,0,3.34598270908281e-07,False
0.5-1,2206,0,4.491374073634138e-06,False
0.5-1,2207,0,1.6911976821951895e-06,False
0.5-1,2208,0,1.8608616476371048e-10,False
0.5-1,2209,0,7.640240094276807e-11,False
0.5-1,2210,0,2.6942947155439435e-13,False
0.5-1,2211,0,2.4191589181931295e-10,False
0.5-1,2212,0,1.7067765573947615e-08,False
0.5-1,2213,0,2.647262628485297e-08,False
0.5-1,2214,0,1.3341083969741082e-07,False
0.5-1,2215,0,3.1290008802543264e-07,False
0.5-1,2216,0,9.571003873428532e-09,False
0.5-1,2217,0,8.007003658024672e-09,False
0.5-1,2218,0,7.548438144210207e-08,False
0.5-1,2219,0,3.267427188723864e-08,False
0.5-1,2220,0,3.175697175996603e-07,False
0.5-1,2221,0,8.033552487236215e-31,False
0.5-1,2222,0,1.1904299166087236e-24,False
0.5-1,2223,0,1.6596069135940755e-08,False
0.5-1,2224,0,1.4465866182494734e-06,False
0.5-1,2225,0,8.265281097479762e-27,False
0.5-1,2226,0,7.241152709709357e-10,False
0.5-1,2227,0,7.231708681390998e-09,False
0.5-1,2228,0,3.3104356449976086e-08,False
0.5-1,2229,0,5.47435601013238e-10,False
0.5-1,2230,0,4.477193503672246e-29,False
0.5-1,2231,0,3.611622558110137e-07,False
0.5-1,2232,0,8.992289910569098e-14,False
0.5-1,2233,0,4.215605523132638e-07,False
0.5-1,2234,0,9.466682881413984e-07,False
0.5-1,2235,0,4.60916911153916e-09,False
0.5-1,2236,0,2.9836730500349064e-11,False
0.5-1,2237,0,7.513331781684836e-09,False
0.5-1,2238,0,4.306036969783407e-10,False
0.5-1,2239,0,6.314466950890279e-12,False
0.5-1,2240,0,2.008225603855963e-10,False
0.5-1,2241,0,1.4018652690629598e-11,False
0.5-1,2242,0,4.5143343018090936e-07,False
0.5-1,2243,0,1.178403465179064e-10,False
0.5-1,2244,0,6.597760481591169e-18,False
0.5-1,2245,0,1.0344184509895465e-08,False
0.5-1,2246,0,4.5780578619838157e-10,False
0.5-1,2247,0,5.737604068819461e-14,False
0.5-1,2248,0,9.51869884628016e-16,False
0.5-1,2249,0,1.0254383995558438e-11,False
0.5-1,2250,0,1.0997504140874154e-11,False
0.5-1,2251,1,0.9938683939485178,True
0.5-1,2252,0,2.1601820012008288e-14,False
0.5-1,2253,0,1.9073381623568024e-09,False
0.5-1,2254,0,1.6000353527447914e-08,False
0.5-1,2255,0,1.8068263934471423e-10,False
0.5-1,2256,0,4.29757810250231e-10,False
0.5-1,2257,0,1.5436883928555217e-10,False
0.5-1,2258,0,5.1393402557386346e-11,False
0.5-1,2259,0,4.033657859769488e-09,False
0.5-1,2260,0,2.3057130394851233e-09,False
0.5-1,2261,0,2.4454672651777485e-06,False
0.5-1,2262,0,2.22045654379506e-09,False
0.5-1,2263,0,4.9234774635556744e-08,False
0.5-1,2264,0,1.7643676678586067e-11,False
0.5-1,2265,0,5.104942467229818e-11,False
0.5-1,2266,0,1.5938226110332218e-10,False
0.5-1,2267,0,2.7755021014670547e-11,False
0.5-1,2268,0,8.911024033302577e-16,False
0.5-1,2269,0,2.2211722915164886e-12,False
0.5-1,2270,0,1.0720733841517304e-12,False
0.5-1,2271,0,4.3661219457726376e-13,False
0.5-1,2272,0,5.1430659380134496e-15,False
0.5-1,2273,0,6.214599036479963e-13,False
0.5-1,2274,0,1.5476628193298753e-09,False
0.5-1,2275,0,2.0789280493073478e-08,False
0.5-1,2276,0,4.434562297080584e-15,False
0.5-1,2277,0,5.502315542254793e-08,False
0.5-1,2278,0,1.4786894985631562e-08,False
0.5-1,2279,0,2.3959504057705496e-12,False
0.5-1,2280,0,4.534812171314557e-09,False
0.5-1,2281,0,1.4964352560245174e-11,False
0.5-1,2282,0,6.738254078409671e-11,False
0.5-1,2283,0,9.3974792630986e-11,False
0.5-1,2284,0,3.2336038836709935e-07,False
0.5-1,2285,0,2.13619372467327e-07,False
0.5-1,2286,0,4.3470550699847435e-08,False
0.5-1,2287,0,7.073447523526899e-08,False
0.5-1,2288,0,8.646037710202982e-13,False
0.5-1,2289,1,0.9988591790310184,True
0.5-1,2290,0,3.6078309162240213e-12,False
0.5-1,2291,0,9.357131237630782e-11,False
0.5-1,2292,0,4.509632454928523e-14,False
0.5-1,2293,0,2.9772804663421387e-13,False
0.5-1,2294,0,6.803879480539012e-13,False
0.5-1,2295,0,9.955688737069931e-11,False
0.5-1,2296,0,6.170711957881147e-14,False
0.5-1,2297,0,3.017085435932086e-14,False
0.5-1,2298,0,1.9223424032869462e-09,False
0.5-1,2299,0,1.1489759215274226e-07,False
0.5-1,2300,0,5.44775633337504e-15,False
0.5-1,2301,0,4.3501279569188816e-08,False
0.5-1,2302,0,2.5418251948687766e-07,False
0.5-1,2303,1,0.9996757773534121,True
0.5-1,2304,0,4.647661506892801e-09,False
0.5-1,2305,0,6.240946123442532e-12,False
0.5-1,2306,0,9.874635905902856e-12,False
0.5-1,2307,0,1.0695687003913488e-12,False
0.5-1,2308,0,4.847370040572582e-07,False
0.5-1,2309,0,1.8694295313758078e-07,False
0.5-1,2310,0,6.241379362592833e-08,False
0.5-1,2311,0,1.9893213093204974e-07,False
0.5-1,2312,0,5.108534658208424e-13,False
0.5-1,2313,0,6.971210826855653e-12,False
0.5-1,2314,0,3.008298941005745e-12,False
0.5-1,2315,0,9.47069324235083e-12,False
0.5-1,2316,0,2.0983493942245336e-14,False
0.5-1,2317,0,7.547506090082726e-15,False
0.5-1,2318,0,3.6168504458219405e-13,False
0.5-1,2319,0,2.0723791941400195e-12,False
0.5-1,2320,0,4.982936306295287e-14,False
0.5-1,2321,0,2.2149534917591463e-14,False
0.5-1,2322,0,1.0860199352191354e-08,False
0.5-1,2323,0,6.771035688674214e-08,False
0.5-1,2324,0,6.398570637483247e-13,False
0.5-1,2325,0,5.255828811089066e-08,False
0.5-1,2326,0,2.1826750595890793e-14,False
0.5-1,2327,0,2.1494996499617255e-10,False
0.5-1,2328,0,1.006648395504644e-08,False
0.5-1,2329,0,6.268506167967785e-12,False
0.5-1,2330,0,5.7737899184814574e-11,False
0.5-1,2331,0,3.6620930492798576e-13,False
0.5-1,2332,0,5.201648585644016e-06,False
0.5-1,2333,0,1.4463843503385453e-06,False
0.5-1,2334,0,1.0672710384120755e-06,False
0.5-1,2335,0,2.7589085605819217e-07,False
0.5-1,2336,0,2.034161967664025e-12,False
0.5-1,2337,0,3.2838336307123964e-12,False
0.5-1,2338,0,2.4451741336383386e-13,False
0.5-1,2339,0,1.0423838526550765e-11,False
0.5-1,2340,0,1.5963805308181804e-11,False
0.5-1,2341,0,1.7429600525631634e-16,False
0.5-1,2342,0,1.1586213341654384e-14,False
0.5-1,2343,0,1.272216647553216e-08,False
0.5-1,2344,0,1.6858456801493705e-14,False
0.5-1,2345,0,4.4000836493176365e-15,False
0.5-1,2346,0,3.0734685445537304e-08,False
0.5-1,2347,0,2.3058578285210124e-09,False
0.5-1,2348,0,5.228259545332187e-10,False
0.5-1,2349,0,7.135966518196863e-08,False
0.5-1,2350,0,8.446537251855402e-16,False
0.5-1,2351,0,7.542171625209098e-10,False
0.5-1,2352,0,5.649369351118084e-08,False
0.5-1,2353,0,7.0420792677776266e-12,False
0.5-1,2354,0,1.8607938687689765e-12,False
0.5-1,2355,0,2.5386250937082107e-12,False
0.5-1,2356,0,8.020637536071442e-07,False
0.5-1,2357,0,1.945712812409501e-08,False
0.5-1,2358,0,0.0025724086739029777,False
0.5-1,2359,0,0.4158035799578169,False
0.5-1,2360,0,3.2548463881925136e-10,False
0.5-1,2361,0,1.7599915622622536e-11,False
0.5-1,2362,0,6.6914635077885394e-12,False
0.5-1,2363,0,1.0357267308261914e-08,False
0.5-1,2364,0,0.0007950380314737976,False
0.5-1,2365,0,6.500069890157586e-19,False
0.5-1,2366,0,2.8384780202435145e-15,False
0.5-1,2367,0,6.020781796250489e-05,False
0.5-1,2368,0,3.832672360073601e-10,False
0.5-1,2369,0,1.3243958058317205e-18,False
0.5-1,2370,0,1.3181278583158667e-08,False
0.5-1,2371,0,1.8209812944611505e-08,False
0.5-1,2372,0,8.813807799312132e-05,False
0.5-1,2373,0,5.028253335627356e-07,False
0.5-1,2374,0,1.9376894998836355e-18,False
0.5-1,2375,0,4.7033092048031815e-09,False
0.5-1,2376,0,1.0122226822405259e-07,False
0.5-1,2377,0,1.264631276700456e-09,False
0.5-1,2378,0,1.6838183363322496e-12,False
0.5-1,2379,0,2.476715207100895e-11,False
0.5-1,2380,0,6.087059407801161e-10,False
0.5-1,2381,0,4.619475487164218e-08,False
0.5-1,2382,0,2.4381586871717854e-06,False
0.5-1,2383,0,0.00013952165763035903,False
0.5-1,2384,0,3.0751914479242945e-07,False
0.5-1,2385,0,1.71095468300173e-05,False
0.5-1,2386,0,6.597271937888266e-10,False
0.5-1,2387,0,2.1379982042031854e-08,False
0.5-1,2388,0,9.243672498072857e-05,False
0.5-1,2389,0,5.390136135974036e-21,False
0.5-1,2390,0,1.1605513349894223e-18,False
0.5-1,2391,0,0.001270730262512391,False
0.5-1,2392,0,1.158168375491482e-07,False
0.5-1,2393,0,9.375375463135392e-21,False
0.5-1,2394,0,3.1645973543787896e-05,False
0.5-1,2395,0,3.770339386534584e-08,False
0.5-1,2396,0,0.000175515133457543,False
0.5-1,2397,0,2.1247155303383867e-06,False
0.5-1,2398,0,2.9062497245828794e-19,False
0.5-1,2399,0,6.3796354443971e-08,False
0.5-1,2400,0,6.710687166793036e-08,False
0.5-1,2401,0,6.355838815308224e-09,False
0.5-1,2402,0,1.5748571239320608e-06,False
0.5-1,2403,0,3.1526616089558387e-08,False
0.5-1,2404,0,1.9185211882031307e-08,False
0.5-1,2405,0,3.86949292009596e-07,False
0.5-1,2406,0,2.222671880068146e-10,False
0.5-1,2407,0,1.7782422535264323e-06,False
0.5-1,2408,0,1.5497160182974888e-06,False
0.5-1,2409,0,5.807398545459297e-06,False
0.5-1,2410,0,2.256797042558831e-06,False
0.5-1,2411,0,8.059280560150846e-06,False
0.5-1,2412,0,0.00025998417949189086,False
0.5-1,2413,0,9.68197709226617e-27,False
0.5-1,2414,0,3.79130061339528e-23,False
0.5-1,2415,0,1.8888527574853002e-05,False
0.5-1,2416,0,2.4636888917405116e-06,False
0.5-1,2417,0,1.3283633291301857e-22,False
0.5-1,2418,0,1.4175751183333733e-08,False
0.5-1,2419,0,7.207871203442435e-08,False
0.5-1,2420,0,3.33254045837658e-05,False
0.5-1,2421,0,1.283995154337647e-06,False
0.5-1,2422,0,4.699630218638265e-22,False
0.5-1,2423,0,1.5270526711510991e-06,False
0.5-1,2424,0,4.742515986582181e-09,False
0.5-1,2425,0,4.2553474301376537e-07,False
0.5-1,2426,0,5.884986676103742e-08,False
0.5-1,2427,0,5.137770203708411e-07,False
0.5-1,2428,0,1.673013158613728e-10,False
0.5-1,2429,0,2.540645803929202e-09,False
0.5-1,2430,0,2.312902946980532e-14,False
0.5-1,2431,0,1.8874460753536107e-09,False
0.5-1,2432,0,4.6320324526597654e-07,False
0.5-1,2433,0,2.80924989411508e-07,False
0.5-1,2434,0,7.739381761793528e-07,False
0.5-1,2435,0,1.4179025123460255e-06,False
0.5-1,2436,0,6.554032300941298e-08,False
0.5-1,2437,0,5.273488097366199e-08,False
0.5-1,2438,0,2.7890846797102724e-07,False
0.5-1,2439,0,7.410405203956019e-08,False
0.5-1,2440,0,1.6493827401742353e-07,False
0.5-1,2441,0,1.60340630232303e-30,False
0.5-1,2442,0,4.0062455318376936e-27,False
0.5-1,2443,0,7.4134805123237e-08,False
0.5-1,2444,0,1.0033178092057702e-06,False
0.5-1,2445,0,3.988745772114531e-28,False
0.5-1,2446,0,9.117952994298291e-11,False
0.5-1,2447,0,3.8635628267872724e-08,False
0.5-1,2448,0,3.537035206332223e-08,False
0.5-1,2449,0,5.228230778863763e-10,False
0.5-1,2450,0,7.573662707483847e-28,False
0.5-1,2451,0,2.778685771539489e-08,False
0.5-1,2452,0,3.5940077193239136e-13,False
0.5-1,2453,0,4.152277311039802e-08,False
0.5-1,2454,0,7.029868921049334e-09,False
0.5-1,2455,0,2.0575668936306776e-09,False
0.5-1,2456,0,3.361663295899407e-11,False
0.5-1,2457,0,8.576669536084868e-09,False
0.5-1,2458,0,2.6913542375694767e-10,False
0.5-1,2459,0,2.935469499819194e-11,False
0.5-1,2460,0,3.5687208556566e-05,False
0.5-1,2461,0,9.140692484636907e-10,False
0.5-1,2462,0,0.018345339681407922,False
0.5-1,2463,0,5.477966247616739e-10,False
0.5-1,2464,0,2.8535784287757226e-18,False
0.5-1,2465,0,2.1412651532501648e-10,False
0.5-1,2466,0,9.399618410528427e-09,False
0.5-1,2467,0,4.4033611286254034e-16,False
0.5-1,2468,0,2.2325067245214864e-16,False
0.5-1,2469,0,1.2147723319712444e-07,False
0.5-1,2470,0,3.069424610522837e-08,False
0.5-1,2471,0,4.2261885390270516e-10,False
0.5-1,2472,0,2.3420630379681706e-16,False
0.5-1,2473,0,2.9304238052666512e-08,False
0.5-1,2474,0,8.917824935409597e-08,False
0.5-1,2475,0,1.2103174964908175e-12,False
0.5-1,2476,0,3.5664342309222624e-07,False
0.5-1,2477,0,9.272324941527035e-10,False
0.5-1,2478,0,3.390580812804282e-14,False
0.5-1,2479,0,1.6962338011425268e-10,False
0.5-1,2480,0,2.763132391596074e-08,False
0.5-1,2481,0,9.885946148351676e-05,False
0.5-1,2482,0,6.738351944731559e-09,False
0.5-1,2483,0,7.426124936412137e-08,False
0.5-1,2484,0,1.4571331053278419e-09,False
0.5-1,2485,0,1.0021570592592402e-10,False
0.5-1,2486,0,1.1357726786813679e-09,False
0.5-1,2487,0,7.551076455829458e-11,False
0.5-1,2488,0,1.2862648263391814e-15,False
0.5-1,2489,0,8.53500050022861e-11,False
0.5-1,2490,0,2.1107537145835857e-11,False
0.5-1,2491,0,1.8635969813405472e-13,False
0.5-1,2492,0,1.0659463697885098e-14,False
0.5-1,2493,0,1.6558318817784462e-10,False
0.5-1,2494,0,2.371296941377253e-08,False
0.5-1,2495,0,2.9300786000903308e-08,False
0.5-1,2496,0,1.0746853939932289e-14,False
0.5-1,2497,0,8.011949077402177e-06,False
0.5-1,2498,0,3.89590737079958e-06,False
0.5-1,2499,0,2.89765909493532e-13,False
0.5-1,2500,0,3.7712930037523694e-09,False
0.5-1,2501,0,1.706299835960382e-11,False
0.5-1,2502,0,7.652852633662777e-13,False
0.5-1,2503,0,9.495220443081992e-13,False
0.5-1,2504,0,4.504682160567199e-08,False
0.5-1,2505,0,4.766449704992659e-06,False
0.5-1,2506,0,4.856866593044109e-07,False
0.5-1,2507,0,1.170933621910831e-06,False
0.5-1,2508,0,1.1250744098126191e-12,False
0.5-1,2509,0,5.517534439716628e-13,False
0.5-1,2510,0,4.287444671342137e-12,False
0.5-1,2511,0,1.1662249586674151e-10,False
0.5-1,2512,0,1.1888902981238186e-14,False
0.5-1,2513,0,3.3551247868352225e-10,False
0.5-1,2514,0,2.4276158536278807e-13,False
0.5-1,2515,0,2.8050075525679135e-13,False
0.5-1,2516,0,1.2234169454187798e-14,False
0.5-1,2517,0,1.7435710582434698e-06,False
0.5-1,2518,0,1.4021522972968717e-06,False
0.5-1,2519,0,4.134610042717349e-07,False
0.5-1,2520,0,1.0606378526375316e-15,False
0.5-1,2521,0,3.336815661597302e-07,False
0.5-1,2522,0,4.023740772224814e-05,False
0.5-1,2523,0,1.9640493728259065e-11,False
0.5-1,2524,0,1.749664320841859e-09,False
0.5-1,2525,0,2.416406884544612e-12,False
0.5-1,2526,0,2.4528659967963306e-12,False
0.5-1,2527,0,9.629115847222876e-13,False
0.5-1,2528,0,1.2301751424650507e-06,False
0.5-1,2529,0,1.3907902090822669e-05,False
0.5-1,2530,0,6.917832329934178e-06,False
0.5-1,2531,0,4.922740027773846e-06,False
0.5-1,2532,0,6.514858258486611e-13,False
0.5-1,2533,0,2.0321775675895894e-11,False
0.5-1,2534,0,4.233508384471904e-12,False
0.5-1,2535,0,8.087390367779775e-11,False
0.5-1,2536,0,6.044023181224034e-13,False
0.5-1,2537,0,1.5986936500094808e-14,False
0.5-1,2538,0,1.2722317999764594e-12,False
0.5-1,2539,0,1.0494072245927084e-10,False
0.5-1,2540,0,2.8091868979413945e-12,False
0.5-1,2541,0,4.746513993540556e-14,False
0.5-1,2542,0,6.732509237179572e-09,False
0.5-1,2543,0,6.961127797137065e-08,False
0.5-1,2544,0,1.2885801981247185e-14,False
0.5-1,2545,0,2.013201054281678e-07,False
0.5-1,2546,0,1.2155878263791613e-12,False
0.5-1,2547,0,1.0209924640177436e-10,False
0.5-1,2548,0,3.5931449019802437e-09,False
0.5-1,2549,0,3.0403561564563157e-11,False
0.5-1,2550,0,2.6027184918536626e-10,False
0.5-1,2551,0,3.632768173911819e-13,False
0.5-1,2552,0,0.0001775699786733429,False
0.5-1,2553,0,3.8579313462547326e-05,False
0.5-1,2554,0,5.588862176991595e-07,False
0.5-1,2555,0,1.6128160055317343e-07,False
0.5-1,2556,0,4.272530744362938e-13,False
0.5-1,2557,0,1.3912805555496272e-12,False
0.5-1,2558,0,6.639055077212331e-13,False
0.5-1,2559,0,1.3103658542452468e-10,False
0.5-1,2560,0,6.157658678940562e-10,False
0.5-1,2561,0,4.2034359522738805e-13,False
0.5-1,2562,0,7.473673882838257e-14,False
0.5-1,2563,0,3.21479560933701e-11,False
0.5-1,2564,0,5.483553696125057e-09,False
0.5-1,2565,0,1.6521842774475128e-16,False
0.5-1,2566,0,3.4191978136030535e-09,False
0.5-1,2567,0,4.3695392165346505e-07,False
0.5-1,2568,0,9.139553956203796e-12,False
0.5-1,2569,0,8.901197330287278e-07,False
0.5-1,2570,0,1.8993108517397503e-12,False
0.5-1,2571,0,6.377565983059476e-10,False
0.5-1,2572,0,1.4996584466799048e-08,False
0.5-1,2573,0,2.526769304029042e-10,False
0.5-1,2574,0,1.540697788188336e-10,False
0.5-1,2575,0,1.130422959998e-11,False
0.5-1,2576,0,0.00019496191881321573,False
0.5-1,2577,0,0.0004462766260108501,False
0.5-1,2578,0,0.0001986631246307861,False
0.5-1,2579,0,0.00028729078462692766,False
0.5-1,2580,0,3.2143432352691077e-12,False
0.5-1,2581,0,3.3688678428182233e-13,False
0.5-1,2582,0,9.45904920362264e-11,False
0.5-1,2583,0,2.399548393562887e-10,False
0.5-1,2584,0,8.213596853176978e-06,False
0.5-1,2585,0,1.6119262968984973e-17,False
0.5-1,2586,0,9.091915039329862e-17,False
0.5-1,2587,0,9.421651259645065e-09,False
0.5-1,2588,0,3.9051588771842517e-07,False
0.5-1,2589,0,5.34648207035816e-19,False
0.5-1,2590,0,2.119853082908878e-09,False
0.5-1,2591,0,1.1140237657901957e-06,False
0.5-1,2592,0,4.978973058761413e-07,False
0.5-1,2593,0,5.4231156750866515e-06,False
0.5-1,2594,0,1.6550424052984356e-16,False
0.5-1,2595,0,1.017185418358426e-09,False
0.5-1,2596,0,1.6596746071453117e-08,False
0.5-1,2597,0,2.9351011877510564e-09,False
0.5-1,2598,0,4.028405301301582e-09,False
0.5-1,2599,0,4.62405682898015e-10,False
0.5-1,2600,0,2.8726652696919362e-05,False
0.5-1,2601,0,2.4287304693576176e-05,False
0.5-1,2602,0,3.2015453759690986e-06,False
0.5-1,2603,0,2.9633352278620113e-05,False
0.5-1,2604,0,3.482822366199812e-10,False
0.5-1,2605,0,6.956695526531267e-08,False
0.5-1,2606,0,3.48974907450405e-10,False
0.5-1,2607,0,5.37223449565212e-10,False
0.5-1,2608,0,0.00014801614581716618,False
0.5-1,2609,0,7.402952699196758e-22,False
0.5-1,2610,0,2.952546859333277e-19,False
0.5-1,2611,0,1.9231638257938685e-06,False
0.5-1,2612,0,2.113197422174063e-08,False
0.5-1,2613,0,8.464066223504656e-18,False
0.5-1,2614,0,4.11127657856109e-05,False
0.5-1,2615,0,2.4695600251422263e-06,False
0.5-1,2616,0,6.430197529837209e-06,False
0.5-1,2617,0,5.56517525211758e-06,False
0.5-1,2618,0,2.2473581683582958e-21,False
0.5-1,2619,0,5.322922973592074e-08,False
0.5-1,2620,0,2.9396445576033547e-08,False
0.5-1,2621,0,2.6991236243229274e-09,False
0.5-1,2622,0,0.0001224536596964196,False
0.5-1,2623,0,5.005185113770143e-07,False
0.5-1,2624,0,1.9113363136415353e-06,False
0.5-1,2625,0,2.466275537379399e-07,False
0.5-1,2626,0,1.64779736242926e-09,False
0.5-1,2627,0,2.3534117548366795e-06,False
0.5-1,2628,0,4.96134332617056e-08,False
0.5-1,2629,0,6.353004098081755e-08,False
0.5-1,2630,0,4.136778079264624e-07,False
0.5-1,2631,0,5.419115235589489e-06,False
0.5-1,2632,0,2.8871773871495e-05,False
0.5-1,2633,0,1.599012733167067e-20,False
0.5-1,2634,0,1.6815365891318182e-22,False
0.5-1,2635,0,3.3654502468051425e-06,False
0.5-1,2636,0,1.2540847420698843e-05,False
0.5-1,2637,0,4.9352136604779534e-24,False
0.5-1,2638,0,3.219589940792677e-08,False
0.5-1,2639,0,3.1880897138239827e-07,False
0.5-1,2640,0,1.5984830542633787e-05,False
0.5-1,2641,0,6.26123584554118e-07,False
0.5-1,2642,0,3.816978445026193e-23,False
0.5-1,2643,0,2.356099104426406e-07,False
0.5-1,2644,0,1.3629204618533773e-10,False
0.5-1,2645,0,1.7251572076331636e-07,False
0.5-1,2646,0,1.2236424759369528e-07,False
0.5-1,2647,0,1.935569295298336e-06,False
0.5-1,2648,0,2.795315195346646e-10,False
0.5-1,2649,0,9.845360872239773e-10,False
0.5-1,2650,0,5.864269102068274e-14,False
0.5-1,2651,0,4.089435248057542e-09,False
0.5-1,2652,0,2.521139685698157e-07,False
0.5-1,2653,0,5.850972886772555e-09,False
0.5-1,2654,0,1.2346946166373638e-07,False
0.5-1,2655,0,1.6492672727672156e-07,False
0.5-1,2656,0,6.576064828837273e-08,False
0.5-1,2657,0,2.8400796135636067e-10,False
0.5-1,2658,0,1.653915860491662e-07,False
0.5-1,2659,0,6.463548941166518e-08,False
0.5-1,2660,0,4.205308788836253e-07,False
0.5-1,2661,0,1.4758382617724113e-29,False
0.5-1,2662,0,1.3563928722690684e-27,False
0.5-1,2663,0,1.2472520353823037e-08,False
0.5-1,2664,0,7.039143628334682e-07,False
0.5-1,2665,0,6.791967409327816e-26,False
0.5-1,2666,0,3.0347013790227164e-11,False
0.5-1,2667,0,1.095476205296204e-07,False
0.5-1,2668,0,5.828110988759988e-09,False
0.5-1,2669,0,1.8375250491535356e-09,False
0.5-1,2670,0,1.6251773012901004e-23,False
0.5-1,2671,0,6.17229505635207e-09,False
0.5-1,2672,0,1.120428424389947e-15,False
0.5-1,2673,0,4.482849859776972e-08,False
0.5-1,2674,0,3.1623321020702634e-08,False
0.5-1,2675,0,3.5354842060242153e-09,False
0.5-1,2676,0,2.1716535253382705e-09,False
0.5-1,2677,0,5.834906735600401e-10,False
0.5-1,2678,0,3.7251527911676175e-09,False
0.5-1,2679,0,2.0686308426252215e-12,False
0.5-1,2680,0,0.0007042629482365303,False
0.5-1,2681,0,5.551672531463741e-10,False
0.5-1,2682,0,0.008662451235531476,False
0.5-1,2683,0,1.9248743283048615e-09,False
0.5-1,2684,0,5.549555203569756e-17,False
0.5-1,2685,0,2.253656996950071e-12,False
0.5-1,2686,0,3.24211434098309e-05,False
0.5-1,2687,0,1.7062011702098114e-12,False
0.5-1,2688,0,5.868240239059747e-15,False
0.5-1,2689,0,0.012601164392303936,False
0.5-1,2690,0,5.795872539923798e-06,False
0.5-1,2691,0,1.4054650995120313e-09,False
0.5-1,2692,0,2.63310475348851e-16,False
0.5-1,2693,0,3.598258575100703e-07,False
0.5-1,2694,0,2.540187812836727e-08,False
0.5-1,2695,0,1.4013911616045504e-11,False
0.5-1,2696,0,7.347388164064438e-07,False
0.5-1,2697,0,4.7594042847691664e-07,False
0.5-1,2698,0,9.881312369305616e-12,False
0.5-1,2699,0,8.119810112296705e-07,False
0.5-1,2700,0,3.4690112385754337e-07,False
0.5-1,2701,0,1.1481267724789628e-06,False
0.5-1,2702,0,9.0315222267289e-09,False
0.5-1,2703,0,9.185839094319342e-08,False
0.5-1,2704,0,2.2216785383002075e-10,False
0.5-1,2705,0,1.4791407237123542e-11,False
0.5-1,2706,0,7.314028352708182e-11,False
0.5-1,2707,0,1.5857091455521347e-11,False
0.5-1,2708,0,2.116132114254805e-15,False
0.5-1,2709,0,1.1708612795632378e-12,False
0.5-1,2710,0,2.742248699161932e-11,False
0.5-1,2711,0,3.2446855979963154e-13,False
0.5-1,2712,0,7.203051756437467e-14,False
0.5-1,2713,0,1.8639830659023538e-08,False
0.5-1,2714,0,1.5404787444185e-07,False
0.5-1,2715,0,3.318039128277124e-07,False
0.5-1,2716,0,3.087551060923512e-13,False
0.5-1,2717,0,2.9581709870553798e-05,False
0.5-1,2718,0,7.61945130531421e-12,False
0.5-1,2719,0,8.991236002369296e-13,False
0.5-1,2720,0,1.0955452378159199e-08,False
0.5-1,2721,0,3.9047329451559765e-10,False
0.5-1,2722,0,5.760848693110977e-12,False
0.5-1,2723,0,8.334430410857568e-09,False
0.5-1,2724,0,1.3533904680061986e-08,False
0.5-1,2725,0,5.024048791314721e-07,False
0.5-1,2726,0,1.1537330846472736e-07,False
0.5-1,2727,0,2.954351565370429e-07,False
0.5-1,2728,0,2.249497917435626e-12,False
0.5-1,2729,0,2.098606030322292e-12,False
0.5-1,2730,0,6.8012464503077636e-12,False
0.5-1,2731,0,3.9183484743040604e-11,False
0.5-1,2732,0,2.906810923617773e-15,False
0.5-1,2733,0,2.0494570414276338e-14,False
0.5-1,2734,0,3.5435080154316385e-12,False
0.5-1,2735,0,1.6391319464968402e-12,False
0.5-1,2736,0,9.420603697900977e-14,False
0.5-1,2737,0,4.9843217024965956e-12,False
0.5-1,2738,0,4.0491638458367337e-07,False
0.5-1,2739,0,4.6452273991351724e-05,False
0.5-1,2740,0,2.304936972306854e-14,False
0.5-1,2741,0,3.993751557699345e-06,False
0.5-1,2742,0,3.7665088108679143e-10,False
0.5-1,2743,0,2.7762175368614354e-12,False
0.5-1,2744,0,4.63588634370496e-07,False
0.5-1,2745,0,1.4728117426074031e-12,False
0.5-1,2746,0,2.683728838021114e-12,False
0.5-1,2747,0,1.0390685420479159e-11,False
0.5-1,2748,0,5.033233468406095e-07,False
0.5-1,2749,0,9.102610467569479e-06,False
0.5-1,2750,0,3.882886025841214e-08,False
0.5-1,2751,0,2.706438616974819e-06,False
0.5-1,2752,0,2.06316391795615e-12,False
0.5-1,2753,0,1.1379986938971643e-11,False
0.5-1,2754,0,7.7940708207399e-12,False
0.5-1,2755,0,1.597983406220705e-11,False
0.5-1,2756,0,2.86068741944814e-14,False
0.5-1,2757,0,7.491839560289231e-15,False
0.5-1,2758,0,1.2071735341156242e-13,False
0.5-1,2759,0,1.3839941226872332e-09,False
0.5-1,2760,0,5.020884119652338e-12,False
0.5-1,2761,0,4.101159203165871e-13,False
0.5-1,2762,0,1.9386883841777875e-06,False
0.5-1,2763,0,3.9335249939371895e-05,False
0.5-1,2764,0,5.452325295433524e-13,False
0.5-1,2765,0,9.13031593380757e-05,False
0.5-1,2766,0,8.369951095910362e-13,False
0.5-1,2767,0,4.507236619407425e-12,False
0.5-1,2768,0,7.346243187799122e-05,False
0.5-1,2769,0,2.071091168138467e-11,False
0.5-1,2770,0,6.71955696587836e-11,False
0.5-1,2771,0,1.7846558210242178e-13,False
0.5-1,2772,0,2.3114660556103936e-06,False
0.5-1,2773,0,0.0004896224413871441,False
0.5-1,2774,0,2.8710636970639175e-07,False
0.5-1,2775,0,7.344676534963148e-06,False
0.5-1,2776,0,4.978224479585154e-12,False
0.5-1,2777,0,6.410629531149743e-13,False
0.5-1,2778,0,3.84454679542124e-12,False
0.5-1,2779,0,2.496096604359468e-11,False
0.5-1,2780,0,1.4183068734113276e-13,False
0.5-1,2781,0,6.777562009492445e-17,False
0.5-1,2782,0,6.3693771951303355e-15,False
0.5-1,2783,0,6.085048072017586e-07,False
0.5-1,2784,0,1.0043783163900128e-12,False
0.5-1,2785,0,3.6321659639987146e-15,False
0.5-1,2786,0,5.9387809362820436e-05,False
0.5-1,2787,0,8.623611244973694e-06,False
0.5-1,2788,0,7.545360735381628e-09,False
0.5-1,2789,0,0.005190163387796219,False
0.5-1,2790,0,1.1766712310033278e-15,False
0.5-1,2791,0,9.99276282450688e-12,False
0.5-1,2792,0,3.0146772540382785e-09,False
0.5-1,2793,0,7.696198890434782e-10,False
0.5-1,2794,0,8.932651008459659e-12,False
0.5-1,2795,0,3.0007846943336387e-12,False
0.5-1,2796,0,5.369273685595519e-05,False
0.5-1,2797,0,4.616517545401304e-05,False
0.5-1,2798,0,8.085174278529389e-06,False
0.5-1,2799,0,6.15376656706178e-05,False
0.5-1,2800,0,1.998082839984156e-12,False
0.5-1,2801,0,1.2857435768445332e-12,False
0.5-1,2802,0,1.0568303245348038e-09,False
0.5-1,2803,0,1.1883059796528238e-11,False
0.5-1,2804,0,6.362017235903175e-07,False
0.5-1,2805,0,1.2286266827097813e-17,False
0.5-1,2806,0,2.394329445334186e-17,False
0.5-1,2807,0,0.0004783419935447621,False
0.5-1,2808,0,1.3723870377381097e-06,False
0.5-1,2809,0,1.923437711723009e-11,False
0.5-1,2810,0,3.669811292801373e-05,False
0.5-1,2811,0,9.86616805192439e-06,False
0.5-1,2812,0,4.041028442591188e-06,False
0.5-1,2813,0,0.003404324681623428,False
0.5-1,2814,0,6.911362717629381e-16,False
0.5-1,2815,0,6.067064489718663e-11,False
0.5-1,2816,0,1.7134793768489267e-08,False
0.5-1,2817,0,1.4165784533551953e-08,False
0.5-1,2818,0,6.992114606583801e-12,False
0.5-1,2819,0,2.9790687265158006e-12,False
0.5-1,2820,0,1.3384556188159379e-06,False
0.5-1,2821,0,4.831489391705016e-06,False
0.5-1,2822,0,5.688435380174818e-06,False
0.5-1,2823,0,3.469383521282099e-05,False
0.5-1,2824,0,7.532398751541833e-12,False
0.5-1,2825,0,1.407122532792726e-09,False
0.5-1,2826,0,7.353179602654588e-08,False
0.5-1,2827,0,1.1570157172479218e-10,False
0.5-1,2828,0,5.315305885814159e-08,False
0.5-1,2829,0,9.419963357570017e-23,False
0.5-1,2830,0,2.0428525267440407e-19,False
0.5-1,2831,0,0.0011940732135532033,False
0.5-1,2832,0,1.4742065542939321e-06,False
0.5-1,2833,0,6.85801252337667e-21,False
0.5-1,2834,0,4.709734730400626e-10,False
0.5-1,2835,0,2.9902778748716445e-08,False
0.5-1,2836,0,9.486456293062141e-05,False
0.5-1,2837,0,1.1603480672772786e-05,False
0.5-1,2838,0,7.587526162651621e-21,False
0.5-1,2839,0,4.570598706102098e-10,False
0.5-1,2840,0,3.537433204779176e-08,False
0.5-1,2841,0,4.890999752015516e-07,False
0.5-1,2842,0,2.6581609147015262e-09,False
0.5-1,2843,0,1.0442088696743212e-07,False
0.5-1,2844,0,1.3161349230134212e-07,False
0.5-1,2845,0,1.6213957903270495e-07,False
0.5-1,2846,0,3.604839734805249e-09,False
0.5-1,2847,0,1.202218545967425e-06,False
0.5-1,2848,0,2.6032768278516145e-09,False
0.5-1,2849,0,1.274396799857339e-07,False
0.5-1,2850,0,3.916905418938363e-05,False
0.5-1,2851,0,6.662332819987212e-09,False
0.5-1,2852,0,1.3368362831933737e-06,False
0.5-1,2853,0,7.179984431844373e-27,False
0.5-1,2854,0,9.830465980423099e-24,False
0.5-1,2855,0,2.0020174648828416e-06,False
0.5-1,2856,0,8.86915683544577e-06,False
0.5-1,2857,0,4.896218346394776e-24,False
0.5-1,2858,0,6.761463842757764e-10,False
0.5-1,2859,0,1.4591223843047377e-07,False
0.5-1,2860,0,4.383724906218589e-06,False
0.5-1,2861,0,3.8792768564522563e-07,False
0.5-1,2862,0,2.0175098210242387e-25,False
0.5-1,2863,0,1.7030645065594478e-08,False
0.5-1,2864,0,7.64551849869218e-10,False
0.5-1,2865,0,3.4863151589762136e-06,False
0.5-1,2866,0,2.834619503310866e-09,False
0.5-1,2867,0,3.811813704533532e-07,False
0.5-1,2868,0,5.850684426876127e-11,False
0.5-1,2869,0,1.665390525775368e-10,False
0.5-1,2870,0,3.9742973350792135e-14,False
0.5-1,2871,0,4.468893075213723e-09,False
0.5-1,2872,0,5.295428837248401e-08,False
0.5-1,2873,0,4.7218087944912595e-09,False
0.5-1,2874,0,4.564568477784238e-07,False
0.5-1,2875,0,2.269705877824026e-09,False
0.5-1,2876,0,3.695781503936528e-08,False
0.5-1,2877,0,3.688511348056916e-09,False
0.5-1,2878,0,5.213223461922693e-09,False
0.5-1,2879,0,1.470071532676513e-07,False
0.5-1,2880,0,1.4707195452818092e-07,False
0.5-1,2881,0,1.1900424302923928e-30,False
0.5-1,2882,0,3.6865809844489926e-28,False
0.5-1,2883,0,4.8111060496540655e-09,False
0.5-1,2884,0,2.2179421529145076e-06,False
0.5-1,2885,0,1.0937432552528757e-29,False
0.5-1,2886,0,1.1333683917421743e-12,False
0.5-1,2887,0,8.198258979191788e-08,False
0.5-1,2888,0,4.420771189955453e-09,False
0.5-1,2889,0,2.8176131953381142e-09,False
0.5-1,2890,0,1.0759734460831555e-21,False
0.5-1,2891,0,1.3994229543444699e-09,False
0.5-1,2892,0,1.0765896040787254e-16,False
0.5-1,2893,0,1.366431059652677e-07,False
0.5-1,2894,0,1.3775659317651903e-09,False
0.5-1,2895,0,7.370604277485931e-09,False
0.5-1,2896,0,1.2566066416871677e-08,False
0.5-1,2897,0,5.509769310722685e-10,False
0.5-1,2898,0,0.0005347272569493847,False
0.5-1,2899,0,1.923465070847269e-09,False
0.5-1,2900,0,0.05238951001301941,False
0.5-1,2901,0,2.4686094956249607e-09,False
0.5-1,2902,0,0.11454909468032486,False
0.5-1,2903,0,1.8260627470387358e-10,False
0.5-1,2904,0,1.4655677665070996e-17,False
0.5-1,2905,0,3.4774453801197796e-06,False
0.5-1,2906,0,1.6900723815947226e-05,False
0.5-1,2907,0,3.4292975002467487e-14,False
0.5-1,2908,0,5.875442232995451e-16,False
0.5-1,2909,0,0.0006867974968318701,False
0.5-1,2910,0,1.8415885574901495e-05,False
0.5-1,2911,0,1.847675970999665e-11,False
0.5-1,2912,0,1.1224570903651054e-13,False
0.5-1,2913,0,6.41558095608454e-07,False
0.5-1,2914,0,6.317833184424126e-05,False
0.5-1,2915,0,9.815401480643461e-11,False
0.5-1,2916,0,1.2230141899790874e-06,False
0.5-1,2917,0,1.3407895549334709e-05,False
0.5-1,2918,0,1.1604336453398714e-13,False
0.5-1,2919,0,6.788021247485671e-08,False
0.5-1,2920,0,1.0712115226280662e-07,False
0.5-1,2921,0,1.0453662501450755e-06,False
0.5-1,2922,0,3.575032573087028e-06,False
0.5-1,2923,0,2.5660811828007242e-05,False
0.5-1,2924,0,9.785767177597356e-07,False
0.5-1,2925,0,1.3658785864359993e-10,False
0.5-1,2926,0,2.5201226790745227e-08,False
0.5-1,2927,0,3.1218161589675687e-12,False
0.5-1,2928,0,5.049712414512668e-14,False
0.5-1,2929,0,1.4469705281132327e-07,False
0.5-1,2930,0,1.869203087626188e-11,False
0.5-1,2931,0,0.0001678779829326209,False
0.5-1,2932,0,1.105984066757712e-14,False
0.5-1,2933,0,3.514446030682535e-08,False
0.5-1,2934,0,1.9658191529443979e-07,False
0.5-1,2935,0,2.3322782272784188e-07,False
0.5-1,2936,0,1.4445172025686987e-13,False
0.5-1,2937,0,9.261712101102268e-05,False
0.5-1,2938,0,2.1143270818392043e-10,False
0.5-1,2939,0,2.097158216161592e-10,False
0.5-1,2940,0,6.609067645704728e-07,False
0.5-1,2941,0,1.9775124804813533e-08,False
0.5-1,2942,0,4.1858326673726943e-13,False
0.5-1,2943,0,4.2089459433896676e-10,False
0.5-1,2944,0,6.487213016779303e-09,False
0.5-1,2945,0,1.3458796678971362e-06,False
0.5-1,2946,0,4.202291621053319e-09,False
0.5-1,2947,0,8.664174114441683e-08,False
0.5-1,2948,0,2.5934937956689497e-11,False
0.5-1,2949,0,6.202938876963429e-12,False
0.5-1,2950,0,4.676854676911802e-11,False
0.5-1,2951,0,3.004370873633419e-12,False
0.5-1,2952,0,3.259128100201114e-14,False
0.5-1,2953,0,5.68124753153733e-11,False
0.5-1,2954,0,8.946407011747904e-14,False
0.5-1,2955,0,2.7945306322664717e-12,False
0.5-1,2956,0,7.409670215311376e-13,False
0.5-1,2957,0,9.224490816354717e-12,False
0.5-1,2958,0,2.710518769982064e-07,False
0.5-1,2959,0,1.0641896728480347e-05,False
0.5-1,2960,0,7.131587073900039e-13,False
0.5-1,2961,0,0.0002724586537301555,False
0.5-1,2962,0,4.113972048572184e-11,False
0.5-1,2963,0,5.4598176367300696e-11,False
0.5-1,2964,0,2.1083937802588736e-07,False
0.5-1,2965,0,7.664238621461024e-11,False
0.5-1,2966,0,3.0924485992858146e-12,False
0.5-1,2967,0,1.9507784599272722e-10,False
0.5-1,2968,0,7.976533056164765e-07,False
0.5-1,2969,0,1.2086313278709217e-05,False
0.5-1,2970,0,7.276784028134397e-08,False
0.5-1,2971,0,1.1189830477346571e-06,False
0.5-1,2972,0,9.063911020335791e-11,False
0.5-1,2973,0,5.151633211860115e-10,False
0.5-1,2974,0,3.4700128714740637e-11,False
0.5-1,2975,0,3.154003498570336e-12,False
0.5-1,2976,0,6.725799456649516e-14,False
0.5-1,2977,0,2.12779534263741e-14,False
0.5-1,2978,0,6.099635573549095e-14,False
0.5-1,2979,0,7.390501457014693e-10,False
0.5-1,2980,0,4.3642961250432063e-07,False
0.5-1,2981,0,3.3065104516292543e-12,False
0.5-1,2982,0,6.859839588091451e-07,False
0.5-1,2983,0,4.176696324497419e-05,False
0.5-1,2984,0,4.529977168186538e-10,False
0.5-1,2985,0,0.005610318432163871,False
0.5-1,2986,0,6.482066142564805e-14,False
0.5-1,2987,0,2.395015957681795e-11,False
0.5-1,2988,0,1.562999210501953e-06,False
0.5-1,2989,0,9.779673887713183e-12,False
0.5-1,2990,0,1.038606503754161e-11,False
0.5-1,2991,0,3.646469253666795e-11,False
0.5-1,2992,0,1.677657305883961e-05,False
0.5-1,2993,0,0.00019132996280226701,False
0.5-1,2994,0,5.773095986159717e-06,False
0.5-1,2995,0,7.338740455101762e-05,False
0.5-1,2996,0,1.280151031604945e-10,False
0.5-1,2997,0,1.2519218218639911e-11,False
0.5-1,2998,0,9.730883459976201e-12,False
0.5-1,2999,0,1.5317819373775961e-12,False
0.5-1,3000,0,2.584887145586559e-11,False
0.5-1,3001,0,2.6451565129963757e-14,False
0.5-1,3002,0,2.8275125931588873e-11,False
0.5-1,3003,0,1.12364116734338e-08,False
0.5-1,3004,0,6.631945533559062e-10,False
0.5-1,3005,0,7.891488932961434e-15,False
0.5-1,3006,0,1.0688448497938856e-05,False
0.5-1,3007,0,0.0004745318560261161,False
0.5-1,3008,0,2.0249437865648847e-11,False
0.5-1,3009,0,0.0011897960953729352,False
0.5-1,3010,0,1.862649964788023e-15,False
0.5-1,3011,0,7.788488168271939e-13,False
0.5-1,3012,0,1.3066142404534079e-05,False
0.5-1,3013,0,5.566668954605831e-13,False
0.5-1,3014,0,9.721228649298793e-13,False
0.5-1,3015,0,1.2022037247851539e-09,False
0.5-1,3016,0,8.070233335321362e-05,False
0.5-1,3017,0,9.326272502934794e-05,False
0.5-1,3018,0,7.135847215860186e-06,False
0.5-1,3019,0,5.578275594852768e-05,False
0.5-1,3020,0,4.0978127252694425e-11,False
0.5-1,3021,0,9.242947821616976e-14,False
0.5-1,3022,0,1.6945045028132876e-10,False
0.5-1,3023,0,2.082045811719848e-11,False
0.5-1,3024,0,2.9183105674698484e-12,False
0.5-1,3025,0,8.86444739085359e-19,False
0.5-1,3026,0,1.1920690159330343e-16,False
0.5-1,3027,0,1.1808200421951507e-06,False
0.5-1,3028,0,1.4339420751844994e-07,False
0.5-1,3029,0,1.223348073659632e-15,False
0.5-1,3030,0,1.3100079459448715e-05,False
0.5-1,3031,0,0.00579199692426615,False
0.5-1,3032,0,1.6280702381370292e-09,False
0.5-1,3033,0,0.0009741441702892822,False
0.5-1,3034,0,1.4022510202077606e-15,False
0.5-1,3035,0,3.33971954798475e-13,False
0.5-1,3036,0,4.269769090097896e-06,False
0.5-1,3037,0,2.8580156465715217e-10,False
0.5-1,3038,0,1.5328515106910143e-11,False
0.5-1,3039,0,4.087396535818212e-09,False
0.5-1,3040,0,2.124397933379663e-06,False
0.5-1,3041,0,2.4563980799147895e-06,False
0.5-1,3042,0,5.22917920666436e-07,False
0.5-1,3043,0,1.5027539500892301e-05,False
0.5-1,3044,0,5.7034642495868446e-09,False
0.5-1,3045,0,1.365865153805004e-12,False
0.5-1,3046,0,7.381701307461373e-10,False
0.5-1,3047,0,1.2385139797365273e-10,False
0.5-1,3048,0,2.998315333220515e-08,False
0.5-1,3049,0,6.246467045786641e-23,False
0.5-1,3050,0,4.593158232649919e-16,False
0.5-1,3051,0,1.8343270822873807e-07,False
0.5-1,3052,0,6.264689204348285e-05,False
0.5-1,3053,0,4.608464602673668e-21,False
0.5-1,3054,0,1.0507501647117746e-05,False
0.5-1,3055,0,0.0013451546635400286,False
0.5-1,3056,0,2.435717233616346e-06,False
0.5-1,3057,0,0.00017505825279242343,False
0.5-1,3058,0,2.2413285802808103e-20,False
0.5-1,3059,0,1.9914998957448404e-12,False
0.5-1,3060,0,4.850722627695702e-06,False
0.5-1,3061,0,1.7667215229686115e-06,False
0.5-1,3062,0,1.395828204290466e-11,False
0.5-1,3063,0,1.4074307254807947e-07,False
0.5-1,3064,0,1.3053268927330816e-07,False
0.5-1,3065,0,9.505183382208996e-08,False
0.5-1,3066,0,9.971054515628212e-10,False
0.5-1,3067,0,7.544051101852908e-07,False
0.5-1,3068,0,1.5879150289430527e-08,False
0.5-1,3069,0,4.128813820783359e-12,False
0.5-1,3070,0,8.005819311352685e-06,False
0.5-1,3071,0,6.022589302038604e-08,False
0.5-1,3072,0,1.3531835980987776e-06,False
0.5-1,3073,0,8.788683251740625e-29,False
0.5-1,3074,0,2.650035466218777e-23,False
0.5-1,3075,0,3.996416221773553e-05,False
0.5-1,3076,0,3.77078922991121e-05,False
0.5-1,3077,0,2.250939302127672e-23,False
0.5-1,3078,0,8.494290818976002e-08,False
0.5-1,3079,0,2.05250689917607e-06,False
0.5-1,3080,0,1.917736813348913e-06,False
0.5-1,3081,0,5.831109511186981e-07,False
0.5-1,3082,0,5.2782537867953274e-24,False
0.5-1,3083,0,5.946560974173588e-13,False
0.5-1,3084,0,2.7376793274937194e-11,False
0.5-1,3085,0,3.659735308865736e-07,False
0.5-1,3086,0,1.2863414895011676e-12,False
0.5-1,3087,0,1.9025171948592987e-07,False
0.5-1,3088,0,3.495786036182567e-12,False
0.5-1,3089,0,1.8282279259304433e-10,False
0.5-1,3090,0,9.800646441773793e-15,False
0.5-1,3091,0,2.6373274387735763e-09,False
0.5-1,3092,0,3.5904246274849194e-07,False
0.5-1,3093,0,4.000358450523333e-11,False
0.5-1,3094,0,3.429874159599199e-07,False
0.5-1,3095,0,2.912361705934644e-09,False
0.5-1,3096,0,6.337809633506416e-08,False
0.5-1,3097,0,4.973544895799837e-11,False
0.5-1,3098,0,7.50636506236833e-08,False
0.5-1,3099,0,2.543668796334244e-07,False
0.5-1,3100,0,5.7078344764741004e-08,False
0.5-1,3101,0,1.8535495431753395e-29,False
0.5-1,3102,0,2.6321512869738712e-24,False
0.5-1,3103,0,1.2298494244501732e-08,False
0.5-1,3104,0,3.419506975442066e-06,False
0.5-1,3105,0,5.232254513412341e-26,False
0.5-1,3106,0,4.233404792076217e-10,False
0.5-1,3107,0,2.469550190577001e-07,False
0.5-1,3108,0,2.8360026486545078e-09,False
0.5-1,3109,0,1.3036449337126096e-09,False
0.5-1,3110,0,1.8693633272741868e-23,False
0.5-1,3111,0,2.7898064332614132e-12,False
0.5-1,3112,0,3.454702567546816e-19,False
0.5-1,3113,0,3.2976761401528973e-07,False
0.5-1,3114,0,1.2161415534603245e-12,False
0.5-1,3115,0,3.6042787527818253e-09,False
0.5-1,3116,0,0.00012864359610604713,False
0.5-1,3117,0,1.6587468225354312e-07,False
0.5-1,3118,0,1.9838145220692427e-05,False
0.5-1,3119,0,2.1725035134111602e-08,False
0.5-1,3120,0,0.12606134488839263,False
0.5-1,3121,0,1.820314283242014e-11,False
0.5-1,3122,0,0.3988561713858839,False
0.5-1,3123,0,4.778672225171092e-09,False
0.5-1,3124,0,8.88189336127042e-18,False
0.5-1,3125,0,2.256396758574928e-05,False
0.5-1,3126,0,4.746839557820167e-07,False
0.5-1,3127,0,2.6742185057794346e-15,False
0.5-1,3128,0,2.3490727643297922e-14,False
0.5-1,3129,0,0.0002515083170935347,False
0.5-1,3130,0,8.6148054424427e-05,False
0.5-1,3131,0,1.8449378353489836e-11,False
0.5-1,3132,0,5.627831413037914e-16,False
0.5-1,3133,0,2.320978385703965e-08,False
0.5-1,3134,0,0.0002864123129601502,False
0.5-1,3135,0,1.3050279725187677e-12,False
0.5-1,3136,0,1.7633564804300492e-06,False
0.5-1,3137,0,2.65306220277455e-07,False
0.5-1,3138,0,1.5694533640245722e-11,False
0.5-1,3139,0,3.222458297100425e-06,False
0.5-1,3140,0,0.0014342105402075835,False
0.5-1,3141,0,0.0013285989456848918,False
0.5-1,3142,0,5.576715239571727e-05,False
0.5-1,3143,0,0.0010572602448167445,False
0.5-1,3144,0,1.3076046223693201e-05,False
0.5-1,3145,0,6.121442458832782e-13,False
0.5-1,3146,0,4.4058587396209505e-06,False
0.5-1,3147,0,2.690714227501182e-12,False
0.5-1,3148,0,4.541852529519899e-17,False
0.5-1,3149,0,2.3860020641750885e-06,False
0.5-1,3150,0,4.687805631788049e-09,False
0.5-1,3151,0,3.727008421167276e-14,False
0.5-1,3152,0,8.514100498843475e-15,False
0.5-1,3153,0,4.83292676674178e-08,False
0.5-1,3154,0,1.6682184081688532e-05,False
0.5-1,3155,0,2.2805563816226205e-07,False
0.5-1,3156,0,6.116426331360511e-14,False
0.5-1,3157,0,8.813839995947448e-06,False
0.5-1,3158,0,3.580101165241293e-13,False
0.5-1,3159,0,1.2216224443479082e-12,False
0.5-1,3160,0,3.245271082996247e-08,False
0.5-1,3161,0,2.2861678969723246e-10,False
0.5-1,3162,0,4.616564506354455e-13,False
0.5-1,3163,0,2.3815894981367316e-08,False
0.5-1,3164,0,0.000207388915804977,False
0.5-1,3165,0,0.10264772865352467,False
0.5-1,3166,0,0.002251366088046802,False
0.5-1,3167,0,0.01749332923308577,False
0.5-1,3168,0,7.838402801831707e-10,False
0.5-1,3169,0,1.405602436524492e-13,False
0.5-1,3170,0,5.759496677434912e-10,False
0.5-1,3171,0,2.215223945003129e-12,False
0.5-1,3172,0,3.436502395982475e-15,False
0.5-1,3173,0,5.9945631702040476e-09,False
0.5-1,3174,0,3.949550606850051e-12,False
0.5-1,3175,0,9.674797964984507e-14,False
0.5-1,3176,0,3.612805398757566e-11,False
0.5-1,3177,0,4.2499565480231506e-10,False
0.5-1,3178,0,2.3002722442662647e-06,False
0.5-1,3179,0,0.000528564579783898,False
0.5-1,3180,0,5.7853694712438885e-12,False
0.5-1,3181,0,0.0010472777960599785,False
0.5-1,3182,0,3.6842958129358217e-13,False
0.5-1,3183,0,1.3777071373558466e-11,False
0.5-1,3184,0,2.204720813062403e-07,False
0.5-1,3185,0,1.0039915122115159e-10,False
0.5-1,3186,0,1.6457458080025774e-13,False
0.5-1,3187,0,3.9399611841991304e-07,False
0.5-1,3188,0,1.8711285588675058e-05,False
0.5-1,3189,0,0.0001570544433614059,False
0.5-1,3190,0,0.02064900700026214,False
0.5-1,3191,0,0.15664425460750847,False
0.5-1,3192,0,4.4964620019515535e-10,False
0.5-1,3193,0,6.6040126894083156e-12,False
0.5-1,3194,0,4.066596852328836e-10,False
0.5-1,3195,0,5.499178448753614e-13,False
0.5-1,3196,0,4.4214101004220184e-13,False
0.5-1,3197,0,1.555242217547236e-11,False
0.5-1,3198,0,2.0072823527409773e-14,False
0.5-1,3199,0,0.00014295792922278493,False
0.5-1,3200,0,1.3235649833571549e-11,False
0.5-1,3201,0,9.280543782066205e-12,False
0.5-1,3202,0,2.390338686816585e-07,False
0.5-1,3203,0,0.0022322149265026486,False
0.5-1,3204,0,2.3850108214111947e-09,False
0.5-1,3205,0,0.11909605249599144,False
0.5-1,3206,0,2.2703306211173645e-09,False
0.5-1,3207,0,2.461875127335121e-12,False
0.5-1,3208,0,8.484616357781916e-07,False
0.5-1,3209,0,1.4469549622691951e-10,False
0.5-1,3210,0,1.2248117715627539e-12,False
0.5-1,3211,0,8.202896805721369e-11,False
0.5-1,3212,0,1.0804236732617144e-05,False
0.5-1,3213,0,0.00010613176600911905,False
0.5-1,3214,0,0.0008749466570287503,False
0.5-1,3215,0,0.03456290071837955,False
0.5-1,3216,0,4.551889266807492e-10,False
0.5-1,3217,0,2.1383317817637413e-13,False
0.5-1,3218,0,3.356093032659848e-11,False
0.5-1,3219,0,1.1885036326355248e-13,False
0.5-1,3220,0,8.90547718605982e-09,False
0.5-1,3221,0,4.8137521940331976e-14,False
0.5-1,3222,0,3.1639820562574626e-14,False
0.5-1,3223,0,5.455185924480921e-09,False
0.5-1,3224,0,1.08093355039778e-10,False
0.5-1,3225,0,3.6241274323387144e-13,False
0.5-1,3226,0,1.4555028313449121e-06,False
0.5-1,3227,0,0.010267071095258122,False
0.5-1,3228,0,7.132328622847438e-06,False
0.5-1,3229,0,0.013240442856826833,False
0.5-1,3230,0,9.072338525362153e-17,False
0.5-1,3231,0,7.007426755318258e-12,False
0.5-1,3232,0,1.883917224671643e-05,False
0.5-1,3233,0,1.4722447392075146e-10,False
0.5-1,3234,0,1.0196123945511904e-13,False
0.5-1,3235,0,3.3734162568518854e-08,False
0.5-1,3236,0,3.466542811249172e-05,False
0.5-1,3237,0,0.00015733065186190187,False
0.5-1,3238,0,2.0749075763388303e-06,False
0.5-1,3239,0,0.00032391200166490783,False
0.5-1,3240,0,3.6813440055818536e-10,False
0.5-1,3241,0,2.431491307487843e-14,False
0.5-1,3242,0,6.714146996248662e-09,False
0.5-1,3243,0,2.665561999950731e-13,False
0.5-1,3244,0,4.332477376257243e-06,False
0.5-1,3245,0,5.013424994092847e-18,False
0.5-1,3246,0,1.3570248229719188e-17,False
0.5-1,3247,0,2.3745384726652776e-07,False
0.5-1,3248,0,4.995244415505438e-09,False
0.5-1,3249,0,4.682258262217689e-18,False
0.5-1,3250,0,5.698927647374877e-05,False
0.5-1,3251,0,0.008880624994824496,False
0.5-1,3252,0,7.887897340962384e-06,False
0.5-1,3253,0,0.0023218164209084426,False
0.5-1,3254,0,3.147532097327082e-08,False
0.5-1,3255,0,3.2983048937259237e-12,False
0.5-1,3256,0,0.28786086769201624,False
0.5-1,3257,0,7.115686320842524e-08,False
0.5-1,3258,0,2.322160818165444e-13,False
0.5-1,3259,0,3.902326036807831e-09,False
0.5-1,3260,0,1.0368255757394028e-05,False
0.5-1,3261,0,8.460765136900366e-06,False
0.5-1,3262,0,3.03675974047425e-07,False
0.5-1,3263,0,6.756420443987336e-06,False
0.5-1,3264,0,4.510526982927042e-06,False
0.5-1,3265,0,1.2523926290837636e-15,False
0.5-1,3266,0,4.0394692831079173e-10,False
0.5-1,3267,0,3.1903756684649613e-12,False
0.5-1,3268,0,8.912041387293107e-07,False
0.5-1,3269,0,3.411811685675855e-23,False
0.5-1,3270,0,2.030063269270326e-19,False
0.5-1,3271,0,1.824347593523654e-06,False
0.5-1,3272,0,1.845324527383824e-05,False
0.5-1,3273,0,5.038382643184562e-21,False
0.5-1,3274,0,1.873223156757248e-05,False
0.5-1,3275,0,0.001315483982764635,False
0.5-1,3276,0,9.711680058976122e-05,False
0.5-1,3277,0,6.790626360162028e-05,False
0.5-1,3278,0,1.1454248635602837e-20,False
0.5-1,3279,0,4.5413007534293434e-09,False
0.5-1,3280,0,1.371437836493387e-06,False
0.5-1,3281,0,2.131361261094897e-05,False
0.5-1,3282,0,1.0737572019282417e-12,False
0.5-1,3283,0,4.078623807614348e-06,False
0.5-1,3284,0,4.076790643047963e-09,False
0.5-1,3285,0,7.668183296693465e-08,False
0.5-1,3286,0,1.5992677537773274e-10,False
0.5-1,3287,0,2.0488075235074413e-07,False
0.5-1,3288,0,4.401319458266348e-07,False
0.5-1,3289,0,6.725043032421198e-13,False
0.5-1,3290,0,2.104100022580676e-06,False
0.5-1,3291,0,1.0094731508346422e-11,False
0.5-1,3292,0,2.411696597369824e-06,False
0.5-1,3293,0,2.965760770810317e-28,False
0.5-1,3294,0,1.2461425848706911e-23,False
0.5-1,3295,0,5.914795880358416e-06,False
0.5-1,3296,0,5.7873826852517725e-06,False
0.5-1,3297,0,1.109050923489938e-23,False
0.5-1,3298,0,1.832111921177443e-07,False
0.5-1,3299,0,2.60371376714656e-06,False
0.5-1,3300,0,6.857142283108392e-07,False
0.5-1,3301,0,2.840936926826482e-07,False
0.5-1,3302,0,1.0375337846413057e-25,False
0.5-1,3303,0,1.8578682908926676e-11,False
0.5-1,3304,0,5.40060636691942e-09,False
0.5-1,3305,0,8.465448310139792e-06,False
0.5-1,3306,0,8.973217354653133e-12,False
0.5-1,3307,0,7.030263462032971e-07,False
0.5-1,3308,0,2.772695949765793e-12,False
0.5-1,3309,0,1.2870232279412397e-11,False
0.5-1,3310,0,7.0685570706577676e-15,False
0.5-1,3311,0,7.873906684698979e-10,False
0.5-1,3312,0,1.7108850766113724e-07,False
0.5-1,3313,0,4.956800496926847e-13,False
0.5-1,3314,0,1.3986252038241954e-07,False
0.5-1,3315,0,5.932102829950116e-12,False
0.5-1,3316,0,2.452905070892083e-08,False
0.5-1,3317,0,4.613852632606604e-12,False
0.5-1,3318,0,6.809434620146014e-10,False
0.5-1,3319,0,1.252308819144602e-07,False
0.5-1,3320,0,1.0924269165254204e-07,False
0.5-1,3321,0,1.7221590440007944e-30,False
0.5-1,3322,0,1.723645170862816e-27,False
0.5-1,3323,0,1.015227751787755e-08,False
0.5-1,3324,0,6.92380330053323e-07,False
0.5-1,3325,0,2.770607161512912e-25,False
0.5-1,3326,0,9.587641342601722e-11,False
0.5-1,3327,0,2.8795052760740365e-08,False
0.5-1,3328,0,1.112991315802543e-09,False
0.5-1,3329,0,3.3204140757609564e-10,False
0.5-1,3330,0,1.0240691312112279e-25,False
0.5-1,3331,0,2.2906548266111505e-11,False
0.5-1,3332,0,1.3623653979947777e-13,False
0.5-1,3333,0,1.6068058745987202e-07,False
0.5-1,3334,0,2.940012177970712e-11,False
0.5-1,3335,0,1.2820838462811656e-08,False
0.5-1,3336,0,7.616255221056398e-05,False
0.5-1,3337,0,6.033858849961858e-08,False
0.5-1,3338,0,9.247151907270602e-05,False
0.5-1,3339,0,2.879518980167205e-10,False
0.5-1,3340,0,0.023172302053660325,False
0.5-1,3341,0,2.6338227115121756e-12,False
0.5-1,3342,0,0.1475865447684207,False
0.5-1,3343,0,7.132238255360667e-12,False
0.5-1,3344,0,4.295695893221578e-18,False
0.5-1,3345,0,2.0773732962722486e-07,False
0.5-1,3346,0,0.0127426664390321,False
0.5-1,3347,0,3.2501263137925428e-15,False
0.5-1,3348,0,3.782299208307749e-17,False
0.5-1,3349,0,0.00010946067491791149,False
0.5-1,3350,0,0.00507183793377356,False
0.5-1,3351,0,4.251292285581165e-11,False
0.5-1,3352,0,2.225807241168076e-16,False
0.5-1,3353,0,2.356913633488175e-05,False
0.5-1,3354,0,0.004999378071790305,False
0.5-1,3355,0,2.1472145806541995e-12,False
0.5-1,3356,0,8.062474178587623e-05,False
0.5-1,3357,0,0.014778665066278911,False
0.5-1,3358,0,1.1476192741767002e-10,False
0.5-1,3359,0,5.53399037237097e-05,False
0.5-1,3360,0,0.0003419517834460352,False
0.5-1,3361,0,0.00466580993152053,False
0.5-1,3362,0,6.666458672858595e-05,False
0.5-1,3363,0,2.418928622682584e-06,False
0.5-1,3364,0,1.3649680395382214e-05,False
0.5-1,3365,0,1.108521210710004e-12,False
0.5-1,3366,0,1.4236889489840636e-06,False
0.5-1,3367,0,2.679961359221864e-12,False
0.5-1,3368,0,4.66252223889513e-16,False
0.5-1,3369,0,1.3422442109327048e-08,False
0.5-1,3370,0,5.787409130884037e-07,False
0.5-1,3371,0,7.794259678858824e-13,False
0.5-1,3372,0,3.245192192050111e-15,False
0.5-1,3373,0,3.890947044791414e-08,False
0.5-1,3374,0,3.079281625258578e-07,False
0.5-1,3375,0,5.499354715785542e-07,False
0.5-1,3376,0,9.637463790954799e-16,False
0.5-1,3377,0,6.565138510135976e-06,False
0.5-1,3378,0,1.0861943492696083e-06,False
0.5-1,3379,0,2.305971835905279e-12,False
0.5-1,3380,0,9.057709871298212e-08,False
0.5-1,3381,0,0.00011683724418654993,False
0.5-1,3382,0,7.865842900964317e-12,False
0.5-1,3383,0,2.524888487047557e-08,False
0.5-1,3384,0,0.00036930922440024514,False
0.5-1,3385,0,0.14701552299757145,False
0.5-1,3386,0,6.047971856549231e-06,False
0.5-1,3387,0,0.0035783000365980527,False
0.5-1,3388,0,5.978982114535202e-10,False
0.5-1,3389,0,2.70527681863195e-14,False
0.5-1,3390,0,5.793370472612685e-08,False
0.5-1,3391,0,1.3445804469374304e-12,False
0.5-1,3392,0,2.231505346240981e-15,False
0.5-1,3393,0,5.105525919313546e-10,False
0.5-1,3394,0,1.1098821683736325e-09,False
0.5-1,3395,0,4.702005063727305e-13,False
0.5-1,3396,0,1.4561284161743773e-11,False
0.5-1,3397,0,1.6548184374316775e-11,False
0.5-1,3398,0,4.1364762747969146e-08,False
0.5-1,3399,0,0.0010134567576438503,False
0.5-1,3400,0,1.4873503715265815e-13,False
0.5-1,3401,0,0.0003135357646460502,False
0.5-1,3402,0,4.775047231402412e-09,False
0.5-1,3403,0,1.8745610499428638e-13,False
0.5-1,3404,0,1.9261752583258474e-07,False
0.5-1,3405,0,7.10085868270015e-08,False
0.5-1,3406,0,3.982377037041298e-13,False
0.5-1,3407,0,3.110220035774053e-07,False
0.5-1,3408,0,0.0014757305073283848,False
0.5-1,3409,0,0.1104112908752861,False
0.5-1,3410,0,0.0005239910709290837,False
0.5-1,3411,0,0.014770296225365626,False
0.5-1,3412,0,6.270612376016563e-09,False
0.5-1,3413,0,6.295718673802867e-14,False
0.5-1,3414,0,1.3171819738089646e-09,False
0.5-1,3415,0,2.1065306124507645e-13,False
0.5-1,3416,0,3.689067371460824e-12,False
0.5-1,3417,0,3.12872671639388e-13,False
0.5-1,3418,0,2.672130093996965e-12,False
0.5-1,3419,0,1.6494937249970062e-10,False
0.5-1,3420,0,2.487641745577133e-09,False
0.5-1,3421,0,4.473514662971274e-15,False
0.5-1,3422,0,2.270927508949138e-08,False
0.5-1,3423,0,0.014996683594975586,False
0.5-1,3424,0,9.767013771091048e-13,False
0.5-1,3425,0,0.0024494539785980354,False
0.5-1,3426,0,1.4904640475775406e-13,False
0.5-1,3427,0,9.520567498430714e-14,False
0.5-1,3428,0,1.711370479851209e-06,False
0.5-1,3429,0,3.261401760229856e-10,False
0.5-1,3430,0,3.3991906408264436e-12,False
0.5-1,3431,0,3.4285923467655966e-10,False
0.5-1,3432,0,0.005015659187956765,False
0.5-1,3433,0,0.06702919577787295,False
0.5-1,3434,0,0.0005003038928944893,False
0.5-1,3435,0,0.002382964755490959,False
0.5-1,3436,0,1.9312270421627527e-10,False
0.5-1,3437,0,5.5476607171698185e-15,False
0.5-1,3438,0,1.399408808604199e-06,False
0.5-1,3439,0,4.9410065277287766e-14,False
0.5-1,3440,0,4.45469593013714e-11,False
0.5-1,3441,0,3.5578673141900138e-16,False
0.5-1,3442,0,3.993568743605671e-14,False
0.5-1,3443,0,4.5823796434081855e-08,False
0.5-1,3444,0,2.8609330196655085e-13,False
0.5-1,3445,0,2.487836653707145e-15,False
0.5-1,3446,0,1.2703919872753073e-08,False
0.5-1,3447,0,0.0016953627714290322,False
0.5-1,3448,0,8.32622699196549e-10,False
0.5-1,3449,0,0.00020045728159259518,False
0.5-1,3450,0,6.353346339056732e-14,False
0.5-1,3451,0,5.441406867881168e-13,False
0.5-1,3452,0,7.317378906487085e-07,False
0.5-1,3453,0,7.869629143981618e-11,False
0.5-1,3454,0,2.265673195087499e-14,False
0.5-1,3455,0,1.7964138112360355e-08,False
0.5-1,3456,0,0.004271803953409012,False
0.5-1,3457,0,0.001879763496202209,False
0.5-1,3458,0,9.24703388317097e-05,False
0.5-1,3459,0,0.0010367933340879453,False
0.5-1,3460,0,1.3824408638369504e-08,False
0.5-1,3461,0,7.664111203663625e-17,False
0.5-1,3462,0,4.251158869824233e-08,False
0.5-1,3463,0,6.628128653633143e-14,False
0.5-1,3464,0,1.3406451907440094e-07,False
0.5-1,3465,0,6.304403133662812e-20,False
0.5-1,3466,0,2.1918033190047455e-12,False
0.5-1,3467,0,9.415284093022873e-05,False
0.5-1,3468,0,1.0979489440152904e-11,False
0.5-1,3469,0,1.6980117737067223e-17,False
0.5-1,3470,0,1.2428985655524255e-06,False
0.5-1,3471,0,6.861999364085932e-05,False
0.5-1,3472,0,8.717406127448169e-06,False
0.5-1,3473,0,0.00010707246339469551,False
0.5-1,3474,0,1.691009977812332e-17,False
0.5-1,3475,0,2.2334675269156805e-15,False
0.5-1,3476,0,1.2056548227528323e-05,False
0.5-1,3477,0,1.0710709227797054e-09,False
0.5-1,3478,0,3.0643306084100705e-16,False
0.5-1,3479,0,9.41534549025478e-11,False
0.5-1,3480,0,0.00013685100182101885,False
0.5-1,3481,0,5.665988567823854e-06,False
0.5-1,3482,0,1.9816065250271644e-06,False
0.5-1,3483,0,7.272840133879199e-05,False
0.5-1,3484,0,4.268267271689342e-06,False
0.5-1,3485,0,1.734846816408749e-15,False
0.5-1,3486,0,2.162868156710996e-09,False
0.5-1,3487,0,7.25767157653139e-15,False
0.5-1,3488,0,1.2054049636027698e-05,False
0.5-1,3489,0,1.037193490904787e-20,False
0.5-1,3490,0,7.601281857467438e-18,False
0.5-1,3491,0,3.150386429108224e-05,False
0.5-1,3492,0,4.245494394770609e-08,False
0.5-1,3493,0,3.3059298968961417e-20,False
0.5-1,3494,0,6.036816291062895e-07,False
0.5-1,3495,0,0.00014332252745419011,False
0.5-1,3496,0,3.4280401712430854e-05,False
0.5-1,3497,0,2.624404288182891e-05,False
0.5-1,3498,0,2.440903765112247e-22,False
0.5-1,3499,0,2.2535675984251584e-15,False
0.5-1,3500,0,4.721650083402783e-06,False
0.5-1,3501,0,6.481007790843393e-05,False
0.5-1,3502,0,6.589018570639691e-17,False
0.5-1,3503,0,2.365311009529513e-08,False
0.5-1,3504,0,1.7776623182497877e-08,False
0.5-1,3505,0,9.79715827400003e-09,False
0.5-1,3506,0,7.239502925742646e-09,False
0.5-1,3507,0,1.4321477346467272e-07,False
0.5-1,3508,0,3.383469049337714e-06,False
0.5-1,3509,0,3.1407179455249328e-15,False
0.5-1,3510,0,1.9454042099573214e-05,False
0.5-1,3511,0,6.088796880378791e-12,False
0.5-1,3512,0,2.697921135672105e-06,False
0.5-1,3513,0,1.4935919935885516e-23,False
0.5-1,3514,0,3.665408922134402e-22,False
0.5-1,3515,0,1.9101775921730102e-05,False
0.5-1,3516,0,1.485090822673987e-07,False
0.5-1,3517,0,3.1938057697880484e-20,False
0.5-1,3518,0,1.5184859192309535e-08,False
0.5-1,3519,0,2.3682847300239305e-06,False
0.5-1,3520,0,1.140924766215672e-06,False
0.5-1,3521,0,6.39157243037577e-08,False
0.5-1,3522,0,4.382559139062117e-24,False
0.5-1,3523,0,3.93214505109462e-14,False
0.5-1,3524,0,1.3818547422818405e-09,False
0.5-1,3525,0,1.7177228668632433e-06,False
0.5-1,3526,0,1.7075408631831138e-16,False
0.5-1,3527,0,1.589907159178212e-07,False
0.5-1,3528,0,4.885229099746852e-13,False
0.5-1,3529,0,1.5460082403972005e-11,False
0.5-1,3530,0,1.7058660219014276e-16,False
0.5-1,3531,0,6.168633912704227e-10,False
0.5-1,3532,0,4.3685598402601614e-07,False
0.5-1,3533,0,1.2227959119680355e-12,False
0.5-1,3534,0,3.998327515694306e-07,False
0.5-1,3535,0,1.0680318771179058e-11,False
0.5-1,3536,0,2.2072060287775004e-08,False
0.5-1,3537,0,2.2096618963576724e-11,False
0.5-1,3538,0,1.8810751821307833e-09,False
0.5-1,3539,0,1.0651272768473931e-07,False
0.5-1,3540,0,1.372585262728406e-07,False
0.5-1,3541,0,6.452467300386447e-25,False
0.5-1,3542,0,4.632125936618499e-22,False
0.5-1,3543,0,1.5802922227967906e-09,False
0.5-1,3544,0,7.622773259655577e-07,False
0.5-1,3545,0,1.065618773796677e-25,False
0.5-1,3546,0,2.245714225085007e-11,False
0.5-1,3547,0,2.7837915373834292e-08,False
0.5-1,3548,0,1.3847730056232713e-09,False
0.5-1,3549,0,5.6194036026740997e-11,False
0.5-1,3550,0,4.988307964041997e-28,False
0.5-1,3551,0,2.1163458199408354e-13,False
0.5-1,3552,0,1.7027445151503227e-14,False
0.5-1,3553,0,2.455604575115978e-07,False
0.5-1,3554,0,6.384752863629834e-14,False
0.5-1,3555,0,6.9264788056278894e-09,False
0.5-1,3556,0,6.008605578980624e-05,False
0.5-1,3557,0,3.248545660212033e-07,False
0.5-1,3558,0,1.7192875487126935e-05,False
0.5-1,3559,0,9.290741284209037e-09,False
0.5-1,3560,0,0.09318686851721282,False
0.5-1,3561,0,7.392156520577338e-10,False
0.5-1,3562,0,0.3472016938149893,False
0.5-1,3563,0,8.489734630394125e-11,False
0.5-1,3564,0,3.745848502319046e-15,False
0.5-1,3565,0,9.776528273342842e-06,False
0.5-1,3566,0,0.0002954004911762206,False
0.5-1,3567,0,4.052901945530815e-16,False
0.5-1,3568,0,3.792077831449617e-16,False
0.5-1,3569,0,2.2074218646223233e-05,False
0.5-1,3570,0,0.00045038069609508,False
0.5-1,3571,0,1.629704686399519e-09,False
0.5-1,3572,0,1.9851272708998093e-09,False
0.5-1,3573,0,8.136084300414977e-05,False
0.5-1,3574,0,0.030935766745887116,False
0.5-1,3575,0,2.0876536486148673e-13,False
0.5-1,3576,0,0.004968151951899261,False
0.5-1,3577,0,3.0291625747343266e-05,False
0.5-1,3578,0,3.7228004872399806e-11,False
0.5-1,3579,0,2.1557720222152107e-05,False
0.5-1,3580,0,8.254295546259235e-06,False
0.5-1,3581,0,0.005647669803933492,False
0.5-1,3582,0,7.985733047517423e-06,False
0.5-1,3583,0,2.882037450241217e-06,False
0.5-1,3584,0,0.0009400723866017322,False
0.5-1,3585,0,1.528431868029926e-12,False
0.5-1,3586,0,5.214980094296464e-06,False
0.5-1,3587,0,1.3615156553874706e-11,False
0.5-1,3588,0,3.1325839410411195e-16,False
0.5-1,3589,0,5.1175192695865454e-08,False
0.5-1,3590,0,1.3703749537845117e-08,False
0.5-1,3591,0,1.0158430934056544e-12,False
0.5-1,3592,0,7.928651369734343e-14,False
0.5-1,3593,0,1.4416908237211803e-06,False
0.5-1,3594,0,0.00044866181989584294,False
0.5-1,3595,0,7.121586480851626e-05,False
0.5-1,3596,0,1.906103281965064e-15,False
0.5-1,3597,0,0.001573147139667726,False
0.5-1,3598,0,1.3632913942745604e-05,False
0.5-1,3599,0,1.2605593478398242e-13,False
0.5-1,3600,0,0.002170902229793906,False
0.5-1,3601,0,3.3916085368889106e-06,False
0.5-1,3602,0,1.685944169311632e-13,False
0.5-1,3603,0,7.46882950541446e-09,False
0.5-1,3604,0,6.266833960947157e-06,False
0.5-1,3605,0,0.006159129695576725,False
0.5-1,3606,0,1.3932558317173357e-06,False
0.5-1,3607,0,8.502427083175143e-05,False
0.5-1,3608,0,2.657396268018134e-09,False
0.5-1,3609,0,7.987938738128014e-14,False
0.5-1,3610,0,1.0493018126394115e-06,False
0.5-1,3611,0,1.7063290949709286e-12,False
0.5-1,3612,0,1.7996823643943e-14,False
0.5-1,3613,0,9.838348274326729e-12,False
0.5-1,3614,0,2.3100801081874172e-11,False
0.5-1,3615,0,2.9490157352178255e-12,False
0.5-1,3616,0,1.1108732883105494e-13,False
0.5-1,3617,0,2.105750449898944e-09,False
0.5-1,3618,0,0.0005463276046718653,False
0.5-1,3619,0,0.0037664817244341753,False
0.5-1,3620,0,4.923199406701114e-14,False
0.5-1,3621,0,0.011054532344089445,False
0.5-1,3622,0,1.4482751016599544e-09,False
0.5-1,3623,0,1.227559736026766e-13,False
0.5-1,3624,0,7.654326592338182e-07,False
0.5-1,3625,0,8.71806276151768e-08,False
0.5-1,3626,0,7.153199839951857e-14,False
0.5-1,3627,0,1.81283495844605e-09,False
0.5-1,3628,0,7.71194630236452e-05,False
0.5-1,3629,0,0.0016291326712884302,False
0.5-1,3630,0,4.860201287734872e-06,False
0.5-1,3631,0,0.0004113009033649222,False
0.5-1,3632,0,1.4022053731549334e-09,False
0.5-1,3633,0,1.1270496688149931e-14,False
0.5-1,3634,0,3.4898523830212372e-09,False
0.5-1,3635,0,1.9766416350212443e-13,False
0.5-1,3636,0,6.530473843830419e-13,False
0.5-1,3637,0,9.350249774396211e-14,False
0.5-1,3638,0,1.7356678138059137e-07,False
0.5-1,3639,0,4.8741024712514995e-11,False
0.5-1,3640,0,2.5002079454487024e-10,False
0.5-1,3641,0,1.7345143265496468e-13,False
0.5-1,3642,0,0.007542104658341908,False
0.5-1,3643,0,1.3262199629313119e-05,False
0.5-1,3644,0,6.072110681512776e-14,False
0.5-1,3645,0,0.006628751661261061,False
0.5-1,3646,0,3.0258984204229164e-11,False
0.5-1,3647,0,7.323460948405663e-14,False
0.5-1,3648,0,2.0223636956008023e-07,False
0.5-1,3649,0,1.2345085139972655e-06,False
0.5-1,3650,0,1.085083630708124e-13,False
0.5-1,3651,0,1.201076649763543e-09,False
0.5-1,3652,0,6.040320452331577e-06,False
0.5-1,3653,0,0.0012907059946039516,False
0.5-1,3654,0,5.333213463824134e-05,False
0.5-1,3655,0,0.0010820219994145195,False
0.5-1,3656,0,5.7889404085136206e-11,False
0.5-1,3657,0,2.3081790506540964e-16,False
0.5-1,3658,0,2.9089869369806957e-08,False
0.5-1,3659,0,1.2138213248909882e-14,False
0.5-1,3660,0,7.214036484652625e-10,False
0.5-1,3661,0,8.684315874870867e-16,False
0.5-1,3662,0,1.613626662242159e-14,False
0.5-1,3663,0,3.472150039541098e-09,False
0.5-1,3664,0,2.9605455496031684e-07,False
0.5-1,3665,0,4.051897966043958e-15,False
0.5-1,3666,0,1.9641081357075753e-06,False
0.5-1,3667,0,4.508941860418844e-05,False
0.5-1,3668,0,8.348026830019132e-11,False
0.5-1,3669,0,0.0001804014087085302,False
0.5-1,3670,0,1.0669039530512575e-14,False
0.5-1,3671,0,5.293347224625956e-14,False
0.5-1,3672,0,1.0303616807820566e-07,False
0.5-1,3673,0,2.2584094139801476e-07,False
0.5-1,3674,0,8.850874876832351e-15,False
0.5-1,3675,0,2.949242633849294e-07,False
0.5-1,3676,0,0.00019851479379243457,False
0.5-1,3677,0,0.0003302444837410148,False
0.5-1,3678,0,4.569732558089729e-05,False
0.5-1,3679,0,0.00025881824615044043,False
0.5-1,3680,0,3.781365188522232e-09,False
0.5-1,3681,0,2.4447266160597183e-17,False
0.5-1,3682,0,7.70710703679076e-06,False
0.5-1,3683,0,2.0799856358475692e-15,False
0.5-1,3684,0,7.551867211516238e-09,False
0.5-1,3685,0,8.924425801710893e-19,False
0.5-1,3686,0,1.512757315854631e-16,False
0.5-1,3687,0,1.7989378061063334e-09,False
0.5-1,3688,0,0.0002163454885663635,False
0.5-1,3689,0,7.240540646510538e-19,False
0.5-1,3690,0,1.3256705815084465e-07,False
0.5-1,3691,0,9.531259753337892e-05,False
0.5-1,3692,0,1.7441643147998911e-09,False
0.5-1,3693,0,2.1302967086997618e-05,False
0.5-1,3694,0,6.39768514534103e-15,False
0.5-1,3695,0,4.410895453103554e-16,False
0.5-1,3696,0,2.5231414571732462e-08,False
0.5-1,3697,0,6.725379168080771e-06,False
0.5-1,3698,0,9.396702198964849e-15,False
0.5-1,3699,0,3.000998936452131e-09,False
0.5-1,3700,0,7.034801363066948e-05,False
0.5-1,3701,0,5.9345765707071804e-06,False
0.5-1,3702,0,9.68503764121361e-07,False
0.5-1,3703,0,1.0295130954021004e-05,False
0.5-1,3704,0,1.221959201554879e-07,False
0.5-1,3705,0,1.4344084068838671e-18,False
0.5-1,3706,0,7.160255341894321e-09,False
0.5-1,3707,0,2.962139205534133e-16,False
0.5-1,3708,0,3.359506681711399e-05,False
0.5-1,3709,0,3.813588319859329e-21,False
0.5-1,3710,0,5.1916761947236783e-20,False
0.5-1,3711,0,2.283972380939475e-07,False
0.5-1,3712,0,0.0005348789957002353,False
0.5-1,3713,0,2.5424545652698368e-20,False
0.5-1,3714,0,6.626422335089756e-08,False
0.5-1,3715,0,4.654998081513309e-05,False
0.5-1,3716,0,1.0994828029965358e-07,False
0.5-1,3717,0,5.550834130082366e-06,False
0.5-1,3718,0,2.0871172494781748e-21,False
0.5-1,3719,0,3.778875974072385e-16,False
0.5-1,3720,0,9.367768042692956e-09,False
0.5-1,3721,0,9.761304018122124e-07,False
0.5-1,3722,0,1.10681580958622e-15,False
0.5-1,3723,0,1.1130430304769369e-07,False
0.5-1,3724,0,5.829416785498771e-07,False
0.5-1,3725,0,9.351137896084297e-09,False
0.5-1,3726,0,4.130123457879559e-09,False
0.5-1,3727,0,5.096182364691641e-08,False
0.5-1,3728,0,7.34062404175089e-09,False
0.5-1,3729,0,2.9625064858023743e-19,False
0.5-1,3730,0,2.060637430682216e-07,False
0.5-1,3731,0,2.6696984534692427e-17,False
0.5-1,3732,0,1.384648725157765e-06,False
0.5-1,3733,0,3.579184769679625e-26,False
0.5-1,3734,0,1.3011536945629858e-24,False
0.5-1,3735,0,8.653051560063693e-07,False
0.5-1,3736,0,2.7344250381248205e-06,False
0.5-1,3737,0,8.720380392564826e-24,False
0.5-1,3738,0,2.5005700656379746e-09,False
0.5-1,3739,0,7.638987677051465e-07,False
0.5-1,3740,0,1.3011347772155606e-07,False
0.5-1,3741,0,1.2706789642340528e-08,False
0.5-1,3742,0,9.082459325482938e-25,False
0.5-1,3743,0,5.330981964824494e-15,False
0.5-1,3744,0,2.985760234836552e-10,False
0.5-1,3745,0,1.24010888420469e-07,False
0.5-1,3746,0,7.402163962428472e-16,False
0.5-1,3747,0,8.125768393087498e-09,False
0.5-1,3748,0,3.083760691656736e-10,False
0.5-1,3749,0,6.175671514610512e-13,False
0.5-1,3750,0,1.6021271042698603e-13,False
0.5-1,3751,0,1.4851024439177414e-10,False
0.5-1,3752,0,3.1515421592677337e-07,False
0.5-1,3753,0,5.003895025942539e-16,False
0.5-1,3754,0,1.6393535059629927e-07,False
0.5-1,3755,0,8.52070233866998e-15,False
0.5-1,3756,0,1.6776766809267805e-08,False
0.5-1,3757,0,7.01932179996036e-14,False
0.5-1,3758,0,2.2413648444708556e-11,False
0.5-1,3759,0,4.760702436169168e-08,False
0.5-1,3760,0,4.765186079409607e-08,False
0.5-1,3761,0,1.298709295830913e-31,False
0.5-1,3762,0,1.0305019477765748e-24,False
0.5-1,3763,0,1.28978484605663e-09,False
0.5-1,3764,0,9.925047084004428e-07,False
0.5-1,3765,0,5.002427376006326e-30,False
0.5-1,3766,0,7.285733922817748e-11,False
0.5-1,3767,0,1.5852741100375667e-08,False
0.5-1,3768,0,5.42499020306272e-10,False
0.5-1,3769,0,3.767409145378565e-12,False
0.5-1,3770,0,1.2395526465152726e-27,False
0.5-1,3771,0,4.82750374290443e-17,False
0.5-1,3772,0,4.064984427381963e-15,False
0.5-1,3773,0,1.941017698377233e-07,False
0.5-1,3774,0,4.5987104579494886e-12,False
0.5-1,3775,0,6.01979728704355e-09,False
0.5-1,3776,0,0.00013269004900928752,False
0.5-1,3777,0,4.1812770906087345e-07,False
0.5-1,3778,0,1.316256290986033e-12,False
0.5-1,3779,0,0.0004020767985139296,False
0.5-1,3780,0,0.01056541382159256,False
0.5-1,3781,0,0.00011351542322271508,False
0.5-1,3782,0,0.00046349246035308126,False
0.5-1,3783,0,3.138636236844254e-09,False
0.5-1,3784,0,2.9255268855869474e-15,False
0.5-1,3785,0,6.418869003314048e-05,False
0.5-1,3786,0,0.004373982458684221,False
0.5-1,3787,0,4.499410369477893e-16,False
0.5-1,3788,0,0.002315093792628402,False
0.5-1,3789,0,0.00022587993826068368,False
0.5-1,3790,0,0.003987471154774167,False
0.5-1,3791,0,0.16169498909932892,False
0.5-1,3792,0,1.8223842554308113e-16,False
0.5-1,3793,0,0.002366726888190721,False
0.5-1,3794,0,7.0445329038851746e-12,False
0.5-1,3795,0,4.510403335832969e-05,False
0.5-1,3796,0,1.7906312960489569e-16,False
0.5-1,3797,0,7.811407705960011e-07,False
0.5-1,3798,0,0.00027970679844512437,False
0.5-1,3799,0,3.427162145016423e-10,False
0.5-1,3800,0,5.062693576105983e-05,False
0.5-1,3801,0,0.00025974884864045166,False
0.5-1,3802,0,1.818878618846978e-10,False
0.5-1,3803,0,3.836693253774891e-12,False
0.5-1,3804,0,1.5306028163475088e-05,False
0.5-1,3805,0,0.0001595354343016492,False
0.5-1,3806,0,9.34727025791619e-10,False
0.5-1,3807,0,6.259751344413211e-10,False
0.5-1,3808,0,0.0016567023150961245,False
0.5-1,3809,0,1.2224529859506497e-12,False
0.5-1,3810,0,7.580596159627225e-14,False
0.5-1,3811,0,1.2706729731965075e-11,False
0.5-1,3812,0,8.794754457836556e-17,False
0.5-1,3813,0,1.0047513800970242e-11,False
0.5-1,3814,0,0.00030361836098305076,False
0.5-1,3815,0,0.00023425554676929678,False
0.5-1,3816,0,0.02303760031588661,False
0.5-1,3817,0,0.004831681660719382,False
0.5-1,3818,0,0.14232947020016506,False
0.5-1,3819,0,0.4354989122808988,False
0.5-1,3820,0,2.201816707780758e-14,False
0.5-1,3821,0,0.0005572912686650743,False
0.5-1,3822,0,1.9259643070139402e-09,False
0.5-1,3823,0,0.00031879549856034023,False
0.5-1,3824,0,1.183384999930477e-13,False
0.5-1,3825,0,2.1048659604614072e-08,False
0.5-1,3826,0,1.30044253364787e-06,False
0.5-1,3827,0,1.6048016890952668e-11,False
0.5-1,3828,0,5.056931383916913e-05,False
0.5-1,3829,0,1.9894513180167655e-05,False
0.5-1,3830,0,3.8195037468596805e-13,False
0.5-1,3831,0,5.850030571343612e-11,False
0.5-1,3832,0,8.495261595100359e-05,False
0.5-1,3833,0,0.00012758177203150755,False
0.5-1,3834,0,1.8381621982414529e-10,False
0.5-1,3835,0,7.1628570192959326e-09,False
0.5-1,3836,0,3.758397770099001e-08,False
0.5-1,3837,0,7.60185904416041e-14,False
0.5-1,3838,0,2.1319705304261882e-12,False
0.5-1,3839,0,1.5801106533555613e-12,False
0.5-1,3840,0,2.0597705145971436e-14,False
0.5-1,3841,0,1.0284328339412334e-10,False
0.5-1,3842,0,7.442768335807005e-08,False
0.5-1,3843,0,7.482115533497058e-12,False
0.5-1,3844,0,0.039087839026166527,False
0.5-1,3845,0,0.024915253669612378,False
0.5-1,3846,0,0.35605803726561575,False
0.5-1,3847,0,0.4294049851788563,False
0.5-1,3848,0,1.8736479134676735e-13,False
0.5-1,3849,0,1.4766843345356942e-06,False
0.5-1,3850,0,1.824061566399112e-07,False
0.5-1,3851,0,0.0038596892945272875,False
0.5-1,3852,0,1.8556298764074142e-13,False
0.5-1,3853,0,5.3698507421502264e-08,False
0.5-1,3854,0,8.523221340968915e-10,False
0.5-1,3855,0,4.8833933900763517e-14,False
0.5-1,3856,0,0.0005935374023302348,False
0.5-1,3857,0,3.3295694364789954e-06,False
0.5-1,3858,0,1.2943501867102203e-13,False
0.5-1,3859,0,1.419435345198168e-10,False
0.5-1,3860,0,1.7399293235646645e-05,False
0.5-1,3861,0,3.112194617230123e-05,False
0.5-1,3862,0,1.0377619071170674e-08,False
0.5-1,3863,0,7.32152499200042e-09,False
0.5-1,3864,0,1.470403506098791e-08,False
0.5-1,3865,0,5.309829576685016e-14,False
0.5-1,3866,0,1.7038529440283566e-14,False
0.5-1,3867,0,9.402270812776426e-14,False
0.5-1,3868,0,2.580287209669218e-13,False
0.5-1,3869,0,3.770912602617459e-12,False
0.5-1,3870,0,4.119839401415851e-10,False
0.5-1,3871,0,2.1339495522598858e-05,False
0.5-1,3872,0,0.026503269755306463,False
0.5-1,3873,0,0.011601585885953065,False
0.5-1,3874,0,0.38609128902350986,False
0.5-1,3875,0,0.1979970042840337,False
0.5-1,3876,0,1.1774700210962236e-10,False
0.5-1,3877,0,2.597910970923188e-12,False
0.5-1,3878,0,8.702110911644681e-08,False
0.5-1,3879,0,0.00465450420987267,False
0.5-1,3880,0,1.3064486594181167e-12,False
0.5-1,3881,0,1.280210199867594e-07,False
0.5-1,3882,0,0.00030550492315330213,False
0.5-1,3883,0,7.019329091046373e-15,False
0.5-1,3884,0,0.001382940577753044,False
0.5-1,3885,0,2.8926667118312534e-07,False
0.5-1,3886,0,1.7105839143622834e-13,False
0.5-1,3887,0,4.022040821882279e-12,False
0.5-1,3888,0,0.0005061932267051664,False
0.5-1,3889,0,0.001286342215799542,False
0.5-1,3890,0,3.3574819704866197e-10,False
0.5-1,3891,0,1.122894735154591e-08,False
0.5-1,3892,0,6.434579004399037e-10,False
0.5-1,3893,0,2.4017911723508107e-15,False
0.5-1,3894,0,7.449748191037452e-14,False
0.5-1,3895,0,7.68373551218355e-15,False
0.5-1,3896,0,2.1493363286511165e-09,False
0.5-1,3897,0,1.2823944304164378e-13,False
0.5-1,3898,0,4.344289758798422e-12,False
0.5-1,3899,0,4.177643961290582e-07,False
0.5-1,3900,0,0.0025478335752866163,False
0.5-1,3901,0,0.002431836047798104,False
0.5-1,3902,0,0.15664665348422246,False
0.5-1,3903,0,0.0186823040860507,False
0.5-1,3904,0,0.0005314330398473576,False
0.5-1,3905,0,1.1135699446484113e-15,False
0.5-1,3906,0,4.261631103879585e-08,False
0.5-1,3907,0,0.04857396964356205,False
0.5-1,3908,0,1.0778451223067155e-09,False
0.5-1,3909,0,3.4373753652369807e-07,False
0.5-1,3910,0,3.8563501110960365e-12,False
0.5-1,3911,0,3.320009535923001e-14,False
0.5-1,3912,0,0.01138764816081444,False
0.5-1,3913,0,4.968961521866708e-06,False
0.5-1,3914,0,4.779761045504053e-14,False
0.5-1,3915,0,3.798578460408893e-12,False
0.5-1,3916,0,0.00017413881723256578,False
0.5-1,3917,0,0.00021906985707035822,False
0.5-1,3918,0,3.2817241710720406e-11,False
0.5-1,3919,0,7.738920825080207e-10,False
0.5-1,3920,0,7.767529114732738e-09,False
0.5-1,3921,0,1.9895181625344625e-17,False
0.5-1,3922,0,1.5673083293524254e-11,False
0.5-1,3923,0,8.531978608866152e-16,False
0.5-1,3924,0,4.916209691923227e-09,False
0.5-1,3925,0,2.788532293690911e-20,False
0.5-1,3926,0,8.249548085920507e-18,False
0.5-1,3927,0,0.0011104534508314383,False
0.5-1,3928,0,0.0001104379743650625,False
0.5-1,3929,0,0.00011745814663377237,False
0.5-1,3930,0,0.013406090716172577,False
0.5-1,3931,0,0.0008313804495832044,False
0.5-1,3932,0,8.844359189645704e-06,False
0.5-1,3933,0,1.1367228198492173e-15,False
0.5-1,3934,0,2.212753401322944e-09,False
0.5-1,3935,0,0.003605244268933691,False
0.5-1,3936,0,1.3154119666668004e-07,False
0.5-1,3937,0,1.6401799430477105e-08,False
0.5-1,3938,0,2.0245437467286005e-18,False
0.5-1,3939,0,8.471490110293554e-17,False
0.5-1,3940,0,1.4883837303059863e-06,False
0.5-1,3941,0,3.0119002243591635e-05,False
0.5-1,3942,0,3.129494377786298e-15,False
0.5-1,3943,0,9.217966047110411e-15,False
0.5-1,3944,0,9.557974490618296e-06,False
0.5-1,3945,0,4.233340301379541e-06,False
0.5-1,3946,0,3.440774274525763e-11,False
0.5-1,3947,0,3.2747457126154855e-10,False
0.5-1,3948,0,2.4467429130597883e-07,False
0.5-1,3949,0,9.374309339942118e-18,False
0.5-1,3950,0,2.550554154247657e-12,False
0.5-1,3951,0,5.778585002092041e-18,False
0.5-1,3952,0,4.740709884063178e-08,False
0.5-1,3953,0,8.852341184118407e-24,False
0.5-1,3954,0,3.9776444594203814e-10,False
0.5-1,3955,0,0.0007702051456730518,False
0.5-1,3956,0,9.784600964141749e-07,False
0.5-1,3957,0,1.4706464400112368e-06,False
0.5-1,3958,0,0.0001805461598447207,False
0.5-1,3959,0,4.4776251426670995e-06,False
0.5-1,3960,0,2.2070066217041772e-05,False
0.5-1,3961,0,3.6702938101407774e-22,False
0.5-1,3962,0,3.6330835713735837e-10,False
0.5-1,3963,0,6.0181923010709205e-06,False
0.5-1,3964,0,2.0968651941599447e-05,False
0.5-1,3965,0,2.6035068075493743e-09,False
0.5-1,3966,0,2.760887830451679e-16,False
0.5-1,3967,0,8.218573533844681e-18,False
0.5-1,3968,0,1.9394385973620404e-09,False
0.5-1,3969,0,2.193941505372758e-06,False
0.5-1,3970,0,3.337338706784916e-17,False
0.5-1,3971,0,1.497025661420642e-13,False
0.5-1,3972,0,3.7383530203426875e-07,False
0.5-1,3973,0,4.423703099724331e-09,False
0.5-1,3974,0,2.1907390397385846e-13,False
0.5-1,3975,0,5.388283702461867e-13,False
0.5-1,3976,0,3.850837715909053e-11,False
0.5-1,3977,0,1.2447974602924844e-19,False
0.5-1,3978,0,1.8703538248241225e-12,False
0.5-1,3979,0,1.537749142201643e-18,False
0.5-1,3980,0,9.087654089833914e-07,False
0.5-1,3981,0,3.242777602450877e-23,False
0.5-1,3982,0,5.6098883229292335e-21,False
0.5-1,3983,0,1.7671844570496334e-05,False
0.5-1,3984,0,4.72931778092695e-10,False
0.5-1,3985,0,2.7790386432834096e-09,False
0.5-1,3986,0,2.62433903230829e-07,False
0.5-1,3987,0,3.0696904348306074e-09,False
0.5-1,3988,0,4.684453520540243e-06,False
0.5-1,3989,0,2.0192701123208711e-23,False
0.5-1,3990,0,1.7641806233829142e-12,False
0.5-1,3991,0,2.6222648812205274e-07,False
0.5-1,3992,0,1.7385709615938416e-06,False
0.5-1,3993,0,3.104077138323628e-13,False
0.5-1,3994,0,1.3216753178370072e-23,False
0.5-1,3995,0,5.673196922289907e-19,False
0.5-1,3996,0,3.828187695460561e-10,False
0.5-1,3997,0,9.671651230752719e-08,False
0.5-1,3998,0,2.227668065136668e-19,False
0.5-1,3999,0,6.740254167558636e-16,False
0.5-1,4000,0,1.9774893070694635e-10,False
0.5-1,4001,0,3.1746284886884124e-13,False
0.5-1,4002,0,1.9705714257335996e-17,False
0.5-1,4003,0,1.4198438573319151e-15,False
0.5-1,4004,0,1.4794191002185905e-09,False
0.5-1,4005,0,6.7020188537609e-17,False
0.5-1,4006,0,3.834647662317135e-14,False
0.5-1,4007,0,4.699090852581487e-17,False
0.5-1,4008,0,1.4014211526134502e-08,False
0.5-1,4009,0,1.3578433089675802e-16,False
0.5-1,4010,0,8.897279239014968e-12,False
0.5-1,4011,0,1.0026935252767456e-13,False
0.5-1,4012,0,4.145059374551926e-08,False
0.5-1,4013,0,2.760193325796443e-28,False
0.5-1,4014,0,7.772014422070748e-25,False
0.5-1,4015,0,1.929777070551219e-09,False
0.5-1,4016,0,2.0181626242219794e-14,False
0.5-1,4017,0,4.497939716514303e-12,False
0.5-1,4018,0,3.7943033753766624e-10,False
0.5-1,4019,0,9.251900022136593e-14,False
0.5-1,4020,0,2.053758298539811e-06,False
0.5-1,4021,0,4.975312584515344e-30,False
0.5-1,4022,0,4.521410444396451e-14,False
0.5-1,4023,0,6.0627413837589346e-09,False
0.5-1,4024,0,1.5573226753119314e-09,False
0.5-1,4025,0,5.305827613214929e-18,False
0.5-1,4026,0,7.623109209713864e-32,False
0.5-1,4027,0,9.083577043837672e-16,False
0.5-1,4028,0,1.8190479874078224e-13,False
0.5-1,4029,0,6.470241924571376e-07,False
0.5-1,4030,0,1.771913448354781e-18,False
0.5-1,4031,0,9.936708780740572e-19,False
0.5-1,4032,0,3.031982296893404e-11,False
0.5-1,4033,0,3.9216188731468213e-10,False
0.5-1,4034,0,1.78200364128411e-09,False
0.5-1,4035,0,1.3847146741803882e-10,False
0.5-1,4036,0,1.5046945287167048e-09,False
0.5-1,4037,0,1.1976045482028818e-10,False
0.5-1,4038,0,6.106339288133175e-10,False
0.5-1,4039,0,9.656834310306503e-12,False
0.5-1,4040,0,7.987284048478629e-14,False
0.5-1,4041,0,1.9332761500299734e-08,False
0.5-1,4042,0,1.4705035800128582e-13,False
0.5-1,4043,0,1.8251346140317733e-11,False
0.5-1,4044,0,1.3843183230941662e-15,False
0.5-1,4045,0,4.915519621916069e-13,False
0.5-1,4046,0,2.5206080724896445e-11,False
0.5-1,4047,0,6.653678760115858e-12,False
0.5-1,4048,0,3.6528066087860315e-14,False
0.5-1,4049,0,1.467467028497589e-09,False
0.5-1,4050,0,3.3987734675347705e-07,False
0.5-1,4051,0,2.2046569970884956e-11,False
0.5-1,4052,0,9.283232308560449e-10,False
0.5-1,4053,0,9.069445400849533e-12,False
0.5-1,4054,0,6.8694976580169695e-12,False
0.5-1,4055,0,1.2558358538564516e-10,False
0.5-1,4056,0,1.1484165083106987e-08,False
0.5-1,4057,0,0.000124127055137108,False
0.5-1,4058,0,5.046596501604346e-09,False
0.5-1,4059,0,2.7098552438791196e-07,False
0.5-1,4060,0,1.4803823751324244e-08,False
0.5-1,4061,0,1.6299998468134551e-10,False
0.5-1,4062,0,2.14027236536352e-11,False
0.5-1,4063,0,7.064151034944818e-11,False
0.5-1,4064,0,1.669287291311764e-11,False
0.5-1,4065,0,1.3056482602518827e-09,False
0.5-1,4066,0,2.8899613717376937e-11,False
0.5-1,4067,0,4.822928551281995e-12,False
0.5-1,4068,0,1.1044874402116525e-13,False
0.5-1,4069,0,1.3767384141676736e-12,False
0.5-1,4070,0,2.3959766410410765e-08,False
0.5-1,4071,0,2.199335161312504e-09,False
0.5-1,4072,0,3.8897654437520295e-12,False
0.5-1,4073,0,2.8711645088109395e-08,False
0.5-1,4074,0,7.075086129537444e-12,False
0.5-1,4075,0,4.468577135899473e-10,False
0.5-1,4076,0,4.5178534703976826e-08,False
0.5-1,4077,0,2.5575443452682222e-11,False
0.5-1,4078,0,9.373341679304313e-12,False
0.5-1,4079,0,4.600888719699513e-12,False
0.5-1,4080,0,2.1363356291177318e-08,False
0.5-1,4081,0,5.243926141422319e-09,False
0.5-1,4082,0,2.4606975769917687e-08,False
0.5-1,4083,0,3.6158623731551454e-07,False
0.5-1,4084,0,2.760334221379026e-10,False
0.5-1,4085,0,5.732592361551913e-12,False
0.5-1,4086,0,1.7632683771975337e-11,False
0.5-1,4087,0,3.542740284322643e-10,False
0.5-1,4088,0,1.7298439697896684e-12,False
0.5-1,4089,0,3.1610213384038827e-09,False
0.5-1,4090,0,3.2944868609591907e-09,False
0.5-1,4091,0,4.563747845524903e-11,False
0.5-1,4092,0,8.513827319078136e-11,False
0.5-1,4093,0,7.428278031581507e-13,False
0.5-1,4094,0,2.120260521508455e-08,False
0.5-1,4095,0,2.694050232117314e-06,False
0.5-1,4096,0,1.157252111039403e-12,False
0.5-1,4097,0,1.1594946218250623e-07,False
0.5-1,4098,0,2.784524793062718e-12,False
0.5-1,4099,0,1.1556434684956665e-10,False
0.5-1,4100,0,9.014277320020788e-09,False
0.5-1,4101,1,0.9999983992148073,True
0.5-1,4102,0,4.466662066312438e-11,False
0.5-1,4103,0,1.0144500362732295e-11,False
0.5-1,4104,0,3.188391216295661e-09,False
0.5-1,4105,0,4.201080294464529e-09,False
0.5-1,4106,0,8.310350171937501e-08,False
0.5-1,4107,0,8.869439666099203e-08,False
0.5-1,4108,0,2.7833250484434976e-11,False
0.5-1,4109,0,5.738172620484032e-12,False
0.5-1,4110,0,1.7358738347421057e-11,False
0.5-1,4111,0,1.8889044572869346e-10,False
0.5-1,4112,0,2.5441201161138616e-11,False
0.5-1,4113,0,8.408732293401002e-11,False
0.5-1,4114,0,1.7209525015106944e-12,False
0.5-1,4115,0,3.944465591708418e-12,False
0.5-1,4116,0,2.0831038802343724e-12,False
0.5-1,4117,0,1.3454408192963793e-13,False
0.5-1,4118,0,1.9191717172608923e-08,False
0.5-1,4119,0,5.001149556610201e-09,False
0.5-1,4120,0,2.900030226745931e-12,False
0.5-1,4121,0,1.0040926669508971e-07,False
0.5-1,4122,0,7.446961030572593e-13,False
0.5-1,4123,0,1.5287022514733741e-09,False
0.5-1,4124,0,9.901042484801639e-09,False
0.5-1,4125,0,8.328115594369842e-11,False
0.5-1,4126,0,9.835035412623394e-11,False
0.5-1,4127,0,1.2603978353875155e-11,False
0.5-1,4128,0,6.169702149269139e-10,False
0.5-1,4129,0,4.888983558935517e-10,False
0.5-1,4130,0,8.527914446147127e-10,False
0.5-1,4131,0,7.007929922082417e-09,False
0.5-1,4132,0,1.2466486327037036e-11,False
0.5-1,4133,0,1.4449456344836707e-11,False
0.5-1,4134,0,9.062440741146761e-12,False
0.5-1,4135,0,9.25015171428966e-11,False
0.5-1,4136,0,1.232929030909293e-09,False
0.5-1,4137,0,4.090301413374401e-14,False
0.5-1,4138,0,2.951814967418263e-12,False
0.5-1,4139,0,4.074908539122337e-12,False
0.5-1,4140,0,5.402884647250066e-13,False
0.5-1,4141,0,1.2942841459478272e-14,False
0.5-1,4142,0,1.3525567593741133e-07,False
0.5-1,4143,0,2.8627744450116433e-09,False
0.5-1,4144,0,2.3480025392745183e-08,False
0.5-1,4145,0,6.832745637042305e-08,False
0.5-1,4146,0,1.406625834506865e-12,False
0.5-1,4147,0,6.352215782109053e-08,False
0.5-1,4148,0,4.839026530759923e-10,False
0.5-1,4149,0,2.1965780867710246e-09,False
0.5-1,4150,0,5.60270094668052e-09,False
0.5-1,4151,0,1.4515470747931833e-10,False
0.5-1,4152,0,1.0368117324565938e-09,False
0.5-1,4153,0,4.6547126770149133e-10,False
0.5-1,4154,0,3.469683820463902e-10,False
0.5-1,4155,0,1.43628807716705e-08,False
0.5-1,4156,0,3.289146640427003e-12,False
0.5-1,4157,0,8.988556507647889e-11,False
0.5-1,4158,0,6.379235666374784e-12,False
0.5-1,4159,0,1.2594090657527883e-09,False
0.5-1,4160,0,6.7840251897588434e-09,False
0.5-1,4161,0,9.549563119877298e-16,False
0.5-1,4162,0,1.19961915623489e-13,False
0.5-1,4163,0,4.702285722403207e-09,False
0.5-1,4164,0,1.2002266040643282e-09,False
0.5-1,4165,0,5.0992916041168e-16,False
0.5-1,4166,0,3.6384282656705625e-09,False
0.5-1,4167,0,1.3036478361697853e-09,False
0.5-1,4168,0,0.0005188403024819261,False
0.5-1,4169,0,3.340171860921304e-05,False
0.5-1,4170,0,4.562143238951801e-16,False
0.5-1,4171,0,2.717671743241863e-06,False
0.5-1,4172,0,3.486578051112809e-08,False
0.5-1,4173,0,7.273038582455624e-10,False
0.5-1,4174,0,1.1995412213970351e-08,False
0.5-1,4175,0,2.054954828836482e-07,False
0.5-1,4176,0,1.2614968564361974e-10,False
0.5-1,4177,0,2.0872759364658813e-11,False
0.5-1,4178,0,2.617007365994011e-06,False
0.5-1,4179,0,1.7687793656230378e-08,False
0.5-1,4180,0,8.417877550676413e-10,False
0.5-1,4181,0,2.682923444806034e-09,False
0.5-1,4182,0,1.8361661794602025e-08,False
0.5-1,4183,0,2.236692012420962e-08,False
0.5-1,4184,0,2.4857973365132906e-08,False
0.5-1,4185,0,6.10778700242024e-19,False
0.5-1,4186,0,6.7694792998545014e-18,False
0.5-1,4187,0,8.889206187333647e-05,False
0.5-1,4188,0,3.3316274885262685e-06,False
0.5-1,4189,0,3.096247812627541e-18,False
0.5-1,4190,0,4.21658214599451e-06,False
0.5-1,4191,0,1.2114332876265472e-08,False
0.5-1,4192,0,1.264605127015061e-07,False
0.5-1,4193,0,7.549117910921918e-07,False
0.5-1,4194,0,5.001494876580966e-17,False
0.5-1,4195,0,2.684733381054099e-07,False
0.5-1,4196,0,8.115825389926784e-11,False
0.5-1,4197,0,1.2128904329596018e-05,False
0.5-1,4198,0,5.228870936303079e-05,False
0.5-1,4199,0,4.93390952931226e-07,False
0.5-1,4200,0,3.3829037208291155e-11,False
0.5-1,4201,0,1.261123300550146e-12,False
0.5-1,4202,0,4.059951301242751e-11,False
0.5-1,4203,0,2.535231755074991e-07,False
0.5-1,4204,0,9.324532254536064e-10,False
0.5-1,4205,0,3.887036281705538e-05,False
0.5-1,4206,0,5.286746827484789e-08,False
0.5-1,4207,0,1.2436670631834816e-06,False
0.5-1,4208,0,3.706833505580567e-06,False
0.5-1,4209,0,4.891055959648166e-21,False
0.5-1,4210,0,2.006534611737581e-17,False
0.5-1,4211,0,2.2996825783905617e-06,False
0.5-1,4212,0,0.000837401263732642,False
0.5-1,4213,0,2.3936491548406846e-21,False
0.5-1,4214,0,1.4475998307471082e-07,False
0.5-1,4215,0,8.838500845000128e-06,False
0.5-1,4216,0,1.0900620217158366e-09,False
0.5-1,4217,0,8.428733706514111e-06,False
0.5-1,4218,0,8.315665687493346e-23,False
0.5-1,4219,0,4.194651620011123e-05,False
0.5-1,4220,0,9.575500780374251e-13,False
0.5-1,4221,0,0.010173506254503827,False
0.5-1,4222,0,0.0001554190023039856,False
0.5-1,4223,0,1.6732534580605536e-05,False
0.5-1,4224,0,5.332119730674889e-15,False
0.5-1,4225,0,4.7084938747387786e-11,False
0.5-1,4226,0,5.406385203760739e-15,False
0.5-1,4227,0,1.450628527002358e-07,False
0.5-1,4228,0,2.648427308386148e-08,False
0.5-1,4229,0,4.5362808381236024e-07,False
0.5-1,4230,0,1.7573308723085416e-06,False
0.5-1,4231,0,1.8678064065110875e-06,False
0.5-1,4232,0,8.202190252506686e-08,False
0.5-1,4233,0,3.125799568044008e-08,False
0.5-1,4234,0,7.21912056064521e-07,False
0.5-1,4235,0,3.7587422926647914e-07,False
0.5-1,4236,0,7.485505325348355e-07,False
0.5-1,4237,0,9.75661777259334e-27,False
0.5-1,4238,0,1.3623016192410343e-17,False
0.5-1,4239,0,1.2059817644353827e-06,False
0.5-1,4240,0,1.083409423603473e-06,False
0.5-1,4241,0,3.7141274000256e-22,False
0.5-1,4242,0,8.896154305353558e-12,False
0.5-1,4243,0,5.0082765699598456e-11,False
0.5-1,4244,0,4.926015848639727e-12,False
0.5-1,4245,0,3.706867436293976e-08,False
0.5-1,4246,0,1.564602700060993e-25,False
0.5-1,4247,0,2.258194454744978e-06,False
0.5-1,4248,0,1.2601184333311344e-18,False
0.5-1,4249,0,4.6819059346123934e-07,False
0.5-1,4250,0,5.229212417275935e-06,False
0.5-1,4251,0,1.449892532304956e-07,False
0.5-1,4252,0,1.0844340839511107e-11,False
0.5-1,4253,0,5.837645103279212e-09,False
0.5-1,4254,0,1.5735234423119367e-09,False
0.5-1,4255,0,1.3579657323330888e-11,False
0.5-1,4256,0,1.454754711107861e-10,False
0.5-1,4257,0,1.7205826085172496e-11,False
0.5-1,4258,0,7.695958431332718e-10,False
0.5-1,4259,0,8.612082833059866e-12,False
0.5-1,4260,0,3.436419019485878e-15,False
0.5-1,4261,0,2.0468383765297872e-11,False
0.5-1,4262,0,2.97985169108983e-10,False
0.5-1,4263,0,4.6296248853845464e-14,False
0.5-1,4264,0,2.376113491006137e-15,False
0.5-1,4265,0,5.724760322072512e-12,False
0.5-1,4266,0,1.391624538771781e-11,False
0.5-1,4267,0,8.986071698432597e-11,False
0.5-1,4268,0,4.2713441980783346e-15,False
0.5-1,4269,0,1.600294766177491e-09,False
0.5-1,4270,0,2.6413729153898765e-11,False
0.5-1,4271,0,8.728936390792835e-12,False
0.5-1,4272,0,1.2602531055992573e-09,False
0.5-1,4273,0,2.6740737264705404e-10,False
0.5-1,4274,0,3.2523863156411306e-11,False
0.5-1,4275,0,3.0108792698176916e-09,False
0.5-1,4276,0,1.1634095651878342e-08,False
0.5-1,4277,0,1.7135256693639818e-07,False
0.5-1,4278,0,1.601153702811431e-09,False
0.5-1,4279,0,1.4911595981713603e-07,False
0.5-1,4280,0,8.27609378308625e-12,False
0.5-1,4281,0,1.3982369575693594e-11,False
0.5-1,4282,0,6.101622834067276e-11,False
0.5-1,4283,0,1.2842949145814199e-11,False
0.5-1,4284,0,2.7002707998587885e-14,False
0.5-1,4285,0,1.029415763822435e-12,False
0.5-1,4286,0,2.356243829722638e-13,False
0.5-1,4287,0,2.522701628671618e-12,False
0.5-1,4288,0,2.4379435018221743e-12,False
0.5-1,4289,0,1.466918336810152e-13,False
0.5-1,4290,0,1.558595045248414e-09,False
0.5-1,4291,0,9.025417369987289e-09,False
0.5-1,4292,0,5.280849039179308e-14,False
0.5-1,4293,0,3.1750064797940053e-07,False
0.5-1,4294,0,1.048923276266214e-08,False
0.5-1,4295,0,1.3374077259424818e-11,False
0.5-1,4296,0,1.0356242202780291e-08,False
0.5-1,4297,0,5.832496084592878e-11,False
0.5-1,4298,0,1.1881844577665483e-10,False
0.5-1,4299,0,2.0855020714150292e-11,False
0.5-1,4300,0,2.7034002381746976e-08,False
0.5-1,4301,0,5.893648443166983e-07,False
0.5-1,4302,0,6.5675814563519425e-09,False
0.5-1,4303,0,2.391717312397694e-07,False
0.5-1,4304,0,1.4203897226563115e-11,False
0.5-1,4305,0,7.891990000964362e-12,False
0.5-1,4306,0,3.4300190971707845e-11,False
0.5-1,4307,0,2.978996859291392e-11,False
0.5-1,4308,0,3.478541921324548e-13,False
0.5-1,4309,0,1.1452871396032978e-12,False
0.5-1,4310,0,9.239065097486752e-11,False
0.5-1,4311,0,4.092078554982422e-12,False
0.5-1,4312,0,1.0582287779640918e-13,False
0.5-1,4313,0,1.3878429689930745e-12,False
0.5-1,4314,0,1.3388341564140028e-08,False
0.5-1,4315,0,3.928731125893399e-07,False
0.5-1,4316,0,1.409888512429664e-13,False
0.5-1,4317,0,9.351487869387154e-08,False
0.5-1,4318,0,9.866508892873649e-11,False
0.5-1,4319,0,1.470634218164108e-10,False
0.5-1,4320,0,3.0548413405283334e-08,False
0.5-1,4321,0,3.0426368859067826e-11,False
0.5-1,4322,0,2.3315952533116854e-11,False
0.5-1,4323,0,8.819596020947205e-12,False
0.5-1,4324,0,1.2268196301415192e-07,False
0.5-1,4325,0,3.115036264130891e-06,False
0.5-1,4326,0,2.1949178791390765e-08,False
0.5-1,4327,0,8.036523733457827e-08,False
0.5-1,4328,0,2.6899447784484024e-11,False
0.5-1,4329,0,7.3250594461274e-12,False
0.5-1,4330,0,1.580733600157688e-11,False
0.5-1,4331,0,1.2332349375112036e-10,False
0.5-1,4332,0,7.878962946008864e-12,False
0.5-1,4333,0,1.139173120544717e-13,False
0.5-1,4334,0,3.000619331739728e-13,False
0.5-1,4335,0,5.340418817591908e-12,False
0.5-1,4336,0,2.426397353878147e-13,False
0.5-1,4337,0,8.748278155454775e-14,False
0.5-1,4338,0,8.775029772445231e-09,False
0.5-1,4339,0,3.377784320128976e-08,False
0.5-1,4340,0,0.0029365918903028533,False
0.5-1,4341,0,3.1324888077567474e-08,False
0.5-1,4342,0,5.918234963456992e-13,False
0.5-1,4343,0,2.0272402853649158e-10,False
0.5-1,4344,0,8.237174002848797e-08,False
0.5-1,4345,0,3.4004866512333806e-11,False
0.5-1,4346,0,5.859210837110536e-11,False
0.5-1,4347,0,1.0074709468498709e-11,False
0.5-1,4348,0,5.355030411377907e-08,False
0.5-1,4349,0,2.0363086151788183e-06,False
0.5-1,4350,0,1.999093038405266e-08,False
0.5-1,4351,0,3.137456124081109e-06,False
0.5-1,4352,0,4.994240770190359e-11,False
0.5-1,4353,0,1.4053766428891345e-11,False
0.5-1,4354,0,4.562808150762307e-12,False
0.5-1,4355,0,1.1131924785649256e-09,False
0.5-1,4356,0,4.367225553316104e-11,False
0.5-1,4357,0,3.600937418749383e-15,False
0.5-1,4358,0,3.9706336748893525e-14,False
0.5-1,4359,0,1.6162332611552759e-10,False
0.5-1,4360,0,2.2121906497861695e-13,False
0.5-1,4361,0,4.508163791933518e-15,False
0.5-1,4362,0,8.153710234677801e-08,False
0.5-1,4363,0,2.894884747058465e-08,False
0.5-1,4364,0,9.720771494368643e-10,False
0.5-1,4365,0,8.35230475302212e-08,False
0.5-1,4366,0,4.341619029920521e-15,False
0.5-1,4367,0,9.690760159285001e-11,False
0.5-1,4368,0,5.5828735284192744e-08,False
0.5-1,4369,0,4.0648538636732126e-10,False
0.5-1,4370,0,4.2067842053820815e-11,False
0.5-1,4371,0,1.2413984391319499e-11,False
0.5-1,4372,0,7.332735112997195e-07,False
0.5-1,4373,0,1.5042199470159348e-05,False
0.5-1,4374,0,1.5156400247311687e-07,False
0.5-1,4375,0,0.0004199977278887382,False
0.5-1,4376,0,5.181601044440686e-10,False
0.5-1,4377,0,1.0555437714115114e-09,False
0.5-1,4378,0,2.2045198498888776e-10,False
0.5-1,4379,0,5.8613218160510696e-09,False
0.5-1,4380,0,4.19359716417068e-06,False
0.5-1,4381,0,6.4032231771897745e-18,False
0.5-1,4382,0,1.885348833004614e-15,False
0.5-1,4383,0,7.542443504566572e-06,False
0.5-1,4384,0,5.126202588504065e-11,False
0.5-1,4385,0,1.5939613901600307e-12,False
0.5-1,4386,0,1.8321463078495176e-08,False
0.5-1,4387,0,5.730955525829648e-07,False
0.5-1,4388,0,2.979448752666182e-07,False
0.5-1,4389,0,4.155233041850084e-06,False
0.5-1,4390,0,9.035669610349243e-16,False
0.5-1,4391,0,7.227852766648802e-08,False
0.5-1,4392,0,1.7067831917133473e-07,False
0.5-1,4393,0,1.975199867437604e-09,False
0.5-1,4394,0,6.137997543494102e-11,False
0.5-1,4395,0,1.542032348257036e-09,False
0.5-1,4396,0,2.666092274608543e-10,False
0.5-1,4397,0,1.584918315741294e-07,False
0.5-1,4398,0,3.853293733851603e-05,False
0.5-1,4399,0,0.00010329876912775972,False
0.5-1,4400,0,6.98793644941973e-05,False
0.5-1,4401,0,1.2832287775648963e-07,False
0.5-1,4402,0,1.9001565976041128e-06,False
0.5-1,4403,0,5.537763443858891e-08,False
0.5-1,4404,0,0.0002798123139970392,False
0.5-1,4405,0,1.460136050860529e-20,False
0.5-1,4406,0,1.5313556749305957e-17,False
0.5-1,4407,0,0.00032617979061306277,False
0.5-1,4408,0,3.752686443071786e-07,False
0.5-1,4409,0,6.100832699987038e-19,False
0.5-1,4410,0,1.7368050640606336e-08,False
0.5-1,4411,0,3.1805706464424296e-07,False
0.5-1,4412,0,0.00015022339073663473,False
0.5-1,4413,0,3.801299006200722e-06,False
0.5-1,4414,0,7.692189751532804e-14,False
0.5-1,4415,0,6.867830915590623e-07,False
0.5-1,4416,0,5.139527541792538e-07,False
0.5-1,4417,0,6.169305553507182e-07,False
0.5-1,4418,0,8.171009575770683e-10,False
0.5-1,4419,0,4.684680463103817e-08,False
0.5-1,4420,0,2.712182612177419e-10,False
0.5-1,4421,0,2.849835020025879e-08,False
0.5-1,4422,0,8.043383957674529e-12,False
0.5-1,4423,0,1.0402615499998567e-05,False
0.5-1,4424,0,0.00012252106701501835,False
0.5-1,4425,0,8.036582965784955e-05,False
0.5-1,4426,0,9.325973513181518e-06,False
0.5-1,4427,0,6.866516903886312e-08,False
0.5-1,4428,0,0.00034712658711530105,False
0.5-1,4429,0,2.1980842833116115e-21,False
0.5-1,4430,0,1.1999905797988242e-21,False
0.5-1,4431,0,0.00016324092855099541,False
0.5-1,4432,0,4.42722305318736e-06,False
0.5-1,4433,0,7.7310602617605e-23,False
0.5-1,4434,0,2.5514226222200515e-06,False
0.5-1,4435,0,1.3050101883351501e-07,False
0.5-1,4436,0,8.61486462257498e-05,False
0.5-1,4437,0,5.7604792251513534e-06,False
0.5-1,4438,0,9.528524474889004e-24,False
0.5-1,4439,0,8.037991293234196e-05,False
0.5-1,4440,0,5.766797220125302e-10,False
0.5-1,4441,0,2.60768541395467e-06,False
0.5-1,4442,0,6.650015097292094e-06,False
0.5-1,4443,0,6.56561471898607e-06,False
0.5-1,4444,0,1.1260051343795552e-13,False
0.5-1,4445,0,3.048478924085256e-08,False
0.5-1,4446,0,3.3957351382148663e-17,False
0.5-1,4447,0,4.2685734447202314e-07,False
0.5-1,4448,0,2.219487106454756e-06,False
0.5-1,4449,0,5.181381079317031e-06,False
0.5-1,4450,0,2.9495586690758087e-05,False
0.5-1,4451,0,3.7975678404994183e-06,False
0.5-1,4452,0,1.7374746964754519e-06,False
0.5-1,4453,0,1.3033748668990043e-06,False
0.5-1,4454,0,9.855338285011583e-07,False
0.5-1,4455,0,2.496582931924023e-06,False
0.5-1,4456,0,1.5398048334804936e-05,False
0.5-1,4457,0,4.173261642082527e-23,False
0.5-1,4458,0,8.250385703555216e-24,False
0.5-1,4459,0,1.578493975386348e-06,False
0.5-1,4460,0,1.3659258669623899e-05,False
0.5-1,4461,0,6.777477444527408e-25,False
0.5-1,4462,0,2.7559441565683517e-14,False
0.5-1,4463,0,8.447750593356267e-08,False
0.5-1,4464,0,2.9960688221129347e-07,False
0.5-1,4465,0,3.1566601134518324e-08,False
0.5-1,4466,0,6.577770863117508e-20,False
0.5-1,4467,0,6.887420766992367e-07,False
0.5-1,4468,0,3.0212765381729005e-16,False
0.5-1,4469,0,1.2805303380315217e-06,False
0.5-1,4470,0,1.8495834037266254e-07,False
0.5-1,4471,0,1.5546700848872316e-07,False
0.5-1,4472,0,2.816978773604552e-10,False
0.5-1,4473,0,1.7980655427234558e-08,False
0.5-1,4474,0,4.662758934693082e-09,False
0.5-1,4475,0,3.293546307375029e-12,False
0.5-1,4476,0,9.196937685527767e-08,False
0.5-1,4477,0,1.5765732399394547e-09,False
0.5-1,4478,0,1.203024365979904e-05,False
0.5-1,4479,0,4.2147962058658496e-11,False
0.5-1,4480,0,3.321518970656992e-14,False
0.5-1,4481,0,7.461435378712376e-11,False
0.5-1,4482,0,4.715440562593212e-10,False
0.5-1,4483,0,2.11301602610318e-14,False
0.5-1,4484,0,1.4305920744372987e-15,False
0.5-1,4485,0,7.471821056510132e-10,False
0.5-1,4486,0,4.103049046091758e-08,False
0.5-1,4487,0,2.3663614885391917e-10,False
0.5-1,4488,0,2.3018186456604817e-13,False
0.5-1,4489,0,8.121336101497291e-09,False
0.5-1,4490,0,4.2360416168390266e-08,False
0.5-1,4491,0,7.523405244572382e-13,False
0.5-1,4492,0,2.4719729798814576e-07,False
0.5-1,4493,0,6.261526103544421e-11,False
0.5-1,4494,0,4.339433024954814e-13,False
0.5-1,4495,1,0.9984406036655438,True
0.5-1,4496,0,1.7715870251893996e-08,False
0.5-1,4497,0,7.260616240739358e-07,False
0.5-1,4498,0,3.7423470934785894e-09,False
0.5-1,4499,0,1.0522607147415389e-07,False
0.5-1,4500,0,3.534043566225969e-10,False
0.5-1,4501,0,2.5151065817327275e-11,False
0.5-1,4502,0,1.9270298361255127e-08,False
0.5-1,4503,0,8.1376049930362e-11,False
0.5-1,4504,0,5.0935976448013966e-15,False
0.5-1,4505,0,2.068532240627945e-12,False
0.5-1,4506,0,3.895196163334233e-12,False
0.5-1,4507,0,1.4903748247218066e-12,False
0.5-1,4508,0,2.820505044918886e-14,False
0.5-1,4509,0,2.40747047479518e-12,False
0.5-1,4510,0,8.728270161019813e-08,False
0.5-1,4511,0,8.96697098807796e-09,False
0.5-1,4512,0,7.90969143442733e-13,False
0.5-1,4513,0,1.954856056056273e-06,False
0.5-1,4514,0,5.544087099194231e-10,False
0.5-1,4515,0,1.0318703409668361e-11,False
0.5-1,4516,0,1.2092244390861992e-08,False
0.5-1,4517,0,9.302555309540362e-11,False
0.5-1,4518,0,2.2139485645870282e-12,False
0.5-1,4519,0,6.836009076290142e-12,False
0.5-1,4520,0,7.010741884558396e-09,False
0.5-1,4521,0,4.773866334009282e-06,False
0.5-1,4522,0,2.2124485650330108e-08,False
0.5-1,4523,0,7.175141593179705e-07,False
0.5-1,4524,0,4.532059439807704e-11,False
0.5-1,4525,0,2.029135265042778e-12,False
0.5-1,4526,0,2.0876127761371777e-11,False
0.5-1,4527,0,2.4622283673166576e-11,False
0.5-1,4528,0,1.1282057519998441e-13,False
0.5-1,4529,0,9.906041317322925e-13,False
0.5-1,4530,0,4.6916547691474416e-11,False
0.5-1,4531,0,3.3119005920387505e-12,False
0.5-1,4532,0,2.6815404037700566e-11,False
0.5-1,4533,0,1.9011146605272025e-13,False
0.5-1,4534,0,9.971962631910695e-08,False
0.5-1,4535,0,3.2479675300093175e-08,False
0.5-1,4536,0,5.13806480675903e-13,False
0.5-1,4537,0,2.787229823151771e-07,False
0.5-1,4538,0,3.416173083081634e-12,False
0.5-1,4539,0,3.135227470585977e-11,False
0.5-1,4540,0,1.4438949960617165e-08,False
0.5-1,4541,0,2.5372224064387907e-11,False
0.5-1,4542,0,7.584374857675517e-12,False
0.5-1,4543,0,3.821578524461139e-12,False
0.5-1,4544,0,7.763147498935819e-08,False
0.5-1,4545,0,9.336736441708083e-07,False
0.5-1,4546,0,4.195815971218373e-08,False
0.5-1,4547,0,1.5160838296832675e-06,False
0.5-1,4548,0,2.489504884552196e-12,False
0.5-1,4549,0,1.0330131158392013e-12,False
0.5-1,4550,0,1.0121682200228045e-11,False
0.5-1,4551,0,1.299173817577667e-10,False
0.5-1,4552,0,3.4857391929762745e-12,False
0.5-1,4553,0,7.875604223068455e-14,False
0.5-1,4554,0,3.1172594496427353e-13,False
0.5-1,4555,0,1.0803349742531264e-10,False
0.5-1,4556,0,1.9054657649868756e-12,False
0.5-1,4557,0,5.921617271927933e-14,False
0.5-1,4558,0,2.2148748016334492e-08,False
0.5-1,4559,0,1.1081652206324923e-07,False
0.5-1,4560,0,2.405865520746566e-12,False
0.5-1,4561,0,1.4686457557722525e-07,False
0.5-1,4562,0,4.431110776893944e-12,False
0.5-1,4563,0,4.540505466793567e-11,False
0.5-1,4564,0,2.910692688735071e-09,False
0.5-1,4565,0,5.5427041440935224e-11,False
0.5-1,4566,0,4.9501150884650564e-11,False
0.5-1,4567,0,5.9030012296373055e-12,False
0.5-1,4568,0,2.0254216018263506e-07,False
0.5-1,4569,0,7.7012113785347e-06,False
0.5-1,4570,0,2.6642026211972294e-09,False
0.5-1,4571,0,3.8646095661938905e-06,False
0.5-1,4572,0,5.540032574289443e-12,False
0.5-1,4573,0,1.0182897087488127e-11,False
0.5-1,4574,0,2.986786207014385e-12,False
0.5-1,4575,0,2.241132874026326e-10,False
0.5-1,4576,0,3.083639909427399e-09,False
0.5-1,4577,0,8.796540211085092e-16,False
0.5-1,4578,0,5.4735918027647024e-14,False
0.5-1,4579,0,7.910760593148428e-10,False
0.5-1,4580,0,6.555573258482372e-10,False
0.5-1,4581,0,4.855757866875931e-15,False
0.5-1,4582,0,7.258316452636606e-09,False
0.5-1,4583,0,1.034904908199686e-06,False
0.5-1,4584,0,2.4486049870359067e-09,False
0.5-1,4585,0,1.722108712166574e-08,False
0.5-1,4586,0,2.1152087130802756e-14,False
0.5-1,4587,0,5.234263507839906e-11,False
0.5-1,4588,0,2.468616756026119e-09,False
0.5-1,4589,0,4.455607336735559e-09,False
0.5-1,4590,0,4.664972696126425e-09,False
0.5-1,4591,0,4.839234992943633e-10,False
0.5-1,4592,0,1.3677051759552556e-05,False
0.5-1,4593,0,0.003758937099059936,False
0.5-1,4594,0,8.728553810613051e-09,False
0.5-1,4595,0,0.00022830185428519,False
0.5-1,4596,0,2.0680016811350292e-10,False
0.5-1,4597,0,7.532988842420667e-12,False
0.5-1,4598,0,6.564313732417142e-11,False
0.5-1,4599,0,1.2228789183735775e-08,False
0.5-1,4600,0,2.3345354850590355e-07,False
0.5-1,4601,0,2.1533130053856075e-17,False
0.5-1,4602,0,1.3016940115489295e-15,False
0.5-1,4603,0,6.7761321136829244e-09,False
0.5-1,4604,0,1.3136117106099794e-05,False
0.5-1,4605,0,3.6892834135509177e-16,False
0.5-1,4606,0,8.187531336455065e-10,False
0.5-1,4607,0,1.6451445584074645e-07,False
0.5-1,4608,0,3.458114978217947e-07,False
0.5-1,4609,0,9.892702029018742e-07,False
0.5-1,4610,0,4.7367973273730695e-09,False
0.5-1,4611,0,5.732354165630066e-09,False
0.5-1,4612,0,8.594050137590455e-09,False
0.5-1,4613,0,1.4980010786761566e-10,False
0.5-1,4614,0,2.869534245561797e-08,False
0.5-1,4615,0,1.077084924570011e-06,False
0.5-1,4616,0,1.3475374445331392e-05,False
0.5-1,4617,0,5.104976719105229e-05,False
0.5-1,4618,0,3.9734753918354425e-05,False
0.5-1,4619,0,0.00040598292356658957,False
0.5-1,4620,0,2.214744617612507e-06,False
0.5-1,4621,0,6.221626153118956e-09,False
0.5-1,4622,0,4.360562633625626e-06,False
0.5-1,4623,0,8.36924259370752e-09,False
0.5-1,4624,0,0.0006167618288564151,False
0.5-1,4625,0,3.6027044362130734e-20,False
0.5-1,4626,0,1.6385916499301298e-17,False
0.5-1,4627,0,2.1796776010092684e-05,False
0.5-1,4628,0,2.8108174138409206e-07,False
0.5-1,4629,0,2.6088376821493663e-18,False
0.5-1,4630,0,3.7039954038253747e-09,False
0.5-1,4631,0,9.79755783227455e-05,False
0.5-1,4632,0,5.2297480617592285e-05,False
0.5-1,4633,0,2.716085398485961e-07,False
0.5-1,4634,0,1.9619576792642437e-15,False
0.5-1,4635,0,7.551471402377448e-10,False
0.5-1,4636,0,1.212061958534232e-10,False
0.5-1,4637,0,1.4712348504182974e-07,False
0.5-1,4638,0,2.8552383172689755e-06,False
0.5-1,4639,0,3.363385416097359e-05,False
0.5-1,4640,0,6.762307042943449e-06,False
0.5-1,4641,0,5.881138691199659e-06,False
0.5-1,4642,0,1.0342159618635136e-09,False
0.5-1,4643,0,7.17882668547207e-05,False
0.5-1,4644,0,5.074134340393207e-05,False
0.5-1,4645,0,1.6615923989218635e-06,False
0.5-1,4646,0,6.268998570222466e-05,False
0.5-1,4647,0,2.671345609901431e-08,False
0.5-1,4648,0,8.645516838832699e-05,False
0.5-1,4649,0,5.743636617896089e-22,False
0.5-1,4650,0,1.4510644396451963e-16,False
0.5-1,4651,0,1.0211546075141574e-07,False
0.5-1,4652,0,5.6874698886025486e-05,False
0.5-1,4653,0,2.2603843391085747e-19,False
0.5-1,4654,0,6.404732809256993e-08,False
0.5-1,4655,0,0.0003582377081321187,False
0.5-1,4656,0,2.7333869756086533e-05,False
0.5-1,4657,0,6.135269439644526e-06,False
0.5-1,4658,0,1.6599936872300594e-19,False
0.5-1,4659,0,8.919901624856135e-08,False
0.5-1,4660,0,1.446314152344621e-10,False
0.5-1,4661,0,0.017305855586429626,False
0.5-1,4662,0,8.998980945825183e-06,False
0.5-1,4663,0,1.948716425853719e-05,False
0.5-1,4664,0,7.144455388898419e-10,False
0.5-1,4665,0,5.321835660894284e-08,False
0.5-1,4666,0,4.4523079101802737e-14,False
0.5-1,4667,0,5.617235186521404e-07,False
0.5-1,4668,0,2.227615538495562e-06,False
0.5-1,4669,0,7.081352699401252e-08,False
0.5-1,4670,0,7.400453882598581e-06,False
0.5-1,4671,0,3.564919883291737e-06,False
0.5-1,4672,0,2.160894768048709e-06,False
0.5-1,4673,0,5.125351364872075e-08,False
0.5-1,4674,0,3.2789920977071458e-06,False
0.5-1,4675,0,1.5724823876075515e-06,False
0.5-1,4676,0,4.274256594541809e-05,False
0.5-1,4677,0,1.2690803326028725e-27,False
0.5-1,4678,0,3.669350522964059e-17,False
0.5-1,4679,0,2.98974436858113e-07,False
0.5-1,4680,0,3.659639409418026e-05,False
0.5-1,4681,0,9.761745894790945e-24,False
0.5-1,4682,0,4.654331507644279e-12,False
0.5-1,4683,0,3.22506997456366e-07,False
0.5-1,4684,0,9.864460172883976e-08,False
0.5-1,4685,0,2.1345988350895718e-08,False
0.5-1,4686,0,5.444659756444487e-23,False
0.5-1,4687,0,5.1295294033567146e-08,False
0.5-1,4688,0,2.7568333547101883e-17,False
0.5-1,4689,0,2.882452783032627e-07,False
0.5-1,4690,0,5.957343458937554e-07,False
0.5-1,4691,0,2.2333815016539263e-07,False
0.5-1,4692,0,2.537111865811489e-08,False
0.5-1,4693,0,9.644757950974175e-09,False
0.5-1,4694,0,1.099134333368997e-08,False
0.5-1,4695,0,3.1098019122633185e-11,False
0.5-1,4696,0,0.003989579493155814,False
0.5-1,4697,0,4.931767916579599e-11,False
0.5-1,4698,0,9.199358344651207e-06,False
0.5-1,4699,0,3.2854280385760316e-09,False
0.5-1,4700,0,1.2531668645403848e-15,False
0.5-1,4701,0,1.0176499483988287e-12,False
0.5-1,4702,0,1.5148868365435173e-08,False
0.5-1,4703,0,4.953308668402823e-13,False
0.5-1,4704,0,1.2091584407568203e-14,False
0.5-1,4705,0,8.730421247093664e-05,False
0.5-1,4706,0,1.6368313334144975e-06,False
0.5-1,4707,0,4.274067427203173e-10,False
0.5-1,4708,0,2.153595294809116e-09,False
0.5-1,4709,0,2.3161107544987793e-09,False
0.5-1,4710,0,8.095702525410834e-08,False
0.5-1,4711,0,1.4818498961037773e-11,False
0.5-1,4712,0,1.265946655836774e-07,False
0.5-1,4713,0,1.3870960573649673e-07,False
0.5-1,4714,0,2.1773860278816557e-12,False
0.5-1,4715,0,1.535887743325358e-05,False
0.5-1,4716,0,3.905244300926272e-08,False
0.5-1,4717,0,2.3282102452248576e-07,False
0.5-1,4718,0,1.719112096795351e-09,False
0.5-1,4719,0,2.9960946073690095e-07,False
0.5-1,4720,0,3.5464222459054135e-08,False
0.5-1,4721,0,6.260766449072495e-11,False
0.5-1,4722,0,2.7964307012644203e-09,False
0.5-1,4723,0,3.361580526639536e-11,False
0.5-1,4724,0,1.3939712500676465e-14,False
0.5-1,4725,0,4.2306399976937035e-13,False
0.5-1,4726,0,2.871878322922409e-11,False
0.5-1,4727,0,1.3160770507466473e-12,False
0.5-1,4728,0,6.405618100063034e-14,False
0.5-1,4729,0,2.405534683565831e-06,False
0.5-1,4730,0,3.572683892375975e-07,False
0.5-1,4731,0,1.071441610885902e-07,False
0.5-1,4732,0,1.4432014827370748e-12,False
0.5-1,4733,0,2.1345705575185973e-06,False
0.5-1,4734,0,1.8028363346435367e-11,False
0.5-1,4735,0,4.190009174269949e-12,False
0.5-1,4736,0,1.47423631630954e-07,False
0.5-1,4737,0,9.17445847595441e-11,False
0.5-1,4738,0,1.856121936716162e-11,False
0.5-1,4739,0,1.2853909490343008e-10,False
0.5-1,4740,0,2.5420711178437355e-09,False
0.5-1,4741,0,3.9074164971051883e-07,False
0.5-1,4742,0,7.418752728371435e-09,False
0.5-1,4743,0,8.48166303196079e-07,False
0.5-1,4744,0,1.5621913747461374e-10,False
0.5-1,4745,0,2.5016642616661863e-12,False
0.5-1,4746,0,1.8136838697904508e-11,False
0.5-1,4747,1,0.9999861388832616,True
0.5-1,4748,0,1.502073363546229e-12,False
0.5-1,4749,0,1.2731550525498214e-13,False
0.5-1,4750,0,5.726121773221397e-13,False
0.5-1,4751,0,4.673456210137047e-11,False
0.5-1,4752,1,0.9999646298624646,True
0.5-1,4753,0,8.556237011614972e-13,False
0.5-1,4754,0,1.5981648531467318e-07,False
0.5-1,4755,0,9.530116070868594e-08,False
0.5-1,4756,0,7.405381809909776e-13,False
0.5-1,4757,0,9.44095769956553e-06,False
0.5-1,4758,0,1.9796731570829297e-11,False
0.5-1,4759,0,1.496071824675934e-11,False
0.5-1,4760,0,5.638393208782696e-08,False
0.5-1,4761,0,1.2182243092693162e-11,False
0.5-1,4762,0,5.748720709092989e-11,False
0.5-1,4763,0,2.107830894686905e-10,False
0.5-1,4764,0,1.515646381722585e-08,False
0.5-1,4765,0,1.2204792290596093e-05,False
0.5-1,4766,0,9.309911531572205e-08,False
0.5-1,4767,0,3.0094489910030276e-06,False
0.5-1,4768,0,3.699716512111221e-12,False
0.5-1,4769,0,3.4966470744550544e-12,False
0.5-1,4770,0,1.6229135262748096e-11,False
0.5-1,4771,0,1.5166546324314668e-11,False
0.5-1,4772,0,5.779963483874897e-13,False
0.5-1,4773,0,6.497901982495132e-12,False
0.5-1,4774,0,1.4494172722131982e-13,False
0.5-1,4775,0,5.7733426717108504e-08,False
0.5-1,4776,0,4.233572691893151e-11,False
0.5-1,4777,0,7.000843844316312e-14,False
0.5-1,4778,0,4.552905657691341e-07,False
0.5-1,4779,0,1.065186695488358e-06,False
0.5-1,4780,0,3.382419266041206e-10,False
0.5-1,4781,0,6.312312180831522e-07,False
0.5-1,4782,0,1.9136663434761733e-12,False
0.5-1,4783,0,1.2942235979591416e-11,False
0.5-1,4784,0,7.243575592961708e-07,False
0.5-1,4785,0,1.4094719688098251e-11,False
0.5-1,4786,0,2.197993859479461e-11,False
0.5-1,4787,0,3.288569303461644e-12,False
0.5-1,4788,0,7.442099027798232e-08,False
0.5-1,4789,0,1.0140469389448999e-05,False
0.5-1,4790,0,3.3952470015097735e-09,False
0.5-1,4791,0,1.0684363745389646e-06,False
0.5-1,4792,0,1.0168600509975038e-11,False
0.5-1,4793,0,5.3809495805003405e-12,False
0.5-1,4794,0,3.5565161700733285e-12,False
0.5-1,4795,0,1.2853031517722913e-11,False
0.5-1,4796,0,5.6314766888005394e-12,False
0.5-1,4797,0,8.754646221829628e-13,False
0.5-1,4798,0,2.710944291891411e-14,False
0.5-1,4799,0,7.3627386146664476e-06,False
0.5-1,4800,0,1.635834084356986e-09,False
0.5-1,4801,0,2.211871254130081e-13,False
0.5-1,4802,0,1.1943213481544064e-06,False
0.5-1,4803,0,4.176283603158941e-06,False
0.5-1,4804,0,5.4617500776536174e-09,False
0.5-1,4805,0,0.0004665582287355723,False
0.5-1,4806,0,1.947508586331858e-12,False
0.5-1,4807,0,5.7174943320384976e-11,False
0.5-1,4808,0,6.896099319040055e-07,False
0.5-1,4809,0,1.643435388927826e-08,False
0.5-1,4810,0,2.8349665326502795e-10,False
0.5-1,4811,0,2.190362077075197e-11,False
0.5-1,4812,0,5.206453788490521e-07,False
0.5-1,4813,0,0.005592247447316701,False
0.5-1,4814,0,9.617131060465984e-09,False
0.5-1,4815,0,0.0003400263961725525,False
0.5-1,4816,0,1.0583739310111718e-11,False
0.5-1,4817,0,8.006702475897237e-11,False
0.5-1,4818,0,1.2411670621226061e-08,False
0.5-1,4819,0,4.4633838652687716e-10,False
0.5-1,4820,0,3.131767783617473e-09,False
0.5-1,4821,0,2.1523475808219742e-17,False
0.5-1,4822,0,5.902436701268809e-15,False
0.5-1,4823,0,9.414329335687253e-09,False
0.5-1,4824,0,9.523550738474412e-05,False
0.5-1,4825,0,4.001034932659538e-15,False
0.5-1,4826,0,1.4715170989131679e-08,False
0.5-1,4827,0,4.3399869978119714e-07,False
0.5-1,4828,0,6.10037854121391e-07,False
0.5-1,4829,0,0.02622903494151413,False
0.5-1,4830,0,1.428735213239281e-14,False
0.5-1,4831,0,1.8148990120285984e-09,False
0.5-1,4832,0,5.77654011718345e-09,False
0.5-1,4833,0,1.3788267814767934e-07,False
0.5-1,4834,0,7.629349309590096e-11,False
0.5-1,4835,0,1.808247885570844e-09,False
0.5-1,4836,0,1.1520689227614822e-09,False
0.5-1,4837,0,4.066591962837144e-05,False
0.5-1,4838,0,1.4353680052567058e-08,False
0.5-1,4839,0,2.127850467382599e-05,False
0.5-1,4840,0,2.922215845123134e-09,False
0.5-1,4841,0,2.928183985764687e-09,False
0.5-1,4842,0,5.122261840104741e-05,False
0.5-1,4843,0,3.285678733409689e-10,False
0.5-1,4844,0,1.1842571915187723e-05,False
0.5-1,4845,0,4.344966394614727e-21,False
0.5-1,4846,0,2.8518555604849627e-18,False
0.5-1,4847,0,8.561000225693851e-06,False
0.5-1,4848,0,1.1071473554362115e-06,False
0.5-1,4849,0,4.020748586094045e-18,False
0.5-1,4850,0,1.717046269870073e-08,False
0.5-1,4851,0,8.711619808234434e-06,False
0.5-1,4852,0,3.6459343579910384e-06,False
0.5-1,4853,0,9.724299459921075e-05,False
0.5-1,4854,0,1.378176591566253e-18,False
0.5-1,4855,0,9.180790678291365e-10,False
0.5-1,4856,0,3.1623292000474055e-11,False
0.5-1,4857,0,0.00035271870175854886,False
0.5-1,4858,0,1.382817464593171e-09,False
0.5-1,4859,0,5.632415443403835e-07,False
0.5-1,4860,0,6.103442569650898e-08,False
0.5-1,4861,0,1.4260278742485767e-05,False
0.5-1,4862,0,4.0337977917488176e-10,False
0.5-1,4863,0,2.74430310386726e-05,False
0.5-1,4864,0,2.2857404717345765e-08,False
0.5-1,4865,0,2.5993671008808504e-09,False
0.5-1,4866,0,0.00013552053933690324,False
0.5-1,4867,0,1.750385649234836e-10,False
0.5-1,4868,0,3.976534725912422e-05,False
0.5-1,4869,0,1.3453426649368522e-24,False
0.5-1,4870,0,1.6877772689822972e-19,False
0.5-1,4871,0,1.4711661729125104e-05,False
0.5-1,4872,0,1.9339337141968893e-06,False
0.5-1,4873,0,1.233662100672504e-20,False
0.5-1,4874,0,3.739692031467963e-13,False
0.5-1,4875,0,7.118939202637497e-10,False
0.5-1,4876,0,0.0001081560565772625,False
0.5-1,4877,0,1.3456145784553665e-05,False
0.5-1,4878,0,3.5680036409522026e-23,False
0.5-1,4879,0,7.552187664688836e-07,False
0.5-1,4880,0,7.0464865401364425e-12,False
0.5-1,4881,0,9.836024922134128e-06,False
0.5-1,4882,0,6.723521916434599e-09,False
0.5-1,4883,0,9.668800651565536e-06,False
0.5-1,4884,0,4.780029316219522e-11,False
0.5-1,4885,0,4.312419169775617e-08,False
0.5-1,4886,0,4.5114513680501505e-14,False
0.5-1,4887,0,1.0079430214239925e-06,False
0.5-1,4888,0,1.8530853206773765e-06,False
0.5-1,4889,0,2.222195462325151e-08,False
0.5-1,4890,0,1.7088843888197592e-05,False
0.5-1,4891,0,7.849415781897402e-08,False
0.5-1,4892,0,2.0578710671983772e-06,False
0.5-1,4893,0,1.0037657320087819e-07,False
0.5-1,4894,0,2.1336102470176212e-07,False
0.5-1,4895,0,3.0777236119772274e-06,False
0.5-1,4896,0,8.111925743954677e-06,False
0.5-1,4897,0,2.443656035625022e-28,False
0.5-1,4898,0,3.6120728134640736e-23,False
0.5-1,4899,0,4.355801818259014e-08,False
0.5-1,4900,0,3.5583978278391795e-05,False
0.5-1,4901,0,2.839198987822647e-23,False
0.5-1,4902,0,2.150644183693224e-15,False
0.5-1,4903,0,2.0873807939742322e-07,False
0.5-1,4904,0,1.238494080075436e-07,False
0.5-1,4905,0,8.359472308309877e-08,False
0.5-1,4906,0,3.0187348856950846e-23,False
0.5-1,4907,0,1.4760463068212165e-07,False
0.5-1,4908,0,1.093399132168027e-16,False
0.5-1,4909,0,2.720814841376352e-06,False
0.5-1,4910,0,2.822220921017663e-08,False
0.5-1,4911,0,4.670755782617369e-07,False
0.5-1,4912,0,4.520289746764578e-08,False
0.5-1,4913,0,9.469935804400198e-09,False
0.5-1,4914,0,6.569903858272575e-05,False
0.5-1,4915,0,1.2020024615375996e-10,False
0.5-1,4916,0,0.008524566778811728,False
0.5-1,4917,0,6.930165319119865e-10,False
0.5-1,4918,0,0.007136373573084159,False
0.5-1,4919,0,3.620968861309818e-11,False
0.5-1,4920,0,4.734495098051656e-16,False
0.5-1,4921,0,1.78007928998601e-06,False
0.5-1,4922,0,1.023861938250433e-08,False
0.5-1,4923,0,0.0005650722058256386,False
0.5-1,4924,0,4.436853173905201e-14,False
0.5-1,4925,0,9.40070452347857e-06,False
0.5-1,4926,0,5.441241657419411e-06,False
0.5-1,4927,0,3.7583803568461005e-11,False
0.5-1,4928,0,1.4495125821897042e-11,False
0.5-1,4929,0,8.592961979997649e-09,False
0.5-1,4930,0,1.2391565839011816e-07,False
0.5-1,4931,1,0.9993138191178379,True
0.5-1,4932,0,1.2786043108106695e-06,False
0.5-1,4933,0,7.4273155159139e-06,False
0.5-1,4934,0,3.53456837284203e-12,False
0.5-1,4935,0,8.412431353975874e-07,False
0.5-1,4936,0,1.314495837865773e-08,False
0.5-1,4937,0,2.7695553067108345e-07,False
0.5-1,4938,0,2.3319130330305845e-06,False
0.5-1,4939,0,1.4195261034676105e-06,False
0.5-1,4940,0,1.6180239244182142e-08,False
0.5-1,4941,0,3.333793287094387e-11,False
0.5-1,4942,0,1.0577223907657956e-09,False
0.5-1,4943,0,6.126741084342555e-12,False
0.5-1,4944,0,3.440988893112714e-14,False
0.5-1,4945,0,4.3065200205196926e-09,False
0.5-1,4946,0,1.0053189484030785e-11,False
0.5-1,4947,0,1.695974520217433e-11,False
0.5-1,4948,0,2.344360869070353e-13,False
0.5-1,4949,0,3.6943685015699217e-07,False
0.5-1,4950,0,1.6872195047858047e-07,False
0.5-1,4951,0,9.256341472229424e-09,False
0.5-1,4952,0,5.481427490298968e-11,False
0.5-1,4953,0,2.6487033018029302e-06,False
0.5-1,4954,0,1.0168797771293592e-10,False
0.5-1,4955,0,1.0365731898583311e-10,False
0.5-1,4956,0,8.133509843435192e-06,False
0.5-1,4957,0,1.910947555416127e-09,False
0.5-1,4958,0,5.587025879447372e-12,False
0.5-1,4959,0,4.91452501397841e-10,False
0.5-1,4960,0,5.621673273145418e-09,False
0.5-1,4961,0,3.652026268077702e-06,False
0.5-1,4962,0,1.3357005772858477e-08,False
0.5-1,4963,0,1.4500998549254826e-06,False
0.5-1,4964,0,1.562637240042511e-08,False
0.5-1,4965,0,1.186032768107372e-11,False
0.5-1,4966,0,1.0515243379573419e-10,False
0.5-1,4967,0,1.6770687262770533e-11,False
0.5-1,4968,0,5.182671354229385e-13,False
0.5-1,4969,0,6.847747307853692e-10,False
0.5-1,4970,0,6.378902708543876e-10,False
0.5-1,4971,0,1.4432071483613223e-11,False
0.5-1,4972,0,7.553211935934918e-12,False
0.5-1,4973,0,2.272480348515312e-11,False
0.5-1,4974,0,2.8441961332935714e-07,False
0.5-1,4975,0,1.094622955844693e-06,False
0.5-1,4976,0,0.000981211078730435,False
0.5-1,4977,0,5.345558545209338e-07,False
0.5-1,4978,0,3.035686636564577e-07,False
0.5-1,4979,0,1.4516498411815722e-10,False
0.5-1,4980,0,3.159168001394647e-08,False
0.5-1,4981,0,3.4358466110781654e-11,False
0.5-1,4982,0,1.188777120156748e-11,False
0.5-1,4983,0,6.2257578225550054e-09,False
0.5-1,4984,0,6.564659305812812e-09,False
0.5-1,4985,0,3.1224035047627976e-06,False
0.5-1,4986,0,4.176369657603783e-09,False
0.5-1,4987,0,1.3651407927102011e-06,False
0.5-1,4988,0,4.20387526867188e-11,False
0.5-1,4989,0,2.031610544918022e-12,False
0.5-1,4990,0,1.3290824720916499e-10,False
0.5-1,4991,0,7.506378627573967e-12,False
0.5-1,4992,0,1.2942864022323827e-13,False
0.5-1,4993,0,1.8548212499989736e-13,False
0.5-1,4994,0,1.0284895968666804e-12,False
0.5-1,4995,0,9.343627291068428e-11,False
0.5-1,4996,0,1.1811622357192812e-11,False
0.5-1,4997,0,0.00020822347797806346,False
0.5-1,4998,0,2.0347191256164866e-07,False
0.5-1,4999,0,8.968755859242712e-07,False
0.5-1,5000,0,2.1671841694995105e-07,False
0.5-1,5001,0,1.8906615488769409e-06,False
0.5-1,5002,0,1.0471966907180447e-12,False
0.5-1,5003,0,1.4075195056654994e-11,False
0.5-1,5004,0,7.73352514641136e-08,False
0.5-1,5005,0,3.812436580145782e-11,False
0.5-1,5006,0,2.649635054741553e-11,False
0.5-1,5007,0,6.609814329077186e-11,False
0.5-1,5008,0,8.518863488260798e-09,False
0.5-1,5009,0,1.7237973601136228e-06,False
0.5-1,5010,0,2.1331226422284944e-09,False
0.5-1,5011,0,1.2008303563330645e-05,False
0.5-1,5012,0,3.8983517287305403e-10,False
0.5-1,5013,0,3.160599397522046e-11,False
0.5-1,5014,0,8.12905100379126e-12,False
0.5-1,5015,0,7.98953677418387e-12,False
0.5-1,5016,0,7.621774441541492e-13,False
0.5-1,5017,0,6.647225160149796e-15,False
0.5-1,5018,0,1.1359638471702199e-13,False
0.5-1,5019,0,2.4624165543793487e-08,False
0.5-1,5020,0,3.342514739207695e-09,False
0.5-1,5021,0,3.3309411237962583e-13,False
0.5-1,5022,0,8.2057816123506e-08,False
0.5-1,5023,0,6.609988303121502e-05,False
0.5-1,5024,0,0.00015127261366679388,False
0.5-1,5025,0,0.0001589196796457693,False
0.5-1,5026,0,2.526292405675014e-13,False
0.5-1,5027,0,4.29919338103104e-12,False
0.5-1,5028,0,1.1147066513356339e-07,False
0.5-1,5029,0,2.1266371660222695e-10,False
0.5-1,5030,0,1.21099607605197e-11,False
0.5-1,5031,0,5.222762525679082e-10,False
0.5-1,5032,0,2.2908588919598142e-08,False
0.5-1,5033,0,0.00030640342600385384,False
0.5-1,5034,0,2.919315172614601e-09,False
0.5-1,5035,0,0.000849695723377913,False
0.5-1,5036,0,2.209703712498962e-10,False
0.5-1,5037,0,2.0989311325001557e-12,False
0.5-1,5038,0,9.375579323238968e-09,False
0.5-1,5039,0,1.1834741824011406e-09,False
0.5-1,5040,0,4.517438398566335e-12,False
0.5-1,5041,0,3.981428955982169e-18,False
0.5-1,5042,0,7.204450486773604e-15,False
0.5-1,5043,0,1.9564115015663628e-06,False
0.5-1,5044,0,1.7492908401932437e-08,False
0.5-1,5045,0,2.3277574501679515e-15,False
0.5-1,5046,0,1.5225116667618984e-07,False
0.5-1,5047,0,7.918276897038887e-05,False
0.5-1,5048,0,2.989288257706563e-09,False
0.5-1,5049,0,0.003907241619208516,False
0.5-1,5050,0,1.181256038219865e-15,False
0.5-1,5051,0,1.0377919144153931e-11,False
0.5-1,5052,0,1.4634070010069032e-07,False
0.5-1,5053,0,8.296526066604271e-10,False
0.5-1,5054,0,1.2709971196497402e-11,False
0.5-1,5055,0,3.2490211873153737e-07,False
0.5-1,5056,0,6.318118641158201e-10,False
0.5-1,5057,0,0.00027314711787354155,False
0.5-1,5058,0,2.0428437156208472e-10,False
0.5-1,5059,0,5.215194526617579e-05,False
0.5-1,5060,0,1.2114662681974654e-06,False
0.5-1,5061,0,4.238324433253133e-11,False
0.5-1,5062,0,2.087042782369752e-06,False
0.5-1,5063,0,1.38305650642121e-09,False
0.5-1,5064,0,1.2828294110840412e-10,False
0.5-1,5065,0,5.854919298144877e-19,False
0.5-1,5066,0,0.8327274495596265,False
0.5-1,5067,0,0.00028261581791737793,False
0.5-1,5068,0,0.0017746702435084683,False
0.5-1,5069,0,2.7453969922497412e-17,False
0.5-1,5070,0,1.0463193030337155e-07,False
0.5-1,5071,0,0.004947638935621922,False
0.5-1,5072,0,1.3574131134754256e-07,False
0.5-1,5073,0,0.0005639943944727226,False
0.5-1,5074,0,1.2934301694955196e-11,False
0.5-1,5075,0,8.343200391884482e-13,False
0.5-1,5076,0,9.147231012187585e-09,False
0.5-1,5077,0,8.599797687991829e-06,False
0.5-1,5078,0,1.6628124869020986e-11,False
0.5-1,5079,0,1.0877450536468441e-08,False
0.5-1,5080,0,7.803366543633463e-10,False
0.5-1,5081,0,3.419154424707854e-06,False
0.5-1,5082,0,9.829981650207594e-14,False
0.5-1,5083,0,3.4567793291346176e-05,False
0.5-1,5084,0,0.00014774832350887183,False
0.5-1,5085,0,6.050258973739232e-12,False
0.5-1,5086,0,7.132806859209312e-05,False
0.5-1,5087,0,8.933485770764292e-10,False
0.5-1,5088,0,7.74489186598709e-06,False
0.5-1,5089,0,1.0099481364144974e-21,False
0.5-1,5090,0,4.033740771388543e-22,False
0.5-1,5091,0,0.00012148644186126652,False
0.5-1,5092,0,0.0002186831142167645,False
0.5-1,5093,0,2.1548329198564543e-21,False
0.5-1,5094,0,1.3844408088425673e-08,False
0.5-1,5095,0,0.00011694372578187256,False
0.5-1,5096,0,6.992819093003457e-05,False
0.5-1,5097,0,5.366278376484539e-05,False
0.5-1,5098,0,3.4365516466199647e-22,False
0.5-1,5099,0,4.514999753071722e-11,False
0.5-1,5100,0,6.789076937700908e-10,False
0.5-1,5101,0,1.802416012537995e-05,False
0.5-1,5102,0,2.293517281745439e-12,False
0.5-1,5103,0,2.6934909578415626e-06,False
0.5-1,5104,0,3.588970949078658e-13,False
0.5-1,5105,0,1.898523144354526e-08,False
0.5-1,5106,0,3.324094290316125e-17,False
0.5-1,5107,0,4.508753998515027e-07,False
0.5-1,5108,0,4.003681659866904e-06,False
0.5-1,5109,0,4.538128195972969e-10,False
0.5-1,5110,0,3.092554387030302e-05,False
0.5-1,5111,0,3.0491252338771746e-07,False
0.5-1,5112,0,4.719441063297757e-06,False
0.5-1,5113,0,1.9362244197911604e-08,False
0.5-1,5114,0,3.4018344960374506e-07,False
0.5-1,5115,0,5.801251929859066e-06,False
0.5-1,5116,0,5.422537703197302e-06,False
0.5-1,5117,0,3.6248737306166074e-27,False
0.5-1,5118,0,1.5570836367640311e-24,False
0.5-1,5119,0,1.763909927546785e-07,False
0.5-1,5120,0,2.6909077683731954e-05,False
0.5-1,5121,0,4.0324497078865795e-19,False
0.5-1,5122,0,1.690022889868374e-10,False
0.5-1,5123,0,2.6820318415482926e-06,False
0.5-1,5124,0,8.806843467889616e-11,False
0.5-1,5125,0,2.2238610810696567e-08,False
0.5-1,5126,0,1.5746465412358406e-18,False
0.5-1,5127,0,4.5963236871225024e-10,False
0.5-1,5128,0,9.333969490385855e-20,False
0.5-1,5129,0,2.5545437084885085e-06,False
0.5-1,5130,0,2.967438643163467e-10,False
0.5-1,5131,0,3.725572577448681e-07,False
0.5-1,5132,0,0.0001859733741899954,False
0.5-1,5133,0,7.228360229210517e-08,False
0.5-1,5134,0,7.098413456516128e-05,False
0.5-1,5135,0,5.8542016196939e-11,False
0.5-1,5136,0,0.4537390217733877,False
0.5-1,5137,0,8.85381739349647e-12,False
0.5-1,5138,0,0.5105844983007755,False
0.5-1,5139,0,1.0561851736572493e-09,False
0.5-1,5140,0,4.3928116124912285e-07,False
0.5-1,5141,0,7.909967929865824e-06,False
0.5-1,5142,0,0.0067610770039920635,False
0.5-1,5143,0,1.0742372896288383e-13,False
0.5-1,5144,0,8.580577682020285e-15,False
0.5-1,5145,0,2.6216599245007874e-05,False
0.5-1,5146,0,0.0004239048710440143,False
0.5-1,5147,0,1.0906658119479952e-11,False
0.5-1,5148,0,5.079412222010055e-14,False
0.5-1,5149,0,4.070088423641076e-09,False
0.5-1,5150,0,7.461326102559192e-09,False
0.5-1,5151,0,4.611070820690128e-13,False
0.5-1,5152,0,6.327799579914493e-07,False
0.5-1,5153,0,2.8844992012653244e-09,False
0.5-1,5154,0,3.3613854325261094e-13,False
0.5-1,5155,0,0.00032502858610243714,False
0.5-1,5156,0,0.0007547224088447434,False
0.5-1,5157,0,1.9454435354194203e-05,False
0.5-1,5158,0,3.7491320914380137e-06,False
0.5-1,5159,0,4.055586602849259e-06,False
0.5-1,5160,0,1.8879882135775895e-06,False
0.5-1,5161,0,1.4865816635039912e-11,False
0.5-1,5162,0,5.477941382097378e-05,False
0.5-1,5163,0,5.469092105659128e-12,False
0.5-1,5164,0,1.2231649097890236e-14,False
0.5-1,5165,0,1.0737403091707698e-08,False
0.5-1,5166,0,6.592494484731743e-11,False
0.5-1,5167,0,8.571818430446162e-13,False
0.5-1,5168,0,6.775900801788517e-13,False
0.5-1,5169,0,2.005252613998088e-08,False
0.5-1,5170,0,1.0026560759728948e-06,False
0.5-1,5171,0,1.4540681652044483e-07,False
0.5-1,5172,0,1.0564677581018142e-10,False
0.5-1,5173,0,1.1074669215488838e-07,False
0.5-1,5174,0,2.703777676975625e-12,False
0.5-1,5175,0,4.79022504349972e-12,False
0.5-1,5176,0,1.2637125501736986e-06,False
0.5-1,5177,0,4.952724614698413e-10,False
0.5-1,5178,0,4.764838169648858e-12,False
0.5-1,5179,0,4.329704480550289e-09,False
0.5-1,5180,0,2.8901806077207047e-06,False
0.5-1,5181,0,0.008541830045370168,False
0.5-1,5182,0,1.6411670582064757e-05,False
0.5-1,5183,0,0.0003041019331068881,False
0.5-1,5184,0,9.136053353621783e-09,False
0.5-1,5185,0,1.1383362427627042e-12,False
0.5-1,5186,0,1.932604813392093e-09,False
0.5-1,5187,0,7.441881940070504e-12,False
0.5-1,5188,0,2.521867827956724e-13,False
0.5-1,5189,0,3.5699821188916047e-10,False
0.5-1,5190,0,3.173561350620887e-11,False
0.5-1,5191,0,6.0116469318382985e-12,False
0.5-1,5192,0,7.288075911676027e-12,False
0.5-1,5193,0,7.408213495608185e-10,False
0.5-1,5194,0,9.021541561962175e-07,False
0.5-1,5195,0,2.2678035790724078e-07,False
0.5-1,5196,0,2.8701350502256453e-10,False
0.5-1,5197,0,3.106499107259093e-06,False
0.5-1,5198,0,7.387530690036792e-13,False
0.5-1,5199,0,5.84052881337212e-12,False
0.5-1,5200,0,2.855898349256489e-08,False
0.5-1,5201,0,7.985933138838255e-11,False
0.5-1,5202,0,3.085024689877089e-12,False
0.5-1,5203,0,9.465963602136255e-09,False
0.5-1,5204,0,2.380471673938577e-06,False
0.5-1,5205,0,0.0014765617844063974,False
0.5-1,5206,0,3.6937588406594227e-06,False
0.5-1,5207,0,0.01768473773278454,False
0.5-1,5208,0,1.9553676304856918e-10,False
0.5-1,5209,0,4.67462685170133e-13,False
0.5-1,5210,0,1.5637338472685453e-09,False
0.5-1,5211,0,3.5467583486910666e-12,False
0.5-1,5212,0,2.403724090522838e-12,False
0.5-1,5213,0,2.667737828057781e-11,False
0.5-1,5214,0,3.9083113735239487e-13,False
0.5-1,5215,0,0.0008325963461226853,False
0.5-1,5216,0,4.468707510711035e-08,False
0.5-1,5217,0,1.0180502396737382e-08,False
0.5-1,5218,0,2.901625494548619e-07,False
0.5-1,5219,0,5.536061821764505e-07,False
0.5-1,5220,0,3.1129880155203135e-09,False
0.5-1,5221,0,2.1546285667953526e-05,False
0.5-1,5222,0,4.5674330404989296e-10,False
0.5-1,5223,1,0.9997742093776677,True
0.5-1,5224,0,3.141194268054187e-08,False
0.5-1,5225,0,1.0784062686603229e-10,False
0.5-1,5226,0,1.0839998599403733e-11,False
0.5-1,5227,0,5.087831501855355e-09,False
0.5-1,5228,0,2.892955598283167e-09,False
0.5-1,5229,0,1.502204211780092e-05,False
0.5-1,5230,0,0.00028740064263935866,False
0.5-1,5231,0,0.038087034089090914,False
0.5-1,5232,0,5.7194830207254535e-09,False
0.5-1,5233,0,1.6844809750089312e-12,False
0.5-1,5234,0,3.569711970625528e-11,False
0.5-1,5235,0,1.3335289667763946e-12,False
0.5-1,5236,0,4.466867173326464e-09,False
0.5-1,5237,0,3.6386492133448805e-13,False
0.5-1,5238,0,9.840342057154012e-14,False
0.5-1,5239,0,2.005375374505795e-10,False
0.5-1,5240,0,3.5500325202238827e-10,False
0.5-1,5241,0,2.3035006712527505e-15,False
0.5-1,5242,0,2.118787751427548e-07,False
0.5-1,5243,0,0.0007854931721454678,False
0.5-1,5244,0,1.968314639087943e-07,False
0.5-1,5245,0,0.01835800280515676,False
0.5-1,5246,0,1.350256963888225e-14,False
0.5-1,5247,0,4.9242688015869244e-11,False
0.5-1,5248,0,2.670704584167312e-07,False
0.5-1,5249,0,8.59543432873483e-08,False
0.5-1,5250,0,7.388093857474717e-12,False
0.5-1,5251,0,2.5594205766236335e-09,False
0.5-1,5252,0,2.4618684937592286e-08,False
0.5-1,5253,0,5.267070425294593e-05,False
0.5-1,5254,0,2.8184218657899076e-08,False
0.5-1,5255,0,0.005145037075636781,False
0.5-1,5256,0,1.7031055523258013e-09,False
0.5-1,5257,0,4.9886379412203424e-14,False
0.5-1,5258,0,6.590279605714113e-10,False
0.5-1,5259,0,1.2344883649303691e-12,False
0.5-1,5260,0,3.365008997017379e-07,False
0.5-1,5261,0,1.6857512748663786e-16,False
0.5-1,5262,0,3.3124260248425086e-15,False
0.5-1,5263,0,2.1632449144261125e-08,False
0.5-1,5264,0,9.673626079714598e-08,False
0.5-1,5265,0,5.332931556038805e-16,False
0.5-1,5266,0,3.851175662633877e-08,False
0.5-1,5267,0,0.0009634868766666201,False
0.5-1,5268,0,0.008815739856968399,False
0.5-1,5269,0,0.069567751732301,False
0.5-1,5270,0,1.1937850722166712e-14,False
0.5-1,5271,0,8.312557528196579e-11,False
0.5-1,5272,0,2.9470642744678768e-08,False
0.5-1,5273,0,1.1834500813398867e-07,False
0.5-1,5274,0,2.892993134528034e-13,False
0.5-1,5275,0,1.4369286917912574e-05,False
0.5-1,5276,0,5.789146127027092e-10,False
0.5-1,5277,0,2.368790911526409e-05,False
0.5-1,5278,0,1.5900239770615403e-09,False
0.5-1,5279,0,2.9926116525282314e-05,False
0.5-1,5280,0,6.063861022393145e-06,False
0.5-1,5281,0,8.279606528442942e-13,False
0.5-1,5282,0,4.1779891554777804e-08,False
0.5-1,5283,0,2.7378072168083452e-12,False
0.5-1,5284,0,0.01055135223660154,False
0.5-1,5285,0,2.6383854797814936e-20,False
0.5-1,5286,0,1.8361856755858784e-17,False
0.5-1,5287,0,1.2234379616228287e-05,False
0.5-1,5288,0,9.820645958105555e-06,False
0.5-1,5289,0,1.1928375361842661e-17,False
0.5-1,5290,0,2.5119417022089824e-08,False
0.5-1,5291,0,0.008929286946361893,False
0.5-1,5292,0,1.4131460284822793e-05,False
0.5-1,5293,0,0.001473350209524717,False
0.5-1,5294,0,6.345527283933348e-16,False
0.5-1,5295,0,3.9504914835773777e-10,False
0.5-1,5296,0,5.744136781702037e-10,False
0.5-1,5297,0,0.0013811215947966034,False
0.5-1,5298,0,1.0745678911364633e-11,False
0.5-1,5299,0,0.00016632885463284595,False
0.5-1,5300,0,9.549518097875415e-11,False
0.5-1,5301,0,1.463086492330515e-06,False
0.5-1,5302,0,6.702895260788854e-10,False
0.5-1,5303,0,8.727015013485367e-06,False
0.5-1,5304,0,4.5806296129663876e-05,False
0.5-1,5305,0,1.7047700977976278e-13,False
0.5-1,5306,0,1.2912216290624707e-05,False
0.5-1,5307,0,1.836105468305414e-11,False
0.5-1,5308,0,2.717698915627112e-05,False
0.5-1,5309,0,1.3281284381422042e-24,False
0.5-1,5310,0,1.1119123672631288e-21,False
0.5-1,5311,0,1.4153544294052515e-05,False
0.5-1,5312,0,0.00010799178791308725,False
0.5-1,5313,0,3.937884559900211e-21,False
0.5-1,5314,0,7.577722186329096e-11,False
0.5-1,5315,0,8.051044829844287e-05,False
0.5-1,5316,0,6.576805846758596e-06,False
0.5-1,5317,0,4.839782206200813e-05,False
0.5-1,5318,0,4.0900522921975614e-24,False
0.5-1,5319,0,1.6395930929048284e-09,False
0.5-1,5320,0,3.751574103632175e-10,False
0.5-1,5321,0,0.00038652050676436523,False
0.5-1,5322,0,4.4350003163644025e-10,False
0.5-1,5323,0,0.00011669439852841793,False
0.5-1,5324,0,2.8540707879323103e-12,False
0.5-1,5325,0,1.2240035888335146e-08,False
0.5-1,5326,0,1.5408431780326766e-15,False
0.5-1,5327,0,1.7382042292461537e-07,False
0.5-1,5328,0,4.685267895241846e-06,False
0.5-1,5329,0,1.1050002461935955e-12,False
0.5-1,5330,0,3.0711007131608094e-05,False
0.5-1,5331,0,3.2081743325617673e-09,False
0.5-1,5332,0,2.453803599901716e-06,False
0.5-1,5333,0,4.3408257736324235e-10,False
0.5-1,5334,0,6.514407024709966e-08,False
0.5-1,5335,0,3.940682755745048e-06,False
0.5-1,5336,0,6.092035342798371e-07,False
0.5-1,5337,0,5.708341836815825e-26,False
0.5-1,5338,0,8.612086368500544e-24,False
0.5-1,5339,0,1.6825332295174776e-07,False
0.5-1,5340,0,8.754325849173496e-08,False
0.5-1,5341,0,1.5343516232163455e-23,False
0.5-1,5342,0,1.166883438596997e-10,False
0.5-1,5343,0,3.5588086142654773e-06,False
0.5-1,5344,0,1.3563064177879635e-08,False
0.5-1,5345,0,2.1877586763929125e-08,False
0.5-1,5346,0,1.837670009550792e-23,False
0.5-1,5347,0,1.0189803992038219e-08,False
0.5-1,5348,0,2.0758089175783082e-14,False
0.5-1,5349,0,3.5755409850087874e-06,False
0.5-1,5350,0,1.3088335658538421e-08,False
0.5-1,5351,0,3.5989969115438624e-07,False
0.5-1,5352,0,0.0025081220292477125,False
0.5-1,5353,0,4.0777172861741294e-08,False
0.5-1,5354,0,1.2629975469922625e-05,False
0.5-1,5355,0,2.99963387529424e-12,False
0.5-1,5356,0,0.03420378033473956,False
0.5-1,5357,0,3.0663877849390405e-12,False
0.5-1,5358,0,0.2952919465701947,False
0.5-1,5359,0,3.513389532309109e-13,False
0.5-1,5360,0,2.1846797541318506e-15,False
0.5-1,5361,0,4.038768315109502e-08,False
0.5-1,5362,0,0.08058566766531416,False
0.5-1,5363,0,4.247324526185864e-13,False
0.5-1,5364,0,3.0985771831030164e-15,False
0.5-1,5365,0,8.871391496278945e-06,False
0.5-1,5366,0,0.0003494234795832908,False
0.5-1,5367,0,3.6444134001117244e-11,False
0.5-1,5368,0,5.4041837491250646e-14,False
0.5-1,5369,0,8.290060609771539e-09,False
0.5-1,5370,0,1.0895424400495058e-05,False
0.5-1,5371,0,3.091546095391323e-12,False
0.5-1,5372,0,3.5775329628695187e-06,False
0.5-1,5373,0,0.0005200376285209362,False
0.5-1,5374,0,4.766830900710799e-12,False
0.5-1,5375,0,0.01025350807813234,False
0.5-1,5376,0,0.007170028768712355,False
0.5-1,5377,0,1.3957092953131461e-05,False
0.5-1,5378,0,5.652355905220667e-06,False
0.5-1,5379,0,8.21992869667319e-08,False
0.5-1,5380,0,1.9196551144122234e-06,False
0.5-1,5381,0,1.996273217072184e-12,False
0.5-1,5382,0,2.964812381940342e-06,False
0.5-1,5383,0,1.0477611220713946e-11,False
0.5-1,5384,0,1.1643575643697115e-15,False
0.5-1,5385,0,3.499509781521101e-09,False
0.5-1,5386,0,0.07293194549518939,False
0.5-1,5387,0,2.0716052149741132e-11,False
0.5-1,5388,0,2.6971602546052186e-13,False
0.5-1,5389,0,4.2676968170595575e-12,False
0.5-1,5390,0,2.910270030938705e-07,False
0.5-1,5391,0,2.9220666741334144e-09,False
0.5-1,5392,0,1.3129096789258055e-10,False
0.5-1,5393,0,3.736817679813621e-08,False
0.5-1,5394,0,6.584713018577333e-09,False
0.5-1,5395,0,1.6776455000762197e-11,False
0.5-1,5396,0,4.3104550448881375e-07,False
0.5-1,5397,0,5.4478242081218545e-06,False
0.5-1,5398,0,3.5933918861197076e-11,False
0.5-1,5399,0,8.916160480484361e-09,False
0.5-1,5400,0,8.673076622958166e-06,False
0.5-1,5401,0,0.00035727936218348514,False
0.5-1,5402,0,3.5761784211807095e-06,False
0.5-1,5403,0,3.254312250082908e-05,False
0.5-1,5404,0,8.003196016681401e-09,False
0.5-1,5405,0,1.0797584744984411e-12,False
0.5-1,5406,0,2.5988524846299846e-08,False
0.5-1,5407,0,7.138688217898099e-12,False
0.5-1,5408,0,9.475143836159766e-13,False
0.5-1,5409,0,3.1255983331463606e-11,False
0.5-1,5410,0,1.7887031706329892e-08,False
0.5-1,5411,0,1.5142076054545148e-11,False
0.5-1,5412,0,8.9463759706779e-06,False
0.5-1,5413,0,1.2518911910226514e-10,False
0.5-1,5414,0,2.922492212097441e-08,False
0.5-1,5415,0,4.242477950646228e-07,False
0.5-1,5416,0,8.128022569943732e-13,False
0.5-1,5417,0,2.0243994794342649e-07,False
0.5-1,5418,0,1.7545443592880308e-11,False
0.5-1,5419,0,6.050639686577608e-12,False
0.5-1,5420,0,1.4773275736492639e-08,False
0.5-1,5421,0,1.362627656384069e-07,False
0.5-1,5422,0,1.884770608448353e-12,False
0.5-1,5423,0,7.454720974347965e-09,False
0.5-1,5424,0,1.6365085200810474e-05,False
0.5-1,5425,0,0.0024132695790188125,False
0.5-1,5426,0,2.4250229683999672e-06,False
0.5-1,5427,0,0.0011630585835520706,False
0.5-1,5428,0,9.5545073666912e-10,False
0.5-1,5429,0,1.8273780271753174e-13,False
0.5-1,5430,0,5.158864320765728e-07,False
0.5-1,5431,0,5.544202718611796e-12,False
0.5-1,5432,0,2.974750195126797e-13,False
0.5-1,5433,0,3.952835266113978e-13,False
0.5-1,5434,0,1.400884351574504e-13,False
0.5-1,5435,0,5.534615240761934e-10,False
0.5-1,5436,0,6.068465404205363e-12,False
0.5-1,5437,0,5.391742468154125e-11,False
0.5-1,5438,0,7.704141606603908e-08,False
0.5-1,5439,0,5.954581770170927e-06,False
0.5-1,5440,0,8.398843791736337e-10,False
0.5-1,5441,0,7.493919197622123e-07,False
0.5-1,5442,0,2.7532174065154156e-09,False
0.5-1,5443,0,2.0651986887476123e-12,False
0.5-1,5444,0,2.624295591203846e-07,False
0.5-1,5445,0,2.748718306569759e-07,False
0.5-1,5446,0,3.645049567879788e-12,False
0.5-1,5447,0,1.327602806597122e-10,False
0.5-1,5448,0,6.88640488352167e-05,False
0.5-1,5449,0,0.04087325821970532,False
0.5-1,5450,0,6.883215128565273e-06,False
0.5-1,5451,0,0.0010814344654460546,False
0.5-1,5452,0,2.3007509412240657e-08,False
0.5-1,5453,0,6.659040678255444e-14,False
0.5-1,5454,0,3.2208113401154075e-08,False
0.5-1,5455,0,1.0974905487587231e-12,False
0.5-1,5456,0,5.116184162469383e-07,False
0.5-1,5457,0,8.543683586083461e-13,False
0.5-1,5458,0,8.046695357384935e-15,False
0.5-1,5459,0,0.007423807951481564,False
0.5-1,5460,0,3.2273021343740475e-11,False
0.5-1,5461,0,1.677523297659439e-13,False
0.5-1,5462,0,5.338479189611737e-09,False
0.5-1,5463,0,1.1895624637431864e-05,False
0.5-1,5464,0,5.746404265594269e-10,False
0.5-1,5465,0,0.0009238672044126667,False
0.5-1,5466,0,7.912017121090061e-15,False
0.5-1,5467,0,1.6806444870992023e-12,False
0.5-1,5468,0,4.515902466547726e-08,False
0.5-1,5469,0,3.905299808903888e-09,False
0.5-1,5470,0,6.68486462124647e-13,False
0.5-1,5471,0,3.3839249708411964e-09,False
0.5-1,5472,0,0.00031823495578122936,False
0.5-1,5473,0,0.018420289501819724,False
0.5-1,5474,0,7.879420111876122e-07,False
0.5-1,5475,0,0.030969665199500854,False
0.5-1,5476,0,1.8200244979406383e-07,False
0.5-1,5477,0,3.285627629791058e-14,False
0.5-1,5478,0,6.614403246004421e-08,False
0.5-1,5479,0,6.903030089751665e-13,False
0.5-1,5480,0,6.5601642670933754e-09,False
0.5-1,5481,0,1.5615052783272617e-15,False
0.5-1,5482,0,3.114269268623998e-15,False
0.5-1,5483,0,9.940294488331049e-06,False
0.5-1,5484,0,4.6547949389391037e-10,False
0.5-1,5485,0,8.944388732783745e-17,False
0.5-1,5486,0,1.3285534117236434e-09,False
0.5-1,5487,0,0.0007402983132973576,False
0.5-1,5488,0,1.67765383502057e-07,False
0.5-1,5489,0,0.0015458464596854776,False
0.5-1,5490,0,6.498886976880546e-17,False
0.5-1,5491,0,2.1804416834827606e-13,False
0.5-1,5492,0,1.2238272872618837e-08,False
0.5-1,5493,0,1.782676748537701e-09,False
0.5-1,5494,0,3.607756487861251e-14,False
0.5-1,5495,0,1.0292004461986718e-05,False
0.5-1,5496,0,0.00014671688816334915,False
0.5-1,5497,0,0.00025833371174117454,False
0.5-1,5498,0,5.019042284319591e-06,False
0.5-1,5499,0,0.000604174934803817,False
0.5-1,5500,0,7.497078459076524e-05,False
0.5-1,5501,0,8.16353266180056e-14,False
0.5-1,5502,0,3.149492870957155e-08,False
0.5-1,5503,0,2.8753096057657113e-14,False
0.5-1,5504,0,6.362657835340045e-06,False
0.5-1,5505,0,1.8284722281773378e-19,False
0.5-1,5506,0,4.513215737011007e-18,False
0.5-1,5507,0,0.0008497036536094441,False
0.5-1,5508,0,1.1014680934482374e-05,False
0.5-1,5509,0,8.093645760115484e-20,False
0.5-1,5510,0,9.88045663185227e-10,False
0.5-1,5511,0,0.0014310548414041774,False
0.5-1,5512,0,6.731737895371087e-07,False
0.5-1,5513,0,0.00015243544572735493,False
0.5-1,5514,0,4.898220548156516e-19,False
0.5-1,5515,0,2.9823575388469226e-13,False
0.5-1,5516,0,7.389891277677871e-09,False
0.5-1,5517,0,0.0008279746646440127,False
0.5-1,5518,0,5.192227122456472e-16,False
0.5-1,5519,0,1.535281371415616e-07,False
0.5-1,5520,0,3.924359318258608e-12,False
0.5-1,5521,0,3.550918534953074e-06,False
0.5-1,5522,0,9.283296944497638e-09,False
0.5-1,5523,0,2.3733478784536704e-05,False
0.5-1,5524,0,0.00027039730393736575,False
0.5-1,5525,0,3.688320099318987e-13,False
0.5-1,5526,0,0.0001037802697625347,False
0.5-1,5527,0,2.918053412611588e-13,False
0.5-1,5528,0,2.629024314805633e-05,False
0.5-1,5529,0,8.424773101570613e-21,False
0.5-1,5530,0,2.2686599917009743e-20,False
0.5-1,5531,0,0.00032633541872943635,False
0.5-1,5532,0,8.522878046404018e-06,False
0.5-1,5533,0,1.101273972227952e-22,False
0.5-1,5534,0,3.039273290479699e-11,False
0.5-1,5535,0,2.4069841121132e-05,False
0.5-1,5536,0,3.4455886171666885e-05,False
0.5-1,5537,0,2.5737409828896315e-05,False
0.5-1,5538,0,2.8560377778759103e-24,False
0.5-1,5539,0,3.695777940669187e-12,False
0.5-1,5540,0,1.129913108338527e-10,False
0.5-1,5541,0,6.887400768692737e-05,False
0.5-1,5542,0,4.0692674792812524e-14,False
0.5-1,5543,0,2.7545265512059934e-05,False
0.5-1,5544,0,1.1305161397847931e-13,False
0.5-1,5545,0,1.2088777605359131e-08,False
0.5-1,5546,0,1.9948368650589683e-16,False
0.5-1,5547,0,2.5062163072729805e-07,False
0.5-1,5548,0,2.7031632240475118e-05,False
0.5-1,5549,0,9.740995894742716e-11,False
0.5-1,5550,0,2.65632783737228e-05,False
0.5-1,5551,0,5.774177107465743e-11,False
0.5-1,5552,0,2.5889537104647468e-06,False
0.5-1,5553,0,1.2253122023750945e-09,False
0.5-1,5554,0,8.418610975350108e-09,False
0.5-1,5555,0,3.3946672930212962e-06,False
0.5-1,5556,0,1.2086115348667291e-05,False
0.5-1,5557,0,2.2240741619209392e-24,False
0.5-1,5558,0,1.1137627050553322e-24,False
0.5-1,5559,0,4.064253973174868e-08,False
0.5-1,5560,0,4.5711764877122775e-09,False
0.5-1,5561,0,9.806364088900561e-23,False
0.5-1,5562,0,2.8611419319770127e-13,False
0.5-1,5563,0,1.8311752650703608e-06,False
0.5-1,5564,0,7.770090233967117e-08,False
0.5-1,5565,0,2.9514995151376602e-09,False
0.5-1,5566,0,8.055790614587876e-24,False
0.5-1,5567,0,1.69486965875505e-10,False
0.5-1,5568,0,2.126462497904302e-14,False
0.5-1,5569,0,2.877292888718066e-06,False
0.5-1,5570,0,5.248197362154246e-11,False
0.5-1,5571,0,6.291746719637695e-07,False
0.5-1,5572,0,1.0881677401554764e-05,False
0.5-1,5573,0,5.759885997557626e-09,False
0.5-1,5574,0,2.7846526225784003e-06,False
0.5-1,5575,0,6.733661985627704e-12,False
0.5-1,5576,0,0.22142240732326246,False
0.5-1,5577,0,2.1082424917573674e-09,False
0.5-1,5578,0,0.7387501917027125,False
0.5-1,5579,0,3.451601446470865e-10,False
0.5-1,5580,0,2.3080905879709873e-15,False
0.5-1,5581,0,2.887457422503644e-08,False
0.5-1,5582,0,1.0821631449071545e-05,False
0.5-1,5583,0,1.7638375819068017e-12,False
0.5-1,5584,0,3.896299516296876e-14,False
0.5-1,5585,0,2.3636220810031957e-05,False
0.5-1,5586,0,0.0025963003799157618,False
0.5-1,5587,0,4.8433708110185494e-11,False
0.5-1,5588,0,2.157169313283548e-12,False
0.5-1,5589,0,5.6185724622108075e-08,False
0.5-1,5590,0,7.606401983435677e-05,False
0.5-1,5591,0,3.4531776108701336e-13,False
0.5-1,5592,0,0.00037927220132617816,False
0.5-1,5593,0,5.963354234642077e-06,False
0.5-1,5594,0,2.7884902344568563e-13,False
0.5-1,5595,0,0.0005372054956694515,False
0.5-1,5596,0,1.565677899665896e-05,False
0.5-1,5597,0,8.098354450445832e-07,False
0.5-1,5598,0,4.58206323561037e-06,False
0.5-1,5599,0,7.570848913082063e-08,False
0.5-1,5600,0,6.336467543502343e-07,False
0.5-1,5601,0,9.653679131613067e-12,False
0.5-1,5602,0,2.1211717924733778e-07,False
0.5-1,5603,0,2.8035601471567665e-11,False
0.5-1,5604,0,1.1983702077585775e-13,False
0.5-1,5605,0,9.011694203518734e-10,False
0.5-1,5606,0,9.831413007409669e-09,False
0.5-1,5607,0,1.4430343160417576e-11,False
0.5-1,5608,0,5.3629509359628403e-14,False
0.5-1,5609,0,3.1606203546761454e-11,False
0.5-1,5610,0,1.851613400316416e-05,False
0.5-1,5611,0,3.072027212143426e-07,False
0.5-1,5612,0,1.8159520399194246e-12,False
0.5-1,5613,0,9.505600764014147e-07,False
0.5-1,5614,0,7.786949854916183e-08,False
0.5-1,5615,0,2.136900852694535e-12,False
0.5-1,5616,0,0.0024044319424359377,False
0.5-1,5617,0,1.516648206386799e-06,False
0.5-1,5618,0,2.5313797291603694e-12,False
0.5-1,5619,0,1.4871716196018955e-09,False
0.5-1,5620,0,4.5897516312704184e-07,False
0.5-1,5621,1,0.9981821795218093,True
0.5-1,5622,0,5.615897887277306e-05,False
0.5-1,5623,0,5.759187863839874e-08,False
0.5-1,5624,0,2.4428818473024113e-09,False
0.5-1,5625,0,4.721275569277919e-13,False
0.5-1,5626,0,3.139265531011914e-08,False
0.5-1,5627,0,8.630542274997215e-12,False
0.5-1,5628,0,1.1631373875018831e-12,False
0.5-1,5629,0,5.682329243938299e-07,False
0.5-1,5630,0,3.8510026818865975e-09,False
0.5-1,5631,0,6.552679830651808e-09,False
0.5-1,5632,0,4.584621808345461e-10,False
0.5-1,5633,0,6.206892980221919e-12,False
0.5-1,5634,0,0.00024672990119554083,False
0.5-1,5635,0,1.9900146829581292e-05,False
0.5-1,5636,0,1.0365214858354636e-12,False
0.5-1,5637,0,0.00016400038738619623,False
0.5-1,5638,0,5.281177513935743e-10,False
0.5-1,5639,0,1.6832621879071495e-12,False
0.5-1,5640,0,5.344088380149735e-06,False
0.5-1,5641,0,1.9762001104505455e-08,False
0.5-1,5642,0,3.7510586926547796e-13,False
0.5-1,5643,0,1.2736469174364635e-07,False
0.5-1,5644,0,3.657967014313126e-07,False
0.5-1,5645,0,7.50390233633084e-05,False
0.5-1,5646,0,2.1478490805101085e-07,False
0.5-1,5647,0,1.0774501206776943e-06,False
0.5-1,5648,0,2.4414638640737286e-08,False
0.5-1,5649,0,2.0769276418188651e-13,False
0.5-1,5650,0,5.743265596253404e-06,False
0.5-1,5651,0,1.5740996872900524e-12,False
0.5-1,5652,0,4.0235142364270103e-11,False
0.5-1,5653,0,2.7333360758547763e-14,False
0.5-1,5654,0,5.198518019638473e-13,False
0.5-1,5655,0,3.469179052430633e-09,False
0.5-1,5656,0,1.8209645536321384e-10,False
0.5-1,5657,0,1.8285152844303285e-11,False
0.5-1,5658,0,0.00492647841173461,False
0.5-1,5659,0,2.51423224166934e-06,False
0.5-1,5660,0,1.152185108307184e-12,False
0.5-1,5661,0,2.7224567959870814e-05,False
0.5-1,5662,0,0.0008746685660888285,False
0.5-1,5663,0,1.621948743304374e-12,False
0.5-1,5664,0,8.609921118814323e-08,False
0.5-1,5665,0,3.5327024843265113e-07,False
0.5-1,5666,0,1.1011345024497085e-12,False
0.5-1,5667,0,3.784211635397868e-09,False
0.5-1,5668,0,7.973369512171922e-07,False
0.5-1,5669,0,0.001044155464866654,False
0.5-1,5670,0,6.745230015335805e-07,False
0.5-1,5671,0,6.345194508401542e-06,False
0.5-1,5672,0,1.1704756731484614e-07,False
0.5-1,5673,0,1.2353612801397442e-14,False
0.5-1,5674,0,1.5479394054249485e-07,False
0.5-1,5675,0,2.549750766856808e-13,False
0.5-1,5676,0,3.6077722035677935e-09,False
0.5-1,5677,0,2.977028588204097e-16,False
0.5-1,5678,0,2.5915266269710832e-14,False
0.5-1,5679,0,5.464073853771041e-07,False
0.5-1,5680,0,2.751833198462055e-09,False
0.5-1,5681,0,1.1708704531969919e-15,False
0.5-1,5682,0,2.2131572907016225e-06,False
0.5-1,5683,0,3.7681870930414966e-05,False
0.5-1,5684,0,7.76718719372525e-10,False
0.5-1,5685,0,2.2978495896778504e-05,False
0.5-1,5686,0,7.631428800810308e-15,False
0.5-1,5687,0,7.437425811480681e-13,False
0.5-1,5688,0,9.660474498394598e-10,False
0.5-1,5689,0,4.979190559702594e-06,False
0.5-1,5690,0,1.9270729504846247e-13,False
0.5-1,5691,0,2.04151531762058e-07,False
0.5-1,5692,0,8.617967906040612e-06,False
0.5-1,5693,0,0.0004929290111291871,False
0.5-1,5694,0,5.131597282095321e-08,False
0.5-1,5695,0,0.0028658954629928774,False
0.5-1,5696,0,3.2480153722159788e-09,False
0.5-1,5697,0,9.71745148195888e-16,False
0.5-1,5698,0,2.2200243747452623e-07,False
0.5-1,5699,0,1.4970699390574624e-13,False
0.5-1,5700,0,3.5992710556451517e-07,False
0.5-1,5701,0,1.8764031887773254e-17,False
0.5-1,5702,0,1.9553948000240024e-14,False
0.5-1,5703,0,6.056225824078887e-08,False
0.5-1,5704,0,1.1082940367713384e-05,False
0.5-1,5705,0,1.3725901299769313e-13,False
0.5-1,5706,0,6.284852704076365e-10,False
0.5-1,5707,0,7.650201376422596e-05,False
0.5-1,5708,0,5.1941946359741595e-08,False
0.5-1,5709,0,2.8797092772144004e-06,False
0.5-1,5710,0,1.1256023415165477e-14,False
0.5-1,5711,0,1.7883735884749414e-14,False
0.5-1,5712,0,3.4834568112617645e-10,False
0.5-1,5713,0,6.502385378245227e-08,False
0.5-1,5714,0,8.113166747086594e-14,False
0.5-1,5715,0,4.628560233994424e-06,False
0.5-1,5716,0,3.855078062632568e-06,False
0.5-1,5717,0,9.403857358752567e-05,False
0.5-1,5718,0,9.188602675365587e-08,False
0.5-1,5719,0,7.269351434052333e-05,False
0.5-1,5720,0,5.361900575205531e-07,False
0.5-1,5721,0,1.2690172204777428e-16,False
0.5-1,5722,0,1.4785292174894349e-07,False
0.5-1,5723,0,3.081550124397805e-14,False
0.5-1,5724,0,3.16789003244212e-05,False
0.5-1,5725,0,9.345494342809858e-20,False
0.5-1,5726,0,2.0524004363774568e-16,False
0.5-1,5727,0,3.875974370300626e-07,False
0.5-1,5728,0,0.00047860277137176465,False
0.5-1,5729,0,8.868596108360638e-20,False
0.5-1,5730,0,2.6206123204821746e-11,False
0.5-1,5731,0,0.000496548367110798,False
0.5-1,5732,0,2.7188570483375646e-07,False
0.5-1,5733,0,4.022803292464954e-06,False
0.5-1,5734,0,7.616761593811526e-18,False
0.5-1,5735,0,2.2006489591266548e-16,False
0.5-1,5736,0,1.9326847201493596e-11,False
0.5-1,5737,0,4.763083370576161e-06,False
0.5-1,5738,0,8.964979245684835e-15,False
0.5-1,5739,0,1.5327681287236022e-07,False
0.5-1,5740,0,5.775950708298852e-07,False
0.5-1,5741,0,1.0245581166527924e-06,False
0.5-1,5742,0,2.6644255445330487e-09,False
0.5-1,5743,0,3.093041568741206e-06,False
0.5-1,5744,0,5.468531772811643e-07,False
0.5-1,5745,0,4.363320119532848e-17,False
0.5-1,5746,0,1.3811294413673594e-06,False
0.5-1,5747,0,3.098187541993145e-16,False
0.5-1,5748,0,8.519098046909966e-05,False
0.5-1,5749,0,4.3562625061741845e-26,False
0.5-1,5750,0,1.2943760849734518e-18,False
0.5-1,5751,0,1.6423316802320442e-05,False
0.5-1,5752,0,0.000523645797803832,False
0.5-1,5753,0,6.123904880292918e-24,False
0.5-1,5754,0,2.2587550545289123e-12,False
0.5-1,5755,0,2.8481097115471895e-05,False
0.5-1,5756,0,3.3851987112552827e-07,False
0.5-1,5757,0,7.269325036613785e-07,False
0.5-1,5758,0,1.6403694384213828e-24,False
0.5-1,5759,0,3.3222146610350292e-15,False
0.5-1,5760,0,2.2755698890388004e-12,False
0.5-1,5761,0,1.161667003781176e-06,False
0.5-1,5762,0,1.3073732015083678e-14,False
0.5-1,5763,0,6.048663434340882e-07,False
0.5-1,5764,0,1.4976925964649494e-09,False
0.5-1,5765,0,2.963963811517643e-10,False
0.5-1,5766,0,3.933048190962876e-13,False
0.5-1,5767,0,1.9596820014703095e-08,False
0.5-1,5768,0,1.580306461439675e-05,False
0.5-1,5769,0,6.350544935566131e-15,False
0.5-1,5770,0,2.4195911196808617e-05,False
0.5-1,5771,0,3.779012106376556e-11,False
0.5-1,5772,0,1.8547632914142018e-06,False
0.5-1,5773,0,7.662807635873909e-11,False
0.5-1,5774,0,6.993531762221782e-09,False
0.5-1,5775,0,1.8161529715765478e-06,False
0.5-1,5776,0,6.794267544727482e-06,False
0.5-1,5777,0,4.595726895379364e-26,False
0.5-1,5778,0,5.503906715322521e-23,False
0.5-1,5779,0,4.8612019623967543e-08,False
0.5-1,5780,0,1.388666543865018e-05,False
0.5-1,5781,0,4.553784353064385e-27,False
0.5-1,5782,0,4.2804283844948614e-11,False
0.5-1,5783,0,9.580961063086788e-07,False
0.5-1,5784,0,4.526740145157626e-08,False
0.5-1,5785,0,5.557959573855815e-10,False
0.5-1,5786,0,2.0791225866629073e-28,False
0.5-1,5787,0,7.077199620559241e-15,False
0.5-1,5788,0,1.1674022794391733e-16,False
0.5-1,5789,0,6.664876359230587e-06,False
0.5-1,5790,0,1.1982732520285386e-10,False
0.5-1,5791,0,1.0240147673008944e-06,False
0.5-1,5792,0,2.0601361193723724e-06,False
0.5-1,5793,0,1.1806282637654114e-08,False
0.5-1,5794,0,7.779400915288896e-13,False
0.5-1,5795,0,2.17689736082599e-08,False
0.5-1,5796,0,0.6164709264700469,False
0.5-1,5797,0,8.617870593892556e-08,False
0.5-1,5798,0,0.0030559047718725094,False
0.5-1,5799,0,7.129991679769098e-09,False
0.5-1,5800,0,8.386740641773452e-16,False
0.5-1,5801,0,0.00414595477783187,False
0.5-1,5802,0,1.4417599231940052e-06,False
0.5-1,5803,0,8.650006394384192e-15,False
0.5-1,5804,0,0.28809669931093396,False
0.5-1,5805,0,0.07687643763762474,False
0.5-1,5806,0,0.0569252309488133,False
0.5-1,5807,0,0.701638138198374,False
0.5-1,5808,0,8.089585999256217e-16,False
0.5-1,5809,0,0.06958704771646779,False
0.5-1,5810,0,4.06530855172197e-10,False
0.5-1,5811,0,1.4909751172571013e-09,False
0.5-1,5812,0,1.9477401685480778e-13,False
0.5-1,5813,0,9.253302938746553e-10,False
0.5-1,5814,0,3.973431759387945e-07,False
0.5-1,5815,0,5.540388910139754e-10,False
0.5-1,5816,0,2.3865746016978762e-05,False
0.5-1,5817,0,7.732991648721129e-06,False
0.5-1,5818,0,5.457884339243534e-12,False
0.5-1,5819,0,7.990866022868838e-11,False
0.5-1,5820,0,1.6823442972483975e-05,False
0.5-1,5821,0,8.789749404701472e-09,False
0.5-1,5822,0,3.637691247947494e-10,False
0.5-1,5823,0,0.04968552117498016,False
0.5-1,5824,0,0.0038401659680102947,False
0.5-1,5825,0,8.667488391857325e-12,False
0.5-1,5826,0,5.839668352902717e-14,False
0.5-1,5827,0,2.968883962958006e-11,False
0.5-1,5828,0,1.4724285808363252e-14,False
0.5-1,5829,0,6.4324160186864554e-09,False
0.5-1,5830,0,1.2000496688857393e-06,False
0.5-1,5831,0,6.720235371483186e-13,False
0.5-1,5832,0,0.7840371602136553,False
0.5-1,5833,0,0.4697253016826058,False
0.5-1,5834,0,0.6344089717702883,False
0.5-1,5835,0,0.8980214671343731,False
0.5-1,5836,0,1.007218633064639e-13,False
0.5-1,5837,0,4.6603387787904206e-05,False
0.5-1,5838,0,4.830468719864162e-09,False
0.5-1,5839,0,1.542054410802648e-07,False
0.5-1,5840,0,3.5624936622763044e-12,False
0.5-1,5841,0,1.7397401667370301e-09,False
0.5-1,5842,0,1.977027327182804e-09,False
0.5-1,5843,0,2.1355171490814375e-12,False
0.5-1,5844,0,5.087012541901686e-05,False
0.5-1,5845,0,3.90552590345542e-06,False
0.5-1,5846,0,8.775057897654009e-13,False
0.5-1,5847,0,1.3206579753659565e-11,False
0.5-1,5848,0,1.9497024245913603e-06,False
0.5-1,5849,0,1.4129166907557641e-05,False
0.5-1,5850,0,6.525159895675456e-10,False
0.5-1,5851,0,4.218300100910828e-10,False
0.5-1,5852,0,5.416656595364696e-07,False
0.5-1,5853,0,1.4465756169212943e-12,False
0.5-1,5854,0,7.410937690272821e-12,False
0.5-1,5855,0,5.2335493902314805e-12,False
0.5-1,5856,0,2.0077990859896533e-14,False
0.5-1,5857,0,3.342233569202449e-11,False
0.5-1,5858,0,0.005876684891969462,False
0.5-1,5859,0,1.6503928815192408e-10,False
0.5-1,5860,0,0.829234495830289,False
0.5-1,5861,0,0.7221904844177115,False
0.5-1,5862,0,0.8029488973675327,False
0.5-1,5863,0,0.8754035607527453,False
0.5-1,5864,0,1.7980060240674023e-11,False
0.5-1,5865,0,1.0783986362138653e-06,False
0.5-1,5866,0,1.2245795031226224e-07,False
0.5-1,5867,0,6.733643555242159e-06,False
0.5-1,5868,0,8.262081571707628e-10,False
0.5-1,5869,0,6.776239052760275e-08,False
0.5-1,5870,0,9.089545632551577e-09,False
0.5-1,5871,0,1.7521456499186932e-12,False
0.5-1,5872,0,1.5757126667739335e-05,False
0.5-1,5873,0,6.637614411381253e-08,False
0.5-1,5874,0,7.96926897211031e-12,False
0.5-1,5875,0,2.2773068616555693e-09,False
0.5-1,5876,0,2.7601046400888325e-06,False
0.5-1,5877,0,3.341783612937994e-05,False
0.5-1,5878,0,3.9333431259941926e-10,False
0.5-1,5879,0,1.1399922228279891e-09,False
0.5-1,5880,0,3.8414933350652005e-08,False
0.5-1,5881,0,2.7412060276045144e-13,False
0.5-1,5882,0,1.3613024321837782e-10,False
0.5-1,5883,0,2.631140536413416e-12,False
0.5-1,5884,0,3.781456099541398e-13,False
0.5-1,5885,0,8.326685605728948e-13,False
0.5-1,5886,0,2.230162928545255e-10,False
0.5-1,5887,0,6.494180626269957e-07,False
0.5-1,5888,0,0.751531604729651,False
0.5-1,5889,0,0.7874194802313552,False
0.5-1,5890,0,0.7680205464665258,False
0.5-1,5891,0,0.6896246397650215,False
0.5-1,5892,0,5.523005184742976e-11,False
0.5-1,5893,0,4.744054254659166e-09,False
0.5-1,5894,0,9.430867476177384e-08,False
0.5-1,5895,0,9.110386050501098e-05,False
0.5-1,5896,0,6.459731549236214e-11,False
0.5-1,5897,0,6.129699767495056e-07,False
0.5-1,5898,0,1.2747274683580489e-11,False
0.5-1,5899,0,4.034702493433404e-13,False
0.5-1,5900,0,5.695189892525808e-05,False
0.5-1,5901,0,6.955732783806899e-06,False
0.5-1,5902,0,3.2581222609700126e-13,False
0.5-1,5903,0,1.8536823577766997e-11,False
0.5-1,5904,0,6.392060040110878e-07,False
0.5-1,5905,0,1.945445948192504e-05,False
0.5-1,5906,0,1.2051074556289035e-10,False
0.5-1,5907,0,1.8897605900033677e-09,False
0.5-1,5908,0,4.5353600436874413e-07,False
0.5-1,5909,0,3.20919738267949e-13,False
0.5-1,5910,0,1.4621199549992496e-12,False
0.5-1,5911,0,9.329957569029071e-14,False
0.5-1,5912,0,4.1866673713484355e-12,False
0.5-1,5913,0,2.6865071199983838e-12,False
0.5-1,5914,0,1.4473064926949796e-10,False
0.5-1,5915,0,6.072760404477372e-07,False
0.5-1,5916,0,0.23609237467372501,False
0.5-1,5917,0,0.34181904655145057,False
0.5-1,5918,0,0.5649925734485012,False
0.5-1,5919,0,0.19932158339780662,False
0.5-1,5920,0,3.1014625322242037e-10,False
0.5-1,5921,0,3.2036045368917284e-14,False
0.5-1,5922,0,6.036681667317328e-08,False
0.5-1,5923,0,0.002661804443808759,False
0.5-1,5924,0,1.5657070553795475e-09,False
0.5-1,5925,0,6.907855129539125e-07,False
0.5-1,5926,0,3.2401717355756086e-15,False
0.5-1,5927,0,1.394266886567327e-13,False
0.5-1,5928,0,6.668333434508281e-05,False
0.5-1,5929,0,0.0006394061136365698,False
0.5-1,5930,0,3.061361244783172e-13,False
0.5-1,5931,0,1.0161588527812768e-11,False
0.5-1,5932,0,1.9087679873087623e-07,False
0.5-1,5933,0,0.0014606911130110136,False
0.5-1,5934,0,5.5810206161376774e-11,False
0.5-1,5935,0,1.525512323857104e-08,False
0.5-1,5936,0,2.1131818861134914e-09,False
0.5-1,5937,0,3.1530006279253155e-14,False
0.5-1,5938,0,1.213433556553481e-10,False
0.5-1,5939,0,1.0228656812359093e-14,False
0.5-1,5940,0,2.328977774333055e-09,False
0.5-1,5941,0,1.8739645685709426e-19,False
0.5-1,5942,0,5.672142603052819e-16,False
0.5-1,5943,0,3.67917000219197e-08,False
0.5-1,5944,0,0.018675714098631977,False
0.5-1,5945,0,0.0190708557529986,False
0.5-1,5946,0,0.10953529469654437,False
0.5-1,5947,0,0.00881424223333312,False
0.5-1,5948,0,0.0001708938153979897,False
0.5-1,5949,0,3.440920968131092e-13,False
0.5-1,5950,0,3.185241370163443e-08,False
0.5-1,5951,0,0.0034251309649869937,False
0.5-1,5952,0,5.822508841906136e-05,False
0.5-1,5953,0,6.81233876112391e-07,False
0.5-1,5954,0,1.4613128577343952e-16,False
0.5-1,5955,0,1.4022166385885019e-14,False
0.5-1,5956,0,0.00021564120907085493,False
0.5-1,5957,0,0.0012159625422404176,False
0.5-1,5958,0,3.472510435677624e-14,False
0.5-1,5959,0,3.1172538913739996e-11,False
0.5-1,5960,0,5.897269430586142e-07,False
0.5-1,5961,0,3.0946589337460965e-05,False
0.5-1,5962,0,1.0770929893863237e-12,False
0.5-1,5963,0,8.618500669882121e-10,False
0.5-1,5964,0,1.638083944551539e-08,False
0.5-1,5965,0,2.7791391092447262e-15,False
0.5-1,5966,0,1.2014056646072966e-11,False
0.5-1,5967,0,6.054050692894866e-16,False
0.5-1,5968,0,1.2072737320690989e-05,False
0.5-1,5969,0,1.4988960330953198e-18,False
0.5-1,5970,0,3.160965711825896e-20,False
0.5-1,5971,0,9.167487632378221e-06,False
0.5-1,5972,0,0.00014078033826810799,False
0.5-1,5973,0,0.00023773701113923145,False
0.5-1,5974,0,0.00229689661905206,False
0.5-1,5975,0,8.904187885916969e-05,False
0.5-1,5976,0,0.013198419995718526,False
0.5-1,5977,0,3.4073732743426737e-18,False
0.5-1,5978,0,3.761383372977244e-10,False
0.5-1,5979,0,0.0004670933386748578,False
0.5-1,5980,0,8.866563925144421e-05,False
0.5-1,5981,0,3.833876351123333e-09,False
0.5-1,5982,0,8.260014009091909e-21,False
0.5-1,5983,0,1.4258698714977139e-16,False
0.5-1,5984,0,4.640675315606041e-12,False
0.5-1,5985,0,0.00016022043444112658,False
0.5-1,5986,0,1.1459341060372129e-14,False
0.5-1,5987,0,7.677477840301295e-12,False
0.5-1,5988,0,8.873849599358256e-08,False
0.5-1,5989,0,6.307439789942153e-07,False
0.5-1,5990,0,7.339761755970777e-15,False
0.5-1,5991,0,3.219276314512781e-11,False
0.5-1,5992,0,6.529872852736675e-09,False
0.5-1,5993,0,3.14453914465317e-16,False
0.5-1,5994,0,7.124841419547618e-11,False
0.5-1,5995,0,1.671996302970786e-17,False
0.5-1,5996,0,8.983369609757975e-06,False
0.5-1,5997,0,2.225039653927698e-24,False
0.5-1,5998,0,1.0469788055563629e-22,False
0.5-1,5999,0,7.197632110203879e-05,False
0.5-1,6000,0,1.926531176577278e-07,False
0.5-1,6001,0,9.212078519143993e-07,False
0.5-1,6002,0,7.053610947826728e-06,False
0.5-1,6003,0,1.0276721306416611e-07,False
0.5-1,6004,0,7.123464176752218e-05,False
0.5-1,6005,0,1.3890450317494023e-19,False
0.5-1,6006,0,1.484290380866496e-11,False
0.5-1,6007,0,6.198998023619544e-07,False
0.5-1,6008,0,5.2288695522649814e-05,False
0.5-1,6009,0,3.5530035455065234e-12,False
0.5-1,6010,0,2.6911554814286796e-25,False
0.5-1,6011,0,1.2631833794976853e-15,False
0.5-1,6012,0,4.035878314285872e-12,False
0.5-1,6013,0,1.735646534532739e-06,False
0.5-1,6014,0,3.402775568021343e-17,False
0.5-1,6015,0,7.634387709525871e-13,False
0.5-1,6016,0,2.3067623405255596e-09,False
0.5-1,6017,0,5.938207166342477e-10,False
0.5-1,6018,0,7.19745646285298e-16,False
0.5-1,6019,0,7.76107555313094e-15,False
0.5-1,6020,0,1.2220193532575127e-07,False
0.5-1,6021,0,2.0174736350788306e-17,False
0.5-1,6022,0,4.590747850105961e-12,False
0.5-1,6023,0,6.305596923951208e-16,False
0.5-1,6024,0,2.12184294642464e-06,False
0.5-1,6025,0,1.046318235517488e-14,False
0.5-1,6026,0,1.7815158794625287e-10,False
0.5-1,6027,0,5.2627055527132576e-12,False
0.5-1,6028,0,1.8729264503900503e-06,False
0.5-1,6029,0,1.9293999937547822e-26,False
0.5-1,6030,0,3.671017333615047e-18,False
0.5-1,6031,0,5.5208434098821084e-08,False
0.5-1,6032,0,1.0422746409528549e-11,False
0.5-1,6033,0,1.7462908498994858e-09,False
0.5-1,6034,0,1.737142820404991e-08,False
0.5-1,6035,0,6.648054041481855e-12,False
0.5-1,6036,0,0.00010841334008714128,False
0.5-1,6037,0,2.9438416975767907e-21,False
0.5-1,6038,0,8.961889080671268e-16,False
0.5-1,6039,0,2.9502870467132914e-08,False
0.5-1,6040,0,2.454688488297914e-07,False
0.5-1,6041,0,6.616468223534607e-17,False
0.5-1,6042,0,1.7379579477203386e-30,False
0.5-1,6043,0,6.6130311189272854e-12,False
0.5-1,6044,0,6.423520207835019e-15,False
0.5-1,6045,0,8.692377663896437e-06,False
0.5-1,6046,0,6.803845774326396e-17,False
0.5-1,6047,0,4.132859234217586e-16,False
0.5-1,6048,0,1.5122729842162084e-10,False
0.5-1,6049,0,1.3068188189912958e-08,False
0.5-1,6050,0,5.51607125956797e-09,False
0.5-1,6051,0,5.054829538198965e-10,False
0.5-1,6052,0,2.508277395128145e-11,False
0.5-1,6053,0,5.175338398707331e-11,False
0.5-1,6054,0,9.770590586233173e-11,False
0.5-1,6055,0,3.340908601142218e-11,False
0.5-1,6056,0,5.801575837177558e-13,False
0.5-1,6057,0,5.667516158564585e-11,False
0.5-1,6058,0,5.958081689770323e-12,False
0.5-1,6059,0,1.6742993997732864e-10,False
0.5-1,6060,0,8.926227063067657e-13,False
0.5-1,6061,0,1.2659405186349626e-14,False
0.5-1,6062,0,3.7186737644281084e-10,False
0.5-1,6063,0,4.8134216395190633e-11,False
0.5-1,6064,0,3.7341215800630185e-13,False
0.5-1,6065,0,2.933372876944077e-08,False
0.5-1,6066,0,1.298629698553562e-11,False
0.5-1,6067,0,3.2025177557713307e-10,False
0.5-1,6068,0,9.873185886384481e-09,False
0.5-1,6069,0,5.913168484814059e-11,False
0.5-1,6070,0,3.546832923459051e-11,False
0.5-1,6071,0,9.695418868390969e-11,False
0.5-1,6072,0,2.839188400018832e-08,False
0.5-1,6073,0,4.5383038285993424e-08,False
0.5-1,6074,0,7.670023445103363e-08,False
0.5-1,6075,0,1.2450039959396864e-08,False
0.5-1,6076,0,2.730514225129554e-10,False
0.5-1,6077,0,1.5421094870382524e-10,False
0.5-1,6078,0,2.7806216610453546e-10,False
0.5-1,6079,0,3.948032798731239e-10,False
0.5-1,6080,0,2.2126717002555213e-11,False
0.5-1,6081,0,2.47147793154873e-09,False
0.5-1,6082,0,4.442733579579756e-10,False
0.5-1,6083,0,2.0109998189788402e-10,False
0.5-1,6084,0,2.43288626921754e-12,False
0.5-1,6085,0,4.296419052586668e-12,False
0.5-1,6086,0,1.2252429974904465e-07,False
0.5-1,6087,0,7.857987647537962e-09,False
0.5-1,6088,0,5.983608749068053e-08,False
0.5-1,6089,0,9.132624499446933e-08,False
0.5-1,6090,0,4.554818924616198e-11,False
0.5-1,6091,0,2.1102590483444725e-10,False
0.5-1,6092,0,1.4161531547538466e-07,False
0.5-1,6093,0,2.4682033528951934e-10,False
0.5-1,6094,0,1.2738763985768362e-10,False
0.5-1,6095,0,5.879225953444861e-11,False
0.5-1,6096,0,5.237007536550742e-06,False
0.5-1,6097,0,4.6459320942336835e-07,False
0.5-1,6098,0,1.3684481559152733e-07,False
0.5-1,6099,0,1.8890021123686512e-07,False
0.5-1,6100,0,4.5111726449216436e-10,False
0.5-1,6101,0,2.3405619076404466e-10,False
0.5-1,6102,0,1.6310061947966284e-10,False
0.5-1,6103,0,1.2458116159729256e-09,False
0.5-1,6104,0,9.570390271025608e-11,False
0.5-1,6105,0,4.1936738023185933e-10,False
0.5-1,6106,0,2.242802377483662e-09,False
0.5-1,6107,0,8.403430735769849e-11,False
0.5-1,6108,0,1.8553039926726687e-11,False
0.5-1,6109,0,5.869616170590111e-12,False
0.5-1,6110,0,3.260161275568307e-07,False
0.5-1,6111,0,5.565611159163024e-08,False
0.5-1,6112,0,7.670284794818342e-11,False
0.5-1,6113,0,8.39519579984156e-08,False
0.5-1,6114,0,2.9695132954267234e-10,False
0.5-1,6115,0,5.4818373210673e-08,False
0.5-1,6116,0,9.318564254083587e-07,False
0.5-1,6117,0,1.7664397986767433e-09,False
0.5-1,6118,0,5.670820685360842e-10,False
0.5-1,6119,0,5.970173448080974e-10,False
0.5-1,6120,0,1.4800899571548814e-07,False
0.5-1,6121,0,3.0323876608830243e-08,False
0.5-1,6122,0,1.1885433983492485e-07,False
0.5-1,6123,0,1.5640943411489882e-07,False
0.5-1,6124,0,8.338094933435177e-09,False
0.5-1,6125,0,4.360548074576721e-10,False
0.5-1,6126,0,4.3321278416385285e-10,False
0.5-1,6127,0,0.0023557569015329465,False
0.5-1,6128,0,2.6850300712580547e-10,False
0.5-1,6129,0,3.2277571636729305e-11,False
0.5-1,6130,0,1.5142703161690255e-09,False
0.5-1,6131,0,1.735086814625075e-06,False
0.5-1,6132,0,6.207884552980806e-11,False
0.5-1,6133,0,6.086632592891847e-12,False
0.5-1,6134,0,8.775840193997604e-08,False
0.5-1,6135,0,1.6432708158451901e-06,False
0.5-1,6136,0,1.08999356500762e-12,False
0.5-1,6137,0,2.0494031326602772e-07,False
0.5-1,6138,0,1.5811959236353506e-10,False
0.5-1,6139,0,2.551737317736858e-08,False
0.5-1,6140,0,8.136166785723635e-08,False
0.5-1,6141,1,0.9998980717136251,True
0.5-1,6142,0,2.4727809826301813e-09,False
0.5-1,6143,0,4.706221427267464e-10,False
0.5-1,6144,0,1.636711486424601e-08,False
0.5-1,6145,0,2.088384776137944e-09,False
0.5-1,6146,0,3.6231306010004037e-09,False
0.5-1,6147,0,9.929222605518642e-09,False
0.5-1,6148,0,6.444721554665205e-10,False
0.5-1,6149,0,1.902889580058814e-10,False
0.5-1,6150,0,1.2733489902575297e-09,False
0.5-1,6151,1,0.9638622831849926,True
0.5-1,6152,0,8.008824065650814e-10,False
0.5-1,6153,0,1.940688994509939e-12,False
0.5-1,6154,0,5.532203899054647e-11,False
0.5-1,6155,0,1.925777965524228e-11,False
0.5-1,6156,0,7.125783398785081e-11,False
0.5-1,6157,0,3.1274858327215424e-12,False
0.5-1,6158,0,6.131113211259493e-08,False
0.5-1,6159,0,1.2317273600697742e-08,False
0.5-1,6160,0,1.3296325007621895e-12,False
0.5-1,6161,0,7.819618990120353e-08,False
0.5-1,6162,0,4.628567804030768e-12,False
0.5-1,6163,0,2.507833311524328e-07,False
0.5-1,6164,0,1.8792780431926075e-09,False
0.5-1,6165,0,3.069752113246557e-08,False
0.5-1,6166,1,0.9996557134616959,True
0.5-1,6167,0,2.4177702815998567e-09,False
0.5-1,6168,0,4.449540491369859e-09,False
0.5-1,6169,0,3.487257011403486e-11,False
0.5-1,6170,0,3.920550174554097e-10,False
0.5-1,6171,0,1.6342636573040011e-09,False
0.5-1,6172,0,8.289096008722403e-09,False
0.5-1,6173,0,1.490281508404672e-09,False
0.5-1,6174,0,4.110428673345778e-11,False
0.5-1,6175,0,1.1917998562405694e-08,False
0.5-1,6176,0,0.815436739081668,False
0.5-1,6177,0,6.716366979284969e-14,False
0.5-1,6178,0,2.4994222426782577e-13,False
0.5-1,6179,0,2.388777359684669e-11,False
0.5-1,6180,0,7.601739515745498e-11,False
0.5-1,6181,0,2.25559346800285e-13,False
0.5-1,6182,0,1.024681969055087e-08,False
0.5-1,6183,0,4.62855677526429e-09,False
0.5-1,6184,0,2.3210346853389926e-09,False
0.5-1,6185,0,6.49506890394261e-08,False
0.5-1,6186,0,6.540793241014577e-15,False
0.5-1,6187,0,0.00018072650605234418,False
0.5-1,6188,0,1.1994306982830596e-08,False
0.5-1,6189,0,7.35805808726302e-08,False
0.5-1,6190,0,3.172379739055509e-08,False
0.5-1,6191,0,9.961840606599815e-08,False
0.5-1,6192,0,6.3409343807657e-11,False
0.5-1,6193,0,1.3623537028065994e-10,False
0.5-1,6194,0,1.420225955002706e-10,False
0.5-1,6195,0,1.4799373446343053e-08,False
0.5-1,6196,0,5.785379688501708e-09,False
0.5-1,6197,0,1.338600959115446e-07,False
0.5-1,6198,0,6.70812605112519e-09,False
0.5-1,6199,0,3.936783630436199e-06,False
0.5-1,6200,0,5.20183395016345e-08,False
0.5-1,6201,0,9.113949027705435e-15,False
0.5-1,6202,0,5.669660146850439e-16,False
0.5-1,6203,0,0.0001865092092266068,False
0.5-1,6204,0,1.4908545661794685e-08,False
0.5-1,6205,0,3.286784513969171e-16,False
0.5-1,6206,0,4.600158257196028e-09,False
0.5-1,6207,0,6.849109604891811e-10,False
0.5-1,6208,0,0.052131313121410935,False
0.5-1,6209,0,3.5136041461969546e-07,False
0.5-1,6210,0,1.1157897552537329e-17,False
0.5-1,6211,0,0.00036125144626568965,False
0.5-1,6212,0,1.0061731630149967e-10,False
0.5-1,6213,0,6.147615019189756e-06,False
0.5-1,6214,0,1.0451583432513815e-05,False
0.5-1,6215,0,0.0010554277961402553,False
0.5-1,6216,0,2.623866793611123e-13,False
0.5-1,6217,0,7.546506114915952e-12,False
0.5-1,6218,0,1.1992265868128155e-09,False
0.5-1,6219,0,1.9199713807190765e-06,False
0.5-1,6220,0,4.4044588509308235e-05,False
0.5-1,6221,0,2.7971293692967312e-05,False
0.5-1,6222,0,8.964358993704829e-06,False
0.5-1,6223,0,7.553933771286799e-08,False
0.5-1,6224,0,0.0025498993160856694,False
0.5-1,6225,0,8.777519911304215e-10,False
0.5-1,6226,0,3.3679095736909746e-18,False
0.5-1,6227,0,0.0002549349197026866,False
0.5-1,6228,0,0.00013347352349992378,False
0.5-1,6229,0,5.267049729168016e-19,False
0.5-1,6230,0,1.0931057435556425e-10,False
0.5-1,6231,0,6.001474008175734e-05,False
0.5-1,6232,0,8.270561460446241e-07,False
0.5-1,6233,0,0.000596887174968215,False
0.5-1,6234,0,0.036397118286494924,False
0.5-1,6235,0,1.4666245833644057e-05,False
0.5-1,6236,0,1.8193371277920348e-13,False
0.5-1,6237,0,1.5993453016466283e-05,False
0.5-1,6238,0,0.00043152085278588516,False
0.5-1,6239,0,0.004375882061286983,False
0.5-1,6240,0,1.3750749813665747e-14,False
0.5-1,6241,0,1.1078093881155395e-10,False
0.5-1,6242,0,1.0502324596000924e-18,False
0.5-1,6243,0,7.355439581628733e-06,False
0.5-1,6244,0,6.922966686035376e-06,False
0.5-1,6245,0,0.0014499686895601696,False
0.5-1,6246,0,0.0002826709950640416,False
0.5-1,6247,0,0.00332599904591898,False
0.5-1,6248,0,5.1732705143927236e-05,False
0.5-1,6249,0,1.47379415411738e-06,False
0.5-1,6250,0,0.00020813710721541727,False
0.5-1,6251,0,9.298808423175072e-05,False
0.5-1,6252,0,0.00016266643113077735,False
0.5-1,6253,0,8.651232620921466e-19,False
0.5-1,6254,0,1.4143626368271048e-09,False
0.5-1,6255,0,4.591430391781284e-05,False
0.5-1,6256,0,0.0008950020905884142,False
0.5-1,6257,0,5.910175184322403e-11,False
0.5-1,6258,0,1.9107054324053646e-12,False
0.5-1,6259,0,0.006506097042919131,False
0.5-1,6260,0,4.359436781148414e-08,False
0.5-1,6261,0,2.3839140834147428e-05,False
0.5-1,6262,0,2.0870533080452362e-18,False
0.5-1,6263,0,0.00012437887609696642,False
0.5-1,6264,0,5.76198946808498e-18,False
0.5-1,6265,0,0.0005714702601415351,False
0.5-1,6266,0,2.8588310016593785e-06,False
0.5-1,6267,0,7.896418831333441e-06,False
0.5-1,6268,0,7.466084514189361e-11,False
0.5-1,6269,0,7.953022997656315e-09,False
0.5-1,6270,0,5.570797193656323e-09,False
0.5-1,6271,0,3.164223544505061e-11,False
0.5-1,6272,0,8.100062417228772e-10,False
0.5-1,6273,0,3.427635867122873e-12,False
0.5-1,6274,0,2.1643025411719115e-10,False
0.5-1,6275,0,7.078481672095121e-12,False
0.5-1,6276,0,1.4220821562290553e-13,False
0.5-1,6277,0,8.233556638029071e-12,False
0.5-1,6278,0,1.8927741551560673e-09,False
0.5-1,6279,0,1.854700719857174e-12,False
0.5-1,6280,0,6.951198347824546e-14,False
0.5-1,6281,0,1.4496918408681487e-10,False
0.5-1,6282,0,1.522224837773902e-10,False
0.5-1,6283,0,1.2433445362694052e-11,False
0.5-1,6284,0,6.962788834060437e-14,False
0.5-1,6285,0,8.605899119332642e-09,False
0.5-1,6286,0,1.4265296777630615e-09,False
0.5-1,6287,0,2.1472131832368413e-10,False
0.5-1,6288,0,2.778782884609825e-08,False
0.5-1,6289,0,1.2034492396461923e-10,False
0.5-1,6290,0,1.912153253718369e-11,False
0.5-1,6291,0,5.041801203716924e-10,False
0.5-1,6292,0,1.1242991703171545e-07,False
0.5-1,6293,0,1.048258662023604e-07,False
0.5-1,6294,0,1.2862580258413912e-07,False
0.5-1,6295,0,3.324526713101872e-09,False
0.5-1,6296,0,2.6046449992921173e-10,False
0.5-1,6297,0,2.0148490456421462e-10,False
0.5-1,6298,0,6.201782432163007e-11,False
0.5-1,6299,0,3.7260267503598237e-10,False
0.5-1,6300,0,9.964055841283953e-13,False
0.5-1,6301,0,6.135829868019647e-11,False
0.5-1,6302,0,8.851657386993258e-11,False
0.5-1,6303,0,1.426713758352614e-11,False
0.5-1,6304,0,1.7242598215238607e-13,False
0.5-1,6305,0,3.402904631826117e-11,False
0.5-1,6306,0,3.259026242579984e-08,False
0.5-1,6307,0,2.9991080640730674e-08,False
0.5-1,6308,0,4.493491181715119e-12,False
0.5-1,6309,0,4.2847617919878e-08,False
0.5-1,6310,0,9.582510502252137e-07,False
0.5-1,6311,0,4.137245374858841e-10,False
0.5-1,6312,0,1.2051613698088873e-07,False
0.5-1,6313,0,1.7735608586168263e-10,False
0.5-1,6314,0,1.840244531113247e-10,False
0.5-1,6315,0,8.419910050077106e-11,False
0.5-1,6316,0,1.835589675145516e-07,False
0.5-1,6317,0,2.6391110792106673e-07,False
0.5-1,6318,0,1.8599489534408532e-08,False
0.5-1,6319,0,8.354994001234778e-08,False
0.5-1,6320,0,1.3796825241849917e-10,False
0.5-1,6321,0,1.0318257878078292e-10,False
0.5-1,6322,0,1.8221383044091152e-10,False
0.5-1,6323,0,2.451417115587321e-10,False
0.5-1,6324,0,6.542974711418196e-12,False
0.5-1,6325,0,3.438229256881226e-11,False
0.5-1,6326,0,9.386084014621738e-12,False
0.5-1,6327,0,1.199888389736625e-11,False
0.5-1,6328,0,1.5661067459064392e-11,False
0.5-1,6329,0,1.5089195668775018e-11,False
0.5-1,6330,0,1.672692622185457e-07,False
0.5-1,6331,0,8.583122913325324e-08,False
0.5-1,6332,0,3.5404918332851414e-12,False
0.5-1,6333,0,7.817584859584164e-08,False
0.5-1,6334,0,0.0019456203101815882,False
0.5-1,6335,0,4.867204223738164e-10,False
0.5-1,6336,0,2.247599101217533e-07,False
0.5-1,6337,0,1.2312769562874073e-09,False
0.5-1,6338,0,2.559212524294416e-10,False
0.5-1,6339,0,1.0755012181159231e-10,False
0.5-1,6340,0,2.712033653577347e-07,False
0.5-1,6341,0,6.747555837705915e-08,False
0.5-1,6342,0,1.4458695002569558e-08,False
0.5-1,6343,0,9.23096778781336e-08,False
0.5-1,6344,0,1.3254405341387007e-10,False
0.5-1,6345,0,3.98352481587944e-10,False
0.5-1,6346,0,1.0234169656361028e-10,False
0.5-1,6347,0,1.081001528944041e-09,False
0.5-1,6348,0,9.636871285281156e-13,False
0.5-1,6349,0,1.374126220536463e-12,False
0.5-1,6350,0,1.2356500690844263e-12,False
0.5-1,6351,0,1.0041936450673932e-10,False
0.5-1,6352,0,1.8432701561979102e-12,False
0.5-1,6353,0,4.556476435338242e-12,False
0.5-1,6354,0,2.8967106264139226e-07,False
0.5-1,6355,0,6.8872138364097e-08,False
0.5-1,6356,0,0.0005262980719665446,False
0.5-1,6357,0,2.052291144685644e-07,False
0.5-1,6358,0,8.07795739452295e-05,False
0.5-1,6359,0,4.3894749872782795e-09,False
0.5-1,6360,0,9.368929644502666e-08,False
0.5-1,6361,0,4.178259651588713e-10,False
0.5-1,6362,0,8.299613031313649e-10,False
0.5-1,6363,0,2.904646457091992e-10,False
0.5-1,6364,0,5.782190862338803e-07,False
0.5-1,6365,0,5.004430795018413e-06,False
0.5-1,6366,0,4.999760703343383e-07,False
0.5-1,6367,0,1.2297216315787223e-07,False
0.5-1,6368,0,9.287963265787122e-10,False
0.5-1,6369,0,6.785351226260651e-10,False
0.5-1,6370,0,2.6294420903019764e-10,False
0.5-1,6371,0,4.155506281477082e-09,False
0.5-1,6372,0,1.1115545691740432e-11,False
0.5-1,6373,0,2.2041062055751704e-14,False
0.5-1,6374,0,1.322926272408986e-10,False
0.5-1,6375,0,4.5380072972728126e-11,False
0.5-1,6376,0,1.2461524875549313e-12,False
0.5-1,6377,0,8.339049481739494e-13,False
0.5-1,6378,0,3.160731278423379e-08,False
0.5-1,6379,0,3.7264813529764766e-08,False
0.5-1,6380,0,1.5054662049798225e-09,False
0.5-1,6381,0,2.5472988651443615e-08,False
0.5-1,6382,0,9.673444532751682e-14,False
0.5-1,6383,0,2.7820901462803817e-08,False
0.5-1,6384,0,1.6752708112320755e-08,False
0.5-1,6385,0,2.3663506867877667e-09,False
0.5-1,6386,0,6.053781666744456e-09,False
0.5-1,6387,0,2.593060188157771e-10,False
0.5-1,6388,0,4.774052307273858e-06,False
0.5-1,6389,0,1.04765076569386e-06,False
0.5-1,6390,0,1.106675544001086e-07,False
0.5-1,6391,0,3.836668627953265e-07,False
0.5-1,6392,0,1.3281011716884465e-07,False
0.5-1,6393,0,1.695348069652935e-08,False
0.5-1,6394,0,3.7467447011509357e-10,False
0.5-1,6395,0,2.7102936148915192e-08,False
0.5-1,6396,0,7.621885833245515e-10,False
0.5-1,6397,0,2.434651623625636e-15,False
0.5-1,6398,0,1.423575381823636e-14,False
0.5-1,6399,0,1.6345734719363908e-07,False
0.5-1,6400,0,7.490444492652949e-12,False
0.5-1,6401,0,4.0850685343172174e-15,False
0.5-1,6402,0,6.408157600438206e-09,False
0.5-1,6403,0,2.2079456585520143e-08,False
0.5-1,6404,0,3.612357078366764e-07,False
0.5-1,6405,0,1.4976249914378e-07,False
0.5-1,6406,0,2.0944973435960134e-14,False
0.5-1,6407,0,4.471001103669011e-06,False
0.5-1,6408,0,1.3738377603926553e-07,False
0.5-1,6409,0,1.523120014121002e-08,False
0.5-1,6410,0,3.114370047849472e-10,False
0.5-1,6411,0,7.543659629616499e-09,False
0.5-1,6412,0,2.801224044388813e-10,False
0.5-1,6413,0,2.992677234739836e-07,False
0.5-1,6414,0,2.4336266144169057e-08,False
0.5-1,6415,0,0.00028102866003670683,False
0.5-1,6416,0,8.391474941385131e-07,False
0.5-1,6417,0,2.740402710197627e-08,False
0.5-1,6418,0,5.255653660833331e-08,False
0.5-1,6419,0,6.256442304511109e-07,False
0.5-1,6420,0,5.696212733813501e-05,False
0.5-1,6421,0,2.187344681150272e-18,False
0.5-1,6422,0,1.6199253526251495e-16,False
0.5-1,6423,0,0.00012389766656793828,False
0.5-1,6424,0,1.1766329760028008e-07,False
0.5-1,6425,0,2.4237154949094718e-17,False
0.5-1,6426,0,3.6772981455577375e-11,False
0.5-1,6427,0,6.729828110330496e-08,False
0.5-1,6428,0,0.0009142761522356266,False
0.5-1,6429,0,9.528286245740302e-06,False
0.5-1,6430,0,7.241809280317368e-15,False
0.5-1,6431,0,8.484646108237998e-06,False
0.5-1,6432,0,1.428504102125967e-09,False
0.5-1,6433,0,2.5623655324489306e-06,False
0.5-1,6434,0,2.0251334433991298e-08,False
0.5-1,6435,0,2.149312698110603e-07,False
0.5-1,6436,0,3.5732175169221154e-12,False
0.5-1,6437,0,3.2876340291324844e-08,False
0.5-1,6438,0,9.02128147293637e-11,False
0.5-1,6439,0,2.4454780124881497e-05,False
0.5-1,6440,0,5.906631780688085e-05,False
0.5-1,6441,0,0.00010395356590244159,False
0.5-1,6442,0,8.41218392240502e-05,False
0.5-1,6443,0,3.5860617459702277e-08,False
0.5-1,6444,0,0.004190592066010184,False
0.5-1,6445,0,2.0880821315316562e-21,False
0.5-1,6446,0,2.481786675676012e-20,False
0.5-1,6447,0,0.0014462997459837104,False
0.5-1,6448,0,0.00013809941802923935,False
0.5-1,6449,0,1.7451519762360712e-20,False
0.5-1,6450,0,4.638722475864859e-11,False
0.5-1,6451,0,0.00031994388577267694,False
0.5-1,6452,0,0.0008521323519935444,False
0.5-1,6453,0,0.0011788812100751612,False
0.5-1,6454,0,1.8250622344983234e-22,False
0.5-1,6455,0,5.3807951537458664e-05,False
0.5-1,6456,0,8.68343131592698e-11,False
0.5-1,6457,0,0.0004059792054251316,False
0.5-1,6458,0,5.164340246412954e-07,False
0.5-1,6459,0,5.5870371408175494e-05,False
0.5-1,6460,0,4.879515072478328e-15,False
0.5-1,6461,0,1.4531232634039865e-08,False
0.5-1,6462,0,7.516191913813345e-17,False
0.5-1,6463,0,1.296325795281923e-05,False
0.5-1,6464,0,8.92767879571926e-06,False
0.5-1,6465,0,8.650964108973552e-05,False
0.5-1,6466,0,0.00025461003897959245,False
0.5-1,6467,0,1.5649381919767175e-06,False
0.5-1,6468,0,1.530243886729377e-05,False
0.5-1,6469,0,8.573692788052389e-05,False
0.5-1,6470,0,1.969112745084691e-10,False
0.5-1,6471,0,6.261564186211208e-05,False
0.5-1,6472,0,7.996207439954924e-05,False
0.5-1,6473,0,2.6035145365708804e-15,False
0.5-1,6474,0,7.58114827921438e-19,False
0.5-1,6475,0,2.9492258163179604e-07,False
0.5-1,6476,0,0.00043777326885713217,False
0.5-1,6477,0,1.1735191346421156e-22,False
0.5-1,6478,0,1.889929365255594e-09,False
0.5-1,6479,0,1.163358011389571e-06,False
0.5-1,6480,0,1.4999818813328897e-05,False
0.5-1,6481,0,4.184542645549432e-06,False
0.5-1,6482,0,3.0830427305069295e-11,False
0.5-1,6483,0,1.2530481265093031e-05,False
0.5-1,6484,0,1.5907851471256285e-14,False
0.5-1,6485,0,9.119409993434714e-05,False
0.5-1,6486,0,0.00014117109792884593,False
0.5-1,6487,0,1.6623841349478036e-05,False
0.5-1,6488,0,5.893802578046301e-11,False
0.5-1,6489,0,1.0490327524091528e-08,False
0.5-1,6490,0,3.999993980204661e-09,False
0.5-1,6491,0,1.9970795474884968e-11,False
0.5-1,6492,0,1.8984758777380357e-06,False
0.5-1,6493,0,7.15848878699422e-10,False
0.5-1,6494,0,2.1313886494421057e-07,False
0.5-1,6495,0,1.9607192355633248e-10,False
0.5-1,6496,0,2.346612413931268e-15,False
0.5-1,6497,0,9.305636946657953e-10,False
0.5-1,6498,0,4.191884424449598e-12,False
0.5-1,6499,0,2.329486396433415e-13,False
0.5-1,6500,0,4.854525691678407e-14,False
0.5-1,6501,0,1.7678764399042383e-13,False
0.5-1,6502,0,2.4547624770794343e-09,False
0.5-1,6503,0,4.911643400767681e-11,False
0.5-1,6504,0,2.1268593599314274e-11,False
0.5-1,6505,0,1.0076490302564708e-08,False
0.5-1,6506,0,1.1811548795353135e-09,False
0.5-1,6507,0,3.865814000506409e-10,False
0.5-1,6508,0,2.0617129540689417e-08,False
0.5-1,6509,0,1.210876720346149e-09,False
0.5-1,6510,0,2.5153003072926393e-12,False
0.5-1,6511,0,1.8123802480108253e-10,False
0.5-1,6512,0,5.32709342304641e-08,False
0.5-1,6513,0,1.3765652126990804e-07,False
0.5-1,6514,0,2.3437640660445663e-08,False
0.5-1,6515,0,1.0312494885343277e-08,False
0.5-1,6516,0,7.188003212790713e-10,False
0.5-1,6517,0,6.342665788700431e-11,False
0.5-1,6518,0,3.2182986657801336e-09,False
0.5-1,6519,0,2.373115975011128e-10,False
0.5-1,6520,0,1.4122674426850988e-13,False
0.5-1,6521,0,4.757286676512828e-10,False
0.5-1,6522,0,1.5438515331163035e-10,False
0.5-1,6523,0,3.347465832394321e-12,False
0.5-1,6524,0,2.554779356574494e-13,False
0.5-1,6525,0,1.5343746055155073e-08,False
0.5-1,6526,0,2.4933126797861836e-07,False
0.5-1,6527,0,4.704494751505606e-08,False
0.5-1,6528,0,2.8501598813555453e-12,False
0.5-1,6529,0,2.515680007277603e-07,False
0.5-1,6530,0,2.976623652382115e-10,False
0.5-1,6531,0,5.54936755939011e-10,False
0.5-1,6532,0,5.387437424165712e-07,False
0.5-1,6533,0,4.567252144427496e-10,False
0.5-1,6534,0,4.306735395472044e-11,False
0.5-1,6535,0,9.444322651828484e-11,False
0.5-1,6536,0,2.4077831573445135e-07,False
0.5-1,6537,0,1.8077418877171745e-07,False
0.5-1,6538,0,3.426663349030486e-08,False
0.5-1,6539,0,2.1567480011008e-08,False
0.5-1,6540,0,4.744055086910679e-10,False
0.5-1,6541,0,6.352471988934632e-11,False
0.5-1,6542,0,1.7549211404834677e-10,False
0.5-1,6543,0,4.3644582987889167e-10,False
0.5-1,6544,0,8.788884335532556e-13,False
0.5-1,6545,0,1.4931801125978357e-12,False
0.5-1,6546,0,1.5481063326433394e-11,False
0.5-1,6547,0,6.382483376126598e-12,False
0.5-1,6548,0,2.8522182249529613e-12,False
0.5-1,6549,0,8.218299238879645e-12,False
0.5-1,6550,0,3.8422400654289296e-07,False
0.5-1,6551,0,4.90837095442435e-08,False
0.5-1,6552,0,2.206024163273874e-11,False
0.5-1,6553,0,6.828638132370601e-08,False
0.5-1,6554,0,6.3444600991615566e-12,False
0.5-1,6555,0,7.649685804425168e-10,False
0.5-1,6556,0,1.057018192255961e-07,False
0.5-1,6557,0,2.5895054229569973e-10,False
0.5-1,6558,0,6.570252359808671e-10,False
0.5-1,6559,0,4.5134852839419596e-11,False
0.5-1,6560,0,3.943876202397106e-07,False
0.5-1,6561,0,9.905035834999915e-08,False
0.5-1,6562,0,3.619508218291491e-08,False
0.5-1,6563,0,3.0357451859738613e-08,False
0.5-1,6564,0,4.4808959907379023e-10,False
0.5-1,6565,0,1.0789933102688551e-10,False
0.5-1,6566,0,3.349145156216562e-11,False
0.5-1,6567,0,4.983860538571231e-10,False
0.5-1,6568,0,4.398546124212694e-12,False
0.5-1,6569,0,4.352757562614338e-12,False
0.5-1,6570,0,7.035888861646144e-13,False
0.5-1,6571,0,3.68439943201806e-11,False
0.5-1,6572,0,5.89108163284674e-12,False
0.5-1,6573,0,1.4849698958734098e-12,False
0.5-1,6574,0,8.492227097547077e-08,False
0.5-1,6575,0,5.0291271542232833e-08,False
0.5-1,6576,0,1.7870978810635864e-12,False
0.5-1,6577,0,4.9467121340890273e-08,False
0.5-1,6578,0,5.7459242276972775e-12,False
0.5-1,6579,0,3.307546748290005e-09,False
0.5-1,6580,0,2.7207108924764666e-07,False
0.5-1,6581,0,1.265893931837019e-09,False
0.5-1,6582,0,7.765082830220105e-10,False
0.5-1,6583,0,1.5026281790346357e-10,False
0.5-1,6584,0,6.00382133192951e-07,False
0.5-1,6585,0,3.993997124382172e-06,False
0.5-1,6586,0,5.034032406147704e-09,False
0.5-1,6587,0,5.510150073108465e-08,False
0.5-1,6588,0,1.5281457756684582e-10,False
0.5-1,6589,0,3.326509023365481e-10,False
0.5-1,6590,0,1.3152730822214572e-10,False
0.5-1,6591,0,1.8046305235140399e-09,False
0.5-1,6592,0,5.330414135152313e-10,False
0.5-1,6593,0,5.879878404252064e-13,False
0.5-1,6594,0,1.947503962421043e-12,False
0.5-1,6595,0,2.189724762378607e-10,False
0.5-1,6596,0,7.327758141129402e-08,False
0.5-1,6597,0,6.888883170637494e-13,False
0.5-1,6598,0,8.331682098636999e-08,False
0.5-1,6599,0,6.463584470732532e-08,False
0.5-1,6600,0,6.95699836841484e-10,False
0.5-1,6601,0,9.900749977170252e-09,False
0.5-1,6602,0,9.456686336747431e-12,False
0.5-1,6603,0,7.389210053043817e-10,False
0.5-1,6604,0,8.856607664292698e-09,False
0.5-1,6605,0,5.022325173042878e-10,False
0.5-1,6606,0,2.6349873090009136e-08,False
0.5-1,6607,0,2.7994955259261134e-08,False
0.5-1,6608,0,5.3784863835694326e-05,False
0.5-1,6609,0,3.310797770435478e-06,False
0.5-1,6610,0,2.8940860127638363e-09,False
0.5-1,6611,0,6.847528753228491e-07,False
0.5-1,6612,0,2.5722439571141344e-08,False
0.5-1,6613,0,1.1083298380379813e-09,False
0.5-1,6614,0,1.8376255498944753e-09,False
0.5-1,6615,0,1.085019444989735e-08,False
0.5-1,6616,0,2.5864953562204184e-08,False
0.5-1,6617,0,8.463829393827491e-15,False
0.5-1,6618,0,3.986404827038099e-12,False
0.5-1,6619,0,2.0507290499851098e-10,False
0.5-1,6620,0,5.463761944708233e-06,False
0.5-1,6621,0,8.052736744765284e-15,False
0.5-1,6622,0,1.1394245114818393e-08,False
0.5-1,6623,0,7.801160991228454e-08,False
0.5-1,6624,0,3.790580465704942e-09,False
0.5-1,6625,0,1.811503409279033e-07,False
0.5-1,6626,0,1.117587109246222e-15,False
0.5-1,6627,0,2.506406798260686e-08,False
0.5-1,6628,0,8.284843369569757e-09,False
0.5-1,6629,0,5.161282853901614e-08,False
0.5-1,6630,0,2.804227271139023e-08,False
0.5-1,6631,0,8.639686306047269e-07,False
0.5-1,6632,0,2.7526266570623333e-07,False
0.5-1,6633,0,0.005568248044639147,False
0.5-1,6634,0,3.7132811418856483e-09,False
0.5-1,6635,0,0.0004415700071051414,False
0.5-1,6636,0,6.57672834604574e-07,False
0.5-1,6637,0,6.633202054472196e-10,False
0.5-1,6638,0,1.5042230717687742e-06,False
0.5-1,6639,0,1.8616032453490611e-06,False
0.5-1,6640,0,0.00026661680060952823,False
0.5-1,6641,0,6.703381127605132e-10,False
0.5-1,6642,0,1.099881185104371e-15,False
0.5-1,6643,0,6.071117216763184e-08,False
0.5-1,6644,0,7.004720758195257e-05,False
0.5-1,6645,0,7.049690799523455e-17,False
0.5-1,6646,0,1.9988173603659249e-10,False
0.5-1,6647,0,3.661530702052543e-06,False
0.5-1,6648,0,6.544024451376384e-06,False
0.5-1,6649,0,1.0077394241927407e-07,False
0.5-1,6650,0,6.260739906060957e-11,False
0.5-1,6651,0,2.331436989000313e-09,False
0.5-1,6652,0,3.56470708019998e-11,False
0.5-1,6653,0,6.3299716764644e-08,False
0.5-1,6654,0,4.17429439719784e-06,False
0.5-1,6655,0,0.00015835593695840629,False
0.5-1,6656,0,8.646540620788031e-08,False
0.5-1,6657,0,1.3847217851083844e-06,False
0.5-1,6658,0,2.2073797509795456e-07,False
0.5-1,6659,0,0.0003467195816685557,False
0.5-1,6660,0,0.004116946720094542,False
0.5-1,6661,0,7.45921366810608e-08,False
0.5-1,6662,0,0.0013818947711987308,False
0.5-1,6663,0,1.1128351336916062e-06,False
0.5-1,6664,0,0.005078833346451835,False
0.5-1,6665,0,1.091451162844134e-20,False
0.5-1,6666,0,9.734834050843591e-19,False
0.5-1,6667,0,0.00012550644647075354,False
0.5-1,6668,0,0.0022084248027944052,False
0.5-1,6669,0,1.6845849797776108e-15,False
0.5-1,6670,0,0.28148500006050226,False
0.5-1,6671,0,0.0006434880465028517,False
0.5-1,6672,0,0.0007329617186774662,False
0.5-1,6673,0,0.00010468033505586381,False
0.5-1,6674,0,3.364988603412716e-21,False
0.5-1,6675,0,7.429500371176707e-07,False
0.5-1,6676,0,1.2068089503198652e-12,False
0.5-1,6677,0,0.00038807744071232684,False
0.5-1,6678,0,2.039991890091401e-06,False
0.5-1,6679,0,0.0008661512808004168,False
0.5-1,6680,0,1.6661367147259935e-09,False
0.5-1,6681,0,4.95914301432337e-07,False
0.5-1,6682,0,7.092999509441294e-15,False
0.5-1,6683,0,5.46759428491088e-05,False
0.5-1,6684,0,0.0002649543994027436,False
0.5-1,6685,0,1.9154313579478646e-06,False
0.5-1,6686,0,0.0002232193215727605,False
0.5-1,6687,0,4.9630873528720594e-05,False
0.5-1,6688,0,8.54737592198676e-05,False
0.5-1,6689,0,7.158523020581204e-06,False
0.5-1,6690,0,3.832010895123187e-05,False
0.5-1,6691,0,1.6134576880281935e-05,False
0.5-1,6692,0,0.0005493982090060976,False
0.5-1,6693,0,1.6401392133201218e-24,False
0.5-1,6694,0,1.0706399612963636e-19,False
0.5-1,6695,0,1.4186310641924542e-06,False
0.5-1,6696,0,5.433300467625325e-05,False
0.5-1,6697,0,4.957676696999943e-23,False
0.5-1,6698,0,1.654389670343153e-11,False
0.5-1,6699,0,2.192469465334844e-06,False
0.5-1,6700,0,4.645668624420692e-06,False
0.5-1,6701,0,1.5450423738363767e-06,False
0.5-1,6702,0,2.1097273280359893e-22,False
0.5-1,6703,0,2.943038694176609e-06,False
0.5-1,6704,0,3.3050359310275766e-16,False
0.5-1,6705,0,1.0821719368648765e-05,False
0.5-1,6706,0,1.248735305460661e-06,False
0.5-1,6707,0,1.672418575842587e-05,False
0.5-1,6708,0,3.339129319661461e-09,False
0.5-1,6709,0,3.2752940567827646e-09,False
0.5-1,6710,0,2.2808490864248573e-08,False
0.5-1,6711,0,2.1281916170288694e-11,False
0.5-1,6712,0,0.06870898131164987,False
0.5-1,6713,0,1.598015430239363e-11,False
0.5-1,6714,0,2.6250658922054953e-06,False
0.5-1,6715,0,1.1725983328350732e-07,False
0.5-1,6716,0,1.0343625802420085e-14,False
0.5-1,6717,0,1.473310995989354e-08,False
0.5-1,6718,0,2.3294480401128043e-09,False
0.5-1,6719,0,6.9280481774326185e-12,False
0.5-1,6720,0,2.0793346089189024e-13,False
0.5-1,6721,0,9.14343401761832e-05,False
0.5-1,6722,0,1.9423017528381904e-06,False
0.5-1,6723,0,1.735162508326962e-11,False
0.5-1,6724,0,3.2488401615244316e-12,False
0.5-1,6725,0,9.581953669707825e-09,False
0.5-1,6726,0,4.4670902716720287e-11,False
0.5-1,6727,0,2.0904673745321362e-10,False
0.5-1,6728,0,8.197221498184777e-09,False
0.5-1,6729,0,6.962281406975579e-09,False
0.5-1,6730,0,2.2896645139465936e-11,False
0.5-1,6731,0,4.003837490738625e-06,False
0.5-1,6732,0,3.503682916514532e-08,False
0.5-1,6733,0,7.327408504190574e-08,False
0.5-1,6734,0,1.4688523317801008e-08,False
0.5-1,6735,0,1.3961977615865403e-08,False
0.5-1,6736,0,1.893553180526392e-07,False
0.5-1,6737,0,6.028703008329716e-11,False
0.5-1,6738,0,5.862556678433279e-10,False
0.5-1,6739,0,3.0157167416321545e-10,False
0.5-1,6740,0,2.5729335059846085e-13,False
0.5-1,6741,0,1.6633885948324256e-12,False
0.5-1,6742,0,3.349531312351693e-10,False
0.5-1,6743,0,2.692830847694178e-11,False
0.5-1,6744,0,1.4564480831068692e-12,False
0.5-1,6745,0,1.1965306724217119e-08,False
0.5-1,6746,0,3.050158144753684e-07,False
0.5-1,6747,0,1.0633076932786506e-07,False
0.5-1,6748,0,1.3283635867025539e-07,False
0.5-1,6749,0,8.443829492280587e-08,False
0.5-1,6750,0,8.517691480533913e-11,False
0.5-1,6751,0,1.5209991833129934e-10,False
0.5-1,6752,0,4.1904078017275835e-07,False
0.5-1,6753,0,4.1439371079285286e-10,False
0.5-1,6754,0,1.081377537610533e-10,False
0.5-1,6755,0,4.499579544453468e-10,False
0.5-1,6756,0,1.0721700319488315e-07,False
0.5-1,6757,0,1.1111892427408984e-07,False
0.5-1,6758,0,1.0292914617209374e-08,False
0.5-1,6759,0,6.232854217453058e-08,False
0.5-1,6760,0,2.486400702064836e-10,False
0.5-1,6761,0,1.0558377751112832e-10,False
0.5-1,6762,0,5.6352446953590025e-11,False
0.5-1,6763,0,3.348650907174433e-10,False
0.5-1,6764,0,1.5987198651009905e-11,False
0.5-1,6765,0,7.759659513646174e-12,False
0.5-1,6766,0,2.4063537161387803e-12,False
0.5-1,6767,0,4.836901308139208e-11,False
0.5-1,6768,0,7.0629343462064634e-12,False
0.5-1,6769,0,3.409485587141695e-11,False
0.5-1,6770,0,9.815262095578563e-07,False
0.5-1,6771,0,2.6853472864750094e-08,False
0.5-1,6772,0,1.4773814604974607e-10,False
0.5-1,6773,0,3.9416529872649516e-07,False
0.5-1,6774,0,5.6468583623266506e-11,False
0.5-1,6775,0,1.2045597644524843e-09,False
0.5-1,6776,0,2.343251798363601e-07,False
0.5-1,6777,0,2.939238329046712e-10,False
0.5-1,6778,0,2.0305249762566142e-10,False
0.5-1,6779,0,8.478509397809574e-11,False
0.5-1,6780,0,1.870617857913609e-08,False
0.5-1,6781,0,3.1313554299589654e-07,False
0.5-1,6782,0,3.217639800156293e-08,False
0.5-1,6783,0,6.292625986202489e-08,False
0.5-1,6784,0,1.5452659381249852e-10,False
0.5-1,6785,0,2.1383176506588055e-10,False
0.5-1,6786,0,1.3435114010538575e-10,False
0.5-1,6787,0,7.40369855353306e-11,False
0.5-1,6788,0,9.935128571752786e-12,False
0.5-1,6789,0,1.2281045300558952e-11,False
0.5-1,6790,0,2.5180459796017793e-12,False
0.5-1,6791,0,7.880485148385779e-11,False
0.5-1,6792,0,8.849515390628548e-12,False
0.5-1,6793,0,8.55025955163574e-12,False
0.5-1,6794,0,4.939088650019124e-07,False
0.5-1,6795,0,2.1134981331357264e-07,False
0.5-1,6796,0,1.146373189997751e-09,False
0.5-1,6797,0,1.0808186110020104e-05,False
0.5-1,6798,0,6.025059178790358e-12,False
0.5-1,6799,0,2.654588570961409e-10,False
0.5-1,6800,0,6.56148965962853e-07,False
0.5-1,6801,0,1.234690720257068e-09,False
0.5-1,6802,0,3.583588232458067e-10,False
0.5-1,6803,0,1.328610362185943e-10,False
0.5-1,6804,0,8.4942498161861e-09,False
0.5-1,6805,0,2.1614089506310627e-05,False
0.5-1,6806,0,2.951738437912985e-08,False
0.5-1,6807,0,3.507456703463364e-08,False
0.5-1,6808,0,8.266755278770775e-11,False
0.5-1,6809,0,3.288385163595629e-10,False
0.5-1,6810,0,3.965738546158604e-09,False
0.5-1,6811,0,2.0734254932594323e-10,False
0.5-1,6812,0,2.9101010647580222e-12,False
0.5-1,6813,0,1.6289337774067335e-14,False
0.5-1,6814,0,3.911049023160259e-13,False
0.5-1,6815,0,2.0561174820800934e-05,False
0.5-1,6816,0,6.88626512134796e-11,False
0.5-1,6817,0,2.8712096760206508e-11,False
0.5-1,6818,0,4.6981582120975044e-07,False
0.5-1,6819,0,1.338360025923294e-06,False
0.5-1,6820,0,7.519106077916018e-09,False
0.5-1,6821,0,3.266044853359339e-05,False
0.5-1,6822,0,2.7689020592946235e-12,False
0.5-1,6823,0,3.521207533566809e-09,False
0.5-1,6824,0,1.5798474247013556e-07,False
0.5-1,6825,0,1.0644008721155e-08,False
0.5-1,6826,0,1.846713914387284e-08,False
0.5-1,6827,0,6.58727039881974e-10,False
0.5-1,6828,0,4.309917798532159e-07,False
0.5-1,6829,0,2.282061702845306e-05,False
0.5-1,6830,0,1.9938254428296106e-09,False
0.5-1,6831,0,1.4147794226747141e-06,False
0.5-1,6832,0,5.919351086650014e-10,False
0.5-1,6833,0,3.40512886802512e-09,False
0.5-1,6834,0,6.727305624424294e-09,False
0.5-1,6835,0,3.6801185217055566e-10,False
0.5-1,6836,0,2.6116703275016455e-10,False
0.5-1,6837,0,3.7976902906812136e-16,False
0.5-1,6838,0,2.6022908415169324e-14,False
0.5-1,6839,0,2.5556390613272754e-08,False
0.5-1,6840,0,0.0001825534289741223,False
0.5-1,6841,0,1.741742255533736e-14,False
0.5-1,6842,0,4.7232921842130123e-08,False
0.5-1,6843,0,5.076420388924092e-07,False
0.5-1,6844,0,9.32839858264752e-08,False
0.5-1,6845,0,0.004644096811333548,False
0.5-1,6846,0,1.505361373763015e-12,False
0.5-1,6847,0,6.10817981148842e-07,False
0.5-1,6848,0,2.237121500947749e-09,False
0.5-1,6849,0,2.1105181381686124e-06,False
0.5-1,6850,0,2.864586052463429e-09,False
0.5-1,6851,0,2.2385070551294634e-08,False
0.5-1,6852,0,2.281941814051795e-09,False
0.5-1,6853,0,0.013727433157417401,False
0.5-1,6854,0,6.7752105665054465e-09,False
0.5-1,6855,0,7.205941933346412e-06,False
0.5-1,6856,0,1.4099190806036232e-08,False
0.5-1,6857,0,2.793670176733044e-10,False
0.5-1,6858,0,4.930622331851064e-07,False
0.5-1,6859,0,1.3299607991334367e-07,False
0.5-1,6860,0,7.108319605155687e-08,False
0.5-1,6861,0,5.348458148734587e-18,False
0.5-1,6862,0,2.705125365610574e-15,False
0.5-1,6863,0,3.0814088535702036e-06,False
0.5-1,6864,0,2.292334235501398e-06,False
0.5-1,6865,0,5.1676871751466105e-15,False
0.5-1,6866,0,3.24716961334468e-10,False
0.5-1,6867,0,9.911083723936965e-07,False
0.5-1,6868,0,0.00027625607744453175,False
0.5-1,6869,0,3.229365807273409e-05,False
0.5-1,6870,0,3.877757874144337e-17,False
0.5-1,6871,0,1.525541613217421e-07,False
0.5-1,6872,0,2.5309279810360762e-11,False
0.5-1,6873,0,0.002326565199307239,False
0.5-1,6874,0,5.415351864997024e-10,False
0.5-1,6875,0,7.642065242044815e-06,False
0.5-1,6876,0,9.392725087963192e-11,False
0.5-1,6877,0,9.648484318023474e-07,False
0.5-1,6878,0,1.9854388701438094e-11,False
0.5-1,6879,0,3.7665990404708935e-05,False
0.5-1,6880,0,0.0007950202520494664,False
0.5-1,6881,0,6.656367067222693e-09,False
0.5-1,6882,0,1.977223773527891e-05,False
0.5-1,6883,0,1.9538669767576673e-09,False
0.5-1,6884,0,0.0002565350189282912,False
0.5-1,6885,0,7.569494050327314e-19,False
0.5-1,6886,0,8.379827858859323e-17,False
0.5-1,6887,0,0.00048238701098282796,False
0.5-1,6888,0,0.015522535562719382,False
0.5-1,6889,0,1.9814453377615277e-20,False
0.5-1,6890,0,6.914458763983599e-13,False
0.5-1,6891,0,0.0001839810427676036,False
0.5-1,6892,0,0.0004595025079754548,False
0.5-1,6893,0,0.00023128233075131165,False
0.5-1,6894,0,2.380508992704023e-21,False
0.5-1,6895,0,1.7940634930356495e-05,False
0.5-1,6896,0,1.2731084569925936e-14,False
0.5-1,6897,0,0.010537291726991655,False
0.5-1,6898,0,1.4162351653267587e-06,False
0.5-1,6899,0,0.00012285250976373576,False
0.5-1,6900,0,8.743212023389383e-12,False
0.5-1,6901,0,4.0985489519774953e-07,False
0.5-1,6902,0,3.775423667646795e-14,False
0.5-1,6903,0,2.2483953262589973e-05,False
0.5-1,6904,0,2.793898233952012e-05,False
0.5-1,6905,0,2.316297409899007e-08,False
0.5-1,6906,0,0.00013319394075580711,False
0.5-1,6907,0,5.200919416800944e-06,False
0.5-1,6908,0,8.065192178593056e-05,False
0.5-1,6909,0,1.2469224695549577e-06,False
0.5-1,6910,0,1.866900981247576e-06,False
0.5-1,6911,0,3.1911095625817804e-05,False
0.5-1,6912,0,5.437607377431942e-05,False
0.5-1,6913,0,7.112878731354007e-19,False
0.5-1,6914,0,1.1980275565632896e-16,False
0.5-1,6915,0,5.066930967760903e-08,False
0.5-1,6916,0,0.000356619701275391,False
0.5-1,6917,0,3.3834212519213246e-19,False
0.5-1,6918,0,2.597607021215166e-15,False
0.5-1,6919,0,1.0966498852470337e-08,False
0.5-1,6920,0,1.5559947898267927e-06,False
0.5-1,6921,0,4.397292266902846e-06,False
0.5-1,6922,0,5.341452085830098e-21,False
0.5-1,6923,0,9.119900168002624e-06,False
0.5-1,6924,0,1.939783469579448e-18,False
0.5-1,6925,0,5.6319761989096035e-05,False
0.5-1,6926,0,7.322651686787494e-07,False
0.5-1,6927,0,1.4948913667753675e-05,False
0.5-1,6928,0,1.636905214617734e-07,False
0.5-1,6929,0,3.9060285741487095e-09,False
0.5-1,6930,0,0.000792508980451629,False
0.5-1,6931,0,5.675592764016277e-11,False
0.5-1,6932,0,0.07734288152527644,False
0.5-1,6933,0,2.623954359337016e-10,False
0.5-1,6934,0,4.550981355073552e-05,False
0.5-1,6935,0,1.9568497618306443e-09,False
0.5-1,6936,0,2.6327048266221063e-09,False
0.5-1,6937,0,0.164638586393301,False
0.5-1,6938,0,3.813087690803755e-07,False
0.5-1,6939,0,2.0202239363017432e-11,False
0.5-1,6940,0,3.5284195236227e-13,False
0.5-1,6941,0,4.661020095656774e-08,False
0.5-1,6942,0,6.351820302611913e-07,False
0.5-1,6943,0,1.3678445432381999e-11,False
0.5-1,6944,0,1.406463085935024e-12,False
0.5-1,6945,0,3.0000444656502887e-09,False
0.5-1,6946,0,1.0087171410751562e-09,False
0.5-1,6947,0,4.49140588325647e-10,False
0.5-1,6948,0,8.795247543054777e-08,False
0.5-1,6949,0,2.0693128597598944e-07,False
0.5-1,6950,0,3.0652266499049755e-11,False
0.5-1,6951,0,7.255402648698301e-06,False
0.5-1,6952,0,4.7647315249639e-08,False
0.5-1,6953,0,1.4446140391666424e-07,False
0.5-1,6954,0,1.122868181297867e-05,False
0.5-1,6955,0,2.5482578621915223e-08,False
0.5-1,6956,0,3.570525828711045e-08,False
0.5-1,6957,0,3.603850678167019e-11,False
0.5-1,6958,0,1.6440235396505247e-08,False
0.5-1,6959,0,1.2550591352647583e-10,False
0.5-1,6960,0,4.059778251408373e-13,False
0.5-1,6961,0,8.947423131237015e-10,False
0.5-1,6962,0,4.594014111945151e-10,False
0.5-1,6963,0,3.902168868990954e-11,False
0.5-1,6964,0,1.7369571616761842e-09,False
0.5-1,6965,0,1.0617071285024268e-09,False
0.5-1,6966,0,2.5622014230387544e-07,False
0.5-1,6967,0,2.3339385915639005e-08,False
0.5-1,6968,0,5.37755694588882e-10,False
0.5-1,6969,0,1.3610601029864232e-07,False
0.5-1,6970,0,1.142080698347841e-09,False
0.5-1,6971,0,4.5542026373841164e-10,False
0.5-1,6972,0,4.3169407296549217e-07,False
0.5-1,6973,0,2.3691614394171023e-09,False
0.5-1,6974,0,1.04358262566384e-10,False
0.5-1,6975,0,1.209623595532816e-09,False
0.5-1,6976,0,1.3493198124336981e-07,False
0.5-1,6977,0,5.899841751358144e-08,False
0.5-1,6978,0,7.716441225761298e-08,False
0.5-1,6979,0,2.458147093913445e-07,False
0.5-1,6980,0,1.8359098812750662e-08,False
0.5-1,6981,0,1.5627354929989665e-10,False
0.5-1,6982,0,1.0831618648843477e-10,False
0.5-1,6983,0,8.508889916806569e-10,False
0.5-1,6984,0,1.9338785030277167e-09,False
0.5-1,6985,0,8.682773527130342e-10,False
0.5-1,6986,0,0.0002457012080747854,False
0.5-1,6987,0,1.1336800392737955e-07,False
0.5-1,6988,0,6.548875778217589e-10,False
0.5-1,6989,0,1.1125084573534459e-11,False
0.5-1,6990,0,2.505815234018383e-07,False
0.5-1,6991,0,5.081554897191063e-07,False
0.5-1,6992,0,6.451918734295334e-11,False
0.5-1,6993,0,7.730275100956848e-07,False
0.5-1,6994,0,4.0196262399207446e-11,False
0.5-1,6995,0,5.347704287243943e-10,False
0.5-1,6996,0,9.992368917521612e-07,False
0.5-1,6997,0,2.4794721623694113e-09,False
0.5-1,6998,0,1.385199176698209e-10,False
0.5-1,6999,0,1.918288112269879e-09,False
0.5-1,7000,0,1.865300564410462e-08,False
0.5-1,7001,0,5.219294804046354e-07,False
0.5-1,7002,0,7.278776244494181e-09,False
0.5-1,7003,0,3.4905712488106295e-07,False
0.5-1,7004,0,2.313470717859006e-10,False
0.5-1,7005,0,2.0604832299984723e-11,False
0.5-1,7006,0,1.0691813842977897e-10,False
0.5-1,7007,0,3.1673351703141465e-10,False
0.5-1,7008,0,6.484469790676891e-12,False
0.5-1,7009,0,2.991202086433906e-12,False
0.5-1,7010,0,1.0381007470988583e-11,False
0.5-1,7011,0,3.3454487467616763e-09,False
0.5-1,7012,0,6.478039197900202e-10,False
0.5-1,7013,0,2.230041655662113e-12,False
0.5-1,7014,0,1.1615039164604044e-07,False
0.5-1,7015,0,1.8203859862151636e-07,False
0.5-1,7016,0,4.9310756904840346e-09,False
0.5-1,7017,0,5.853758293960494e-06,False
0.5-1,7018,0,8.14609447772713e-10,False
0.5-1,7019,0,3.117427361495692e-10,False
0.5-1,7020,0,1.3241058498606515e-07,False
0.5-1,7021,0,2.0209534833334563e-10,False
0.5-1,7022,0,1.1950194989064016e-10,False
0.5-1,7023,0,5.413652971324292e-09,False
0.5-1,7024,0,1.8797301766662424e-08,False
0.5-1,7025,0,1.0900400234670128e-06,False
0.5-1,7026,0,4.67123620637831e-09,False
0.5-1,7027,0,1.8816385607522856e-06,False
0.5-1,7028,0,7.316747542655203e-10,False
0.5-1,7029,0,7.981997601594114e-11,False
0.5-1,7030,0,1.7706422743490944e-10,False
0.5-1,7031,0,2.2394075985273404e-10,False
0.5-1,7032,0,4.061478000944995e-13,False
0.5-1,7033,0,1.0358563968368772e-14,False
0.5-1,7034,0,7.091961273528304e-12,False
0.5-1,7035,0,3.2947241213420274e-10,False
0.5-1,7036,0,6.117022468724927e-09,False
0.5-1,7037,0,1.4544236329122976e-11,False
0.5-1,7038,0,1.0126422739238657e-07,False
0.5-1,7039,0,1.8591143603459568e-06,False
0.5-1,7040,0,3.553621164386274e-07,False
0.5-1,7041,0,3.396591725107653e-05,False
0.5-1,7042,0,1.8963803765111393e-11,False
0.5-1,7043,0,6.303616633791685e-10,False
0.5-1,7044,0,2.0150013773335614e-08,False
0.5-1,7045,0,7.797321596725205e-09,False
0.5-1,7046,0,1.227481694262857e-10,False
0.5-1,7047,0,2.618654953804649e-09,False
0.5-1,7048,0,2.1213618134910052e-08,False
0.5-1,7049,0,4.419853765661628e-05,False
0.5-1,7050,0,2.9362251819021213e-10,False
0.5-1,7051,0,9.003627524211373e-06,False
0.5-1,7052,0,8.561226869324718e-09,False
0.5-1,7053,0,1.3664694410411101e-09,False
0.5-1,7054,0,1.1049265238133684e-09,False
0.5-1,7055,0,1.0406452796490914e-10,False
0.5-1,7056,0,2.112288863476424e-11,False
0.5-1,7057,0,4.36358100079038e-16,False
0.5-1,7058,0,3.0386778101498924e-14,False
0.5-1,7059,0,0.0001550428168824922,False
0.5-1,7060,0,9.0165116726024e-07,False
0.5-1,7061,0,1.2809520880184655e-13,False
0.5-1,7062,0,1.2642444687853042e-07,False
0.5-1,7063,0,6.149914765126234e-06,False
0.5-1,7064,0,1.0764920210527958e-09,False
0.5-1,7065,0,0.001977515359889776,False
0.5-1,7066,0,2.5879719455964973e-14,False
0.5-1,7067,0,6.060737503233573e-10,False
0.5-1,7068,0,1.5974107011295956e-07,False
0.5-1,7069,0,1.2022682173226983e-08,False
0.5-1,7070,0,5.459163483276247e-11,False
0.5-1,7071,0,1.408830202913777e-07,False
0.5-1,7072,0,1.2354319201034335e-10,False
0.5-1,7073,0,0.0011842192050602344,False
0.5-1,7074,0,8.795391270747997e-11,False
0.5-1,7075,0,4.252172808334904e-05,False
0.5-1,7076,0,1.3975705988104209e-05,False
0.5-1,7077,0,8.913844138316823e-11,False
0.5-1,7078,0,3.312962298071588e-06,False
0.5-1,7079,0,9.738212962280534e-09,False
0.5-1,7080,0,3.979834897131087e-08,False
0.5-1,7081,0,8.641859513139464e-15,False
0.5-1,7082,0,1.2470359904696413e-16,False
0.5-1,7083,0,3.0486685922154263e-05,False
0.5-1,7084,0,7.657881726380632e-06,False
0.5-1,7085,0,2.1196155764854932e-15,False
0.5-1,7086,0,3.0820598936136027e-09,False
0.5-1,7087,0,0.0008014971236588535,False
0.5-1,7088,0,6.462651881723498e-05,False
0.5-1,7089,0,0.0009201381570314375,False
0.5-1,7090,0,2.9987871279715583e-15,False
0.5-1,7091,0,3.311563417379827e-11,False
0.5-1,7092,0,7.585681958036235e-09,False
0.5-1,7093,0,0.0004805834628171536,False
0.5-1,7094,0,7.465887228578504e-12,False
0.5-1,7095,0,3.478908570526189e-08,False
0.5-1,7096,0,9.577575302289523e-13,False
0.5-1,7097,0,0.0001176248964468468,False
0.5-1,7098,0,7.934329014249864e-13,False
0.5-1,7099,0,0.00014357147674886353,False
0.5-1,7100,0,0.008420271247694703,False
0.5-1,7101,0,7.817128639902532e-10,False
0.5-1,7102,0,0.0007983492114208945,False
0.5-1,7103,0,8.033862137914176e-08,False
0.5-1,7104,0,5.736183408359124e-07,False
0.5-1,7105,0,9.54049341381551e-23,False
0.5-1,7106,0,2.919240981213259e-19,False
0.5-1,7107,0,0.000532625342233327,False
0.5-1,7108,0,8.158422662366921e-05,False
0.5-1,7109,0,4.661903631078067e-20,False
0.5-1,7110,0,6.712242087701242e-10,False
0.5-1,7111,0,0.0009723384732874919,False
0.5-1,7112,0,0.00028544429219404943,False
0.5-1,7113,0,0.00034020373857202284,False
0.5-1,7114,0,4.0954542240827985e-21,False
0.5-1,7115,0,2.636487521371116e-09,False
0.5-1,7116,0,2.1400488230379047e-11,False
0.5-1,7117,0,0.004185244850746585,False
0.5-1,7118,0,6.764185335936611e-11,False
0.5-1,7119,0,3.648459703439309e-05,False
0.5-1,7120,0,1.8884298836401276e-14,False
0.5-1,7121,0,3.972749033419618e-07,False
0.5-1,7122,0,4.5596418975528355e-18,False
0.5-1,7123,0,1.695737786736263e-05,False
0.5-1,7124,0,0.00031501156091811255,False
0.5-1,7125,0,3.8933092200708444e-07,False
0.5-1,7126,0,0.00020399817785244316,False
0.5-1,7127,0,7.855484584999169e-06,False
0.5-1,7128,0,7.9853879292882e-05,False
0.5-1,7129,0,8.585053793486034e-07,False
0.5-1,7130,0,1.4995463559627129e-05,False
0.5-1,7131,0,4.51217700174551e-05,False
0.5-1,7132,0,7.586316587120144e-08,False
0.5-1,7133,0,2.0835680244163153e-21,False
0.5-1,7134,0,2.45405721288185e-18,False
0.5-1,7135,0,1.8941915403831793e-06,False
0.5-1,7136,0,4.579951214383552e-05,False
0.5-1,7137,0,2.332145225022517e-23,False
0.5-1,7138,0,1.17265581707484e-13,False
0.5-1,7139,0,4.194022240024001e-05,False
0.5-1,7140,0,2.1518153790882804e-07,False
0.5-1,7141,0,6.142251788410821e-07,False
0.5-1,7142,0,7.960615074086591e-18,False
0.5-1,7143,0,1.83657587690971e-07,False
0.5-1,7144,0,5.085679934716464e-19,False
0.5-1,7145,0,6.61037025268582e-05,False
0.5-1,7146,0,2.2179202204307827e-09,False
0.5-1,7147,0,1.7652745481719205e-05,False
0.5-1,7148,0,1.6757078094698377e-07,False
0.5-1,7149,0,2.5779218218757755e-09,False
0.5-1,7150,0,3.611792896817287e-06,False
0.5-1,7151,0,1.8957896059753663e-12,False
0.5-1,7152,0,0.7085284807998288,False
0.5-1,7153,0,1.0451097147277687e-09,False
0.5-1,7154,0,0.7391534308054091,False
0.5-1,7155,0,2.2995722275596492e-09,False
0.5-1,7156,0,3.927788741075088e-12,False
0.5-1,7157,0,3.6262566104328645e-07,False
0.5-1,7158,0,2.2377775413017455e-07,False
0.5-1,7159,0,2.8102399677645435e-11,False
0.5-1,7160,0,4.081572156717997e-14,False
0.5-1,7161,0,9.529888166528899e-07,False
0.5-1,7162,0,0.0001665121856599454,False
0.5-1,7163,0,1.8338280243451734e-11,False
0.5-1,7164,0,2.617478306464848e-13,False
0.5-1,7165,0,4.323420705579377e-09,False
0.5-1,7166,0,2.7226120068847697e-10,False
0.5-1,7167,0,6.951579480340417e-12,False
0.5-1,7168,0,7.078118959454274e-08,False
0.5-1,7169,0,8.248462045931004e-09,False
0.5-1,7170,0,1.0179684362781066e-11,False
0.5-1,7171,0,4.093271372865542e-06,False
0.5-1,7172,0,2.1469111054503407e-05,False
0.5-1,7173,0,3.085183264197085e-07,False
0.5-1,7174,0,8.252621671866398e-07,False
0.5-1,7175,0,5.176292781269646e-09,False
0.5-1,7176,0,3.000288829061102e-08,False
0.5-1,7177,0,1.2507052744409546e-11,False
0.5-1,7178,0,2.49240863002837e-05,False
0.5-1,7179,0,3.269887892307594e-10,False
0.5-1,7180,0,2.167885221163479e-12,False
0.5-1,7181,0,3.472940098162563e-09,False
0.5-1,7182,0,1.8927849927659222e-11,False
0.5-1,7183,0,7.722540271870837e-10,False
0.5-1,7184,0,8.531356072022751e-12,False
0.5-1,7185,0,1.4658405905496192e-09,False
0.5-1,7186,0,2.601188552218921e-06,False
0.5-1,7187,0,1.4448110516049733e-08,False
0.5-1,7188,0,8.49079901357884e-09,False
0.5-1,7189,0,8.624114336719621e-08,False
0.5-1,7190,0,8.438801845712724e-11,False
0.5-1,7191,0,1.640320726278084e-10,False
0.5-1,7192,0,5.15312990049706e-07,False
0.5-1,7193,0,6.88343964580132e-10,False
0.5-1,7194,0,6.115020313183585e-11,False
0.5-1,7195,0,9.931801248627229e-10,False
0.5-1,7196,0,2.2827437688995782e-05,False
0.5-1,7197,0,3.7447213167858904e-06,False
0.5-1,7198,0,1.4181501080449386e-05,False
0.5-1,7199,0,2.873807708575236e-07,False
0.5-1,7200,0,7.858385454750556e-08,False
0.5-1,7201,0,7.972390003259687e-11,False
0.5-1,7202,0,9.418218874130523e-10,False
0.5-1,7203,0,1.0294730190092196e-10,False
0.5-1,7204,0,7.7589812753765e-11,False
0.5-1,7205,0,6.655869326197389e-09,False
0.5-1,7206,0,2.6799361790914116e-12,False
0.5-1,7207,0,1.4494269036968583e-11,False
0.5-1,7208,0,5.119319801478164e-12,False
0.5-1,7209,0,1.616696994950374e-11,False
0.5-1,7210,0,2.805582777155768e-07,False
0.5-1,7211,0,1.9155787240592023e-06,False
0.5-1,7212,0,1.7420677084698487e-09,False
0.5-1,7213,0,9.291686715224884e-06,False
0.5-1,7214,0,2.9483570451258964e-09,False
0.5-1,7215,0,9.916473122134933e-11,False
0.5-1,7216,0,6.678662851380417e-07,False
0.5-1,7217,0,2.558252877021951e-09,False
0.5-1,7218,0,4.620150775952956e-11,False
0.5-1,7219,0,5.226633366740228e-08,False
0.5-1,7220,0,4.790187222701139e-06,False
0.5-1,7221,0,7.972050524000855e-06,False
0.5-1,7222,0,4.146723052282586e-07,False
0.5-1,7223,0,0.000771529666909309,False
0.5-1,7224,0,5.470453642521096e-10,False
0.5-1,7225,1,0.9999733395738347,True
0.5-1,7226,0,1.8837824416377436e-10,False
0.5-1,7227,0,1.2338673091534174e-10,False
0.5-1,7228,0,9.4378100777434e-11,False
0.5-1,7229,0,3.5250644439496955e-11,False
0.5-1,7230,0,3.8823049130516826e-09,False
0.5-1,7231,0,1.2285152904516237e-08,False
0.5-1,7232,0,1.2713980906161463e-11,False
0.5-1,7233,0,8.040615357290475e-13,False
0.5-1,7234,0,9.253149406849524e-08,False
0.5-1,7235,0,1.1247138566104652e-06,False
0.5-1,7236,0,5.046569140647448e-08,False
0.5-1,7237,0,0.0002611482936767004,False
0.5-1,7238,0,4.940390838902826e-12,False
0.5-1,7239,0,1.1499575027849148e-10,False
0.5-1,7240,0,4.7057840530496967e-07,False
0.5-1,7241,0,1.0703390537578448e-10,False
0.5-1,7242,0,3.9325356137402115e-11,False
0.5-1,7243,0,2.196452105479829e-07,False
0.5-1,7244,0,2.4415208097515526e-08,False
0.5-1,7245,0,6.081715800565439e-06,False
0.5-1,7246,0,2.1931951453682286e-06,False
0.5-1,7247,0,0.0006011298739121412,False
0.5-1,7248,0,2.2893822223757857e-08,False
0.5-1,7249,0,1.4178840458074203e-11,False
0.5-1,7250,0,2.1062292085630753e-09,False
0.5-1,7251,0,1.3590565220022307e-11,False
0.5-1,7252,0,2.8473409069225717e-09,False
0.5-1,7253,0,2.5817733563564126e-12,False
0.5-1,7254,0,6.310192854695164e-12,False
0.5-1,7255,0,2.229148281194812e-11,False
0.5-1,7256,0,8.207874508392692e-10,False
0.5-1,7257,0,7.602222564296017e-13,False
0.5-1,7258,0,3.042262711414869e-08,False
0.5-1,7259,0,0.00012415169406769231,False
0.5-1,7260,0,2.9210510777786828e-08,False
0.5-1,7261,0,4.242725012981985e-05,False
0.5-1,7262,0,3.0421582231236367e-13,False
0.5-1,7263,0,8.690511844112139e-10,False
0.5-1,7264,0,1.936626836450233e-07,False
0.5-1,7265,0,2.4027007508222163e-08,False
0.5-1,7266,0,9.868781643604277e-11,False
0.5-1,7267,0,2.64038822166181e-08,False
0.5-1,7268,0,8.468821640226512e-09,False
0.5-1,7269,0,1.1238070343807986e-05,False
0.5-1,7270,0,2.224652623108379e-09,False
0.5-1,7271,0,0.0044224430825802645,False
0.5-1,7272,0,9.691770829920148e-08,False
0.5-1,7273,0,9.282885168267692e-13,False
0.5-1,7274,0,9.756382363812378e-10,False
0.5-1,7275,0,2.5934452961479913e-12,False
0.5-1,7276,0,8.817802571158872e-07,False
0.5-1,7277,0,1.935921206289044e-16,False
0.5-1,7278,0,1.4329576407136229e-13,False
0.5-1,7279,0,7.910945134769521e-08,False
0.5-1,7280,0,0.0010406295179803116,False
0.5-1,7281,0,4.9090533833633256e-15,False
0.5-1,7282,0,1.7863622476476936e-08,False
0.5-1,7283,0,4.737207253693235e-05,False
0.5-1,7284,0,2.389458390632111e-07,False
0.5-1,7285,0,0.006431375721586703,False
0.5-1,7286,0,5.821032350887072e-15,False
0.5-1,7287,0,9.435985978715574e-08,False
0.5-1,7288,0,8.06652383614337e-09,False
0.5-1,7289,0,1.133450161557763e-06,False
0.5-1,7290,0,8.700906865479005e-12,False
0.5-1,7291,0,2.7198446851866373e-06,False
0.5-1,7292,0,2.8488781119666524e-10,False
0.5-1,7293,0,0.000877827781597613,False
0.5-1,7294,0,3.362605053041367e-11,False
0.5-1,7295,0,0.00013565518194902363,False
0.5-1,7296,0,1.5566263999212814e-05,False
0.5-1,7297,0,3.239207415221101e-12,False
0.5-1,7298,0,5.750258657099366e-07,False
0.5-1,7299,0,6.873956803167454e-11,False
0.5-1,7300,0,0.00024810314990994926,False
0.5-1,7301,0,2.5966873149964414e-17,False
0.5-1,7302,0,2.0684226765526985e-16,False
0.5-1,7303,0,1.8124119368373565e-06,False
0.5-1,7304,0,0.007949168755402976,False
0.5-1,7305,0,3.5848409198656957e-13,False
0.5-1,7306,0,1.5299155476929032e-09,False
0.5-1,7307,0,0.004619989380207627,False
0.5-1,7308,0,0.0011865553636049915,False
0.5-1,7309,0,0.002356844472886637,False
0.5-1,7310,0,3.125239896315542e-17,False
0.5-1,7311,0,4.517973325570519e-08,False
0.5-1,7312,0,4.2253442902506685e-09,False
0.5-1,7313,0,0.003970505448809306,False
0.5-1,7314,0,1.1696174059451463e-10,False
0.5-1,7315,0,0.0009283050909799861,False
0.5-1,7316,0,1.0332681426776325e-12,False
0.5-1,7317,0,2.548065633835528e-05,False
0.5-1,7318,0,1.350390333834984e-13,False
0.5-1,7319,0,0.0002646789844855489,False
0.5-1,7320,0,0.005466079122271554,False
0.5-1,7321,0,3.0904395991321844e-11,False
0.5-1,7322,0,8.933894581402788e-05,False
0.5-1,7323,0,2.884996807125133e-10,False
0.5-1,7324,0,0.0010100034790268616,False
0.5-1,7325,0,9.053166728521157e-20,False
0.5-1,7326,0,1.7830714247651327e-17,False
0.5-1,7327,0,0.0010106215973614437,False
0.5-1,7328,0,1.403026681241663e-05,False
0.5-1,7329,0,1.4571861195802843e-21,False
0.5-1,7330,0,2.5515002077100076e-10,False
0.5-1,7331,0,0.0020760006361764958,False
0.5-1,7332,0,0.00021664490695889467,False
0.5-1,7333,0,0.00038915192233600565,False
0.5-1,7334,0,8.505997241929738e-22,False
0.5-1,7335,0,1.114951345209349e-07,False
0.5-1,7336,0,4.58446875397531e-12,False
0.5-1,7337,0,0.0068672607657687176,False
0.5-1,7338,0,3.0045863830252175e-08,False
0.5-1,7339,0,0.004686104968715575,False
0.5-1,7340,0,1.6604518288529155e-13,False
0.5-1,7341,0,9.482968173252627e-08,False
0.5-1,7342,0,2.6359539791198247e-15,False
0.5-1,7343,0,2.5018494626848804e-05,False
0.5-1,7344,0,0.00027287972899303755,False
0.5-1,7345,0,2.7512974388895965e-10,False
0.5-1,7346,0,0.00018613736401158494,False
0.5-1,7347,0,6.798568679955772e-07,False
0.5-1,7348,0,7.656688366566458e-05,False
0.5-1,7349,0,7.670872142752221e-08,False
0.5-1,7350,0,5.482719376603369e-07,False
0.5-1,7351,0,4.878900731255102e-05,False
0.5-1,7352,0,4.3859319611806355e-05,False
0.5-1,7353,0,5.7115419729632425e-21,False
0.5-1,7354,0,4.568138322940565e-18,False
0.5-1,7355,0,1.2468800520026253e-06,False
0.5-1,7356,0,8.559905746987688e-05,False
0.5-1,7357,0,4.953142469426444e-22,False
0.5-1,7358,0,3.926409254289856e-14,False
0.5-1,7359,0,5.48970062190979e-05,False
0.5-1,7360,0,1.5583116583556203e-07,False
0.5-1,7361,0,3.133745526387796e-07,False
0.5-1,7362,0,3.736945864878213e-19,False
0.5-1,7363,0,5.074962946145241e-07,False
0.5-1,7364,0,1.5009558139775382e-16,False
0.5-1,7365,0,7.093998644455418e-05,False
0.5-1,7366,0,4.283301698574581e-08,False
0.5-1,7367,0,1.6245149878801696e-05,False
0.5-1,7368,0,3.899839026783164e-06,False
0.5-1,7369,0,1.3913289413398533e-09,False
0.5-1,7370,0,0.0007534796851956704,False
0.5-1,7371,0,2.296493117040328e-12,False
0.5-1,7372,0,0.024956913736174115,False
0.5-1,7373,0,1.1755189635796198e-10,False
0.5-1,7374,0,0.14303795057415894,False
0.5-1,7375,0,3.575501073688597e-11,False
0.5-1,7376,0,1.6496645555574508e-12,False
0.5-1,7377,0,9.776815903996454e-10,False
0.5-1,7378,0,0.01026252476057759,False
0.5-1,7379,0,9.099605960924932e-11,False
0.5-1,7380,0,3.5050689679460616e-14,False
0.5-1,7381,0,4.860497017100761e-05,False
0.5-1,7382,0,0.00020354778991363992,False
0.5-1,7383,0,1.8786713008071205e-11,False
0.5-1,7384,0,3.011895055431976e-13,False
0.5-1,7385,0,9.445934339901669e-09,False
0.5-1,7386,0,1.6353644472693557e-07,False
0.5-1,7387,0,1.7652542303533876e-11,False
0.5-1,7388,0,3.6207579556545086e-08,False
0.5-1,7389,0,1.5252871627778972e-05,False
0.5-1,7390,0,1.854760020248048e-11,False
0.5-1,7391,0,3.154848989497882e-05,False
0.5-1,7392,0,9.46949610603356e-05,False
0.5-1,7393,0,1.0236367020937991e-07,False
0.5-1,7394,0,4.991239812292084e-06,False
0.5-1,7395,0,4.886338530874825e-09,False
0.5-1,7396,0,3.162947100141255e-07,False
0.5-1,7397,0,1.3070831545529247e-11,False
0.5-1,7398,0,4.893311420432371e-07,False
0.5-1,7399,0,5.868557247647879e-11,False
0.5-1,7400,0,4.0244491276673086e-11,False
0.5-1,7401,0,9.651467971183871e-05,False
0.5-1,7402,0,5.216834470192328e-09,False
0.5-1,7403,0,7.17287881274945e-11,False
0.5-1,7404,0,0.00036916334541481577,False
0.5-1,7405,0,8.49634764761736e-07,False
0.5-1,7406,0,8.27905234378907e-05,False
0.5-1,7407,0,8.458401952412868e-09,False
0.5-1,7408,0,2.917873387658733e-11,False
0.5-1,7409,0,2.1809816718172157e-07,False
0.5-1,7410,0,4.859118765167558e-09,False
0.5-1,7411,0,8.403205230586842e-11,False
0.5-1,7412,0,4.1212100293910156e-07,False
0.5-1,7413,0,1.0649912110343903e-06,False
0.5-1,7414,0,6.024405259600014e-11,False
0.5-1,7415,0,1.600612712347376e-08,False
0.5-1,7416,0,1.821034030910459e-05,False
0.5-1,7417,0,1.3592078419109024e-06,False
0.5-1,7418,0,9.065095267353817e-07,False
0.5-1,7419,0,4.2095715029882006e-07,False
0.5-1,7420,1,0.9999849394257303,True
0.5-1,7421,0,2.457969811325002e-11,False
0.5-1,7422,0,1.70114341284541e-09,False
0.5-1,7423,0,1.5304691269529533e-10,False
0.5-1,7424,0,2.608052888390202e-10,False
0.5-1,7425,0,9.958976825067163e-10,False
0.5-1,7426,0,3.136325764654322e-09,False
0.5-1,7427,0,1.4170895910205115e-09,False
0.5-1,7428,0,4.465403159217845e-12,False
0.5-1,7429,0,6.27692851177526e-11,False
0.5-1,7430,0,1.909266983365138e-07,False
0.5-1,7431,0,2.3520716881112727e-07,False
0.5-1,7432,0,2.262519853256754e-11,False
0.5-1,7433,0,1.3086496589915001e-06,False
0.5-1,7434,0,6.303916144641875e-12,False
0.5-1,7435,0,5.99534251410255e-11,False
0.5-1,7436,0,6.77740348483302e-08,False
0.5-1,7437,0,4.787638276805538e-06,False
0.5-1,7438,0,5.2414153415017435e-11,False
0.5-1,7439,0,2.248873313329176e-09,False
0.5-1,7440,0,2.2081965212407494e-07,False
0.5-1,7441,0,0.0002896810621344152,False
0.5-1,7442,0,4.687132375174979e-08,False
0.5-1,7443,0,2.853133441374019e-05,False
0.5-1,7444,0,2.5350446097478565e-08,False
0.5-1,7445,0,1.3443255734223515e-11,False
0.5-1,7446,0,3.6498608203339927e-07,False
0.5-1,7447,0,4.392748316041478e-11,False
0.5-1,7448,0,2.5803830635625662e-06,False
0.5-1,7449,0,1.5754532811642004e-12,False
0.5-1,7450,0,1.0157375804790797e-11,False
0.5-1,7451,0,6.808421030059737e-08,False
0.5-1,7452,0,1.3495815340191123e-11,False
0.5-1,7453,0,1.746553350334488e-11,False
0.5-1,7454,0,2.9079642117588493e-07,False
0.5-1,7455,0,1.205334652369028e-06,False
0.5-1,7456,0,0.0009689203234492436,False
0.5-1,7457,0,1.5380278590440232e-05,False
0.5-1,7458,0,2.394819159114689e-09,False
0.5-1,7459,0,7.259204871891337e-11,False
0.5-1,7460,0,1.4615005822645587e-08,False
0.5-1,7461,0,2.4109134615890296e-08,False
0.5-1,7462,0,4.1126890835372194e-11,False
0.5-1,7463,0,3.864877877604017e-07,False
0.5-1,7464,0,7.01540347888086e-06,False
0.5-1,7465,0,0.013266082933201872,False
0.5-1,7466,0,1.0253293158129146e-08,False
0.5-1,7467,0,0.0004982089827862903,False
0.5-1,7468,0,1.6626167232251397e-07,False
0.5-1,7469,0,4.29980201223047e-12,False
0.5-1,7470,0,1.6420298725339706e-07,False
0.5-1,7471,0,1.0424016864030612e-11,False
0.5-1,7472,0,2.7930993428647893e-07,False
0.5-1,7473,0,3.0018368296221656e-13,False
0.5-1,7474,0,1.296830782509439e-11,False
0.5-1,7475,0,4.984133460346427e-09,False
0.5-1,7476,0,4.8532919043853343e-08,False
0.5-1,7477,0,3.463664026696632e-12,False
0.5-1,7478,0,1.0777131581647405e-08,False
0.5-1,7479,0,6.478632449015039e-06,False
0.5-1,7480,0,0.007649038071729685,False
0.5-1,7481,0,1.5635933584048435e-05,False
0.5-1,7482,0,2.3333046017144324e-12,False
0.5-1,7483,0,1.7782742095912017e-11,False
0.5-1,7484,0,4.3893311507037604e-09,False
0.5-1,7485,0,2.0598571046097783e-08,False
0.5-1,7486,0,2.0342646387550942e-11,False
0.5-1,7487,0,1.0617778511816126e-08,False
0.5-1,7488,0,3.927082938042658e-06,False
0.5-1,7489,0,0.06662581329163168,False
0.5-1,7490,0,1.8137589648864485e-08,False
0.5-1,7491,0,0.0011722422000128617,False
0.5-1,7492,0,1.2151439997020307e-06,False
0.5-1,7493,0,6.800179788999875e-13,False
0.5-1,7494,0,3.9086608353796977e-07,False
0.5-1,7495,0,9.805823681370204e-13,False
0.5-1,7496,0,2.6797760856613665e-07,False
0.5-1,7497,0,1.3415789673869026e-15,False
0.5-1,7498,0,4.331322555295865e-14,False
0.5-1,7499,0,9.504802832384331e-07,False
0.5-1,7500,0,2.6096796191872654e-11,False
0.5-1,7501,0,1.318923434687878e-13,False
0.5-1,7502,0,1.882019912833359e-09,False
0.5-1,7503,0,9.41862156376357e-07,False
0.5-1,7504,0,7.921881412572268e-06,False
0.5-1,7505,0,0.0012039723868861698,False
0.5-1,7506,0,3.09297793025843e-15,False
0.5-1,7507,0,1.1361112070286444e-11,False
0.5-1,7508,0,2.5365632023225734e-09,False
0.5-1,7509,0,4.974305754917578e-10,False
0.5-1,7510,0,5.700357614606437e-13,False
0.5-1,7511,0,1.8242721050546984e-07,False
0.5-1,7512,0,2.6531677339902117e-07,False
0.5-1,7513,0,0.020852981249457846,False
0.5-1,7514,0,9.557864202181113e-08,False
0.5-1,7515,0,0.000790103284472687,False
0.5-1,7516,0,1.2162608800411766e-05,False
0.5-1,7517,0,5.980149346283245e-14,False
0.5-1,7518,0,1.7264399236562076e-06,False
0.5-1,7519,0,1.533062607276553e-13,False
0.5-1,7520,0,6.22651008480487e-05,False
0.5-1,7521,0,3.5974343859266955e-18,False
0.5-1,7522,0,3.622931193355489e-16,False
0.5-1,7523,0,0.0007097145840739236,False
0.5-1,7524,0,1.0611496408960852e-08,False
0.5-1,7525,0,7.925054219927662e-16,False
0.5-1,7526,0,1.4947700778131223e-10,False
0.5-1,7527,0,0.0012386328238060387,False
0.5-1,7528,0,0.0002382334162884809,False
0.5-1,7529,0,0.0003341649928221566,False
0.5-1,7530,0,1.493434388022904e-11,False
0.5-1,7531,0,9.855131152894836e-12,False
0.5-1,7532,0,6.92772672868148e-11,False
0.5-1,7533,0,0.002997707065970162,False
0.5-1,7534,0,1.9340550815289845e-14,False
0.5-1,7535,0,8.34697154757072e-07,False
0.5-1,7536,0,1.3902552091435284e-10,False
0.5-1,7537,0,3.8472989712902196e-05,False
0.5-1,7538,0,1.0327453771840403e-09,False
0.5-1,7539,0,0.0004826712476402916,False
0.5-1,7540,0,0.007385435643930233,False
0.5-1,7541,0,5.922349719768473e-11,False
0.5-1,7542,0,0.00047652840895389895,False
0.5-1,7543,0,6.291400263480797e-13,False
0.5-1,7544,0,0.0009248275299764696,False
0.5-1,7545,0,3.6690956246731654e-19,False
0.5-1,7546,0,4.552188664918847e-19,False
0.5-1,7547,0,0.000593755061953672,False
0.5-1,7548,0,5.204485792927661e-05,False
0.5-1,7549,0,3.1851671378231513e-22,False
0.5-1,7550,0,2.553930895603134e-12,False
0.5-1,7551,0,0.0006847203384596166,False
0.5-1,7552,0,0.0016860630423614696,False
0.5-1,7553,0,0.00010731635045602093,False
0.5-1,7554,0,1.0933620546623049e-19,False
0.5-1,7555,0,1.738038174671029e-10,False
0.5-1,7556,0,5.6069198493266736e-11,False
0.5-1,7557,0,0.0030814203127824593,False
0.5-1,7558,0,1.7873532216438699e-12,False
0.5-1,7559,0,0.0012596825269143954,False
0.5-1,7560,0,4.1503546315292945e-15,False
0.5-1,7561,0,2.0135170567429427e-07,False
0.5-1,7562,0,1.8242036631078582e-14,False
0.5-1,7563,0,9.192407770137258e-06,False
0.5-1,7564,0,0.00012770020428130833,False
0.5-1,7565,0,2.3327669497665287e-08,False
0.5-1,7566,0,9.311498742652243e-05,False
0.5-1,7567,0,1.8558259543393752e-09,False
0.5-1,7568,0,8.41020971470601e-05,False
0.5-1,7569,0,2.6339290724816397e-07,False
0.5-1,7570,0,6.063906067441273e-08,False
0.5-1,7571,0,6.637891608704934e-05,False
0.5-1,7572,0,9.453234822101667e-05,False
0.5-1,7573,0,4.591130020143487e-21,False
0.5-1,7574,0,9.098867023117218e-17,False
0.5-1,7575,0,7.656404543020647e-07,False
0.5-1,7576,0,3.1884284754298146e-05,False
0.5-1,7577,0,5.203091501606552e-25,False
0.5-1,7578,0,3.211975526843149e-14,False
0.5-1,7579,0,1.612191035663313e-05,False
0.5-1,7580,0,1.3133630915126892e-06,False
0.5-1,7581,0,2.1648118901374757e-07,False
0.5-1,7582,0,2.4007107870369413e-21,False
0.5-1,7583,0,1.4398086943208825e-09,False
0.5-1,7584,0,2.5713440356637433e-17,False
0.5-1,7585,0,6.377669278763948e-05,False
0.5-1,7586,0,4.271281716343208e-09,False
0.5-1,7587,0,1.8550584279676304e-05,False
0.5-1,7588,0,2.0640565255601664e-08,False
0.5-1,7589,0,5.393299283374042e-10,False
0.5-1,7590,0,3.5380387749341974e-06,False
0.5-1,7591,0,8.684025160016317e-13,False
0.5-1,7592,0,0.014526291448247419,False
0.5-1,7593,0,6.101771308676366e-10,False
0.5-1,7594,0,0.5105643189558978,False
0.5-1,7595,0,2.3277918566572998e-09,False
0.5-1,7596,0,2.581797872864443e-14,False
0.5-1,7597,0,4.153754859202138e-09,False
0.5-1,7598,0,0.0003015098033522963,False
0.5-1,7599,0,3.83263328089124e-11,False
0.5-1,7600,0,8.695108829115871e-14,False
0.5-1,7601,0,1.9799738319092804e-08,False
0.5-1,7602,0,0.0005399164809147394,False
0.5-1,7603,0,4.332409575198004e-11,False
0.5-1,7604,0,9.585660084577443e-14,False
0.5-1,7605,0,1.1413814711479995e-07,False
0.5-1,7606,0,8.367057628725642e-06,False
0.5-1,7607,0,2.8051645005816577e-10,False
0.5-1,7608,0,0.00010928726042259446,False
0.5-1,7609,0,3.671492416146553e-06,False
0.5-1,7610,0,3.865279783868463e-12,False
0.5-1,7611,0,0.001006792537334624,False
0.5-1,7612,0,5.895199339631674e-07,False
0.5-1,7613,0,5.7582029035625344e-08,False
0.5-1,7614,0,1.3566187649797157e-06,False
0.5-1,7615,0,2.3533369794310456e-09,False
0.5-1,7616,0,2.347120990881565e-07,False
0.5-1,7617,0,7.645053598480823e-12,False
0.5-1,7618,0,8.440899404494683e-06,False
0.5-1,7619,0,8.064514141174171e-11,False
0.5-1,7620,0,1.661353733789443e-13,False
0.5-1,7621,0,1.5752242133967635e-10,False
0.5-1,7622,0,1.7950456415134565e-09,False
0.5-1,7623,0,4.1313954882978325e-11,False
0.5-1,7624,0,1.4197992349093836e-11,False
0.5-1,7625,0,1.8594055116241728e-08,False
0.5-1,7626,0,4.900001055900403e-05,False
0.5-1,7627,0,3.490368051082656e-08,False
0.5-1,7628,0,1.7224291421524783e-10,False
0.5-1,7629,0,2.1902596773368114e-06,False
0.5-1,7630,0,2.0892281598036018e-08,False
0.5-1,7631,0,5.766608436889473e-11,False
0.5-1,7632,0,0.0009241446328447931,False
0.5-1,7633,0,1.505092050569334e-06,False
0.5-1,7634,0,1.3301457022577827e-11,False
0.5-1,7635,0,6.563436064429767e-11,False
0.5-1,7636,0,9.951857833282583e-07,False
0.5-1,7637,0,2.4234309591113067e-07,False
0.5-1,7638,0,8.183936099152926e-06,False
0.5-1,7639,0,2.5921875999447188e-08,False
0.5-1,7640,0,1.359091980810722e-07,False
0.5-1,7641,0,8.905095436551492e-12,False
0.5-1,7642,0,3.277844373478562e-08,False
0.5-1,7643,0,5.657073028688903e-11,False
0.5-1,7644,0,4.6313272260074265e-11,False
0.5-1,7645,0,3.8903508895293847e-10,False
0.5-1,7646,0,1.1861292312659466e-11,False
0.5-1,7647,0,4.034156310643322e-11,False
0.5-1,7648,0,4.511862658687261e-12,False
0.5-1,7649,0,7.322733383141091e-09,False
0.5-1,7650,0,2.8099204704204406e-05,False
0.5-1,7651,0,1.1116530392370987e-05,False
0.5-1,7652,0,9.270523253795462e-10,False
0.5-1,7653,0,1.8544410817586418e-05,False
0.5-1,7654,0,1.1070295435131574e-10,False
0.5-1,7655,0,8.088352963760265e-11,False
0.5-1,7656,0,2.4575581900344937e-05,False
0.5-1,7657,0,9.648170119975997e-07,False
0.5-1,7658,0,7.152907378011113e-11,False
0.5-1,7659,0,5.103798333957189e-08,False
0.5-1,7660,0,5.368897083778298e-08,False
0.5-1,7661,0,6.468920362964124e-06,False
0.5-1,7662,0,9.860006317743924e-08,False
0.5-1,7663,0,2.485911311158386e-05,False
0.5-1,7664,0,4.019033018244019e-09,False
0.5-1,7665,0,7.788587279900931e-12,False
0.5-1,7666,0,4.843465516003515e-07,False
0.5-1,7667,0,4.333862783574012e-11,False
0.5-1,7668,0,3.5547772681953316e-11,False
0.5-1,7669,0,1.5387982587301123e-11,False
0.5-1,7670,0,1.093460658441711e-10,False
0.5-1,7671,0,1.240151044551662e-09,False
0.5-1,7672,0,2.6152730347220526e-09,False
0.5-1,7673,0,2.6085095547945088e-12,False
0.5-1,7674,0,2.620081241317483e-05,False
0.5-1,7675,0,1.5656921032406545e-05,False
0.5-1,7676,0,6.323285984525823e-10,False
0.5-1,7677,0,0.0003078246713788099,False
0.5-1,7678,0,9.185962082811843e-10,False
0.5-1,7679,0,3.7793088705327524e-11,False
0.5-1,7680,0,1.9044582015893355e-07,False
0.5-1,7681,0,4.19272789577068e-07,False
0.5-1,7682,0,9.021727259024235e-12,False
0.5-1,7683,0,4.0163596159968525e-07,False
0.5-1,7684,0,4.410799744147213e-08,False
0.5-1,7685,0,4.28527337127669e-05,False
0.5-1,7686,0,1.0822257895615602e-07,False
0.5-1,7687,0,4.345190077422858e-05,False
0.5-1,7688,0,1.244397230344862e-07,False
0.5-1,7689,0,2.9098199824015695e-12,False
0.5-1,7690,0,1.0737756960877372e-07,False
0.5-1,7691,0,1.3959536927224886e-11,False
0.5-1,7692,0,6.842060523721063e-10,False
0.5-1,7693,0,1.197384553030956e-14,False
0.5-1,7694,0,1.8725179379082492e-09,False
0.5-1,7695,0,1.6474514352978491e-09,False
0.5-1,7696,0,6.201675381650281e-07,False
0.5-1,7697,0,2.2994227533578835e-07,False
0.5-1,7698,0,2.779106779042747e-06,False
0.5-1,7699,0,2.7420769411343615e-06,False
0.5-1,7700,0,3.098928554760932e-10,False
0.5-1,7701,0,0.0004988006214843474,False
0.5-1,7702,0,2.2413008325079884e-13,False
0.5-1,7703,0,6.9969220899422395e-12,False
0.5-1,7704,0,5.04408981271009e-09,False
0.5-1,7705,0,2.5946461989807636e-06,False
0.5-1,7706,1,0.999293873107427,True
0.5-1,7707,0,4.932252908093586e-08,False
0.5-1,7708,0,7.602888490069855e-09,False
0.5-1,7709,0,0.0018755019070811573,False
0.5-1,7710,0,1.7892893440578973e-09,False
0.5-1,7711,0,0.0019277632607610405,False
0.5-1,7712,0,7.911400482703466e-09,False
0.5-1,7713,0,3.312144471730413e-13,False
0.5-1,7714,0,4.2247153234335835e-07,False
0.5-1,7715,0,4.0817735492207484e-13,False
0.5-1,7716,0,3.390488342754456e-08,False
0.5-1,7717,0,1.4433735596383808e-15,False
0.5-1,7718,0,1.0882126525713862e-14,False
0.5-1,7719,0,0.0014051179873256865,False
0.5-1,7720,0,2.0048414038795606e-07,False
0.5-1,7721,0,6.02548830183866e-15,False
0.5-1,7722,0,1.9708968135383716e-10,False
0.5-1,7723,0,2.473786256941062e-07,False
0.5-1,7724,0,0.0011795282786659224,False
0.5-1,7725,0,1.7899728744748434e-05,False
0.5-1,7726,0,1.8991034697534204e-15,False
0.5-1,7727,0,1.1703476956270536e-13,False
0.5-1,7728,0,2.572941272608683e-10,False
0.5-1,7729,0,3.14794273835211e-08,False
0.5-1,7730,0,2.3254966571466954e-13,False
0.5-1,7731,0,4.238883244301329e-06,False
0.5-1,7732,0,6.182064937910681e-10,False
0.5-1,7733,0,0.0008211051358501956,False
0.5-1,7734,0,1.4985481335271486e-10,False
0.5-1,7735,0,0.0002815449691044071,False
0.5-1,7736,0,2.635241258018433e-06,False
0.5-1,7737,0,1.555336394865244e-15,False
0.5-1,7738,0,3.0495820142815076e-05,False
0.5-1,7739,0,2.6477763603761683e-13,False
0.5-1,7740,0,0.0007493546288265022,False
0.5-1,7741,0,1.6139031503221444e-18,False
0.5-1,7742,0,1.8498191370465705e-17,False
0.5-1,7743,0,1.0924738590251774e-07,False
0.5-1,7744,0,0.0009079167481822126,False
0.5-1,7745,0,5.673209299543688e-10,False
0.5-1,7746,0,1.4120458484225236e-10,False
0.5-1,7747,0,0.0007096544816878025,False
0.5-1,7748,0,4.750875745045842e-07,False
0.5-1,7749,0,1.683359675571694e-05,False
0.5-1,7750,0,1.6263841988280805e-08,False
0.5-1,7751,0,2.3974466547967643e-15,False
0.5-1,7752,0,1.234156740212204e-11,False
0.5-1,7753,0,7.116005666898414e-05,False
0.5-1,7754,0,2.059882778384918e-12,False
0.5-1,7755,0,4.6111473971857176e-06,False
0.5-1,7756,0,6.313744559620299e-10,False
0.5-1,7757,0,3.308762343782106e-05,False
0.5-1,7758,0,9.260168362686268e-12,False
0.5-1,7759,0,7.112178529195868e-06,False
0.5-1,7760,0,8.504561417375258e-05,False
0.5-1,7761,0,2.8218512635334013e-16,False
0.5-1,7762,0,5.051200745027476e-06,False
0.5-1,7763,0,4.8125155960436935e-14,False
0.5-1,7764,0,0.0015263489383122082,False
0.5-1,7765,0,4.045343799529684e-22,False
0.5-1,7766,0,2.3631505852894895e-21,False
0.5-1,7767,0,2.4567697060156603e-06,False
0.5-1,7768,0,0.0007936380218947779,False
0.5-1,7769,0,6.344919294274803e-22,False
0.5-1,7770,0,5.21106681813091e-13,False
0.5-1,7771,0,0.00034524032470711154,False
0.5-1,7772,0,0.00015446384651558146,False
0.5-1,7773,0,2.3388195433434434e-05,False
0.5-1,7774,0,1.1193440597092164e-16,False
0.5-1,7775,0,2.0274171047161554e-13,False
0.5-1,7776,0,3.9364331912370557e-13,False
0.5-1,7777,0,0.00029587987695238737,False
0.5-1,7778,0,6.518885692030751e-14,False
0.5-1,7779,0,1.3165347198266138e-05,False
0.5-1,7780,0,1.9124782112119542e-10,False
0.5-1,7781,0,2.129714789357172e-08,False
0.5-1,7782,0,9.997581058333718e-15,False
0.5-1,7783,0,2.3066448930052057e-07,False
0.5-1,7784,0,0.0004271560016648208,False
0.5-1,7785,0,1.2222219147823978e-12,False
0.5-1,7786,0,0.00010588217393282306,False
0.5-1,7787,0,4.2780037370301355e-10,False
0.5-1,7788,0,7.614156378084798e-05,False
0.5-1,7789,0,9.583795277188224e-09,False
0.5-1,7790,0,3.0543665600051034e-07,False
0.5-1,7791,0,2.1628926891748287e-05,False
0.5-1,7792,0,9.426132584681344e-05,False
0.5-1,7793,0,2.601772595010623e-20,False
0.5-1,7794,0,6.7751119685292786e-21,False
0.5-1,7795,0,9.99294254415331e-07,False
0.5-1,7796,0,8.887977168914179e-05,False
0.5-1,7797,0,4.237235071202268e-23,False
0.5-1,7798,0,8.192147513333776e-14,False
0.5-1,7799,0,7.041123358099651e-06,False
0.5-1,7800,0,7.548452131087118e-07,False
0.5-1,7801,0,1.3392161520968867e-08,False
0.5-1,7802,0,1.8476307397515396e-21,False
0.5-1,7803,0,5.550622238736604e-12,False
0.5-1,7804,0,2.874926357207745e-17,False
0.5-1,7805,0,4.08304623146666e-05,False
0.5-1,7806,0,4.892368658916069e-10,False
0.5-1,7807,0,2.817935710602632e-05,False
0.5-1,7808,0,1.695225573209316e-08,False
0.5-1,7809,0,4.48118734919676e-10,False
0.5-1,7810,0,3.7483818187066136e-11,False
0.5-1,7811,0,2.882344815714598e-09,False
0.5-1,7812,0,0.663379208962715,False
0.5-1,7813,0,0.00236304108852624,False
0.5-1,7814,0,1.36671299344775e-09,False
0.5-1,7815,0,8.086066644271727e-09,False
0.5-1,7816,0,1.7107567099318334e-12,False
0.5-1,7817,0,1.1518378892143716e-06,False
0.5-1,7818,0,8.866675234650578e-08,False
0.5-1,7819,0,6.720910861229307e-13,False
0.5-1,7820,0,0.8800193505475113,False
0.5-1,7821,0,0.4796293485779588,False
0.5-1,7822,0,0.32987268665946684,False
0.5-1,7823,0,0.9141816381053554,False
0.5-1,7824,0,5.769409688650505e-14,False
0.5-1,7825,0,4.562482812243221e-05,False
0.5-1,7826,0,1.6545234972304358e-10,False
0.5-1,7827,0,1.281642879546912e-09,False
0.5-1,7828,0,1.6109602321330477e-11,False
0.5-1,7829,0,6.388088711971752e-10,False
0.5-1,7830,0,7.025448161004618e-10,False
0.5-1,7831,0,2.2374746105359048e-10,False
0.5-1,7832,0,9.44276033093194e-06,False
0.5-1,7833,0,1.7245287455268617e-08,False
0.5-1,7834,0,3.986451790462172e-12,False
0.5-1,7835,0,7.047915121807975e-10,False
0.5-1,7836,0,3.9191546161483277e-07,False
0.5-1,7837,0,1.726594608001817e-07,False
0.5-1,7838,0,1.4661439288237742e-10,False
0.5-1,7839,0,1.804002234836606e-11,False
0.5-1,7840,0,1.1549363090319672e-05,False
0.5-1,7841,0,2.5148262803637165e-11,False
0.5-1,7842,0,6.616778651379596e-12,False
0.5-1,7843,0,2.241838940995504e-10,False
0.5-1,7844,0,1.351935218251986e-13,False
0.5-1,7845,0,3.518523215314653e-06,False
0.5-1,7846,0,7.62119836289165e-09,False
0.5-1,7847,0,2.918988464125168e-11,False
0.5-1,7848,1,0.9828334507267334,True
0.5-1,7849,0,0.9324153772886014,False
0.5-1,7850,0,0.8787756785697723,False
0.5-1,7851,1,0.9806666245999076,True
0.5-1,7852,0,3.970429176297192e-13,False
0.5-1,7853,0,1.0246002208498337e-06,False
0.5-1,7854,0,1.0107734782143287e-07,False
0.5-1,7855,0,4.805877546195228e-08,False
0.5-1,7856,0,6.059362493439288e-10,False
0.5-1,7857,0,2.5080408830370244e-09,False
0.5-1,7858,0,3.7552459253382304e-08,False
0.5-1,7859,0,2.91472253955624e-11,False
0.5-1,7860,0,1.91104646227217e-05,False
0.5-1,7861,0,2.255992859276559e-07,False
0.5-1,7862,0,9.559967445095734e-12,False
0.5-1,7863,0,3.711539639504036e-12,False
0.5-1,7864,0,3.0044120426154192e-06,False
0.5-1,7865,0,4.2487090449032637e-07,False
0.5-1,7866,0,1.2483700005411423e-09,False
0.5-1,7867,0,1.1189864223926255e-10,False
0.5-1,7868,0,0.0002188540588436171,False
0.5-1,7869,0,2.127725356580263e-11,False
0.5-1,7870,0,7.95478150553599e-13,False
0.5-1,7871,0,4.320628525774495e-11,False
0.5-1,7872,0,3.798319944249367e-12,False
0.5-1,7873,0,2.1184659438864146e-10,False
0.5-1,7874,0,1.3169826434758538e-10,False
0.5-1,7875,0,2.1895641540595147e-11,False
0.5-1,7876,1,0.9861100257035517,True
0.5-1,7877,1,0.9681600786515522,True
0.5-1,7878,1,0.9736168769583213,True
0.5-1,7879,0,0.9766499116649873,True
0.5-1,7880,0,4.82358314268384e-11,False
0.5-1,7881,0,1.5539634894623524e-07,False
0.5-1,7882,0,2.6201666177947235e-07,False
0.5-1,7883,0,1.3419337803533063e-06,False
0.5-1,7884,0,8.372735958295378e-09,False
0.5-1,7885,0,6.881347872662845e-08,False
0.5-1,7886,0,2.2352535841246666e-09,False
0.5-1,7887,0,1.8111265850556344e-10,False
0.5-1,7888,0,2.187787601474086e-06,False
0.5-1,7889,0,1.8701002211075911e-06,False
0.5-1,7890,0,1.531934939950274e-11,False
0.5-1,7891,0,4.045769873175383e-10,False
0.5-1,7892,0,5.894650618797332e-07,False
0.5-1,7893,0,0.00018663654078724713,False
0.5-1,7894,0,9.06330728544663e-11,False
0.5-1,7895,0,2.151465958470432e-09,False
0.5-1,7896,0,3.1373003323065715e-08,False
0.5-1,7897,0,3.4605021677766195e-11,False
0.5-1,7898,0,3.8761905601278484e-11,False
0.5-1,7899,0,1.8556536747465258e-11,False
0.5-1,7900,0,6.810075841508262e-11,False
0.5-1,7901,0,6.605669367830289e-13,False
0.5-1,7902,0,3.487757666327947e-11,False
0.5-1,7903,0,2.1381589910346585e-10,False
0.5-1,7904,0,0.9737967865290308,True
0.5-1,7905,0,0.9480668577955335,False
0.5-1,7906,0,0.9582894227731286,False
0.5-1,7907,0,0.9345161445812018,False
0.5-1,7908,0,2.9469684128522162e-08,False
0.5-1,7909,0,9.520665248135116e-09,False
0.5-1,7910,0,6.015931878360755e-07,False
0.5-1,7911,0,4.687838293220297e-05,False
0.5-1,7912,0,5.219553049476106e-09,False
0.5-1,7913,0,6.466972224797831e-07,False
0.5-1,7914,0,1.2468886928182815e-09,False
0.5-1,7915,0,1.1547003665664896e-11,False
0.5-1,7916,0,2.4393635170787546e-06,False
0.5-1,7917,0,6.255787536683948e-07,False
0.5-1,7918,0,2.1960550540051567e-11,False
0.5-1,7919,0,1.701697306801032e-08,False
0.5-1,7920,0,1.541115737076693e-07,False
0.5-1,7921,0,0.00011410358556279763,False
0.5-1,7922,0,2.1211481047599577e-11,False
0.5-1,7923,0,1.9532063654070783e-09,False
0.5-1,7924,0,1.4768808021439692e-07,False
0.5-1,7925,0,3.678525427448693e-12,False
0.5-1,7926,0,9.425909056855227e-12,False
0.5-1,7927,0,5.5724145382952985e-12,False
0.5-1,7928,0,1.3455343168182155e-09,False
0.5-1,7929,0,3.222181997941454e-14,False
0.5-1,7930,0,2.5871766987928283e-13,False
0.5-1,7931,0,1.017517578981015e-08,False
0.5-1,7932,0,0.8611778273621917,False
0.5-1,7933,0,0.7898014681285784,False
0.5-1,7934,0,0.8555142651766612,False
0.5-1,7935,0,0.5347778383919399,False
0.5-1,7936,0,5.628211132303743e-08,False
0.5-1,7937,0,7.606553104704967e-12,False
0.5-1,7938,0,2.437341537737282e-08,False
0.5-1,7939,0,0.011834706694219906,False
0.5-1,7940,0,2.233135618097544e-08,False
0.5-1,7941,0,4.758921855932544e-07,False
0.5-1,7942,0,8.933068274449862e-14,False
0.5-1,7943,0,1.6397282646779317e-12,False
0.5-1,7944,0,1.1345547703592753e-06,False
0.5-1,7945,0,3.948411595369681e-06,False
0.5-1,7946,0,2.2743484713403714e-12,False
0.5-1,7947,0,1.2555574128176542e-11,False
0.5-1,7948,0,3.6150957713238033e-09,False
0.5-1,7949,0,0.0016921441283705963,False
0.5-1,7950,0,3.9871171195917726e-11,False
0.5-1,7951,0,7.892506499841565e-08,False
0.5-1,7952,0,1.8282329527885593e-09,False
0.5-1,7953,0,8.942295032647398e-14,False
0.5-1,7954,0,5.874048054342404e-10,False
0.5-1,7955,0,4.0999422297393486e-13,False
0.5-1,7956,0,3.89294564579286e-06,False
0.5-1,7957,0,6.56298554800436e-14,False
0.5-1,7958,0,1.6337493688991096e-12,False
0.5-1,7959,0,6.666316210918132e-07,False
0.5-1,7960,0,0.21533714673387852,False
0.5-1,7961,0,0.22882758304006423,False
0.5-1,7962,0,0.34110358341443514,False
0.5-1,7963,0,0.0486249185384342,False
0.5-1,7964,0,0.0002428490875899321,False
0.5-1,7965,0,2.1683187264423252e-15,False
0.5-1,7966,0,4.570441020090546e-09,False
0.5-1,7967,0,0.011124100984683822,False
0.5-1,7968,0,4.287906839860309e-06,False
0.5-1,7969,0,1.5499037017136577e-05,False
0.5-1,7970,0,4.864687072970641e-16,False
0.5-1,7971,0,1.5610241006562512e-12,False
0.5-1,7972,0,3.187933460599951e-07,False
0.5-1,7973,0,2.5056135231976537e-06,False
0.5-1,7974,0,1.419083095674384e-13,False
0.5-1,7975,0,9.081482152815808e-11,False
0.5-1,7976,0,3.4540622287213974e-10,False
0.5-1,7977,0,0.0007218854605399811,False
0.5-1,7978,0,3.257569205095637e-13,False
0.5-1,7979,0,5.231677396723309e-10,False
0.5-1,7980,0,8.790721968203602e-08,False
0.5-1,7981,0,7.98039509115935e-15,False
0.5-1,7982,0,8.4144291634215e-09,False
0.5-1,7983,0,5.502680656379294e-14,False
0.5-1,7984,0,4.7446489610082863e-05,False
0.5-1,7985,0,9.987779580149575e-18,False
0.5-1,7986,0,1.6498361355722576e-14,False
0.5-1,7987,0,0.0033239361269122836,False
0.5-1,7988,0,0.0027885961439325113,False
0.5-1,7989,0,0.004021190250353104,False
0.5-1,7990,0,0.013773874620731787,False
0.5-1,7991,0,0.0005094881223842536,False
0.5-1,7992,0,0.0016467588777004825,False
0.5-1,7993,0,1.498807755676572e-16,False
0.5-1,7994,0,5.731524797983502e-10,False
0.5-1,7995,0,0.005048014274603694,False
0.5-1,7996,0,0.00403124688410658,False
0.5-1,7997,0,1.3439998377676487e-07,False
0.5-1,7998,0,3.443796540869199e-18,False
0.5-1,7999,0,1.0872305586058764e-13,False
0.5-1,8000,0,4.712364270029857e-12,False
0.5-1,8001,0,0.0003269517755142926,False
0.5-1,8002,0,2.4852605037030665e-14,False
0.5-1,8003,0,1.8553160792198203e-12,False
0.5-1,8004,0,9.970920649545395e-11,False
0.5-1,8005,0,4.088333542939488e-06,False
0.5-1,8006,0,5.1481928124909285e-15,False
0.5-1,8007,0,2.0682813795585207e-10,False
0.5-1,8008,0,1.1461173438314111e-05,False
0.5-1,8009,0,1.1893474002247815e-15,False
0.5-1,8010,0,8.519381981409099e-11,False
0.5-1,8011,0,1.3087666199423658e-15,False
0.5-1,8012,0,0.00012674624523977086,False
0.5-1,8013,0,4.077539890083198e-20,False
0.5-1,8014,0,2.800631490622513e-18,False
0.5-1,8015,0,0.00011456664258904243,False
0.5-1,8016,0,4.291058789050966e-06,False
0.5-1,8017,0,1.4779664866161687e-05,False
0.5-1,8018,0,6.19606444261977e-05,False
0.5-1,8019,0,1.1156050852240289e-06,False
0.5-1,8020,0,0.0017801939533041151,False
0.5-1,8021,0,9.579420401563896e-21,False
0.5-1,8022,0,6.362310047115161e-11,False
0.5-1,8023,0,1.9806558718521487e-05,False
0.5-1,8024,0,0.0002628140193128449,False
0.5-1,8025,0,2.3618279568727056e-10,False
0.5-1,8026,0,6.898618118148937e-24,False
0.5-1,8027,0,1.0009536041655464e-13,False
0.5-1,8028,0,3.043921972191336e-13,False
0.5-1,8029,0,0.00014622103380011327,False
0.5-1,8030,0,8.488338932324894e-16,False
0.5-1,8031,0,2.1366054606797386e-11,False
0.5-1,8032,0,1.3916599595748758e-10,False
0.5-1,8033,0,1.5247059473787368e-09,False
0.5-1,8034,0,3.412869926025643e-16,False
0.5-1,8035,0,3.8341559599507943e-13,False
0.5-1,8036,0,1.7323981211968536e-06,False
0.5-1,8037,0,3.3688182364537623e-18,False
0.5-1,8038,0,8.084671170352182e-12,False
0.5-1,8039,0,2.1322167044275513e-13,False
0.5-1,8040,0,7.698249084904289e-05,False
0.5-1,8041,0,7.7430264218044e-13,False
0.5-1,8042,0,1.595175548441186e-08,False
0.5-1,8043,0,8.862753260533242e-11,False
0.5-1,8044,0,6.475448488041486e-05,False
0.5-1,8045,0,6.277167240916817e-24,False
0.5-1,8046,0,7.13961105957635e-21,False
0.5-1,8047,0,2.9760476959606906e-07,False
0.5-1,8048,0,5.977554426135525e-10,False
0.5-1,8049,0,3.548471527406484e-08,False
0.5-1,8050,0,1.975970225360114e-07,False
0.5-1,8051,0,8.105333477230208e-11,False
0.5-1,8052,0,0.0003658043851471155,False
0.5-1,8053,0,3.268854351319548e-25,False
0.5-1,8054,0,1.0064348502031368e-15,False
0.5-1,8055,0,6.013094789197585e-07,False
0.5-1,8056,0,2.218150569570458e-06,False
0.5-1,8057,0,9.643384967692836e-15,False
0.5-1,8058,0,1.807788135084801e-26,False
0.5-1,8059,0,9.674873845115882e-09,False
0.5-1,8060,0,1.456131943331683e-16,False
0.5-1,8061,0,0.00010633923511590595,False
0.5-1,8062,0,3.392668183263018e-12,False
0.5-1,8063,0,2.2080141188340727e-13,False
0.5-1,8064,0,1.4928333413451725e-10,False
0.5-1,8065,0,1.4242045763393447e-09,False
0.5-1,8066,0,4.807305868666985e-09,False
0.5-1,8067,0,7.483984475118133e-12,False
0.5-1,8068,0,1.592006594190968e-11,False
0.5-1,8069,0,6.324115136398711e-12,False
0.5-1,8070,0,1.8605276998928928e-10,False
0.5-1,8071,0,1.974905219710579e-09,False
0.5-1,8072,0,6.270905022891766e-13,False
0.5-1,8073,0,2.701541594938516e-09,False
0.5-1,8074,0,4.4131065385966375e-13,False
0.5-1,8075,0,7.569783206386429e-12,False
0.5-1,8076,0,4.7822324635980094e-14,False
0.5-1,8077,0,3.4690405570945245e-13,False
0.5-1,8078,0,1.858600029386697e-09,False
0.5-1,8079,0,9.083084731552602e-11,False
0.5-1,8080,0,1.075583806563595e-12,False
0.5-1,8081,0,2.112588147105286e-08,False
0.5-1,8082,0,1.3555147792971081e-11,False
0.5-1,8083,0,1.405371269238028e-10,False
0.5-1,8084,0,8.060412950409972e-08,False
0.5-1,8085,0,3.851840562984733e-11,False
0.5-1,8086,0,1.4480409276417756e-11,False
0.5-1,8087,0,1.2976620377600153e-11,False
0.5-1,8088,0,3.1086138394931615e-08,False
0.5-1,8089,0,1.0804550707279466e-08,False
0.5-1,8090,0,1.256390353754569e-07,False
0.5-1,8091,0,1.0663416941968171e-08,False
0.5-1,8092,0,1.1360046307059395e-10,False
0.5-1,8093,0,1.420960796765275e-10,False
0.5-1,8094,0,6.726133404481251e-11,False
0.5-1,8095,0,3.0575350530070265e-10,False
0.5-1,8096,0,6.879437235914713e-11,False
0.5-1,8097,0,2.8567114487199037e-11,False
0.5-1,8098,0,1.0420546871460237e-10,False
0.5-1,8099,0,6.279162147279126e-09,False
0.5-1,8100,0,2.604250078992506e-12,False
0.5-1,8101,0,1.6403893008997632e-11,False
0.5-1,8102,0,9.74007079658955e-07,False
0.5-1,8103,0,1.162999369813458e-08,False
0.5-1,8104,0,2.055785649991565e-11,False
0.5-1,8105,0,3.960593148716218e-07,False
0.5-1,8106,0,4.1700026901376566e-11,False
0.5-1,8107,0,2.45375792392244e-10,False
0.5-1,8108,0,3.232468279754614e-07,False
0.5-1,8109,0,1.6276295259487388e-10,False
0.5-1,8110,0,1.3345976606110784e-10,False
0.5-1,8111,0,1.268975659493634e-10,False
0.5-1,8112,0,4.439932333715442e-08,False
0.5-1,8113,0,2.929024821312237e-08,False
0.5-1,8114,1,0.999999448520216,True
0.5-1,8115,0,3.837273878235766e-08,False
0.5-1,8116,0,5.02125379290285e-10,False
0.5-1,8117,0,3.635402088004126e-10,False
0.5-1,8118,0,3.133731487254151e-09,False
0.5-1,8119,0,1.9400367716587107e-09,False
0.5-1,8120,0,7.99265240653958e-11,False
0.5-1,8121,0,0.0021029955147945302,False
0.5-1,8122,0,1.608380422917106e-09,False
0.5-1,8123,0,0.0005476886177359447,False
0.5-1,8124,0,2.7251561824263073e-10,False
0.5-1,8125,0,7.822625768190159e-11,False
0.5-1,8126,0,1.7196431810758716e-06,False
0.5-1,8127,0,5.1507658584372163e-08,False
0.5-1,8128,0,7.492326057947099e-11,False
0.5-1,8129,0,1.5837070364318424e-07,False
0.5-1,8130,0,2.8801757457766802e-09,False
0.5-1,8131,0,3.2215148142819754e-09,False
0.5-1,8132,0,1.1981528485792228e-06,False
0.5-1,8133,0,6.216839193015817e-09,False
0.5-1,8134,0,1.2377182340562819e-09,False
0.5-1,8135,0,5.338331101464416e-10,False
0.5-1,8136,1,0.999999535372287,True
0.5-1,8137,0,6.841065965481348e-07,False
0.5-1,8138,0,2.1699916515829178e-07,False
0.5-1,8139,0,5.674202939667013e-08,False
0.5-1,8140,0,0.0007922226975921857,False
0.5-1,8141,0,1.4738424164291558e-09,False
0.5-1,8142,0,2.8672826586088055e-10,False
0.5-1,8143,0,2.8721819285399042e-09,False
0.5-1,8144,0,1.2174319819635588e-09,False
0.5-1,8145,0,5.794930145407765e-09,False
0.5-1,8146,0,0.42000974589235657,False
0.5-1,8147,0,0.01697564898683405,False
0.5-1,8148,0,7.584550049440323e-12,False
0.5-1,8149,0,7.559722161187485e-09,False
0.5-1,8150,0,1.125816843628341e-06,False
0.5-1,8151,0,0.409460037859838,False
0.5-1,8152,0,3.576558086544809e-11,False
0.5-1,8153,0,5.428547053133925e-08,False
0.5-1,8154,0,3.261291908795407e-11,False
0.5-1,8155,0,3.0493872765633416e-05,False
0.5-1,8156,0,0.003169698320648548,False
0.5-1,8157,0,0.00010890759072009565,False
0.5-1,8158,0,2.8402260328075355e-09,False
0.5-1,8159,0,1.3859735915051784e-09,False
0.5-1,8160,1,0.9918456243929906,True
0.5-1,8161,0,0.0002067290475033861,False
0.5-1,8162,0,1.522947008280238e-08,False
0.5-1,8163,0,1.6067841431973823e-07,False
0.5-1,8164,1,0.9999944891230437,True
0.5-1,8165,0,7.475000292335664e-10,False
0.5-1,8166,0,1.6831705238644314e-10,False
0.5-1,8167,0,6.3669446241458126e-06,False
0.5-1,8168,0,2.0599379981613816e-11,False
0.5-1,8169,0,4.602230946459949e-12,False
0.5-1,8170,1,0.9986588051701123,True
0.5-1,8171,0,9.095567148336727e-13,False
0.5-1,8172,0,4.568241125410934e-12,False
0.5-1,8173,0,0.4942226154234263,False
0.5-1,8174,0,6.4077068443095e-08,False
0.5-1,8175,0,0.001369553421881245,False
0.5-1,8176,0,6.052790068874885e-13,False
0.5-1,8177,0,1.0400941037025676e-08,False
0.5-1,8178,0,3.7101799129618804e-12,False
0.5-1,8179,0,8.333659815656877e-09,False
0.5-1,8180,0,2.3313690796861144e-08,False
0.5-1,8181,0,0.01590263263409819,False
0.5-1,8182,0,3.7027857078104144e-09,False
0.5-1,8183,0,8.07698949353752e-08,False
0.5-1,8184,0,8.052907912390857e-10,False
0.5-1,8185,0,1.5789658595773753e-10,False
0.5-1,8186,0,5.334971318271383e-10,False
0.5-1,8187,0,1.3522461078663565e-09,False
0.5-1,8188,0,6.289269596635257e-07,False
0.5-1,8189,0,3.3630425667904115e-09,False
0.5-1,8190,0,1.5967262622463163e-10,False
0.5-1,8191,0,6.053076979163741e-09,False
0.5-1,8192,0,5.2557429352587084e-09,False
0.5-1,8193,0,5.173362868565731e-14,False
0.5-1,8194,0,5.873718792249176e-13,False
0.5-1,8195,0,4.920544942732073e-11,False
0.5-1,8196,0,4.5303547258340474e-10,False
0.5-1,8197,0,7.766129925356415e-12,False
0.5-1,8198,0,6.280856182940251e-08,False
0.5-1,8199,0,7.294499822644629e-09,False
0.5-1,8200,0,8.089798928426781e-11,False
0.5-1,8201,0,1.052686792746145e-08,False
0.5-1,8202,0,5.1304987955171664e-15,False
0.5-1,8203,0,1.8576247892538398e-07,False
0.5-1,8204,0,1.8385718032338404e-10,False
0.5-1,8205,0,1.3806641230281536e-08,False
0.5-1,8206,0,2.594061515397788e-07,False
0.5-1,8207,0,1.718470242420533e-07,False
0.5-1,8208,0,1.9393563393685606e-09,False
0.5-1,8209,0,5.2161894822338555e-09,False
0.5-1,8210,0,4.1323263000874145e-12,False
0.5-1,8211,0,2.368082553593895e-10,False
0.5-1,8212,0,4.397935348791301e-10,False
0.5-1,8213,0,8.090277194914241e-08,False
0.5-1,8214,0,1.7360465138934153e-09,False
0.5-1,8215,0,1.4078058062602077e-06,False
0.5-1,8216,0,1.616269605312773e-10,False
0.5-1,8217,0,1.5528036745355718e-16,False
0.5-1,8218,0,1.077272215952541e-11,False
0.5-1,8219,0,7.516710237682688e-09,False
0.5-1,8220,0,3.272757285128196e-08,False
0.5-1,8221,0,3.564444661726674e-16,False
0.5-1,8222,0,2.2972847485284478e-09,False
0.5-1,8223,0,5.373271103540408e-10,False
0.5-1,8224,0,2.722792907455073e-06,False
0.5-1,8225,0,4.4661573000253997e-07,False
0.5-1,8226,0,2.129263623437463e-17,False
0.5-1,8227,0,0.0003268063652538794,False
0.5-1,8228,0,6.036206084726932e-10,False
0.5-1,8229,0,5.129258322393118e-08,False
0.5-1,8230,0,1.7646715843727763e-05,False
0.5-1,8231,0,5.219951477422879e-05,False
0.5-1,8232,0,9.77319366079192e-13,False
0.5-1,8233,0,8.899504703903834e-09,False
0.5-1,8234,0,3.0747921007679956e-14,False
0.5-1,8235,0,3.5655501101930534e-09,False
0.5-1,8236,0,3.488586547262894e-07,False
0.5-1,8237,0,2.7812982131886646e-07,False
0.5-1,8238,0,3.7799261238274004e-06,False
0.5-1,8239,0,4.270557473502663e-05,False
0.5-1,8240,0,5.0669058777252534e-08,False
0.5-1,8241,0,2.1079955237210748e-20,False
0.5-1,8242,0,1.4699870715155199e-13,False
0.5-1,8243,0,2.3540044736750995e-07,False
0.5-1,8244,0,7.949057902911576e-06,False
0.5-1,8245,0,1.6475305541479468e-18,False
0.5-1,8246,0,3.7165817356772694e-09,False
0.5-1,8247,0,6.867422741350493e-08,False
0.5-1,8248,0,5.542009088886825e-08,False
0.5-1,8249,0,1.9022154776031505e-05,False
0.5-1,8250,0,1.5561360712939427e-20,False
0.5-1,8251,0,5.32153831964547e-06,False
0.5-1,8252,0,4.157095556904029e-12,False
0.5-1,8253,0,3.911785036201364e-08,False
0.5-1,8254,0,0.0013979863831495092,False
0.5-1,8255,0,0.0001850067161694943,False
0.5-1,8256,0,1.1126241146965403e-13,False
0.5-1,8257,0,6.448761552514892e-13,False
0.5-1,8258,0,1.6701929417438967e-16,False
0.5-1,8259,0,1.3107963434905739e-05,False
0.5-1,8260,0,4.103277021694285e-06,False
0.5-1,8261,0,3.842437233570826e-05,False
0.5-1,8262,0,4.086306493928338e-05,False
0.5-1,8263,0,3.756905154023689e-05,False
0.5-1,8264,0,5.062446128234192e-06,False
0.5-1,8265,0,0.0002431510647712238,False
0.5-1,8266,0,5.1466261459110694e-05,False
0.5-1,8267,0,2.754144583673605e-05,False
0.5-1,8268,0,0.00011169994093051428,False
0.5-1,8269,0,1.581589746036942e-16,False
0.5-1,8270,0,2.385406185987261e-19,False
0.5-1,8271,0,3.6085337834476053e-06,False
0.5-1,8272,0,3.0008956737493677e-05,False
0.5-1,8273,0,1.118586779701716e-16,False
0.5-1,8274,0,2.1324097180810534e-10,False
0.5-1,8275,0,8.058389698958407e-05,False
0.5-1,8276,0,7.297338514022435e-07,False
0.5-1,8277,0,4.021715600585156e-06,False
0.5-1,8278,0,7.000449862927559e-24,False
0.5-1,8279,0,1.4896534867877419e-05,False
0.5-1,8280,0,3.5408229097788483e-12,False
0.5-1,8281,0,4.7632275574990366e-06,False
0.5-1,8282,0,7.906969445649006e-05,False
0.5-1,8283,0,6.876784574204258e-05,False
0.5-1,8284,0,1.9265114437168936e-10,False
0.5-1,8285,0,4.227600064929921e-09,False
0.5-1,8286,0,5.5935540021331164e-09,False
0.5-1,8287,0,7.585281134153206e-12,False
0.5-1,8288,0,1.1303556588855133e-11,False
0.5-1,8289,0,2.171477635689051e-11,False
0.5-1,8290,0,3.6455994829039537e-11,False
0.5-1,8291,0,3.996698441325755e-11,False
0.5-1,8292,0,5.035162264652719e-13,False
0.5-1,8293,0,1.1799604300672887e-11,False
0.5-1,8294,0,9.402382849242731e-13,False
0.5-1,8295,0,5.044232523728044e-12,False
0.5-1,8296,0,2.4224984204222914e-10,False
0.5-1,8297,0,1.8416333154159492e-13,False
0.5-1,8298,0,1.767185387420077e-09,False
0.5-1,8299,0,1.1056134781180056e-10,False
0.5-1,8300,0,7.171218228280624e-13,False
0.5-1,8301,0,3.869676367700502e-09,False
0.5-1,8302,0,6.209764080622793e-11,False
0.5-1,8303,0,4.1755945113474115e-11,False
0.5-1,8304,0,1.1170420844578067e-07,False
0.5-1,8305,0,1.6286032762206834e-10,False
0.5-1,8306,0,2.037230376606436e-11,False
0.5-1,8307,0,3.521278621056143e-11,False
0.5-1,8308,0,6.882325887938745e-08,False
0.5-1,8309,0,3.960963018896467e-08,False
0.5-1,8310,0,1.3746334264741043e-07,False
0.5-1,8311,0,3.915254803832063e-09,False
0.5-1,8312,0,1.118258518810871e-10,False
0.5-1,8313,0,1.245635541566604e-10,False
0.5-1,8314,0,2.3693291128762767e-11,False
0.5-1,8315,0,1.7886424218941839e-10,False
0.5-1,8316,0,3.3518709892478323e-11,False
0.5-1,8317,0,1.947301920366341e-11,False
0.5-1,8318,0,2.739868206553937e-12,False
0.5-1,8319,0,7.274487668510435e-07,False
0.5-1,8320,0,7.068328746655616e-13,False
0.5-1,8321,0,9.184167803596894e-10,False
0.5-1,8322,0,1.92455366244277e-06,False
0.5-1,8323,0,2.6997345727652085e-08,False
0.5-1,8324,0,5.964026214143577e-12,False
0.5-1,8325,0,1.40488105792551e-07,False
0.5-1,8326,0,1.0508431884048356e-11,False
0.5-1,8327,0,5.299986237478003e-10,False
0.5-1,8328,0,3.3824348744638133e-06,False
0.5-1,8329,0,5.496617550807616e-11,False
0.5-1,8330,0,2.1148581524523008e-10,False
0.5-1,8331,0,8.48766659417301e-11,False
0.5-1,8332,0,8.512870102673364e-07,False
0.5-1,8333,0,6.874466626827092e-08,False
0.5-1,8334,0,3.290997862837683e-07,False
0.5-1,8335,0,2.9184343439088756e-08,False
0.5-1,8336,0,7.02922162976231e-10,False
0.5-1,8337,0,2.20599660359869e-10,False
0.5-1,8338,0,7.054547372881397e-11,False
0.5-1,8339,0,9.578989502912193e-10,False
0.5-1,8340,0,4.5196639872323996e-11,False
0.5-1,8341,0,1.630724924379333e-10,False
0.5-1,8342,0,3.465500408957229e-12,False
0.5-1,8343,0,3.064136895112224e-11,False
0.5-1,8344,0,4.43289597795015e-12,False
0.5-1,8345,0,1.7747255188493242e-09,False
0.5-1,8346,0,5.13089966404995e-06,False
0.5-1,8347,0,9.48726732460629e-08,False
0.5-1,8348,0,1.0050411010944633e-11,False
0.5-1,8349,0,1.1439366388996164e-07,False
0.5-1,8350,0,1.557581035789799e-10,False
0.5-1,8351,0,1.3185076043671438e-09,False
0.5-1,8352,0,7.482796225577611e-06,False
0.5-1,8353,0,9.36263372742885e-10,False
0.5-1,8354,0,9.246861500253916e-10,False
0.5-1,8355,0,2.2941328804317503e-10,False
0.5-1,8356,0,7.917433361011558e-07,False
0.5-1,8357,0,1.2132558730562028e-07,False
0.5-1,8358,0,2.5431752103061487e-07,False
0.5-1,8359,0,8.055490482586576e-08,False
0.5-1,8360,0,6.344233339575586e-10,False
0.5-1,8361,0,3.9454513992398025e-10,False
0.5-1,8362,0,9.052235346811805e-11,False
0.5-1,8363,0,7.39959491554705e-10,False
0.5-1,8364,0,5.454801900863526e-11,False
0.5-1,8365,0,1.9970394882211386e-12,False
0.5-1,8366,0,2.8239971744438382e-12,False
0.5-1,8367,0,1.6349956620665316e-11,False
0.5-1,8368,0,2.8682390777908515e-11,False
0.5-1,8369,0,7.35541846473022e-12,False
0.5-1,8370,0,4.16180715708244e-06,False
0.5-1,8371,0,2.3330669397853896e-08,False
0.5-1,8372,0,1.4972015123940863e-11,False
0.5-1,8373,0,2.4753654286218227e-08,False
0.5-1,8374,0,5.765703265896754e-10,False
0.5-1,8375,0,3.420612230299696e-09,False
0.5-1,8376,0,7.98446582457255e-07,False
0.5-1,8377,0,6.786870167200133e-10,False
0.5-1,8378,0,4.901288782680731e-10,False
0.5-1,8379,0,2.2436529226751866e-10,False
0.5-1,8380,0,7.314593504298819e-07,False
0.5-1,8381,0,2.9828893586328355e-07,False
0.5-1,8382,0,1.738844502640851e-07,False
0.5-1,8383,0,7.352416760207271e-08,False
0.5-1,8384,0,5.012401806856249e-10,False
0.5-1,8385,0,6.122190652640824e-10,False
0.5-1,8386,0,5.82860964281337e-10,False
0.5-1,8387,0,8.72069324531982e-10,False
0.5-1,8388,0,3.934542848647763e-11,False
0.5-1,8389,0,0.01620447545333969,False
0.5-1,8390,0,6.740576920212978e-13,False
0.5-1,8391,0,1.3519972515119337e-11,False
0.5-1,8392,0,1.1355619888059473e-12,False
0.5-1,8393,0,2.257810449734613e-12,False
0.5-1,8394,0,4.1953266691495004e-07,False
0.5-1,8395,0,1.9893798317755594e-08,False
0.5-1,8396,0,6.502584777890461e-10,False
0.5-1,8397,0,1.7917461152037953e-08,False
0.5-1,8398,0,4.142824473494415e-12,False
0.5-1,8399,0,1.6078909200031078e-08,False
0.5-1,8400,0,1.1599324167559239e-07,False
0.5-1,8401,0,2.9500557043721093e-10,False
0.5-1,8402,0,1.052215162567763e-09,False
0.5-1,8403,0,2.67977576426208e-09,False
0.5-1,8404,0,5.716858177902159e-08,False
0.5-1,8405,0,3.6561221894143037e-06,False
0.5-1,8406,0,6.772235175329745e-09,False
0.5-1,8407,0,2.2517000984777795e-08,False
0.5-1,8408,0,3.0276872259839856e-08,False
0.5-1,8409,0,2.40954998034838e-08,False
0.5-1,8410,0,4.330796843180762e-10,False
0.5-1,8411,0,6.160214590319134e-10,False
0.5-1,8412,0,1.5425264817536809e-09,False
0.5-1,8413,0,6.810767710201232e-15,False
0.5-1,8414,0,1.0839869184298954e-12,False
0.5-1,8415,0,3.0721325831826123e-09,False
0.5-1,8416,0,9.132971007738671e-12,False
0.5-1,8417,0,5.8078856401788694e-11,False
0.5-1,8418,0,4.6278042451556274e-08,False
0.5-1,8419,0,1.7105085050767734e-08,False
0.5-1,8420,0,1.1285068943723094e-07,False
0.5-1,8421,0,1.5102543699165973e-07,False
0.5-1,8422,0,7.170931278283938e-15,False
0.5-1,8423,0,4.584097902194919e-08,False
0.5-1,8424,0,2.8530168542145662e-09,False
0.5-1,8425,0,1.5133723724190253e-08,False
0.5-1,8426,0,6.644910496816976e-10,False
0.5-1,8427,0,2.0749226382177197e-09,False
0.5-1,8428,0,1.3405656749085128e-08,False
0.5-1,8429,0,6.543204742975175e-08,False
0.5-1,8430,0,2.5799840836346383e-10,False
0.5-1,8431,0,2.594897992349288e-07,False
0.5-1,8432,0,5.728387042098327e-09,False
0.5-1,8433,0,6.409373284410813e-07,False
0.5-1,8434,0,1.8964684683430106e-07,False
0.5-1,8435,0,1.357313172903387e-09,False
0.5-1,8436,0,9.690446028364569e-07,False
0.5-1,8437,0,2.387897323589881e-17,False
0.5-1,8438,0,6.592926729248394e-14,False
0.5-1,8439,0,1.1893994883254642e-06,False
0.5-1,8440,0,1.2700893965368832e-10,False
0.5-1,8441,0,7.074764246989776e-16,False
0.5-1,8442,1,0.9983881168485349,True
0.5-1,8443,0,1.3128496898544387e-08,False
0.5-1,8444,0,0.009523693048441388,False
0.5-1,8445,0,2.878960439244104e-05,False
0.5-1,8446,0,1.5885178926139427e-17,False
0.5-1,8447,0,0.00010637665199178665,False
0.5-1,8448,0,1.0128826350917017e-08,False
0.5-1,8449,0,1.390178661629687e-07,False
0.5-1,8450,0,4.4305997173486665e-09,False
0.5-1,8451,0,1.2494828789785954e-06,False
0.5-1,8452,0,7.179633011831351e-13,False
0.5-1,8453,0,0.00019431931974318563,False
0.5-1,8454,0,9.355528963295419e-12,False
0.5-1,8455,0,3.124845469656297e-06,False
0.5-1,8456,0,3.0078627415042133e-05,False
0.5-1,8457,0,0.00030253476366347076,False
0.5-1,8458,0,0.0015371632416061353,False
0.5-1,8459,0,1.2187437694294283e-06,False
0.5-1,8460,0,2.3420241399300075e-05,False
0.5-1,8461,0,5.076769674373506e-19,False
0.5-1,8462,0,4.536316106381125e-18,False
0.5-1,8463,0,0.0002128458946533139,False
0.5-1,8464,0,2.1829013362152875e-08,False
0.5-1,8465,0,3.698464723922707e-19,False
0.5-1,8466,0,2.8439518361060922e-11,False
0.5-1,8467,0,1.6385051302798938e-06,False
0.5-1,8468,0,0.0008591921779533369,False
0.5-1,8469,0,0.00014738358282143741,False
0.5-1,8470,0,1.153447805244816e-16,False
0.5-1,8471,0,5.879862878404975e-05,False
0.5-1,8472,0,8.781368580150389e-12,False
0.5-1,8473,0,6.124346384946986e-05,False
0.5-1,8474,0,4.941961906515191e-05,False
0.5-1,8475,0,0.00011645140244810876,False
0.5-1,8476,0,6.955043210570295e-14,False
0.5-1,8477,0,2.073974441883063e-06,False
0.5-1,8478,0,9.381174768130991e-14,False
0.5-1,8479,0,2.3904706703343682e-05,False
0.5-1,8480,0,0.0001336347934243277,False
0.5-1,8481,0,7.650532841867154e-05,False
0.5-1,8482,0,0.00018090537323686254,False
0.5-1,8483,0,7.071537276841143e-07,False
0.5-1,8484,0,3.816231838652373e-05,False
0.5-1,8485,0,2.7407955273014863e-05,False
0.5-1,8486,0,4.6706775547113685e-06,False
0.5-1,8487,0,3.206744693181825e-05,False
0.5-1,8488,0,0.0003419162193800461,False
0.5-1,8489,0,5.4330091952645635e-12,False
0.5-1,8490,0,1.9045555995588047e-16,False
0.5-1,8491,0,2.4601522245329297e-07,False
0.5-1,8492,0,4.4297546177933426e-05,False
0.5-1,8493,0,1.673422113842666e-21,False
0.5-1,8494,0,4.466064789370319e-14,False
0.5-1,8495,0,0.00028711602895008925,False
0.5-1,8496,0,9.989563717570325e-06,False
0.5-1,8497,0,3.313593483029733e-06,False
0.5-1,8498,0,8.340229729983713e-18,False
0.5-1,8499,0,8.025255840648706e-05,False
0.5-1,8500,0,3.90173357998795e-12,False
0.5-1,8501,0,3.18558227795114e-05,False
0.5-1,8502,0,5.570861136628705e-06,False
0.5-1,8503,0,2.8041473412108504e-05,False
0.5-1,8504,0,5.7093616151365444e-09,False
0.5-1,8505,0,1.0633417675371698e-09,False
0.5-1,8506,0,3.400859300947728e-08,False
0.5-1,8507,0,3.3268634316756373e-12,False
0.5-1,8508,0,9.81302317258261e-10,False
0.5-1,8509,0,1.0424466570195784e-10,False
0.5-1,8510,0,4.003535312621321e-09,False
0.5-1,8511,0,4.429723462604786e-11,False
0.5-1,8512,0,4.260482167084744e-14,False
0.5-1,8513,0,5.643110826461237e-09,False
0.5-1,8514,0,1.6996039636590393e-11,False
0.5-1,8515,0,7.951146197531145e-12,False
0.5-1,8516,0,5.292331597776202e-13,False
0.5-1,8517,0,5.5268005623135275e-12,False
0.5-1,8518,0,1.802379620975425e-09,False
0.5-1,8519,0,3.576708255829759e-11,False
0.5-1,8520,0,1.0082854684465684e-13,False
0.5-1,8521,0,8.969370983960573e-10,False
0.5-1,8522,0,3.926865668101739e-12,False
0.5-1,8523,0,6.988229280755326e-10,False
0.5-1,8524,0,9.644546849618792e-07,False
0.5-1,8525,0,4.016737083595213e-08,False
0.5-1,8526,0,5.356436866686155e-12,False
0.5-1,8527,0,1.4671213601359254e-11,False
0.5-1,8528,0,2.6704238844950926e-08,False
0.5-1,8529,0,5.163324167942171e-08,False
0.5-1,8530,0,9.030443398900934e-08,False
0.5-1,8531,0,3.569964320725727e-09,False
0.5-1,8532,0,1.4049020137050407e-10,False
0.5-1,8533,0,4.095525156526255e-11,False
0.5-1,8534,0,2.2418480596571676e-11,False
0.5-1,8535,0,7.086643993564161e-11,False
0.5-1,8536,0,9.260238271758767e-13,False
0.5-1,8537,0,2.013043144394582e-11,False
0.5-1,8538,0,1.3109677730943267e-12,False
0.5-1,8539,0,2.6325401419754633e-11,False
0.5-1,8540,0,2.225269374952598e-13,False
0.5-1,8541,0,1.8374598489886333e-10,False
0.5-1,8542,0,9.241899914561804e-07,False
0.5-1,8543,0,2.170422770277033e-09,False
0.5-1,8544,0,2.788602411864712e-12,False
0.5-1,8545,0,2.9997284432851166e-08,False
0.5-1,8546,0,0.00035953542357784307,False
0.5-1,8547,0,2.6094036277937394e-10,False
0.5-1,8548,0,1.1361522897673523e-05,False
0.5-1,8549,0,1.5606951765811134e-10,False
0.5-1,8550,0,4.6860568520050505e-11,False
0.5-1,8551,0,5.908068998382733e-11,False
0.5-1,8552,0,3.718812290242137e-07,False
0.5-1,8553,0,2.983492687491547e-08,False
0.5-1,8554,0,9.70398572412868e-08,False
0.5-1,8555,0,6.3081821226203965e-09,False
0.5-1,8556,0,3.7034908756969636e-10,False
0.5-1,8557,0,1.5086043366045843e-10,False
0.5-1,8558,0,5.08364888674837e-11,False
0.5-1,8559,0,1.2468823675175674e-09,False
0.5-1,8560,0,5.018109485736657e-12,False
0.5-1,8561,0,5.373589011953774e-10,False
0.5-1,8562,0,7.820632859906576e-10,False
0.5-1,8563,0,3.223159297508481e-12,False
0.5-1,8564,0,1.7846000700249912e-11,False
0.5-1,8565,0,3.90098365731866e-10,False
0.5-1,8566,0,5.0686971647192815e-06,False
0.5-1,8567,0,5.029513268726339e-08,False
0.5-1,8568,0,2.8239993190669354e-11,False
0.5-1,8569,0,4.219858788852749e-08,False
0.5-1,8570,0,6.542194704502216e-11,False
0.5-1,8571,0,1.8613162043982216e-09,False
0.5-1,8572,0,3.891231001236652e-06,False
0.5-1,8573,0,1.0943770124932742e-09,False
0.5-1,8574,0,2.9315650534981633e-10,False
0.5-1,8575,0,6.287009732637283e-11,False
0.5-1,8576,0,3.492662003436289e-07,False
0.5-1,8577,0,3.763987137468921e-08,False
0.5-1,8578,0,1.5538171180802182e-08,False
0.5-1,8579,0,3.2918127903820585e-08,False
0.5-1,8580,0,1.4811031230343318e-10,False
0.5-1,8581,0,1.76793438346854e-10,False
0.5-1,8582,0,6.480759656138726e-11,False
0.5-1,8583,0,3.959523141876872e-10,False
0.5-1,8584,0,1.6848579451853956e-12,False
0.5-1,8585,0,8.215837616489495e-12,False
0.5-1,8586,0,4.4125393611117324e-11,False
0.5-1,8587,0,5.254304175714616e-13,False
0.5-1,8588,0,3.423804312387127e-11,False
0.5-1,8589,0,1.3685601997642635e-11,False
0.5-1,8590,0,4.247499867632034e-06,False
0.5-1,8591,0,1.8103540801103267e-08,False
0.5-1,8592,0,6.029132073400976e-11,False
0.5-1,8593,0,7.45260199310874e-08,False
0.5-1,8594,0,6.74471228210049e-11,False
0.5-1,8595,0,9.48015838060081e-10,False
0.5-1,8596,0,8.86863898960365e-07,False
0.5-1,8597,0,3.2745296818820716e-10,False
0.5-1,8598,0,2.2241136798576744e-09,False
0.5-1,8599,0,7.064288848566528e-10,False
0.5-1,8600,0,2.105607986798731e-06,False
0.5-1,8601,0,2.1549096478523904e-07,False
0.5-1,8602,0,4.841253786306562e-08,False
0.5-1,8603,0,8.751453683316308e-08,False
0.5-1,8604,0,2.9507848792516423e-10,False
0.5-1,8605,0,2.303274782164179e-10,False
0.5-1,8606,0,7.054059286250466e-11,False
0.5-1,8607,0,3.776960583728808e-09,False
0.5-1,8608,0,1.9946108267435255e-11,False
0.5-1,8609,0,2.861034686498983e-13,False
0.5-1,8610,0,3.125815213781497e-11,False
0.5-1,8611,0,1.3946134049116087e-11,False
0.5-1,8612,0,6.251531537184775e-12,False
0.5-1,8613,0,7.71193210411529e-12,False
0.5-1,8614,0,2.1939535807990926e-07,False
0.5-1,8615,0,7.862621802333878e-09,False
0.5-1,8616,0,0.0007117555833606843,False
0.5-1,8617,0,1.503762709743218e-08,False
0.5-1,8618,0,3.9774273053453253e-13,False
0.5-1,8619,0,9.516910267443622e-10,False
0.5-1,8620,0,1.1666503653615839e-07,False
0.5-1,8621,0,1.0163831718170706e-09,False
0.5-1,8622,0,1.2987287220490467e-09,False
0.5-1,8623,0,1.295650878054504e-08,False
0.5-1,8624,0,1.3717652348498346e-07,False
0.5-1,8625,0,4.439215841380495e-08,False
0.5-1,8626,0,1.1487224771107421e-09,False
0.5-1,8627,0,3.700715074260433e-08,False
0.5-1,8628,0,1.610810634452387e-08,False
0.5-1,8629,0,5.774670873890113e-10,False
0.5-1,8630,0,5.4043248753572e-09,False
0.5-1,8631,0,2.858852122769965e-08,False
0.5-1,8632,0,6.753254820339423e-11,False
0.5-1,8633,0,1.5933909453014644e-15,False
0.5-1,8634,0,1.2520593479814552e-14,False
0.5-1,8635,0,3.088718681093684e-12,False
0.5-1,8636,0,2.2487672699893084e-08,False
0.5-1,8637,0,1.499363435089053e-11,False
0.5-1,8638,0,4.34466346827926e-08,False
0.5-1,8639,0,8.625601026157256e-08,False
0.5-1,8640,0,4.621506042210921e-09,False
0.5-1,8641,0,1.2388013412811606e-08,False
0.5-1,8642,0,5.726211005091274e-14,False
0.5-1,8643,0,4.633716073586523e-10,False
0.5-1,8644,0,2.910763895692438e-09,False
0.5-1,8645,0,2.0563768991453937e-07,False
0.5-1,8646,0,4.463855102204134e-08,False
0.5-1,8647,0,3.656890000831602e-07,False
0.5-1,8648,0,9.009852518511922e-07,False
0.5-1,8649,0,0.00018523026591608124,False
0.5-1,8650,0,8.619973924236124e-11,False
0.5-1,8651,0,1.4022341822048236e-06,False
0.5-1,8652,0,7.246284706049282e-07,False
0.5-1,8653,0,6.960970116280561e-10,False
0.5-1,8654,0,3.1226192531875333e-06,False
0.5-1,8655,0,1.9546063191880425e-05,False
0.5-1,8656,0,1.1429038286775064e-07,False
0.5-1,8657,0,2.3204417940417037e-10,False
0.5-1,8658,0,1.2641735034667488e-16,False
0.5-1,8659,0,8.560229427149508e-07,False
0.5-1,8660,0,2.4079767694688213e-05,False
0.5-1,8661,0,7.054422248434955e-17,False
0.5-1,8662,0,9.98435257283283e-11,False
0.5-1,8663,0,9.371890103475475e-08,False
0.5-1,8664,0,7.154775430257031e-07,False
0.5-1,8665,0,4.7519611997940054e-05,False
0.5-1,8666,0,1.2952053878587492e-17,False
0.5-1,8667,0,3.2242760887024675e-07,False
0.5-1,8668,0,4.784105301928014e-11,False
0.5-1,8669,0,1.4065443894366454e-07,False
0.5-1,8670,0,8.499788942280964e-08,False
0.5-1,8671,0,2.7213092696325982e-05,False
0.5-1,8672,0,3.02409159107972e-09,False
0.5-1,8673,0,0.0011522698189939708,False
0.5-1,8674,0,2.1458477050090807e-12,False
0.5-1,8675,0,6.006168874097721e-05,False
0.5-1,8676,0,0.00240479606605256,False
0.5-1,8677,0,2.842455300160836e-06,False
0.5-1,8678,0,0.0007751472558844873,False
0.5-1,8679,0,0.00018805269783711909,False
0.5-1,8680,0,1.7541082995786693e-05,False
0.5-1,8681,0,7.730854279281224e-19,False
0.5-1,8682,0,7.388294983300184e-19,False
0.5-1,8683,0,3.3695518876566254e-06,False
0.5-1,8684,0,1.9553816007828732e-05,False
0.5-1,8685,0,1.644360113501496e-16,False
0.5-1,8686,0,1.6531020107386055e-11,False
0.5-1,8687,0,0.0012505604462865916,False
0.5-1,8688,0,0.00023020616026761038,False
0.5-1,8689,0,7.958600359501531e-05,False
0.5-1,8690,0,5.80615630484644e-14,False
0.5-1,8691,0,1.5448944266341993e-06,False
0.5-1,8692,0,6.15597702756452e-13,False
0.5-1,8693,0,0.00016595509874870278,False
0.5-1,8694,0,1.4854267248616012e-06,False
0.5-1,8695,0,0.00025813409913474905,False
0.5-1,8696,0,4.336066895864272e-10,False
0.5-1,8697,0,1.7745343121727154e-07,False
0.5-1,8698,0,1.1958826529422232e-14,False
0.5-1,8699,0,3.772963049715143e-05,False
0.5-1,8700,0,0.0002294211726857706,False
0.5-1,8701,0,6.648853024577426e-06,False
0.5-1,8702,0,5.4748326035837534e-05,False
0.5-1,8703,0,2.5354306804640532e-05,False
0.5-1,8704,0,8.846875150920587e-05,False
0.5-1,8705,0,3.4228009340681187e-06,False
0.5-1,8706,0,1.5851139472560147e-05,False
0.5-1,8707,0,1.3224620040580762e-05,False
0.5-1,8708,0,6.206876450644775e-06,False
0.5-1,8709,0,3.612755007078299e-20,False
0.5-1,8710,0,1.5616200168913006e-16,False
0.5-1,8711,0,5.729047366124632e-07,False
0.5-1,8712,0,8.861498503813899e-05,False
0.5-1,8713,0,2.208646470881309e-14,False
0.5-1,8714,0,1.082755995908614e-14,False
0.5-1,8715,0,0.00022225484715460115,False
0.5-1,8716,0,1.0451452870193925e-05,False
0.5-1,8717,0,5.3546082166874135e-06,False
0.5-1,8718,0,2.781485268610765e-20,False
0.5-1,8719,0,8.446295479732228e-06,False
0.5-1,8720,0,4.495295248321651e-16,False
0.5-1,8721,0,9.570357764669518e-06,False
0.5-1,8722,0,2.8407309087761853e-07,False
0.5-1,8723,0,1.168604574692947e-05,False
0.5-1,8724,0,1.731586819021928e-06,False
0.5-1,8725,0,5.711456444257123e-10,False
0.5-1,8726,0,7.204120606811219e-08,False
0.5-1,8727,0,5.152803127629492e-12,False
0.5-1,8728,0,0.004468637205434056,False
0.5-1,8729,0,4.267837888234618e-11,False
0.5-1,8730,0,2.465941242334892e-07,False
0.5-1,8731,0,5.733369406854306e-09,False
0.5-1,8732,0,1.1650848906438642e-12,False
0.5-1,8733,0,2.595364366911052e-10,False
0.5-1,8734,0,0.002160323148757058,False
0.5-1,8735,0,1.1548569579218288e-12,False
0.5-1,8736,0,7.036012957797273e-13,False
0.5-1,8737,0,4.076034618922991e-08,False
0.5-1,8738,0,2.6790991152433305e-07,False
0.5-1,8739,0,1.1866012211265446e-11,False
0.5-1,8740,0,1.9538686558737014e-13,False
0.5-1,8741,0,9.172935081532235e-10,False
0.5-1,8742,0,1.3741198304432129e-08,False
0.5-1,8743,0,1.8269091251699687e-11,False
0.5-1,8744,0,1.676233629175209e-07,False
0.5-1,8745,0,1.4151615104294536e-10,False
0.5-1,8746,0,5.682646799377304e-11,False
0.5-1,8747,0,1.5428630759524146e-07,False
0.5-1,8748,0,1.045569167724393e-07,False
0.5-1,8749,0,2.5190991405044155e-08,False
0.5-1,8750,0,1.230714884344218e-07,False
0.5-1,8751,0,7.736496256313214e-09,False
0.5-1,8752,0,7.965892521560367e-09,False
0.5-1,8753,0,5.7197898413834624e-11,False
0.5-1,8754,0,3.078586944517868e-10,False
0.5-1,8755,0,1.7315083490841191e-10,False
0.5-1,8756,0,3.656689004956028e-13,False
0.5-1,8757,0,4.910671109474514e-11,False
0.5-1,8758,0,8.835573032232559e-13,False
0.5-1,8759,0,7.808925650195008e-12,False
0.5-1,8760,0,1.430409527205662e-13,False
0.5-1,8761,0,1.8960212311742827e-09,False
0.5-1,8762,0,3.162710864180449e-06,False
0.5-1,8763,0,4.761659348786242e-09,False
0.5-1,8764,1,0.9999975303856002,True
0.5-1,8765,0,2.6734405075879825e-07,False
0.5-1,8766,0,4.479422910607906e-12,False
0.5-1,8767,0,1.2636298410764218e-10,False
0.5-1,8768,0,1.0004577200149734e-06,False
0.5-1,8769,0,6.266154861117994e-11,False
0.5-1,8770,0,7.168660802705561e-11,False
0.5-1,8771,0,7.971731954426476e-10,False
0.5-1,8772,0,1.1121315928781475e-07,False
0.5-1,8773,0,4.0638563660973743e-08,False
0.5-1,8774,0,6.314168092929999e-08,False
0.5-1,8775,0,9.75466565580434e-09,False
0.5-1,8776,0,3.263519876456111e-10,False
0.5-1,8777,0,1.5997762700817103e-10,False
0.5-1,8778,0,5.71671862700687e-11,False
0.5-1,8779,0,2.0246270783835932e-10,False
0.5-1,8780,0,1.5968638348831537e-12,False
0.5-1,8781,0,2.5370767970258304e-11,False
0.5-1,8782,0,1.0569597481634e-12,False
0.5-1,8783,0,8.210488664847329e-12,False
0.5-1,8784,0,4.052478874300193e-12,False
0.5-1,8785,0,8.768083805185584e-11,False
0.5-1,8786,0,5.097446465123643e-06,False
0.5-1,8787,0,2.642390268346975e-08,False
0.5-1,8788,0,4.584037216533874e-11,False
0.5-1,8789,0,2.7484255152128227e-07,False
0.5-1,8790,0,1.5703325078779419e-09,False
0.5-1,8791,0,3.9600225803262703e-10,False
0.5-1,8792,0,6.273569994164603e-06,False
0.5-1,8793,0,1.4883656203204435e-10,False
0.5-1,8794,0,2.797491999408302e-10,False
0.5-1,8795,0,3.1461276096662795e-11,False
0.5-1,8796,0,1.4835921260851195e-07,False
0.5-1,8797,0,6.309570290124238e-08,False
0.5-1,8798,0,2.227799008683535e-08,False
0.5-1,8799,0,2.3101197248514434e-08,False
0.5-1,8800,0,5.693773087825399e-11,False
0.5-1,8801,0,2.2999253809599007e-10,False
0.5-1,8802,0,1.0312186585867844e-11,False
0.5-1,8803,0,2.2366609591056067e-10,False
0.5-1,8804,0,5.329311784767816e-12,False
0.5-1,8805,0,1.386658167552892e-12,False
0.5-1,8806,0,1.3614414380536921e-11,False
0.5-1,8807,0,4.223211166201654e-12,False
0.5-1,8808,0,2.2697580108681775e-10,False
0.5-1,8809,0,5.19877943382706e-12,False
0.5-1,8810,0,5.189336244792805e-06,False
0.5-1,8811,0,4.6154030912055624e-08,False
0.5-1,8812,0,2.780731555591172e-11,False
0.5-1,8813,0,1.273904381665987e-06,False
0.5-1,8814,0,2.5318387749243767e-11,False
0.5-1,8815,0,1.7708594914809925e-09,False
0.5-1,8816,0,2.7202499776857267e-06,False
0.5-1,8817,0,4.510386628568319e-10,False
0.5-1,8818,0,2.0101018221024582e-10,False
0.5-1,8819,0,9.577455068885628e-11,False
0.5-1,8820,0,6.921677504963451e-08,False
0.5-1,8821,0,3.693057487743123e-08,False
0.5-1,8822,0,2.5079451633979396e-08,False
0.5-1,8823,1,0.9999843808175162,True
0.5-1,8824,0,7.795774411499659e-11,False
0.5-1,8825,0,1.8953632116237645e-10,False
0.5-1,8826,0,4.9814509324512285e-11,False
0.5-1,8827,0,1.8434645275839037e-10,False
0.5-1,8828,0,7.398503957397923e-13,False
0.5-1,8829,0,6.479342320979254e-13,False
0.5-1,8830,0,1.3947904761810605e-13,False
0.5-1,8831,0,1.1800553775969286e-11,False
0.5-1,8832,0,4.310340497989614e-10,False
0.5-1,8833,0,3.223434075285326e-12,False
0.5-1,8834,0,4.4560290329143764e-07,False
0.5-1,8835,0,4.339262717104967e-07,False
0.5-1,8836,0,4.723160523834098e-11,False
0.5-1,8837,0,4.5100221881656655e-07,False
0.5-1,8838,0,2.9096282478477176e-10,False
0.5-1,8839,0,1.8291860055253681e-09,False
0.5-1,8840,0,8.805892250566581e-07,False
0.5-1,8841,0,3.8907486087601525e-08,False
0.5-1,8842,0,1.1986233822353879e-09,False
0.5-1,8843,0,2.0378476904308294e-09,False
0.5-1,8844,0,3.607490364119329e-08,False
0.5-1,8845,0,1.1973382421837425e-07,False
0.5-1,8846,0,5.6946153158838694e-08,False
0.5-1,8847,0,2.959965082079322e-08,False
0.5-1,8848,0,3.930135536921902e-10,False
0.5-1,8849,0,2.2817174290226675e-10,False
0.5-1,8850,0,5.4190402761725076e-11,False
0.5-1,8851,0,2.5017068449835293e-10,False
0.5-1,8852,0,1.0136176593876188e-05,False
0.5-1,8853,0,6.905833491143199e-15,False
0.5-1,8854,0,4.324944387149435e-15,False
0.5-1,8855,0,9.111936247460048e-11,False
0.5-1,8856,0,5.404578627602007e-06,False
0.5-1,8857,0,1.1623171030510594e-13,False
0.5-1,8858,0,4.6436848366826984e-07,False
0.5-1,8859,0,4.837888184900763e-06,False
0.5-1,8860,0,8.469758563074985e-09,False
0.5-1,8861,0,0.00011674077542666341,False
0.5-1,8862,0,1.034329721626815e-14,False
0.5-1,8863,0,1.733318653962033e-09,False
0.5-1,8864,0,2.1929453119323675e-09,False
0.5-1,8865,0,2.866215349709438e-06,False
0.5-1,8866,0,1.2930892058333557e-09,False
0.5-1,8867,0,8.58208048816464e-09,False
0.5-1,8868,0,5.879830498341162e-09,False
0.5-1,8869,0,5.782244147653949e-05,False
0.5-1,8870,0,3.2673709175073084e-11,False
0.5-1,8871,0,3.578085734376316e-07,False
0.5-1,8872,0,5.253654241801235e-09,False
0.5-1,8873,0,6.763756283850376e-11,False
0.5-1,8874,0,1.5214439784960118e-09,False
0.5-1,8875,0,1.7649988837002438e-08,False
0.5-1,8876,0,1.6740004194913737e-06,False
0.5-1,8877,0,1.415315716568001e-17,False
0.5-1,8878,0,6.201985779773081e-16,False
0.5-1,8879,0,4.194210881630825e-06,False
0.5-1,8880,0,2.3807924256028572e-07,False
0.5-1,8881,0,2.1042407273948487e-14,False
0.5-1,8882,0,1.1528306501898255e-08,False
0.5-1,8883,0,1.331801757847942e-07,False
0.5-1,8884,0,8.17498510885122e-05,False
0.5-1,8885,0,0.012563054127910854,False
0.5-1,8886,0,2.8023095595829185e-16,False
0.5-1,8887,0,2.431034407659277e-06,False
0.5-1,8888,0,3.520899012180462e-11,False
0.5-1,8889,0,0.0015528732980938306,False
0.5-1,8890,0,2.6770544539438235e-08,False
0.5-1,8891,0,8.773357284045198e-05,False
0.5-1,8892,0,4.107160510311764e-11,False
0.5-1,8893,0,0.0002811672641856207,False
0.5-1,8894,0,2.176794342429692e-12,False
0.5-1,8895,0,8.018230146301597e-05,False
0.5-1,8896,0,0.0008466614444820851,False
0.5-1,8897,0,8.567521901632529e-10,False
0.5-1,8898,0,0.0003756966153909846,False
0.5-1,8899,0,4.515127208343972e-07,False
0.5-1,8900,0,0.0001306041819367306,False
0.5-1,8901,0,2.430339991529213e-19,False
0.5-1,8902,0,7.345361028957766e-20,False
0.5-1,8903,0,8.553581179108393e-06,False
0.5-1,8904,0,0.0013277361886532824,False
0.5-1,8905,0,8.568576301005545e-17,False
0.5-1,8906,0,5.3014741067051365e-12,False
0.5-1,8907,0,0.0002645957642621331,False
0.5-1,8908,0,0.00013994449808009827,False
0.5-1,8909,0,0.00010660047173841897,False
0.5-1,8910,0,1.6288828950387546e-14,False
0.5-1,8911,0,3.2184189507571753e-05,False
0.5-1,8912,0,5.7085557538637884e-15,False
0.5-1,8913,0,0.00450324224107864,False
0.5-1,8914,0,9.36367797058063e-06,False
0.5-1,8915,0,0.0002549636445864774,False
0.5-1,8916,0,8.893070279321741e-13,False
0.5-1,8917,0,7.7915422534257e-08,False
0.5-1,8918,0,1.0658784025472957e-18,False
0.5-1,8919,0,6.200359638492949e-05,False
0.5-1,8920,0,0.0003858541681286258,False
0.5-1,8921,0,1.9044378530691868e-07,False
0.5-1,8922,0,8.231686132422135e-05,False
0.5-1,8923,0,7.151315188674579e-06,False
0.5-1,8924,0,5.451399079845464e-05,False
0.5-1,8925,0,1.1707526298010665e-06,False
0.5-1,8926,0,3.926523995478029e-06,False
0.5-1,8927,0,2.3706246880208066e-05,False
0.5-1,8928,0,0.00011549546063554904,False
0.5-1,8929,0,7.857510117227327e-17,False
0.5-1,8930,0,9.182538570164947e-19,False
0.5-1,8931,0,1.6006188686659193e-09,False
0.5-1,8932,0,8.068869961504923e-05,False
0.5-1,8933,0,1.336828617096867e-18,False
0.5-1,8934,0,5.566997032999295e-16,False
0.5-1,8935,0,0.0001257172583094551,False
0.5-1,8936,0,3.8215790709341855e-06,False
0.5-1,8937,0,8.824896629421216e-06,False
0.5-1,8938,0,9.666628569908161e-23,False
0.5-1,8939,0,1.535405236665114e-05,False
0.5-1,8940,0,1.2659566647781546e-19,False
0.5-1,8941,0,3.047351868879748e-05,False
0.5-1,8942,0,1.171417674763888e-06,False
0.5-1,8943,0,4.029518279823681e-05,False
0.5-1,8944,0,0.00011103967913974422,False
0.5-1,8945,0,3.0384018491525716e-09,False
0.5-1,8946,0,7.205516194398636e-06,False
0.5-1,8947,0,1.1123142733067848e-11,False
0.5-1,8948,0,5.736686021252608e-06,False
0.5-1,8949,0,3.8929345673145784e-11,False
0.5-1,8950,0,8.6740896048744e-08,False
0.5-1,8951,0,9.818923391671661e-10,False
0.5-1,8952,0,7.666849652675506e-12,False
0.5-1,8953,0,0.0034566301400440415,False
0.5-1,8954,0,1.0809224091409552e-10,False
0.5-1,8955,0,1.3406757976915763e-07,False
0.5-1,8956,0,0.009090052871664802,False
0.5-1,8957,0,2.3768829070692424e-06,False
0.5-1,8958,0,5.916761747023397e-09,False
0.5-1,8959,0,7.309801257738745e-12,False
0.5-1,8960,0,2.934171685221538e-12,False
0.5-1,8961,0,1.3243341209736405e-09,False
0.5-1,8962,0,1.3062863047106197e-11,False
0.5-1,8963,0,1.1953697925305205e-09,False
0.5-1,8964,0,3.1686965535691745e-05,False
0.5-1,8965,0,2.671543391002861e-08,False
0.5-1,8966,0,3.15728700280563e-10,False
0.5-1,8967,0,2.401070553845556e-06,False
0.5-1,8968,0,2.025465285201602e-08,False
0.5-1,8969,0,1.344089218294399e-08,False
0.5-1,8970,0,3.0663236425365845e-05,False
0.5-1,8971,0,9.422612976090614e-09,False
0.5-1,8972,0,1.9365153031914303e-09,False
0.5-1,8973,0,2.2346774615816787e-11,False
0.5-1,8974,0,1.0845404968986803e-10,False
0.5-1,8975,0,9.867906908078746e-11,False
0.5-1,8976,0,0.001992270695154653,False
0.5-1,8977,0,8.90114847104402e-12,False
0.5-1,8978,0,3.2044741756339654e-08,False
0.5-1,8979,0,1.778118688961817e-11,False
0.5-1,8980,0,3.868501184658358e-13,False
0.5-1,8981,0,3.813990667025025e-12,False
0.5-1,8982,0,6.599280741739089e-07,False
0.5-1,8983,0,2.8781365824904996e-09,False
0.5-1,8984,0,3.924442613670731e-09,False
0.5-1,8985,0,1.2099655176619032e-07,False
0.5-1,8986,0,4.72235698691399e-12,False
0.5-1,8987,0,7.853879501987916e-10,False
0.5-1,8988,0,4.4123556345921415e-07,False
0.5-1,8989,0,2.6017594833055186e-10,False
0.5-1,8990,0,2.593489382073233e-10,False
0.5-1,8991,0,2.9118226373332116e-09,False
0.5-1,8992,0,4.172884453116261e-07,False
0.5-1,8993,0,6.679525367015491e-08,False
0.5-1,8994,0,1.2531232026927813e-07,False
0.5-1,8995,0,8.408931807751665e-08,False
0.5-1,8996,0,1.003648727296826e-09,False
0.5-1,8997,0,2.9829418673376626e-10,False
0.5-1,8998,0,6.835086206125963e-11,False
0.5-1,8999,0,7.787623827334532e-10,False
0.5-1,9000,0,1.0838158862223332e-11,False
0.5-1,9001,0,1.9437621423780182e-10,False
0.5-1,9002,0,4.264251125786399e-12,False
0.5-1,9003,0,1.5096771727315955e-11,False
0.5-1,9004,0,3.299492776377883e-11,False
0.5-1,9005,0,3.77860530065226e-12,False
0.5-1,9006,0,4.5082762695737517e-07,False
0.5-1,9007,0,7.120454996801994e-08,False
0.5-1,9008,0,1.1190483357616382e-11,False
0.5-1,9009,0,4.283410092458393e-07,False
0.5-1,9010,0,6.800911920952296e-11,False
0.5-1,9011,0,7.075822661364767e-10,False
0.5-1,9012,0,4.333130974609962e-06,False
0.5-1,9013,0,1.9610235202604897e-10,False
0.5-1,9014,0,1.730257103834671e-10,False
0.5-1,9015,0,2.6647277146710883e-10,False
0.5-1,9016,0,1.1793255395348555e-07,False
0.5-1,9017,0,1.7279878090273642e-08,False
0.5-1,9018,0,2.06009740865853e-08,False
0.5-1,9019,0,2.320216402336825e-08,False
0.5-1,9020,0,1.4170403409193047e-09,False
0.5-1,9021,0,7.410847638897773e-11,False
0.5-1,9022,0,1.533178755625475e-11,False
0.5-1,9023,0,4.478371381250121e-10,False
0.5-1,9024,0,2.4309841588809358e-11,False
0.5-1,9025,0,6.875172685360242e-09,False
0.5-1,9026,0,9.503175550737947e-12,False
0.5-1,9027,0,3.366825269857766e-11,False
0.5-1,9028,0,1.6307279381140976e-11,False
0.5-1,9029,0,5.1916505377254935e-12,False
0.5-1,9030,0,1.2112722388668046e-06,False
0.5-1,9031,0,1.9375844961291902e-07,False
0.5-1,9032,0,4.2312631766731956e-10,False
0.5-1,9033,0,1.3832542585632666e-06,False
0.5-1,9034,0,8.455614839450061e-10,False
0.5-1,9035,0,3.994910605301061e-10,False
0.5-1,9036,0,5.146827866663886e-07,False
0.5-1,9037,0,1.9398881432699015e-10,False
0.5-1,9038,0,1.4288448683570457e-10,False
0.5-1,9039,0,3.6445033981959174e-10,False
0.5-1,9040,0,1.5442465742505088e-08,False
0.5-1,9041,0,4.1376480935283557e-08,False
0.5-1,9042,0,4.034264727755414e-09,False
0.5-1,9043,0,6.974926428159601e-08,False
0.5-1,9044,0,2.124327881453331e-10,False
0.5-1,9045,0,5.914480967841862e-11,False
0.5-1,9046,0,1.581460346467406e-11,False
0.5-1,9047,0,7.427163745135538e-11,False
0.5-1,9048,0,8.032412487187029e-13,False
0.5-1,9049,0,2.606043126400064e-13,False
0.5-1,9050,0,4.085010921471358e-13,False
0.5-1,9051,0,1.8641948699395428e-11,False
0.5-1,9052,0,9.857084834123426e-13,False
0.5-1,9053,0,6.164653179638845e-12,False
0.5-1,9054,0,6.273920949434479e-07,False
0.5-1,9055,0,5.56189173291195e-07,False
0.5-1,9056,0,9.270838592635133e-08,False
0.5-1,9057,0,1.2026959817706607e-06,False
0.5-1,9058,0,1.2645223481213705e-12,False
0.5-1,9059,0,3.325683151667323e-09,False
0.5-1,9060,0,1.589943856963633e-07,False
0.5-1,9061,0,6.271694629868526e-10,False
0.5-1,9062,0,6.019986976221031e-11,False
0.5-1,9063,0,1.978176750849973e-10,False
0.5-1,9064,0,1.56269788780381e-09,False
0.5-1,9065,0,2.9615795892223203e-08,False
0.5-1,9066,0,7.196177440835354e-10,False
0.5-1,9067,0,4.0398559222372e-07,False
0.5-1,9068,0,2.5046734635126887e-08,False
0.5-1,9069,0,8.74311414083132e-11,False
0.5-1,9070,0,5.569935890031776e-10,False
0.5-1,9071,0,8.363613141978233e-11,False
0.5-1,9072,0,1.2309362949157678e-11,False
0.5-1,9073,0,1.1017411665297503e-14,False
0.5-1,9074,0,1.874391584160589e-13,False
0.5-1,9075,0,4.995141527894742e-10,False
0.5-1,9076,0,4.6378353533666414e-11,False
0.5-1,9077,0,3.5602995963069038e-12,False
0.5-1,9078,0,4.937127830404083e-07,False
0.5-1,9079,0,1.9015109422569777e-06,False
0.5-1,9080,0,0.00035536698753079116,False
0.5-1,9081,0,0.00018964091573283495,False
0.5-1,9082,0,3.563940560029558e-12,False
0.5-1,9083,0,3.9162056429598256e-11,False
0.5-1,9084,0,1.102384480810152e-07,False
0.5-1,9085,0,3.5680749193656394e-07,False
0.5-1,9086,0,1.2149595887586368e-10,False
0.5-1,9087,0,2.3091447801790934e-08,False
0.5-1,9088,0,7.882369489862606e-10,False
0.5-1,9089,0,0.00035325492511697874,False
0.5-1,9090,0,3.4505245555614756e-11,False
0.5-1,9091,0,0.0015563986127562132,False
0.5-1,9092,0,3.0638535726243735e-07,False
0.5-1,9093,0,2.432813513123998e-10,False
0.5-1,9094,0,6.260719660652247e-07,False
0.5-1,9095,0,3.725686456209313e-08,False
0.5-1,9096,0,1.0252115450937632e-09,False
0.5-1,9097,0,1.6246360290328705e-17,False
0.5-1,9098,0,6.871937910498426e-17,False
0.5-1,9099,0,4.957981339170455e-08,False
0.5-1,9100,0,2.3040740785475038e-09,False
0.5-1,9101,0,1.3605138894904037e-15,False
0.5-1,9102,0,2.9751627949263072e-08,False
0.5-1,9103,0,4.577208429467402e-06,False
0.5-1,9104,0,2.0531188566587086e-05,False
0.5-1,9105,0,0.0012170260560060576,False
0.5-1,9106,0,7.12096194726336e-17,False
0.5-1,9107,0,1.353257606462884e-09,False
0.5-1,9108,0,6.690010945753548e-09,False
0.5-1,9109,0,2.806229915635066e-06,False
0.5-1,9110,0,1.1718472526145264e-11,False
0.5-1,9111,0,2.8469771776033423e-05,False
0.5-1,9112,0,6.840120104829104e-13,False
0.5-1,9113,0,0.000809233615916078,False
0.5-1,9114,0,7.377728350780994e-14,False
0.5-1,9115,0,0.0001916856322267635,False
0.5-1,9116,0,0.002071744216970015,False
0.5-1,9117,0,4.720987524890101e-08,False
0.5-1,9118,0,0.0033578885739998887,False
0.5-1,9119,0,3.890954335501675e-06,False
0.5-1,9120,0,1.697454851954224e-10,False
0.5-1,9121,0,2.7988760317837697e-15,False
0.5-1,9122,0,3.0767890365235736e-16,False
0.5-1,9123,0,6.930161780005461e-06,False
0.5-1,9124,0,4.2528356546138805e-06,False
0.5-1,9125,0,1.0481817061795877e-15,False
0.5-1,9126,0,5.80019642048318e-09,False
0.5-1,9127,0,0.0002222478294666107,False
0.5-1,9128,0,0.0005684560708453047,False
0.5-1,9129,0,0.00043216547937251155,False
0.5-1,9130,0,6.928945911322976e-18,False
0.5-1,9131,0,1.8841272712522694e-07,False
0.5-1,9132,0,4.2227043796197313e-13,False
0.5-1,9133,0,0.0007977396727088387,False
0.5-1,9134,0,6.870844051412963e-09,False
0.5-1,9135,0,1.679450816165029e-05,False
0.5-1,9136,0,1.1959898966767562e-14,False
0.5-1,9137,0,1.70031150181735e-06,False
0.5-1,9138,0,2.969341289973055e-20,False
0.5-1,9139,0,0.00012595381201316124,False
0.5-1,9140,0,0.0012313162835035868,False
0.5-1,9141,0,5.374118797165914e-07,False
0.5-1,9142,0,0.00042201764068459555,False
0.5-1,9143,0,3.136397146492803e-06,False
0.5-1,9144,0,0.0001044999568957591,False
0.5-1,9145,0,1.1966883338842764e-06,False
0.5-1,9146,0,2.60247487122117e-06,False
0.5-1,9147,0,4.6283669471938685e-05,False
0.5-1,9148,0,4.9337685651557603e-05,False
0.5-1,9149,0,2.5008784311503903e-19,False
0.5-1,9150,0,4.178337212406924e-20,False
0.5-1,9151,0,2.4652882306398354e-07,False
0.5-1,9152,0,4.080637538061491e-05,False
0.5-1,9153,0,5.3541859206104495e-22,False
0.5-1,9154,0,4.375298910162566e-14,False
0.5-1,9155,0,5.935602004451069e-05,False
0.5-1,9156,0,1.2409838038246832e-06,False
0.5-1,9157,0,1.4764063769233119e-06,False
0.5-1,9158,0,2.5794876339983138e-17,False
0.5-1,9159,0,1.02523794786418e-06,False
0.5-1,9160,0,9.66503424145872e-19,False
0.5-1,9161,0,7.207151956656765e-05,False
0.5-1,9162,0,4.769882703770693e-08,False
0.5-1,9163,0,3.2431484375846454e-05,False
0.5-1,9164,0,5.752670797682063e-05,False
0.5-1,9165,0,2.0668494808402566e-09,False
0.5-1,9166,0,1.0138571562102018e-06,False
0.5-1,9167,0,5.569560286867139e-12,False
0.5-1,9168,0,0.003403118222518294,False
0.5-1,9169,0,7.127617392981476e-09,False
0.5-1,9170,0,0.02218877068874179,False
0.5-1,9171,0,1.4476159886288424e-09,False
0.5-1,9172,0,2.005927266916417e-10,False
0.5-1,9173,0,1.9806254488538088e-08,False
0.5-1,9174,0,1.9937790510539685e-12,False
0.5-1,9175,0,2.07614791447387e-11,False
0.5-1,9176,0,2.83712070498013e-13,False
0.5-1,9177,0,1.1913028335558145e-09,False
0.5-1,9178,0,1.873248696268325e-07,False
0.5-1,9179,0,5.435655537320936e-12,False
0.5-1,9180,0,1.2506624414125402e-11,False
0.5-1,9181,0,2.127490271840972e-09,False
0.5-1,9182,0,8.651242129268624e-10,False
0.5-1,9183,0,1.55612206161287e-10,False
0.5-1,9184,0,5.628536985999535e-06,False
0.5-1,9185,0,5.8246197299368626e-08,False
0.5-1,9186,0,3.662327768891318e-12,False
0.5-1,9187,0,5.6152533337735965e-08,False
0.5-1,9188,0,2.0171066304399695e-06,False
0.5-1,9189,0,4.733519450130425e-08,False
0.5-1,9190,0,3.814616307425527e-07,False
0.5-1,9191,0,2.0107590148122715e-08,False
0.5-1,9192,0,1.3144272548888569e-08,False
0.5-1,9193,0,2.5087650247550954e-11,False
0.5-1,9194,0,1.83896816896282e-07,False
0.5-1,9195,0,7.07637002301547e-11,False
0.5-1,9196,0,1.6145950094508908e-10,False
0.5-1,9197,0,1.326352605034357e-10,False
0.5-1,9198,0,3.0523583930460854e-11,False
0.5-1,9199,0,3.5413645376495574e-11,False
0.5-1,9200,0,4.1576836692495944e-13,False
0.5-1,9201,0,1.3820627103488535e-11,False
0.5-1,9202,0,7.001041790001432e-07,False
0.5-1,9203,0,2.2197997418706392e-08,False
0.5-1,9204,0,9.852601280985119e-12,False
0.5-1,9205,0,7.987513664141364e-07,False
0.5-1,9206,0,5.923664420074163e-11,False
0.5-1,9207,0,1.904343674742901e-10,False
0.5-1,9208,0,8.611799165221991e-07,False
0.5-1,9209,0,1.5634594679987205e-10,False
0.5-1,9210,0,1.973619110875653e-11,False
0.5-1,9211,0,2.2931785336084646e-09,False
0.5-1,9212,0,6.706336768745802e-06,False
0.5-1,9213,0,2.5235645867797785e-06,False
0.5-1,9214,0,5.5419559456093544e-08,False
0.5-1,9215,0,5.3861177935520105e-08,False
0.5-1,9216,0,4.380582246173538e-09,False
0.5-1,9217,0,3.140396728051637e-11,False
0.5-1,9218,0,1.508069629208405e-08,False
0.5-1,9219,0,1.9128543512650655e-10,False
0.5-1,9220,0,6.446309969411923e-12,False
0.5-1,9221,0,3.0772772644486845e-11,False
0.5-1,9222,0,2.432205069260251e-12,False
0.5-1,9223,0,3.0956727183732446e-10,False
0.5-1,9224,0,4.206733101028385e-09,False
0.5-1,9225,0,4.050044198490587e-11,False
0.5-1,9226,0,3.0101136508058766e-07,False
0.5-1,9227,0,2.9361862363308115e-07,False
0.5-1,9228,0,9.71820001805987e-12,False
0.5-1,9229,0,1.927480648786911e-06,False
0.5-1,9230,0,4.928222316963006e-11,False
0.5-1,9231,0,2.4465226942291937e-10,False
0.5-1,9232,0,1.3727770639270461e-06,False
0.5-1,9233,0,1.035900843142861e-10,False
0.5-1,9234,0,1.2459586753052365e-10,False
0.5-1,9235,0,2.514474303038946e-10,False
0.5-1,9236,0,2.2263519163543148e-07,False
0.5-1,9237,0,1.9055213117693428e-06,False
0.5-1,9238,0,1.975965140215669e-07,False
0.5-1,9239,0,2.142794307754855e-06,False
0.5-1,9240,0,1.925037755931917e-09,False
0.5-1,9241,0,2.8393169064574296e-11,False
0.5-1,9242,0,1.881254281355355e-11,False
0.5-1,9243,0,8.660440815163817e-11,False
0.5-1,9244,0,4.0077065761655356e-11,False
0.5-1,9245,0,2.2362493343916975e-10,False
0.5-1,9246,0,2.1759394276890545e-12,False
0.5-1,9247,0,3.74302309710295e-11,False
0.5-1,9248,0,2.704200164999844e-11,False
0.5-1,9249,0,1.0215293521951558e-11,False
0.5-1,9250,0,3.1205733841940236e-07,False
0.5-1,9251,0,1.6565455353276068e-06,False
0.5-1,9252,0,6.720850661255322e-10,False
0.5-1,9253,0,3.4952732949453016e-06,False
0.5-1,9254,0,8.11368211909124e-12,False
0.5-1,9255,0,3.202917442431537e-10,False
0.5-1,9256,0,1.7373598209791775e-07,False
0.5-1,9257,0,5.302519646854324e-11,False
0.5-1,9258,0,4.494215083101563e-11,False
0.5-1,9259,0,4.364293735609454e-09,False
0.5-1,9260,0,5.7362939617394976e-08,False
0.5-1,9261,0,1.9427492197084634e-06,False
0.5-1,9262,0,4.0425844403265005e-08,False
0.5-1,9263,0,1.8433124076462915e-05,False
0.5-1,9264,0,1.5356936099311743e-09,False
0.5-1,9265,0,5.3767617951596606e-12,False
0.5-1,9266,0,2.836595598027479e-11,False
0.5-1,9267,0,5.729747609419214e-11,False
0.5-1,9268,0,3.949840407804118e-11,False
0.5-1,9269,0,9.193643444337247e-13,False
0.5-1,9270,0,8.984117134686393e-11,False
0.5-1,9271,0,9.99170728859207e-12,False
0.5-1,9272,0,4.7475480771288155e-09,False
0.5-1,9273,1,0.9999436934916189,True
0.5-1,9274,0,3.4433742613219236e-07,False
0.5-1,9275,0,1.153551365633048e-05,False
0.5-1,9276,0,9.11108829606635e-10,False
0.5-1,9277,0,2.4938762668205213e-06,False
0.5-1,9278,0,1.3670260146247042e-11,False
0.5-1,9279,0,5.671122437829061e-10,False
0.5-1,9280,0,9.852243213306842e-08,False
0.5-1,9281,0,1.8073604639338971e-09,False
0.5-1,9282,0,1.7605861859593345e-11,False
0.5-1,9283,0,8.587281287037016e-09,False
0.5-1,9284,0,1.0558719104280573e-09,False
0.5-1,9285,0,1.7689168705204157e-07,False
0.5-1,9286,0,1.2642148323396292e-08,False
0.5-1,9287,0,0.0006794224568682795,False
0.5-1,9288,0,1.0785257974922117e-08,False
0.5-1,9289,0,1.2724609188194464e-12,False
0.5-1,9290,0,1.973004393246527e-11,False
0.5-1,9291,0,1.3868015807445668e-12,False
0.5-1,9292,0,6.096408505804253e-08,False
0.5-1,9293,0,2.804473592427678e-12,False
0.5-1,9294,0,7.680965687184316e-13,False
0.5-1,9295,0,6.636061307026489e-12,False
0.5-1,9296,0,4.2829673359463426e-09,False
0.5-1,9297,0,6.117891335335029e-14,False
0.5-1,9298,0,3.8245771114175787e-08,False
0.5-1,9299,0,0.0003627397154161682,False
0.5-1,9300,0,2.9017936664635007e-06,False
0.5-1,9301,0,6.172962205547242e-05,False
0.5-1,9302,0,1.399616917891792e-14,False
0.5-1,9303,1,0.9994551265929337,True
0.5-1,9304,0,1.2683704359207125e-08,False
0.5-1,9305,0,1.795207867901023e-06,False
0.5-1,9306,0,8.945823036881941e-12,False
0.5-1,9307,0,8.699261720416417e-07,False
0.5-1,9308,0,2.1616680126871127e-10,False
0.5-1,9309,0,1.0947539990604803e-05,False
0.5-1,9310,0,1.4369186716856222e-11,False
0.5-1,9311,0,0.0008115637749497184,False
0.5-1,9312,0,5.9175236152878695e-06,False
0.5-1,9313,0,2.363599015777198e-12,False
0.5-1,9314,0,3.97233869091757e-08,False
0.5-1,9315,0,4.3082849643286147e-11,False
0.5-1,9316,0,0.009372348462104009,False
0.5-1,9317,0,1.955955494955705e-18,False
0.5-1,9318,0,2.7320113696332654e-15,False
0.5-1,9319,0,1.5422099026032944e-07,False
0.5-1,9320,0,0.009729597070173755,False
0.5-1,9321,0,1.431216650638397e-15,False
0.5-1,9322,0,2.606766556043214e-09,False
0.5-1,9323,0,0.0003022172907068268,False
0.5-1,9324,0,0.00021774866532500074,False
0.5-1,9325,0,0.0017425115944804579,False
0.5-1,9326,0,3.184481371755589e-17,False
0.5-1,9327,0,2.163169740501199e-09,False
0.5-1,9328,0,5.079398918687688e-09,False
0.5-1,9329,0,0.9501695170271348,False
0.5-1,9330,0,5.258511911099455e-10,False
0.5-1,9331,0,0.009171542865843573,False
0.5-1,9332,0,9.386641929144944e-12,False
0.5-1,9333,0,0.00011973978509052352,False
0.5-1,9334,0,1.2291548987200829e-14,False
0.5-1,9335,0,9.045910845785142e-05,False
0.5-1,9336,0,0.0033099960798876494,False
0.5-1,9337,0,6.689898062751206e-11,False
0.5-1,9338,0,2.3914240849222644e-05,False
0.5-1,9339,0,2.7527371659630726e-09,False
0.5-1,9340,0,1.6053619902591695e-05,False
0.5-1,9341,0,2.918454633928926e-20,False
0.5-1,9342,0,3.3047445311621386e-18,False
0.5-1,9343,0,7.821240858698581e-05,False
0.5-1,9344,0,0.0001529606970032566,False
0.5-1,9345,0,1.4296308665212964e-18,False
0.5-1,9346,0,5.197241559869475e-11,False
0.5-1,9347,0,0.002095575634139596,False
0.5-1,9348,0,0.00023716709121715234,False
0.5-1,9349,0,5.701590942857489e-05,False
0.5-1,9350,0,9.247863817722695e-21,False
0.5-1,9351,0,9.836998935234063e-09,False
0.5-1,9352,0,1.2246591939578496e-13,False
0.5-1,9353,0,0.0006885088567184155,False
0.5-1,9354,0,2.644325088054349e-08,False
0.5-1,9355,0,0.0014243643197036644,False
0.5-1,9356,0,1.2788582399590776e-13,False
0.5-1,9357,0,4.913206242375126e-07,False
0.5-1,9358,0,4.899799943095628e-21,False
0.5-1,9359,0,3.9048691696612865e-05,False
0.5-1,9360,0,0.0006955242194721251,False
0.5-1,9361,0,2.6407479342229187e-08,False
0.5-1,9362,0,6.336505084692697e-05,False
0.5-1,9363,0,3.519205140636749e-07,False
0.5-1,9364,0,0.00010161394395551383,False
0.5-1,9365,0,3.1923945686813993e-07,False
0.5-1,9366,0,2.0474567151087545e-06,False
0.5-1,9367,0,4.003736224385148e-05,False
0.5-1,9368,0,5.8307416203378446e-05,False
0.5-1,9369,0,8.036322430133126e-20,False
0.5-1,9370,0,1.7221910261789011e-16,False
0.5-1,9371,0,7.043127343731239e-07,False
0.5-1,9372,0,2.598398827282143e-05,False
0.5-1,9373,0,3.411136173523823e-19,False
0.5-1,9374,0,9.723716849235404e-15,False
0.5-1,9375,0,5.021773414609668e-05,False
0.5-1,9376,0,4.63810906562733e-08,False
0.5-1,9377,0,5.596571939936128e-07,False
0.5-1,9378,0,1.0875190977593561e-18,False
0.5-1,9379,0,2.9922067773974576e-07,False
0.5-1,9380,0,3.8095751969319675e-18,False
0.5-1,9381,0,3.994523046630899e-05,False
0.5-1,9382,0,1.083084747066772e-07,False
0.5-1,9383,0,2.4553164648198138e-05,False
0.5-1,9384,0,0.005494601348310144,False
0.5-1,9385,0,1.5585248956750039e-09,False
0.5-1,9386,0,6.414131511043425e-06,False
0.5-1,9387,0,9.839329015549796e-12,False
0.5-1,9388,0,0.00031853462668598054,False
0.5-1,9389,0,9.798537366315622e-11,False
0.5-1,9390,0,1.0122701955720314e-05,False
0.5-1,9391,0,6.504919732777349e-09,False
0.5-1,9392,0,2.530431454298345e-13,False
0.5-1,9393,0,5.747544981575873e-10,False
0.5-1,9394,0,5.2815009606160534e-05,False
0.5-1,9395,0,5.549327006113702e-07,False
0.5-1,9396,0,2.2731092718102285e-14,False
0.5-1,9397,0,2.8058104766462752e-08,False
0.5-1,9398,0,0.00028746877501262204,False
0.5-1,9399,0,2.8639383112550734e-11,False
0.5-1,9400,0,7.542285010747773e-14,False
0.5-1,9401,0,6.062086094341819e-09,False
0.5-1,9402,0,7.009487393994154e-07,False
0.5-1,9403,0,7.449750218063858e-11,False
0.5-1,9404,0,7.526518342602991e-07,False
0.5-1,9405,0,8.462833455265163e-05,False
0.5-1,9406,0,4.184867922403256e-12,False
0.5-1,9407,0,7.836114484769645e-06,False
0.5-1,9408,0,4.84776610921292e-07,False
0.5-1,9409,0,3.2163985089832286e-08,False
0.5-1,9410,0,7.281351656231149e-07,False
0.5-1,9411,0,8.133570294649188e-09,False
0.5-1,9412,0,3.949303283751713e-10,False
0.5-1,9413,0,1.8613146729133742e-11,False
0.5-1,9414,0,1.0952821355897383e-09,False
0.5-1,9415,0,1.980544687512385e-11,False
0.5-1,9416,0,2.217661764326647e-13,False
0.5-1,9417,0,2.932010068246833e-11,False
0.5-1,9418,0,0.0001556250732938077,False
0.5-1,9419,0,2.659288594875401e-11,False
0.5-1,9420,0,1.0205228523298444e-13,False
0.5-1,9421,0,5.156123245949115e-10,False
0.5-1,9422,0,8.34743262482369e-05,False
0.5-1,9423,0,1.8623970300409647e-08,False
0.5-1,9424,0,2.324174953082603e-12,False
0.5-1,9425,0,2.735179548646467e-07,False
0.5-1,9426,0,3.636429933370697e-08,False
0.5-1,9427,0,7.58636286839116e-11,False
0.5-1,9428,0,1.4162492146948178e-07,False
0.5-1,9429,0,4.9852052041577635e-09,False
0.5-1,9430,0,1.785227254287208e-11,False
0.5-1,9431,0,2.06726605744843e-09,False
0.5-1,9432,0,1.1192091850564391e-05,False
0.5-1,9433,0,4.877315516949413e-06,False
0.5-1,9434,0,1.4984292742001164e-07,False
0.5-1,9435,0,6.912876476505335e-08,False
0.5-1,9436,0,3.1343243735590073e-09,False
0.5-1,9437,0,6.142876534055657e-11,False
0.5-1,9438,0,4.73700573202356e-10,False
0.5-1,9439,0,2.0232998866861007e-10,False
0.5-1,9440,0,2.5419851666560664e-11,False
0.5-1,9441,0,2.820312996551306e-10,False
0.5-1,9442,0,6.51075448762977e-11,False
0.5-1,9443,0,2.733849809396457e-10,False
0.5-1,9444,0,4.4371461048046494e-05,False
0.5-1,9445,0,8.509237966377514e-11,False
0.5-1,9446,0,2.305122592852915e-07,False
0.5-1,9447,0,7.486873206566256e-07,False
0.5-1,9448,0,2.5347772976107895e-11,False
0.5-1,9449,0,5.648387892715448e-07,False
0.5-1,9450,0,0.0029332980925182895,False
0.5-1,9451,0,7.392347767958694e-11,False
0.5-1,9452,0,6.611650088262948e-07,False
0.5-1,9453,0,2.5281449226390967e-08,False
0.5-1,9454,0,6.255412779345959e-11,False
0.5-1,9455,0,1.0561514352805528e-09,False
0.5-1,9456,0,1.6876427688497334e-06,False
0.5-1,9457,0,0.0017042639063186227,False
0.5-1,9458,0,2.248053895651887e-07,False
0.5-1,9459,0,1.4634915663350525e-06,False
0.5-1,9460,0,1.2813977822612535e-08,False
0.5-1,9461,0,2.1016632325879838e-11,False
0.5-1,9462,0,1.2312314181457783e-09,False
0.5-1,9463,0,2.843472055107304e-11,False
0.5-1,9464,0,4.060317459097272e-11,False
0.5-1,9465,0,4.94732273412509e-12,False
0.5-1,9466,0,2.8646794094000995e-11,False
0.5-1,9467,0,8.948793220331908e-11,False
0.5-1,9468,0,9.914901315137193e-13,False
0.5-1,9469,0,5.43996642935557e-10,False
0.5-1,9470,0,2.7694553276946145e-07,False
0.5-1,9471,0,4.15165034654165e-07,False
0.5-1,9472,0,1.3075818444499637e-10,False
0.5-1,9473,0,4.475079297337017e-06,False
0.5-1,9474,0,3.49618663268762e-11,False
0.5-1,9475,0,1.2173211073592464e-10,False
0.5-1,9476,0,2.796893227773583e-07,False
0.5-1,9477,0,1.8788363250327352e-08,False
0.5-1,9478,0,2.05228591130219e-11,False
0.5-1,9479,0,1.4345588479677909e-08,False
0.5-1,9480,0,9.398106741200049e-07,False
0.5-1,9481,0,0.23187717699868138,False
0.5-1,9482,0,8.331076582794816e-08,False
0.5-1,9483,0,1.097410737620691e-05,False
0.5-1,9484,0,7.010001889476906e-09,False
0.5-1,9485,0,6.359635942646489e-12,False
0.5-1,9486,0,3.8829949893149e-08,False
0.5-1,9487,0,2.6576186972532126e-11,False
0.5-1,9488,0,5.362676858867242e-10,False
0.5-1,9489,0,4.8669707876719145e-14,False
0.5-1,9490,0,7.279637078256245e-14,False
0.5-1,9491,0,7.9543689723598e-10,False
0.5-1,9492,0,1.616028593665974e-11,False
0.5-1,9493,0,2.9450315039251006e-10,False
0.5-1,9494,0,1.306918363853969e-07,False
0.5-1,9495,0,2.9216110499633897e-05,False
0.5-1,9496,0,9.583122753454178e-09,False
0.5-1,9497,0,1.033894942365155e-06,False
0.5-1,9498,0,9.470353866972987e-07,False
0.5-1,9499,0,3.8917154087458296e-11,False
0.5-1,9500,0,3.515555500279761e-08,False
0.5-1,9501,0,1.0922762142179327e-08,False
0.5-1,9502,0,3.2158173170503173e-12,False
0.5-1,9503,0,1.8384158027669046e-10,False
0.5-1,9504,0,2.463796648012034e-08,False
0.5-1,9505,0,0.0028624934228562537,False
0.5-1,9506,0,1.1759599462866774e-09,False
0.5-1,9507,0,7.291101424088589e-05,False
0.5-1,9508,0,1.585729671386031e-07,False
0.5-1,9509,0,1.5385663867837207e-12,False
0.5-1,9510,0,2.2912507622905393e-07,False
0.5-1,9511,0,8.205896298717037e-13,False
0.5-1,9512,0,2.3307157189459146e-09,False
0.5-1,9513,0,1.1571004375432112e-15,False
0.5-1,9514,0,3.250878929097568e-14,False
0.5-1,9515,0,1.0875071288522645e-08,False
0.5-1,9516,0,1.1681713414550553e-13,False
0.5-1,9517,0,2.820585733250127e-12,False
0.5-1,9518,0,3.557046852262281e-08,False
0.5-1,9519,0,2.441076765172106e-06,False
0.5-1,9520,0,2.338430248892555e-07,False
0.5-1,9521,0,1.6208240020664976e-05,False
0.5-1,9522,0,2.1752469059095044e-13,False
0.5-1,9523,0,2.533724734627486e-12,False
0.5-1,9524,0,4.181138385020719e-09,False
0.5-1,9525,0,5.0807667117072e-08,False
0.5-1,9526,0,1.5683562936169557e-13,False
0.5-1,9527,0,3.4256405359692917e-09,False
0.5-1,9528,0,1.5620294904155892e-09,False
0.5-1,9529,0,0.02268473582592768,False
0.5-1,9530,0,3.8502296881021916e-09,False
0.5-1,9531,0,0.001486668627757228,False
0.5-1,9532,0,3.425818429795793e-09,False
0.5-1,9533,0,2.1270765566363284e-13,False
0.5-1,9534,0,2.670009454005075e-07,False
0.5-1,9535,0,4.895280871753617e-14,False
0.5-1,9536,0,4.491012122236889e-06,False
0.5-1,9537,0,3.481111207817994e-18,False
0.5-1,9538,0,3.981610000030394e-16,False
0.5-1,9539,0,0.00011234634487095952,False
0.5-1,9540,0,2.4853300784405076e-10,False
0.5-1,9541,0,3.375229509671527e-17,False
0.5-1,9542,0,3.5396503830252767e-10,False
0.5-1,9543,0,2.0721111663532865e-05,False
0.5-1,9544,0,3.6957209478726566e-05,False
0.5-1,9545,0,0.0011092514968108925,False
0.5-1,9546,0,7.173866453497648e-16,False
0.5-1,9547,0,2.24920252004251e-11,False
0.5-1,9548,0,6.482419016216098e-10,False
0.5-1,9549,0,1.336369713004954e-05,False
0.5-1,9550,0,4.233736613217416e-14,False
0.5-1,9551,0,4.051820568932601e-05,False
0.5-1,9552,0,1.736227240166401e-11,False
0.5-1,9553,0,0.00028739669365442593,False
0.5-1,9554,0,1.952237566181337e-11,False
0.5-1,9555,0,0.0002099407816453346,False
0.5-1,9556,0,0.0005441740011893388,False
0.5-1,9557,0,4.285621920584685e-10,False
0.5-1,9558,0,0.00028690855961063447,False
0.5-1,9559,0,1.4934970455901268e-12,False
0.5-1,9560,0,0.0004601969823536564,False
0.5-1,9561,0,4.3793231498287265e-12,False
0.5-1,9562,0,3.093966880038999e-19,False
0.5-1,9563,0,0.00032497682256227956,False
0.5-1,9564,0,5.562095445204758e-07,False
0.5-1,9565,0,4.0358735751015617e-20,False
0.5-1,9566,0,1.499908069002862e-11,False
0.5-1,9567,0,0.00047694880458447233,False
0.5-1,9568,0,0.0002923343866278897,False
0.5-1,9569,0,9.089391815867565e-05,False
0.5-1,9570,0,2.0245196957344563e-19,False
0.5-1,9571,0,4.1770174235111537e-10,False
0.5-1,9572,0,9.115945010915475e-13,False
0.5-1,9573,0,0.0007905751707683884,False
0.5-1,9574,0,6.9583965976244936e-12,False
0.5-1,9575,0,0.0007720647315489818,False
0.5-1,9576,0,6.928370189442217e-16,False
0.5-1,9577,0,1.0328700795652254e-06,False
0.5-1,9578,0,1.2615870106010595e-16,False
0.5-1,9579,0,1.1692873571220033e-05,False
0.5-1,9580,0,0.0001374440509028321,False
0.5-1,9581,0,2.860269968658951e-07,False
0.5-1,9582,0,0.00023902023756083968,False
0.5-1,9583,0,1.02665304237359e-09,False
0.5-1,9584,0,0.00013358177318764774,False
0.5-1,9585,0,1.1294778134134017e-06,False
0.5-1,9586,0,5.830002801534359e-08,False
0.5-1,9587,0,6.220536925165758e-05,False
0.5-1,9588,0,1.8890991693521617e-05,False
0.5-1,9589,0,9.888435727501169e-22,False
0.5-1,9590,0,3.748826052088724e-19,False
0.5-1,9591,0,2.21656743508626e-07,False
0.5-1,9592,0,9.341032754165192e-06,False
0.5-1,9593,0,2.0882576357347638e-21,False
0.5-1,9594,0,2.1703027886426372e-14,False
0.5-1,9595,0,1.397146616592413e-05,False
0.5-1,9596,0,2.2926273034463672e-06,False
0.5-1,9597,0,6.0203982028552e-06,False
0.5-1,9598,0,2.5553745380388293e-20,False
0.5-1,9599,0,1.543397000067737e-07,False
0.5-1,9600,0,1.2482614330324384e-17,False
0.5-1,9601,0,4.3408688953597285e-05,False
0.5-1,9602,0,1.3324264256357743e-08,False
0.5-1,9603,0,3.691356764465664e-05,False
0.5-1,9604,0,2.6917862280131098e-06,False
0.5-1,9605,0,7.292132875402064e-10,False
0.5-1,9606,0,6.480147852772848e-06,False
0.5-1,9607,0,8.567718600062067e-12,False
0.5-1,9608,0,0.09070391240027717,False
0.5-1,9609,0,5.691002307470616e-10,False
0.5-1,9610,0,0.005601592758703828,False
0.5-1,9611,0,1.6626832513281736e-08,False
0.5-1,9612,0,1.6162183830925112e-08,False
0.5-1,9613,0,1.1923729524274932e-08,False
0.5-1,9614,0,7.481570613557131e-08,False
0.5-1,9615,0,2.423248513884209e-09,False
0.5-1,9616,0,3.725881112493146e-05,False
0.5-1,9617,0,1.2283164012705819e-07,False
0.5-1,9618,0,1.0771106006162121e-05,False
0.5-1,9619,0,1.27207204745727e-10,False
0.5-1,9620,0,1.4298390038702262e-13,False
0.5-1,9621,0,1.6270282420159507e-08,False
0.5-1,9622,0,8.699660453053703e-09,False
0.5-1,9623,0,4.151085203979525e-10,False
0.5-1,9624,0,7.704588621483546e-05,False
0.5-1,9625,0,8.886430051570402e-05,False
0.5-1,9626,0,5.372412554568215e-12,False
0.5-1,9627,0,4.891225621559469e-07,False
0.5-1,9628,0,5.631082452747365e-08,False
0.5-1,9629,0,2.6741970011756138e-08,False
0.5-1,9630,0,1.150546469816698e-07,False
0.5-1,9631,0,2.515264158058849e-09,False
0.5-1,9632,0,1.937048969666722e-09,False
0.5-1,9633,0,1.1023377839570281e-11,False
0.5-1,9634,0,6.187541715069271e-09,False
0.5-1,9635,0,7.545141942664215e-11,False
0.5-1,9636,0,3.0542267975177653e-12,False
0.5-1,9637,0,3.4906186525768303e-12,False
0.5-1,9638,0,4.099210866693499e-11,False
0.5-1,9639,0,1.0468003366603585e-10,False
0.5-1,9640,0,5.744605265067157e-14,False
0.5-1,9641,0,2.990374391604736e-11,False
0.5-1,9642,0,4.07450655764509e-06,False
0.5-1,9643,0,4.8375265206549226e-08,False
0.5-1,9644,0,3.466547247755195e-12,False
0.5-1,9645,0,1.3585759846225941e-06,False
0.5-1,9646,0,3.540184527963708e-11,False
0.5-1,9647,0,2.2009630223366202e-10,False
0.5-1,9648,0,1.2252230264524722e-05,False
0.5-1,9649,0,1.914679146803716e-09,False
0.5-1,9650,0,9.1386503917869e-12,False
0.5-1,9651,0,1.3747288633221095e-08,False
0.5-1,9652,0,1.6894651475933557e-06,False
0.5-1,9653,0,3.27793888085193e-07,False
0.5-1,9654,0,1.710126449376587e-06,False
0.5-1,9655,0,1.6869055216159822e-07,False
0.5-1,9656,0,6.473788089238626e-10,False
0.5-1,9657,0,2.065934844344862e-11,False
0.5-1,9658,0,1.167865096321932e-09,False
0.5-1,9659,0,8.471152813929201e-11,False
0.5-1,9660,0,3.812882697501023e-12,False
0.5-1,9661,0,3.646085269591221e-11,False
0.5-1,9662,0,1.4732401835350918e-11,False
0.5-1,9663,0,0.24022112429440368,False
0.5-1,9664,0,9.344321020204316e-11,False
0.5-1,9665,0,9.056047679349647e-11,False
0.5-1,9666,0,1.5679850057793042e-06,False
0.5-1,9667,0,1.3517074817733873e-05,False
0.5-1,9668,0,1.7896629575221728e-11,False
0.5-1,9669,0,4.3363481728102736e-06,False
0.5-1,9670,0,9.305746303161859e-11,False
0.5-1,9671,0,1.7719944888037307e-10,False
0.5-1,9672,0,1.9923926554165832e-05,False
0.5-1,9673,0,3.119728656378322e-08,False
0.5-1,9674,0,2.1677733436125326e-11,False
0.5-1,9675,0,1.1446596503671322e-10,False
0.5-1,9676,0,1.8329164335413386e-07,False
0.5-1,9677,0,1.833321791487402e-05,False
0.5-1,9678,0,1.583113681813448e-06,False
0.5-1,9679,0,1.1934920072847293e-06,False
0.5-1,9680,0,4.993300146540804e-10,False
0.5-1,9681,0,8.64336553443317e-12,False
0.5-1,9682,0,1.7517143976560639e-09,False
0.5-1,9683,0,7.857727172938359e-11,False
0.5-1,9684,0,5.098276863472903e-10,False
0.5-1,9685,0,7.449304367885761e-12,False
0.5-1,9686,0,2.4677868729305905e-12,False
0.5-1,9687,0,1.1981502725091358e-09,False
0.5-1,9688,0,5.59752897472693e-10,False
0.5-1,9689,0,1.4589079876902164e-11,False
0.5-1,9690,0,1.0891469029912267e-06,False
0.5-1,9691,0,2.6562084213642347e-05,False
0.5-1,9692,0,2.929920644743548e-10,False
0.5-1,9693,0,0.0003373755507404585,False
0.5-1,9694,0,0.0013388315844444006,False
0.5-1,9695,0,3.868992796312701e-11,False
0.5-1,9696,0,3.517269026251936e-07,False
0.5-1,9697,0,4.113154049522494e-10,False
0.5-1,9698,0,1.0957955141667458e-11,False
0.5-1,9699,0,8.32260368706128e-09,False
0.5-1,9700,0,6.65793578705302e-08,False
0.5-1,9701,0,4.850416308079978e-06,False
0.5-1,9702,0,4.664489456404714e-09,False
0.5-1,9703,0,2.932156740329634e-06,False
0.5-1,9704,0,7.610978994030316e-09,False
0.5-1,9705,0,1.1972709253483068e-12,False
0.5-1,9706,0,2.6452302327150074e-07,False
0.5-1,9707,0,1.327425695788819e-11,False
0.5-1,9708,0,1.8648983978161157e-09,False
0.5-1,9709,0,0.0011547317988416953,False
0.5-1,9710,0,4.17983402514101e-13,False
0.5-1,9711,0,0.0025247656547260034,False
0.5-1,9712,0,0.900576337329888,False
0.5-1,9713,0,1.6668013950503968e-11,False
0.5-1,9714,0,6.653504015581158e-07,False
0.5-1,9715,0,5.63585265776617e-07,False
0.5-1,9716,0,5.059584219328282e-09,False
0.5-1,9717,0,0.0002109877403230089,False
0.5-1,9718,0,1.1245235259617946e-11,False
0.5-1,9719,0,1.403308703275873e-11,False
0.5-1,9720,0,2.0691895698191428e-08,False
0.5-1,9721,0,3.98108041140235e-09,False
0.5-1,9722,0,8.53490003010988e-13,False
0.5-1,9723,0,3.7504174333274023e-10,False
0.5-1,9724,0,6.657877236255846e-09,False
0.5-1,9725,0,2.1817259917645656e-05,False
0.5-1,9726,0,6.435759078287766e-09,False
0.5-1,9727,0,0.00034924817738337554,False
0.5-1,9728,0,7.858904619023035e-08,False
0.5-1,9729,0,1.7899689838031124e-13,False
0.5-1,9730,0,2.2177001363490247e-08,False
0.5-1,9731,0,5.392580256546221e-13,False
0.5-1,9732,0,4.3760119333487015e-09,False
0.5-1,9733,0,2.126645484539799e-16,False
0.5-1,9734,0,8.041112373856362e-15,False
0.5-1,9735,0,0.8930238374957176,False
0.5-1,9736,0,9.67002317519932e-09,False
0.5-1,9737,0,3.8318535882121914e-15,False
0.5-1,9738,0,3.594878698781463e-08,False
0.5-1,9739,0,3.995480338520257e-05,False
0.5-1,9740,0,4.98625805870868e-10,False
0.5-1,9741,0,8.180509119438166e-07,False
0.5-1,9742,0,2.248075928512594e-15,False
0.5-1,9743,0,2.052564648494135e-13,False
0.5-1,9744,0,3.061869277859329e-09,False
0.5-1,9745,0,2.4869337603865647e-07,False
0.5-1,9746,0,1.7428012925978874e-13,False
0.5-1,9747,0,2.0693259743224548e-07,False
0.5-1,9748,0,3.224620692225113e-10,False
0.5-1,9749,0,0.0011023816727060768,False
0.5-1,9750,0,2.4846594264567027e-10,False
0.5-1,9751,0,0.0016172655370796413,False
0.5-1,9752,0,1.0411103770342418e-07,False
0.5-1,9753,0,1.4567969781933424e-15,False
0.5-1,9754,0,1.052988348309412e-05,False
0.5-1,9755,0,5.82313218248807e-13,False
0.5-1,9756,0,6.947069973196905e-09,False
0.5-1,9757,0,1.0288481002268312e-19,False
0.5-1,9758,0,2.4261815626272147e-18,False
0.5-1,9759,0,7.317135878439688e-05,False
0.5-1,9760,0,0.0018178168300284677,False
0.5-1,9761,0,1.355663523404875e-17,False
0.5-1,9762,0,5.7310968897601565e-11,False
0.5-1,9763,0,0.00018075768767097925,False
0.5-1,9764,0,1.3248331416440148e-05,False
0.5-1,9765,0,2.1994291337684778e-05,False
0.5-1,9766,0,4.137392698483317e-17,False
0.5-1,9767,0,4.383208494993007e-15,False
0.5-1,9768,0,6.064750944509485e-11,False
0.5-1,9769,0,4.415716410493917e-07,False
0.5-1,9770,0,1.8598943037281657e-14,False
0.5-1,9771,0,1.6949831904948218e-05,False
0.5-1,9772,0,9.027352933582672e-12,False
0.5-1,9773,0,5.259144704710259e-05,False
0.5-1,9774,0,7.37991579286381e-13,False
0.5-1,9775,0,3.0186296807207022e-05,False
0.5-1,9776,0,0.00021283627498007332,False
0.5-1,9777,0,9.164544666526882e-15,False
0.5-1,9778,0,0.1441304652029886,False
0.5-1,9779,0,1.2120146551598257e-11,False
0.5-1,9780,0,1.7730594531862944e-05,False
0.5-1,9781,0,9.586963176367952e-19,False
0.5-1,9782,0,2.4331215110386865e-19,False
0.5-1,9783,0,2.3659851443169447e-05,False
0.5-1,9784,0,0.002144495921758086,False
0.5-1,9785,0,2.673756817353312e-19,False
0.5-1,9786,0,7.160527849577426e-12,False
0.5-1,9787,0,0.0006393966348277033,False
0.5-1,9788,0,1.3091512464572177e-05,False
0.5-1,9789,0,1.1367609139638383e-05,False
0.5-1,9790,0,1.1932623588969268e-21,False
0.5-1,9791,0,9.396576132907191e-13,False
0.5-1,9792,0,1.0955202747482272e-13,False
0.5-1,9793,0,0.0007321032726586227,False
0.5-1,9794,0,3.9102412431706945e-13,False
0.5-1,9795,0,1.5953931251362875e-06,False
0.5-1,9796,0,5.466390066061826e-12,False
0.5-1,9797,0,1.2175034089121665e-07,False
0.5-1,9798,0,1.0012043606724382e-17,False
0.5-1,9799,0,2.5599563394716057e-06,False
0.5-1,9800,0,0.00023960355770218504,False
0.5-1,9801,0,1.328086853061439e-11,False
0.5-1,9802,0,0.00014253063327123494,False
0.5-1,9803,0,2.879825637399645e-08,False
0.5-1,9804,0,0.00014012294178469492,False
0.5-1,9805,0,6.316622271454438e-08,False
0.5-1,9806,0,7.418531993783105e-07,False
0.5-1,9807,0,2.3169874577324953e-05,False
0.5-1,9808,0,3.520211467529102e-05,False
0.5-1,9809,0,2.0917976346335517e-20,False
0.5-1,9810,0,1.0677491972058151e-18,False
0.5-1,9811,0,5.056107762157601e-07,False
0.5-1,9812,0,2.686894077853554e-05,False
0.5-1,9813,0,6.309842230047845e-19,False
0.5-1,9814,0,4.168139248592981e-14,False
0.5-1,9815,0,1.3581096413049388e-05,False
0.5-1,9816,0,1.5775949919221782e-06,False
0.5-1,9817,0,1.3450682825128647e-07,False
0.5-1,9818,0,1.82455886988761e-21,False
0.5-1,9819,0,8.574891534141497e-10,False
0.5-1,9820,0,1.2736594951893601e-17,False
0.5-1,9821,0,2.7711016567742274e-05,False
0.5-1,9822,0,9.11656695470062e-11,False
0.5-1,9823,0,1.7011264911501566e-05,False
0.5-1,9824,0,4.996949313252121e-07,False
0.5-1,9825,0,1.4330269290033662e-09,False
0.5-1,9826,0,5.582479201146912e-11,False
0.5-1,9827,0,3.5390726073235094e-10,False
0.5-1,9828,0,0.11832690912034334,False
0.5-1,9829,0,1.5278839055405433e-11,False
0.5-1,9830,0,1.0026030645122781e-11,False
0.5-1,9831,0,2.9410864949176054e-09,False
0.5-1,9832,0,3.063966649333437e-14,False
0.5-1,9833,0,2.3092577293545864e-07,False
0.5-1,9834,0,0.00034731665927623535,False
0.5-1,9835,0,3.896607798212469e-09,False
0.5-1,9836,0,0.9127045081422331,False
0.5-1,9837,0,0.4393465430214606,False
0.5-1,9838,0,0.22954269090469082,False
0.5-1,9839,0,0.8979236500735761,False
0.5-1,9840,0,8.932569124610806e-15,False
0.5-1,9841,0,1.089418535575801e-07,False
0.5-1,9842,0,1.9441909778813417e-12,False
0.5-1,9843,0,1.1893786398064766e-10,False
0.5-1,9844,0,2.390250414297646e-13,False
0.5-1,9845,0,8.686426388227481e-10,False
0.5-1,9846,0,7.465702885417746e-09,False
0.5-1,9847,0,6.512166122506102e-11,False
0.5-1,9848,0,2.877886455070275e-07,False
0.5-1,9849,0,1.7931590661188906e-08,False
0.5-1,9850,0,2.914428301775052e-13,False
0.5-1,9851,0,2.433885065002455e-11,False
0.5-1,9852,0,1.262483631661918e-07,False
0.5-1,9853,0,2.71862216967678e-07,False
0.5-1,9854,0,1.0639399523523844e-10,False
0.5-1,9855,0,2.5632652974969404e-10,False
0.5-1,9856,0,7.39851834565788e-08,False
0.5-1,9857,0,4.5251846997295655e-12,False
0.5-1,9858,0,1.3858970265318352e-12,False
0.5-1,9859,0,2.325960594838586e-11,False
0.5-1,9860,0,4.3999229253507447e-13,False
0.5-1,9861,0,3.5639117941903076e-07,False
0.5-1,9862,0,2.760777837225371e-08,False
0.5-1,9863,0,5.508956885438093e-12,False
0.5-1,9864,1,0.9842103108009294,True
0.5-1,9865,0,0.9242695326518159,False
0.5-1,9866,0,0.9069879946501282,False
0.5-1,9867,0,0.9735248590158153,True
0.5-1,9868,0,9.809636978614261e-09,False
0.5-1,9869,0,3.3963890526405314e-07,False
0.5-1,9870,0,2.6551514879896336e-08,False
0.5-1,9871,0,1.8062652477509556e-08,False
0.5-1,9872,0,2.7629956417830175e-11,False
0.5-1,9873,0,1.0599692861523876e-07,False
0.5-1,9874,0,2.454527307700824e-10,False
0.5-1,9875,0,3.487160919333856e-11,False
0.5-1,9876,0,4.70742667839423e-06,False
0.5-1,9877,0,3.140133336598548e-10,False
0.5-1,9878,0,4.172897112695519e-12,False
0.5-1,9879,0,8.248029656071856e-10,False
0.5-1,9880,0,1.6275217842078768e-06,False
0.5-1,9881,0,2.529846839463637e-06,False
0.5-1,9882,0,1.1145226863328095e-09,False
0.5-1,9883,0,1.4215836987340256e-09,False
0.5-1,9884,0,2.609651195770813e-07,False
0.5-1,9885,0,3.358459537566023e-11,False
0.5-1,9886,0,5.43695430708458e-13,False
0.5-1,9887,0,3.3751793096519564e-11,False
0.5-1,9888,0,9.779555510824279e-11,False
0.5-1,9889,0,1.595171380268079e-11,False
0.5-1,9890,0,2.4261030755378727e-11,False
0.5-1,9891,0,1.6850820562963917e-10,False
0.5-1,9892,1,0.9884195814267566,True
0.5-1,9893,1,0.9739586935177306,True
0.5-1,9894,1,0.9624761640399525,False
0.5-1,9895,0,0.9721411590117758,True
0.5-1,9896,0,2.9052695479281243e-11,False
0.5-1,9897,0,1.303099691927803e-06,False
0.5-1,9898,0,2.7693148913751274e-08,False
0.5-1,9899,0,3.426525460946714e-06,False
0.5-1,9900,0,7.118844528885108e-09,False
0.5-1,9901,0,5.702283615251036e-08,False
0.5-1,9902,0,7.114912035336299e-12,False
0.5-1,9903,0,5.099542601657889e-11,False
0.5-1,9904,0,6.2431659297491254e-06,False
0.5-1,9905,0,1.8294614632635917e-08,False
0.5-1,9906,0,1.0337211085301927e-11,False
0.5-1,9907,0,1.7498279334129837e-11,False
0.5-1,9908,0,7.9038379061029e-08,False
0.5-1,9909,0,0.00018980306949605631,False
0.5-1,9910,0,5.6890322792045264e-09,False
0.5-1,9911,0,1.9017133911390077e-08,False
0.5-1,9912,0,1.244584336530441e-07,False
0.5-1,9913,0,3.8594633199869026e-11,False
0.5-1,9914,0,2.9135460989549668e-12,False
0.5-1,9915,0,3.846112588733519e-11,False
0.5-1,9916,0,1.779251308168876e-08,False
0.5-1,9917,0,8.621277715642841e-09,False
0.5-1,9918,0,4.697203246419864e-12,False
0.5-1,9919,0,1.2037125702796012e-10,False
0.5-1,9920,0,0.9790820130759323,True
0.5-1,9921,0,0.9626845978472405,False
0.5-1,9922,0,0.9539094822128353,False
0.5-1,9923,0,0.9195502626620858,False
0.5-1,9924,0,3.099679067477961e-10,False
0.5-1,9925,0,9.913859416430324e-12,False
0.5-1,9926,0,1.3341835095714613e-07,False
0.5-1,9927,0,5.0493947121722185e-06,False
0.5-1,9928,0,1.5498134062082943e-08,False
0.5-1,9929,0,1.304177858261331e-06,False
0.5-1,9930,0,4.546668522553684e-11,False
0.5-1,9931,0,4.032896784560507e-11,False
0.5-1,9932,0,8.050504437080221e-07,False
0.5-1,9933,0,2.719531772567844e-09,False
0.5-1,9934,0,7.731117603071192e-12,False
0.5-1,9935,0,2.4162460680381177e-09,False
0.5-1,9936,0,4.142940222862386e-07,False
0.5-1,9937,0,0.0001866816037924549,False
0.5-1,9938,0,7.75714343687834e-11,False
0.5-1,9939,0,4.439648936801497e-09,False
0.5-1,9940,0,2.2256008575474972e-08,False
0.5-1,9941,0,1.2791499846648078e-11,False
0.5-1,9942,0,2.274413406128861e-10,False
0.5-1,9943,0,7.535657946503683e-12,False
0.5-1,9944,0,1.5116690381933995e-11,False
0.5-1,9945,0,9.454749629074308e-14,False
0.5-1,9946,0,1.3491891329745502e-14,False
0.5-1,9947,0,2.3539232807327786e-10,False
0.5-1,9948,0,0.8548406796285203,False
0.5-1,9949,0,0.829298541568719,False
0.5-1,9950,0,0.85283719555579,False
0.5-1,9951,0,0.5518300193608611,False
0.5-1,9952,0,2.0206283621075177e-09,False
0.5-1,9953,0,3.173973153183408e-11,False
0.5-1,9954,0,3.218825027654153e-08,False
0.5-1,9955,0,0.01011635969410616,False
0.5-1,9956,0,0.0016586339226510624,False
0.5-1,9957,0,2.1966115346116354e-07,False
0.5-1,9958,0,2.606023526225022e-14,False
0.5-1,9959,0,5.404649265597813e-12,False
0.5-1,9960,0,2.578219398942745e-06,False
0.5-1,9961,0,3.619474470889684e-06,False
0.5-1,9962,0,7.130431758560209e-13,False
0.5-1,9963,0,5.624510903717878e-12,False
0.5-1,9964,0,1.0312606802786161e-08,False
0.5-1,9965,0,0.00013482825227223877,False
0.5-1,9966,0,3.6695058188898904e-11,False
0.5-1,9967,0,4.869808937652444e-09,False
0.5-1,9968,0,7.255928508914903e-07,False
0.5-1,9969,0,4.054622771221633e-13,False
0.5-1,9970,0,1.1730993391274667e-12,False
0.5-1,9971,0,9.72400298758376e-13,False
0.5-1,9972,0,2.2874881786501134e-08,False
0.5-1,9973,0,2.7622197205998875e-13,False
0.5-1,9974,0,9.818881627533155e-16,False
0.5-1,9975,0,0.00013220035673018992,False
0.5-1,9976,0,0.22196115069358935,False
0.5-1,9977,0,0.24897649611734174,False
0.5-1,9978,0,0.35453717291848363,False
0.5-1,9979,0,0.06019128814374823,False
0.5-1,9980,0,2.7036665369177095e-07,False
0.5-1,9981,0,3.607021414756779e-14,False
0.5-1,9982,0,1.5106944156765206e-09,False
0.5-1,9983,0,0.03876482265553483,False
0.5-1,9984,0,1.5070122678327107e-06,False
0.5-1,9985,0,2.4379891511771868e-05,False
0.5-1,9986,0,1.6858568237151835e-16,False
0.5-1,9987,0,9.509582988280893e-13,False
0.5-1,9988,0,7.732541530218067e-08,False
0.5-1,9989,0,0.0002886527920295654,False
0.5-1,9990,0,3.439571052510674e-14,False
0.5-1,9991,0,1.7482731708687727e-11,False
0.5-1,9992,0,9.991229862436294e-10,False
0.5-1,9993,0,0.0016741227989891235,False
0.5-1,9994,0,3.619364822375106e-12,False
0.5-1,9995,0,3.263305800645311e-08,False
0.5-1,9996,0,5.3731399357656174e-09,False
0.5-1,9997,0,4.304119874176597e-15,False
0.5-1,9998,0,3.0101256244887136e-11,False
0.5-1,9999,0,7.182169584910301e-14,False
0.5-1,10000,0,1.393474866639084e-09,False
0.5-1,10001,0,3.623713477662893e-19,False
0.5-1,10002,0,4.175855977799262e-14,False
0.5-1,10003,0,0.8670135137795965,False
0.5-1,10004,0,0.0033436977123038557,False
0.5-1,10005,0,0.0036473543082626713,False
0.5-1,10006,0,0.008585266116212662,False
0.5-1,10007,0,0.0004928065702616021,False
0.5-1,10008,0,3.3642007831134502e-06,False
0.5-1,10009,0,1.0596933766852743e-17,False
0.5-1,10010,0,1.606137216936741e-08,False
0.5-1,10011,0,0.0043796906356630624,False
0.5-1,10012,0,0.0004168712158664997,False
0.5-1,10013,0,3.2595676622828894e-07,False
0.5-1,10014,0,1.8099831377238102e-18,False
0.5-1,10015,0,2.2385684623768007e-13,False
0.5-1,10016,0,1.205612041890056e-09,False
0.5-1,10017,0,0.00010111485242479978,False
0.5-1,10018,0,3.852414703399446e-15,False
0.5-1,10019,0,4.2441130037473136e-10,False
0.5-1,10020,0,4.3105655656145634e-11,False
0.5-1,10021,0,1.188000901471635e-05,False
0.5-1,10022,0,4.057029738802135e-14,False
0.5-1,10023,0,8.314423533592634e-11,False
0.5-1,10024,0,6.758672708725027e-06,False
0.5-1,10025,0,1.1919344671874267e-16,False
0.5-1,10026,0,2.12642362428418e-13,False
0.5-1,10027,0,0.07265802567847085,False
0.5-1,10028,0,0.00034947275750487076,False
0.5-1,10029,0,8.725742971583379e-23,False
0.5-1,10030,0,0.015309202109349421,False
0.5-1,10031,0,3.920498201087022e-05,False
0.5-1,10032,0,3.3062887750496912e-06,False
0.5-1,10033,0,2.0095197703717733e-05,False
0.5-1,10034,0,3.8490257782571316e-05,False
0.5-1,10035,0,6.720607722778921e-07,False
0.5-1,10036,0,0.0006707746141476583,False
0.5-1,10037,0,1.0128815518251678e-19,False
0.5-1,10038,0,3.0990362310984754e-12,False
0.5-1,10039,0,0.0002115202732068041,False
0.5-1,10040,0,0.0009727209009638871,False
0.5-1,10041,0,6.618558322240018e-10,False
0.5-1,10042,0,3.14953922776847e-23,False
0.5-1,10043,0,5.648357172605661e-13,False
0.5-1,10044,0,4.8612760625576204e-14,False
0.5-1,10045,0,0.00010342778513853444,False
0.5-1,10046,0,2.8934578548572697e-15,False
0.5-1,10047,0,3.439834869712755e-11,False
0.5-1,10048,0,2.5676807670508596e-12,False
0.5-1,10049,0,1.0096118299227274e-08,False
0.5-1,10050,0,8.521768435103665e-16,False
0.5-1,10051,0,4.754360091898366e-12,False
0.5-1,10052,0,2.9292280707178876e-05,False
0.5-1,10053,0,1.359152612386351e-16,False
0.5-1,10054,0,1.5848404520108336e-11,False
0.5-1,10055,0,3.1592942212689586e-12,False
0.5-1,10056,0,0.00014160666851763148,False
0.5-1,10057,0,2.1228909261743486e-11,False
0.5-1,10058,0,5.236205991925226e-08,False
0.5-1,10059,0,1.9242041944881384e-10,False
0.5-1,10060,0,4.6340216358424625e-05,False
0.5-1,10061,0,4.5368203456962076e-26,False
0.5-1,10062,0,1.2695868685271162e-20,False
0.5-1,10063,0,4.0530354576965305e-07,False
0.5-1,10064,0,9.947622740014376e-10,False
0.5-1,10065,0,5.481652910673368e-08,False
0.5-1,10066,0,1.3823195784206623e-07,False
0.5-1,10067,0,6.4805463783309e-11,False
0.5-1,10068,0,3.508222822552827e-05,False
0.5-1,10069,0,2.2765209156029397e-25,False
0.5-1,10070,0,6.030684584918781e-13,False
0.5-1,10071,0,2.4126713688699055e-06,False
0.5-1,10072,0,2.9533523751375388e-06,False
0.5-1,10073,0,2.9502928862567785e-13,False
0.5-1,10074,0,4.958636976570686e-27,False
0.5-1,10075,0,5.7605000384766045e-08,False
0.5-1,10076,0,8.112735712319712e-16,False
0.5-1,10077,0,6.211099066181285e-05,False
0.5-1,10078,0,2.0074167652205475e-11,False
0.5-1,10079,0,5.12304569426571e-10,False
0.5-1,10080,0,4.458693601927367e-09,False
0.5-1,10081,0,1.201983491742698e-09,False
0.5-1,10082,0,1.3831373997465576e-07,False
0.5-1,10083,0,2.2806712898949157e-11,False
0.5-1,10084,0,5.210844469768465e-10,False
0.5-1,10085,0,8.169688817371663e-10,False
0.5-1,10086,0,1.7088152245481952e-09,False
0.5-1,10087,0,3.207017740323673e-10,False
0.5-1,10088,0,1.2650415086564537e-09,False
0.5-1,10089,0,5.829194976952194e-10,False
0.5-1,10090,0,4.925505068349403e-12,False
0.5-1,10091,0,7.869443776196939e-11,False
0.5-1,10092,0,3.7192217859703065e-14,False
0.5-1,10093,0,1.3363599202506787e-13,False
0.5-1,10094,0,9.820005542442151e-08,False
0.5-1,10095,0,1.635581716256934e-11,False
0.5-1,10096,0,1.5991765473974602e-09,False
0.5-1,10097,0,3.007177796580043e-08,False
0.5-1,10098,0,9.500936146660517e-10,False
0.5-1,10099,0,1.6908067401723613e-09,False
0.5-1,10100,0,9.571893283595784e-07,False
0.5-1,10101,0,6.442241568642604e-12,False
0.5-1,10102,0,2.0132932195752474e-10,False
0.5-1,10103,0,8.404295214518679e-11,False
0.5-1,10104,0,3.8382369548185917e-07,False
0.5-1,10105,0,9.7833188002595e-09,False
0.5-1,10106,0,6.077187253297298e-06,False
0.5-1,10107,0,5.845742394020825e-09,False
0.5-1,10108,0,1.7140827774129617e-09,False
0.5-1,10109,0,1.2750587261796231e-10,False
0.5-1,10110,0,1.0717538801977511e-10,False
0.5-1,10111,0,2.5925215352146835e-09,False
0.5-1,10112,0,3.3255565417783295e-07,False
0.5-1,10113,0,7.643354711803557e-11,False
0.5-1,10114,0,4.314667853639126e-11,False
0.5-1,10115,0,1.3245022768543359e-09,False
0.5-1,10116,0,5.04276033638842e-12,False
0.5-1,10117,0,1.795666836894986e-11,False
0.5-1,10118,0,1.1032621678170535e-05,False
0.5-1,10119,0,8.854097403579216e-09,False
0.5-1,10120,0,2.77469580869276e-05,False
0.5-1,10121,0,1.854494315098841e-07,False
0.5-1,10122,0,5.299791116292028e-11,False
0.5-1,10123,0,2.011423315260908e-09,False
0.5-1,10124,0,4.026558421841726e-06,False
0.5-1,10125,0,6.493798473109102e-10,False
0.5-1,10126,0,2.45266946647868e-10,False
0.5-1,10127,0,1.8587476848334005e-10,False
0.5-1,10128,0,1.6665073911319502e-06,False
0.5-1,10129,0,1.762262147018628e-08,False
0.5-1,10130,0,3.977467989540412e-06,False
0.5-1,10131,0,5.049580191299755e-08,False
0.5-1,10132,0,5.046437103584261e-10,False
0.5-1,10133,0,1.0691742335909287e-09,False
0.5-1,10134,0,3.606134668487765e-10,False
0.5-1,10135,0,7.506907719830013e-09,False
0.5-1,10136,0,7.1609231735423e-10,False
0.5-1,10137,0,9.52736999350763e-10,False
0.5-1,10138,0,1.0605414406546842e-09,False
0.5-1,10139,0,2.0173485051684585e-10,False
0.5-1,10140,0,2.308973973495061e-11,False
0.5-1,10141,0,4.584583607842456e-11,False
0.5-1,10142,0,2.7886057187745425e-05,False
0.5-1,10143,0,9.79352212765297e-08,False
0.5-1,10144,0,4.706071647735378e-11,False
0.5-1,10145,0,6.911334032557762e-07,False
0.5-1,10146,0,3.035752149109489e-10,False
0.5-1,10147,0,8.186108412682162e-09,False
0.5-1,10148,0,4.306367822971126e-06,False
0.5-1,10149,0,5.93224969920429e-09,False
0.5-1,10150,0,1.2738183251161063e-08,False
0.5-1,10151,0,5.537833107441093e-10,False
0.5-1,10152,0,9.794128957845272e-07,False
0.5-1,10153,0,2.2458593458248638e-08,False
0.5-1,10154,0,3.7175023206710677e-06,False
0.5-1,10155,0,3.670105994547588e-08,False
0.5-1,10156,0,1.790447847083877e-09,False
0.5-1,10157,0,1.4768803208214343e-09,False
0.5-1,10158,0,1.1253388374511194e-09,False
0.5-1,10159,0,5.746382213793053e-09,False
0.5-1,10160,0,1.387486468646179e-10,False
0.5-1,10161,0,1.4323042066418266e-11,False
0.5-1,10162,0,7.336524830450417e-11,False
0.5-1,10163,0,3.7919326002452075e-11,False
0.5-1,10164,0,1.9390100612244923e-11,False
0.5-1,10165,0,8.160079581006778e-12,False
0.5-1,10166,0,7.770217814786066e-06,False
0.5-1,10167,0,9.529627789988365e-08,False
0.5-1,10168,0,8.543988677331026e-11,False
0.5-1,10169,0,2.8165137102735375e-07,False
0.5-1,10170,0,1.0550735845178412e-10,False
0.5-1,10171,0,3.615634586499059e-08,False
0.5-1,10172,0,1.2092411726759775e-06,False
0.5-1,10173,0,3.5034072567454192e-09,False
0.5-1,10174,0,6.131555242585648e-09,False
0.5-1,10175,0,9.281628730026725e-10,False
0.5-1,10176,0,2.294405599148639e-05,False
0.5-1,10177,0,3.5954010918553522e-06,False
0.5-1,10178,0,1.6466822178725922e-07,False
0.5-1,10179,0,1.703133703675329e-08,False
0.5-1,10180,0,1.9773961249228933e-09,False
0.5-1,10181,0,1.4828878306065927e-09,False
0.5-1,10182,0,3.2612953420717203e-10,False
0.5-1,10183,0,4.402187946846435e-09,False
0.5-1,10184,0,1.1496983110565108e-08,False
0.5-1,10185,0,4.667386246340838e-10,False
0.5-1,10186,0,6.720866533845851e-10,False
0.5-1,10187,0,1.5057865841268835e-12,False
0.5-1,10188,0,8.519918625475993e-13,False
0.5-1,10189,0,8.793278278401187e-12,False
0.5-1,10190,0,1.743209663553505e-06,False
0.5-1,10191,0,2.43468056179454e-08,False
0.5-1,10192,0,6.685551243902338e-12,False
0.5-1,10193,0,7.414483407019426e-08,False
0.5-1,10194,0,8.279784565593517e-08,False
0.5-1,10195,0,0.00010688489138919576,False
0.5-1,10196,0,1.7751769702975865e-06,False
0.5-1,10197,0,9.702598851293551e-09,False
0.5-1,10198,0,2.5596478087884678e-08,False
0.5-1,10199,0,2.2846415710995694e-09,False
0.5-1,10200,0,3.6328869038955325e-08,False
0.5-1,10201,0,6.980544213378388e-10,False
0.5-1,10202,0,4.8058224757657734e-09,False
0.5-1,10203,0,1.7819282597110401e-09,False
0.5-1,10204,0,0.0005006289719386203,False
0.5-1,10205,0,3.7426211948608994e-10,False
0.5-1,10206,0,5.273949941156477e-10,False
0.5-1,10207,0,1.122155883203279e-06,False
0.5-1,10208,0,2.436097945070314e-07,False
0.5-1,10209,0,1.1841190898960367e-11,False
0.5-1,10210,0,6.879914608387839e-10,False
0.5-1,10211,0,4.636828485787138e-12,False
0.5-1,10212,0,2.8708981846948265e-11,False
0.5-1,10213,0,7.826866067374071e-13,False
0.5-1,10214,0,1.4866850752891332e-07,False
0.5-1,10215,0,1.0177201530827729e-06,False
0.5-1,10216,0,1.654779278570658e-11,False
0.5-1,10217,0,3.041109755890165e-09,False
0.5-1,10218,0,1.173458635691389e-12,False
0.5-1,10219,0,5.660665991775112e-07,False
0.5-1,10220,0,2.829415504082287e-09,False
0.5-1,10221,0,9.652195281810274e-09,False
0.5-1,10222,0,1.5041634019896023e-07,False
0.5-1,10223,0,1.9064696004226448e-08,False
0.5-1,10224,0,7.139688437447544e-10,False
0.5-1,10225,0,5.028591599273275e-12,False
0.5-1,10226,0,1.5380953424247475e-11,False
0.5-1,10227,0,1.1118934302891752e-10,False
0.5-1,10228,0,3.334812541963892e-07,False
0.5-1,10229,0,8.003176351729439e-08,False
0.5-1,10230,0,1.502018248479154e-09,False
0.5-1,10231,0,1.212908179614713e-06,False
0.5-1,10232,0,1.4266805271341202e-09,False
0.5-1,10233,0,2.8376199824945736e-13,False
0.5-1,10234,0,1.1257892170020217e-09,False
0.5-1,10235,0,3.880250278191819e-11,False
0.5-1,10236,0,1.963697882395308e-11,False
0.5-1,10237,0,2.404848443252836e-15,False
0.5-1,10238,0,1.2815889020272e-09,False
0.5-1,10239,0,1.4272038564619053e-08,False
0.5-1,10240,0,9.206530899394636e-09,False
0.5-1,10241,0,1.7973923171340102e-09,False
0.5-1,10242,0,7.172743629278036e-16,False
0.5-1,10243,0,2.9000866692549546e-05,False
0.5-1,10244,0,8.507351841927292e-10,False
0.5-1,10245,0,2.02861405187758e-08,False
0.5-1,10246,0,0.0001378289559376551,False
0.5-1,10247,0,1.5872213984131117e-06,False
0.5-1,10248,0,1.8809301805046142e-10,False
0.5-1,10249,0,9.75604588125545e-10,False
0.5-1,10250,0,9.42504957914908e-14,False
0.5-1,10251,0,1.3416692375709146e-08,False
0.5-1,10252,0,3.2315845391228147e-07,False
0.5-1,10253,0,1.012252404395894e-05,False
0.5-1,10254,0,1.1569698174183965e-07,False
0.5-1,10255,0,0.0011900488332940874,False
0.5-1,10256,0,4.22366395496874e-08,False
0.5-1,10257,0,1.2455144357095057e-10,False
0.5-1,10258,0,1.8480490033644966e-13,False
0.5-1,10259,0,1.7014832464692149e-06,False
0.5-1,10260,0,0.0001325465503192997,False
0.5-1,10261,0,1.23618506437006e-17,False
0.5-1,10262,0,2.927312422924221e-11,False
0.5-1,10263,0,1.5595621499461245e-09,False
0.5-1,10264,0,2.678769102868297e-07,False
0.5-1,10265,0,3.209237627070493e-08,False
0.5-1,10266,0,1.3998945939789477e-18,False
0.5-1,10267,0,1.0723642781868448e-07,False
0.5-1,10268,0,2.8806289573178567e-12,False
0.5-1,10269,0,2.736447151521571e-08,False
0.5-1,10270,0,0.0005988933812557853,False
0.5-1,10271,0,0.001371534075738982,False
0.5-1,10272,0,5.306550448195856e-15,False
0.5-1,10273,0,2.77436728876267e-09,False
0.5-1,10274,0,3.9047768234738655e-19,False
0.5-1,10275,0,1.907406374606389e-06,False
0.5-1,10276,0,7.656282144286183e-06,False
0.5-1,10277,0,0.00017485296391470565,False
0.5-1,10278,0,3.890747804675702e-06,False
0.5-1,10279,0,0.0004576828033281073,False
0.5-1,10280,0,3.826861124823485e-05,False
0.5-1,10281,0,5.1938790194385926e-06,False
0.5-1,10282,0,1.2219183781875546e-05,False
0.5-1,10283,0,8.788251354805929e-05,False
0.5-1,10284,0,2.4354296203389684e-05,False
0.5-1,10285,0,4.949242128858003e-19,False
0.5-1,10286,0,3.3436267351266824e-15,False
0.5-1,10287,0,3.138177478385616e-07,False
0.5-1,10288,0,0.00016982752524075513,False
0.5-1,10289,0,1.500986908957546e-15,False
0.5-1,10290,0,5.240660059822657e-12,False
0.5-1,10291,0,7.454998404832187e-06,False
0.5-1,10292,0,1.3822536925080876e-07,False
0.5-1,10293,0,8.382879989759469e-07,False
0.5-1,10294,0,1.5469489924990991e-15,False
0.5-1,10295,0,1.841788153459342e-06,False
0.5-1,10296,0,1.3798096697285011e-17,False
0.5-1,10297,0,1.1905769974367412e-06,False
0.5-1,10298,0,0.012468509578454958,False
0.5-1,10299,0,9.461563083347162e-05,False
0.5-1,10300,0,2.6117181210059075e-09,False
0.5-1,10301,0,3.688391977354831e-09,False
0.5-1,10302,0,5.3601803444468885e-08,False
0.5-1,10303,0,1.9461291431089708e-11,False
0.5-1,10304,0,1.834546892924525e-10,False
0.5-1,10305,0,1.283548281899043e-09,False
0.5-1,10306,0,6.655610001804933e-10,False
0.5-1,10307,0,6.759275299384351e-10,False
0.5-1,10308,0,2.728329103274057e-14,False
0.5-1,10309,0,1.8219249175406343e-12,False
0.5-1,10310,0,2.814159751220704e-12,False
0.5-1,10311,0,5.173441110464558e-12,False
0.5-1,10312,0,6.033473457793843e-13,False
0.5-1,10313,0,3.7782028802348155e-13,False
0.5-1,10314,0,6.370970786757178e-06,False
0.5-1,10315,0,2.8999358935797806e-11,False
0.5-1,10316,0,4.983945218066616e-13,False
0.5-1,10317,0,1.4089741963866082e-08,False
0.5-1,10318,0,4.187222511605773e-10,False
0.5-1,10319,0,4.948623847225043e-10,False
0.5-1,10320,0,1.967749683605301e-06,False
0.5-1,10321,0,1.1196828964249687e-09,False
0.5-1,10322,0,1.2823683847839087e-09,False
0.5-1,10323,0,5.2370003794499876e-12,False
0.5-1,10324,0,3.675685822894372e-06,False
0.5-1,10325,0,6.875318544813905e-09,False
0.5-1,10326,0,1.6103794737234215e-05,False
0.5-1,10327,0,2.594407718126743e-09,False
0.5-1,10328,0,6.804976500938007e-10,False
0.5-1,10329,0,6.857063325530086e-11,False
0.5-1,10330,0,3.67738115645642e-11,False
0.5-1,10331,0,3.048958320947083e-09,False
0.5-1,10332,0,4.040844015614704e-11,False
0.5-1,10333,0,7.432259862700712e-12,False
0.5-1,10334,0,1.869932713232765e-11,False
0.5-1,10335,0,3.388073316555739e-10,False
0.5-1,10336,0,6.929910136232193e-13,False
0.5-1,10337,0,1.5525967950216448e-12,False
0.5-1,10338,0,2.3771094562435824e-05,False
0.5-1,10339,0,2.2174569985948048e-08,False
0.5-1,10340,0,0.0062684525498808395,False
0.5-1,10341,0,1.1160516019590996e-07,False
0.5-1,10342,0,4.937305945990409e-11,False
0.5-1,10343,0,2.1841267205804442e-10,False
0.5-1,10344,0,9.245445157840113e-05,False
0.5-1,10345,0,2.3365354086696817e-10,False
0.5-1,10346,0,6.83748921161068e-10,False
0.5-1,10347,0,1.0729895857150913e-10,False
0.5-1,10348,0,8.167069183290834e-06,False
0.5-1,10349,0,7.49577601584399e-08,False
0.5-1,10350,0,1.635593651117597e-05,False
0.5-1,10351,0,3.221973144952154e-08,False
0.5-1,10352,0,6.404987017590804e-10,False
0.5-1,10353,0,5.119184992420985e-10,False
0.5-1,10354,0,1.8127800451872928e-10,False
0.5-1,10355,0,3.843026149954274e-09,False
0.5-1,10356,0,2.1140842526824145e-10,False
0.5-1,10357,0,1.21516402055452e-10,False
0.5-1,10358,0,5.7400987051466504e-11,False
0.5-1,10359,0,4.7731625155113426e-11,False
0.5-1,10360,0,7.641178025407435e-11,False
0.5-1,10361,0,9.32902834965801e-12,False
0.5-1,10362,0,0.00011876736323471799,False
0.5-1,10363,0,5.126134566335052e-08,False
0.5-1,10364,0,3.274414785626198e-11,False
0.5-1,10365,0,7.292488554772206e-07,False
0.5-1,10366,0,1.8924190081667598e-10,False
0.5-1,10367,0,4.1166937608069846e-09,False
0.5-1,10368,0,4.986777669569361e-05,False
0.5-1,10369,0,1.4137205832833895e-09,False
0.5-1,10370,0,9.829826012830225e-10,False
0.5-1,10371,0,2.5787444195960725e-10,False
0.5-1,10372,0,3.207514456620555e-05,False
0.5-1,10373,0,8.562643573496133e-08,False
0.5-1,10374,0,1.944934508118796e-05,False
0.5-1,10375,0,1.7288285072536557e-08,False
0.5-1,10376,0,6.151858277319623e-10,False
0.5-1,10377,0,3.977002316721968e-10,False
0.5-1,10378,0,3.73838814854496e-10,False
0.5-1,10379,0,2.3663537812534856e-09,False
0.5-1,10380,0,1.6752344400986804e-12,False
0.5-1,10381,0,3.7139148848304944e-11,False
0.5-1,10382,0,4.579689414821414e-11,False
0.5-1,10383,0,5.2017993167516756e-11,False
0.5-1,10384,0,7.117998563616634e-12,False
0.5-1,10385,0,1.3812504975826463e-11,False
0.5-1,10386,0,0.00010119675882217621,False
0.5-1,10387,0,1.9316477030201837e-07,False
0.5-1,10388,0,9.600196623490039e-12,False
0.5-1,10389,0,1.389390516539153e-07,False
0.5-1,10390,0,1.8501705499818355e-10,False
0.5-1,10391,0,1.1248104069010235e-08,False
0.5-1,10392,0,1.3699188735484607e-05,False
0.5-1,10393,0,1.5816420208850014e-09,False
0.5-1,10394,0,7.020516673829094e-09,False
0.5-1,10395,0,1.882885741523273e-10,False
0.5-1,10396,0,1.000478897722247e-05,False
0.5-1,10397,0,1.3069285301844005e-07,False
0.5-1,10398,0,6.777945980198804e-07,False
0.5-1,10399,0,1.1174458877524132e-08,False
0.5-1,10400,0,1.5471111463712574e-10,False
0.5-1,10401,0,9.300766320383849e-10,False
0.5-1,10402,0,1.8128577871859245e-09,False
0.5-1,10403,0,1.894452868620024e-09,False
0.5-1,10404,0,1.2468318857782962e-12,False
0.5-1,10405,0,2.778102011473507e-13,False
0.5-1,10406,0,2.2904291821946377e-11,False
0.5-1,10407,0,3.438067410586635e-12,False
0.5-1,10408,0,2.4390687954397217e-05,False
0.5-1,10409,0,3.675218768519792e-12,False
0.5-1,10410,0,4.9931643185346475e-06,False
0.5-1,10411,0,7.277982766218658e-08,False
0.5-1,10412,0,2.0118789483011203e-10,False
0.5-1,10413,0,1.20714886569826e-07,False
0.5-1,10414,0,3.114444880050797e-12,False
0.5-1,10415,0,3.283697478009166e-08,False
0.5-1,10416,0,1.2068997002214862e-06,False
0.5-1,10417,0,4.30272509773854e-10,False
0.5-1,10418,0,3.492298384327265e-09,False
0.5-1,10419,0,2.004059051953234e-09,False
0.5-1,10420,0,2.763654465757141e-06,False
0.5-1,10421,0,3.85424510590762e-06,False
0.5-1,10422,0,1.00491873764258e-07,False
0.5-1,10423,0,8.932664707626163e-10,False
0.5-1,10424,0,3.66504000431855e-09,False
0.5-1,10425,0,3.6746282294004135e-09,False
0.5-1,10426,0,1.3133248924534696e-08,False
0.5-1,10427,0,1.0639976328471644e-09,False
0.5-1,10428,0,1.1841173153510994e-10,False
0.5-1,10429,0,3.723913871270586e-12,False
0.5-1,10430,0,2.1304136097780847e-13,False
0.5-1,10431,0,2.3183230712449144e-14,False
0.5-1,10432,0,1.7019435226102553e-12,False
0.5-1,10433,0,1.867912409398512e-07,False
0.5-1,10434,0,6.98828444035673e-07,False
0.5-1,10435,0,1.188488511962845e-08,False
0.5-1,10436,0,1.55360683861593e-08,False
0.5-1,10437,0,1.691548641051778e-08,False
0.5-1,10438,0,2.0261924851363074e-10,False
0.5-1,10439,0,1.585220396262312e-08,False
0.5-1,10440,0,5.502381462814022e-08,False
0.5-1,10441,0,8.504108939176565e-09,False
0.5-1,10442,0,3.0544657946766316e-09,False
0.5-1,10443,0,2.0406752435663283e-09,False
0.5-1,10444,0,3.5048885936014445e-08,False
0.5-1,10445,0,8.16328857404329e-08,False
0.5-1,10446,0,1.6863946381886746e-09,False
0.5-1,10447,0,7.232097790283674e-09,False
0.5-1,10448,0,3.2832340486525344e-08,False
0.5-1,10449,0,5.95205501273523e-07,False
0.5-1,10450,0,3.7352854260826634e-08,False
0.5-1,10451,0,1.452904122302032e-09,False
0.5-1,10452,0,3.100720083880665e-09,False
0.5-1,10453,0,1.6498515968739043e-16,False
0.5-1,10454,0,3.925553980683198e-13,False
0.5-1,10455,0,6.908033509893727e-11,False
0.5-1,10456,0,2.775162396306659e-12,False
0.5-1,10457,0,1.035776677428313e-15,False
0.5-1,10458,0,4.252703515549914e-09,False
0.5-1,10459,0,3.574959766076426e-08,False
0.5-1,10460,0,1.1584579509526494e-06,False
0.5-1,10461,0,8.473257800969776e-06,False
0.5-1,10462,0,4.924298174824257e-13,False
0.5-1,10463,0,0.001125712496495696,False
0.5-1,10464,0,3.020349492605526e-07,False
0.5-1,10465,0,2.2984960592065732e-05,False
0.5-1,10466,0,4.1760415179848314e-07,False
0.5-1,10467,0,3.887672113098445e-07,False
0.5-1,10468,0,4.6929417261511224e-11,False
0.5-1,10469,0,2.2134265031636023e-05,False
0.5-1,10470,0,8.972087320448345e-12,False
0.5-1,10471,0,1.0338920242995469e-06,False
0.5-1,10472,0,2.6858044689676037e-06,False
0.5-1,10473,0,1.2544326061395032e-05,False
0.5-1,10474,0,5.2836991628429935e-06,False
0.5-1,10475,0,9.54176999682815e-07,False
0.5-1,10476,0,6.383888637400469e-06,False
0.5-1,10477,0,3.1948126591741446e-19,False
0.5-1,10478,0,1.1740070507644881e-17,False
0.5-1,10479,0,8.968983110855156e-10,False
0.5-1,10480,0,2.7673947098038542e-11,False
0.5-1,10481,0,1.1541810176671519e-18,False
0.5-1,10482,0,1.5424236650012858e-12,False
0.5-1,10483,0,9.19055596839392e-08,False
0.5-1,10484,0,0.00021246910917357972,False
0.5-1,10485,0,8.109985210237285e-06,False
0.5-1,10486,0,1.0954458194786991e-16,False
0.5-1,10487,0,0.000531859522482462,False
0.5-1,10488,0,1.0015578599863693e-11,False
0.5-1,10489,0,0.00017894669941549707,False
0.5-1,10490,0,7.448030259652899e-06,False
0.5-1,10491,0,1.7753133067018346e-05,False
0.5-1,10492,0,7.758220335611381e-16,False
0.5-1,10493,0,4.3070111824955834e-06,False
0.5-1,10494,0,3.5006813952174687e-19,False
0.5-1,10495,0,2.1281375043718327e-06,False
0.5-1,10496,0,0.0001185758585389081,False
0.5-1,10497,0,7.781144025620899e-05,False
0.5-1,10498,0,1.0346209128876465e-05,False
0.5-1,10499,0,3.453940074605499e-05,False
0.5-1,10500,0,6.46944849345055e-05,False
0.5-1,10501,0,4.3235775260900375e-06,False
0.5-1,10502,0,1.0665177944947247e-06,False
0.5-1,10503,0,2.391183303679134e-05,False
0.5-1,10504,0,7.079045153785697e-05,False
0.5-1,10505,0,2.4795377889239543e-20,False
0.5-1,10506,0,9.976003290078422e-18,False
0.5-1,10507,0,3.829454310264442e-08,False
0.5-1,10508,0,5.441492682620904e-09,False
0.5-1,10509,0,2.2421581003989668e-18,False
0.5-1,10510,0,2.8044288721181815e-14,False
0.5-1,10511,0,4.317683471934126e-05,False
0.5-1,10512,0,5.844954001673349e-06,False
0.5-1,10513,0,1.8195291908272593e-05,False
0.5-1,10514,0,7.213546981616268e-19,False
0.5-1,10515,0,3.1296114453428295e-05,False
0.5-1,10516,0,1.444198661461112e-17,False
0.5-1,10517,0,4.119331298129744e-05,False
0.5-1,10518,0,6.860719683222654e-06,False
0.5-1,10519,0,2.1058474058357372e-05,False
0.5-1,10520,0,3.861029708966746e-09,False
0.5-1,10521,0,9.977796155319413e-10,False
0.5-1,10522,0,1.2668171847233213e-07,False
0.5-1,10523,0,3.2545457205608905e-12,False
0.5-1,10524,0,1.7655553777280635e-10,False
0.5-1,10525,0,1.3280618596483743e-09,False
0.5-1,10526,0,1.2458381053137524e-08,False
0.5-1,10527,0,5.875498053776715e-10,False
0.5-1,10528,0,2.616836424047086e-14,False
0.5-1,10529,0,2.3099902830247793e-11,False
0.5-1,10530,0,8.905071172290094e-15,False
0.5-1,10531,0,1.0372255898972337e-12,False
0.5-1,10532,0,5.121309132004042e-11,False
0.5-1,10533,0,2.286376005764418e-13,False
0.5-1,10534,0,5.65425804270637e-08,False
0.5-1,10535,0,3.681484891465412e-11,False
0.5-1,10536,0,4.5381879501220677e-13,False
0.5-1,10537,0,5.7324016937388635e-09,False
0.5-1,10538,0,3.616195837186277e-09,False
0.5-1,10539,0,2.2397765330869364e-10,False
0.5-1,10540,0,1.606349296448587e-06,False
0.5-1,10541,0,1.8037867808086769e-10,False
0.5-1,10542,0,6.477313490284777e-11,False
0.5-1,10543,0,2.03783727236675e-12,False
0.5-1,10544,0,6.2871119349171594e-06,False
0.5-1,10545,0,1.261439235936066e-08,False
0.5-1,10546,0,4.122127477041503e-06,False
0.5-1,10547,0,1.3468710986277961e-09,False
0.5-1,10548,0,1.8820142549320103e-10,False
0.5-1,10549,0,8.429087486259671e-11,False
0.5-1,10550,0,3.3543802984634486e-11,False
0.5-1,10551,0,1.6986684438057788e-10,False
0.5-1,10552,0,9.071517564490267e-13,False
0.5-1,10553,0,8.084235366055074e-10,False
0.5-1,10554,0,2.698680862553746e-12,False
0.5-1,10555,0,1.2414755399403946e-11,False
0.5-1,10556,0,4.319207244814144e-13,False
0.5-1,10557,0,2.958411322049287e-13,False
0.5-1,10558,0,4.8335915449240854e-06,False
0.5-1,10559,0,2.6489684314971504e-08,False
0.5-1,10560,0,4.860570066424614e-10,False
0.5-1,10561,0,3.632966002736386e-08,False
0.5-1,10562,0,3.8757905029093894e-10,False
0.5-1,10563,0,3.6515160956317787e-10,False
0.5-1,10564,0,0.0002170878294077491,False
0.5-1,10565,0,1.4319611168600647e-09,False
0.5-1,10566,0,2.713500256711499e-10,False
0.5-1,10567,0,2.1246031662203812e-11,False
0.5-1,10568,0,2.836477085991057e-05,False
0.5-1,10569,0,4.9691371253311914e-08,False
0.5-1,10570,0,1.241132311652057e-05,False
0.5-1,10571,0,9.625849739892456e-09,False
0.5-1,10572,0,1.3229492459695264e-10,False
0.5-1,10573,0,1.7395440009868504e-10,False
0.5-1,10574,0,6.680212448824314e-11,False
0.5-1,10575,0,1.3152607430007073e-09,False
0.5-1,10576,0,1.7142946616560615e-12,False
0.5-1,10577,0,3.0401508493692714e-09,False
0.5-1,10578,0,1.8720196742446216e-11,False
0.5-1,10579,0,8.756499314030676e-12,False
0.5-1,10580,0,2.30180232478826e-12,False
0.5-1,10581,0,1.2920110036087987e-11,False
0.5-1,10582,0,0.00014783676443363316,False
0.5-1,10583,0,4.960106972005552e-08,False
0.5-1,10584,0,1.8725182038654415e-11,False
0.5-1,10585,0,9.272612715066015e-08,False
0.5-1,10586,0,4.069293292908851e-11,False
0.5-1,10587,0,1.2012551475514175e-09,False
0.5-1,10588,0,0.00012539936961250176,False
0.5-1,10589,0,3.2193465246845923e-10,False
0.5-1,10590,0,6.273052119690501e-10,False
0.5-1,10591,0,2.3689592233189137e-10,False
0.5-1,10592,0,3.1142108519166486e-05,False
0.5-1,10593,0,1.0442720111230732e-08,False
0.5-1,10594,0,5.044034170701056e-06,False
0.5-1,10595,0,6.596001146240709e-09,False
0.5-1,10596,0,2.0152350828580124e-10,False
0.5-1,10597,0,3.778138293170486e-10,False
0.5-1,10598,0,1.4856109373963725e-10,False
0.5-1,10599,0,9.188644012408356e-10,False
0.5-1,10600,0,2.117160920874907e-11,False
0.5-1,10601,0,9.197704844068389e-11,False
0.5-1,10602,0,1.3204956569826172e-11,False
0.5-1,10603,0,8.895983842424359e-13,False
0.5-1,10604,0,1.887997935450859e-11,False
0.5-1,10605,0,6.201533244669654e-12,False
0.5-1,10606,0,0.0002879768276823058,False
0.5-1,10607,0,8.43354604047028e-08,False
0.5-1,10608,0,1.0662608536262954e-11,False
0.5-1,10609,0,2.0249036104597508e-08,False
0.5-1,10610,0,7.0827080379508e-11,False
0.5-1,10611,0,2.9064839690530095e-09,False
0.5-1,10612,0,1.754389051140557e-05,False
0.5-1,10613,0,1.5623801449106077e-09,False
0.5-1,10614,0,1.0806665962397715e-09,False
0.5-1,10615,0,1.2998762901147377e-10,False
0.5-1,10616,0,1.2733286923967741e-05,False
0.5-1,10617,0,1.3583250689652085e-08,False
0.5-1,10618,0,5.728607498652728e-07,False
0.5-1,10619,0,2.688145666420122e-09,False
0.5-1,10620,0,2.9762139996813445e-10,False
0.5-1,10621,0,3.1916329178419476e-10,False
0.5-1,10622,0,2.603813063868461e-10,False
0.5-1,10623,0,2.879118529700476e-09,False
0.5-1,10624,0,1.0947554172982493e-13,False
0.5-1,10625,0,2.816811752595459e-13,False
0.5-1,10626,0,3.771668959349461e-13,False
0.5-1,10627,0,8.541791906922742e-13,False
0.5-1,10628,0,1.1389034725725731e-11,False
0.5-1,10629,0,1.7176256663186532e-12,False
0.5-1,10630,0,1.572438181825492e-05,False
0.5-1,10631,0,2.525569568371077e-08,False
0.5-1,10632,0,1.5249751617480806e-10,False
0.5-1,10633,0,3.797368389865273e-08,False
0.5-1,10634,0,7.381229759150231e-07,False
0.5-1,10635,0,4.036296522344121e-09,False
0.5-1,10636,0,2.38899901527761e-06,False
0.5-1,10637,0,9.665157764466568e-10,False
0.5-1,10638,0,5.008141122263697e-09,False
0.5-1,10639,0,3.341740127964035e-09,False
0.5-1,10640,0,6.222671040291394e-07,False
0.5-1,10641,0,4.277950316147438e-07,False
0.5-1,10642,0,7.225644375883544e-08,False
0.5-1,10643,0,2.8394637054721083e-09,False
0.5-1,10644,0,3.8662844289144414e-08,False
0.5-1,10645,0,7.626130796233253e-11,False
0.5-1,10646,0,2.2103272997623405e-08,False
0.5-1,10647,0,5.367475304554865e-09,False
0.5-1,10648,0,2.037450307039503e-13,False
0.5-1,10649,0,2.7190457907890927e-15,False
0.5-1,10650,0,1.5714648646345637e-13,False
0.5-1,10651,0,8.03997228286125e-05,False
0.5-1,10652,0,8.616396020682567e-09,False
0.5-1,10653,0,4.520997550938949e-10,False
0.5-1,10654,0,1.344289635202536e-07,False
0.5-1,10655,0,7.39911641121849e-08,False
0.5-1,10656,0,1.1301187023699532e-11,False
0.5-1,10657,0,5.8184528198234685e-09,False
0.5-1,10658,0,7.851533732942896e-14,False
0.5-1,10659,0,1.9315295829584194e-09,False
0.5-1,10660,0,8.443567273136132e-08,False
0.5-1,10661,0,9.137575472296408e-08,False
0.5-1,10662,0,3.2608705442093204e-09,False
0.5-1,10663,0,9.934873138052881e-10,False
0.5-1,10664,0,6.079552828542073e-08,False
0.5-1,10665,0,8.316737443325644e-06,False
0.5-1,10666,0,2.6907155971780837e-10,False
0.5-1,10667,0,2.0796356910740695e-07,False
0.5-1,10668,0,8.353457423676422e-06,False
0.5-1,10669,0,1.3353806786184115e-08,False
0.5-1,10670,0,7.146545674723349e-08,False
0.5-1,10671,0,2.502039028424239e-07,False
0.5-1,10672,0,1.7362990030994337e-11,False
0.5-1,10673,0,2.6857672496819995e-16,False
0.5-1,10674,0,7.780587469854101e-11,False
0.5-1,10675,0,2.5542279201523286e-11,False
0.5-1,10676,0,4.1529304658890146e-08,False
0.5-1,10677,0,2.2183309239122158e-15,False
0.5-1,10678,0,3.494575898382527e-09,False
0.5-1,10679,0,3.870061790199634e-07,False
0.5-1,10680,0,3.3360932646669615e-08,False
0.5-1,10681,0,2.1172152254987585e-07,False
0.5-1,10682,0,1.1831592944404712e-13,False
0.5-1,10683,0,2.1657217905769024e-08,False
0.5-1,10684,0,1.1090733477454307e-09,False
0.5-1,10685,0,7.10506083543149e-08,False
0.5-1,10686,0,9.059237183646928e-10,False
0.5-1,10687,0,4.1576875205711146e-07,False
0.5-1,10688,0,2.5659864369157773e-09,False
0.5-1,10689,0,0.00010105595818629184,False
0.5-1,10690,0,6.461754563803752e-13,False
0.5-1,10691,0,4.636555242798276e-05,False
0.5-1,10692,0,0.0004187714874994462,False
0.5-1,10693,0,5.859527279581078e-07,False
0.5-1,10694,0,0.001572187118788489,False
0.5-1,10695,0,0.0006855720523025157,False
0.5-1,10696,0,1.4445204952693046e-07,False
0.5-1,10697,0,2.683475514058853e-17,False
0.5-1,10698,0,2.4548729332742036e-13,False
0.5-1,10699,0,2.0956954774895277e-07,False
0.5-1,10700,0,4.871330487793247e-09,False
0.5-1,10701,0,1.365155337685951e-15,False
0.5-1,10702,0,4.532717739786701e-12,False
0.5-1,10703,0,8.642075206227715e-07,False
0.5-1,10704,0,7.046130985009074e-08,False
0.5-1,10705,0,2.4479243295726514e-06,False
0.5-1,10706,0,2.2305420853419793e-15,False
0.5-1,10707,0,2.6897077403737194e-06,False
0.5-1,10708,0,2.561163728231389e-12,False
0.5-1,10709,0,1.9153003435577485e-06,False
0.5-1,10710,0,1.1588292922116088e-07,False
0.5-1,10711,0,2.570358545978656e-06,False
0.5-1,10712,0,4.94782988633559e-13,False
0.5-1,10713,0,2.285186662689809e-06,False
0.5-1,10714,0,4.1346338326253756e-18,False
0.5-1,10715,0,2.129272487682202e-05,False
0.5-1,10716,0,0.0005321235143338639,False
0.5-1,10717,0,1.83903819302917e-06,False
0.5-1,10718,0,8.45492457029632e-05,False
0.5-1,10719,0,4.7202985583659776e-05,False
0.5-1,10720,0,8.088483296843158e-05,False
0.5-1,10721,0,1.286506051835912e-06,False
0.5-1,10722,0,1.3292723253746024e-05,False
0.5-1,10723,0,2.8884146251648917e-05,False
0.5-1,10724,0,1.0596573962618302e-05,False
0.5-1,10725,0,1.5185026802074094e-14,False
0.5-1,10726,0,5.807724887978022e-15,False
0.5-1,10727,0,5.739520201133099e-07,False
0.5-1,10728,0,5.867973672258022e-06,False
0.5-1,10729,0,1.9740728146193052e-16,False
0.5-1,10730,0,4.059662333754117e-14,False
0.5-1,10731,0,0.00011005756797559373,False
0.5-1,10732,0,4.465688730331686e-07,False
0.5-1,10733,0,4.5613605853722605e-06,False
0.5-1,10734,0,4.1770668391508595e-16,False
0.5-1,10735,0,2.893197198092253e-06,False
0.5-1,10736,0,7.36677449906218e-20,False
0.5-1,10737,0,9.962779892815834e-05,False
0.5-1,10738,0,1.5318490004643746e-06,False
0.5-1,10739,0,1.2441957788899205e-05,False
0.5-1,10740,0,9.925821019508248e-08,False
0.5-1,10741,0,1.6213451097299825e-09,False
0.5-1,10742,0,1.3120468779188644e-07,False
0.5-1,10743,0,3.7339375638299674e-12,False
0.5-1,10744,0,3.521164761009898e-06,False
0.5-1,10745,0,6.744486289856187e-09,False
0.5-1,10746,0,9.120602994100973e-06,False
0.5-1,10747,0,8.643353376429517e-08,False
0.5-1,10748,0,9.324645197588408e-14,False
0.5-1,10749,0,7.003579420435002e-05,False
0.5-1,10750,0,5.8093018993679335e-09,False
0.5-1,10751,0,8.708147811305234e-12,False
0.5-1,10752,0,4.742932060693312e-13,False
0.5-1,10753,0,1.717599590938472e-09,False
0.5-1,10754,0,2.639193159721723e-06,False
0.5-1,10755,0,6.84477162853756e-12,False
0.5-1,10756,0,1.2376543190933276e-12,False
0.5-1,10757,0,4.194639964583577e-09,False
0.5-1,10758,0,7.433280612090404e-10,False
0.5-1,10759,0,9.624360388358207e-11,False
0.5-1,10760,0,1.21029467642103e-05,False
0.5-1,10761,0,1.1155624607672571e-10,False
0.5-1,10762,0,5.088700126951866e-10,False
0.5-1,10763,0,6.856140912032779e-10,False
0.5-1,10764,0,3.1869026391919994e-06,False
0.5-1,10765,0,1.6950412852022645e-08,False
0.5-1,10766,0,2.4614789575278615e-06,False
0.5-1,10767,0,1.7742534648124577e-09,False
0.5-1,10768,0,4.4931134506925916e-09,False
0.5-1,10769,0,3.671139327872408e-11,False
0.5-1,10770,0,1.8288285949259603e-10,False
0.5-1,10771,0,1.2890872505033215e-09,False
0.5-1,10772,0,1.0989758312821739e-12,False
0.5-1,10773,0,1.3833514392047523e-11,False
0.5-1,10774,0,6.906820330513913e-12,False
0.5-1,10775,0,5.604351472710856e-12,False
0.5-1,10776,0,1.1350411507471895e-10,False
0.5-1,10777,0,1.974158508735233e-08,False
0.5-1,10778,0,7.348875138473918e-06,False
0.5-1,10779,0,7.750148871379707e-09,False
0.5-1,10780,0,1.5989192631393421e-12,False
0.5-1,10781,0,9.901094602306943e-08,False
0.5-1,10782,0,6.360668472909254e-11,False
0.5-1,10783,0,3.519671572430082e-10,False
0.5-1,10784,0,4.7529606410607606e-05,False
0.5-1,10785,0,1.9347039092704084e-10,False
0.5-1,10786,0,6.96101049332272e-10,False
0.5-1,10787,0,3.160500489058351e-11,False
0.5-1,10788,0,5.39711881472727e-06,False
0.5-1,10789,0,2.7503061314597312e-08,False
0.5-1,10790,0,6.370795129579353e-06,False
0.5-1,10791,0,1.4961151278058764e-08,False
0.5-1,10792,0,6.711614952940257e-11,False
0.5-1,10793,0,1.5119475690908732e-10,False
0.5-1,10794,0,4.9645861059041573e-11,False
0.5-1,10795,0,2.7725987666625816e-09,False
0.5-1,10796,0,2.643356049061823e-12,False
0.5-1,10797,0,6.451483722645019e-11,False
0.5-1,10798,0,1.516111544893217e-11,False
0.5-1,10799,0,2.3126626957335853e-12,False
0.5-1,10800,0,1.5295542421569545e-12,False
0.5-1,10801,0,3.516345468035516e-07,False
0.5-1,10802,0,7.448431842921702e-05,False
0.5-1,10803,0,4.8369656171004827e-08,False
0.5-1,10804,0,1.0277393673495436e-10,False
0.5-1,10805,0,1.1356500626664925e-07,False
0.5-1,10806,0,1.0778381263621195e-08,False
0.5-1,10807,0,6.8203397571884e-10,False
0.5-1,10808,0,3.59008118719116e-05,False
0.5-1,10809,0,9.306630499531407e-10,False
0.5-1,10810,0,5.934228626277887e-10,False
0.5-1,10811,0,2.9489917368309506e-11,False
0.5-1,10812,0,3.1991106924692156e-05,False
0.5-1,10813,0,9.186402054567826e-09,False
0.5-1,10814,0,2.88729499396113e-06,False
0.5-1,10815,0,7.742669317872326e-09,False
0.5-1,10816,0,7.31823970650332e-11,False
0.5-1,10817,0,1.4005913367447846e-10,False
0.5-1,10818,0,2.1712662848677796e-11,False
0.5-1,10819,0,5.074650888202602e-10,False
0.5-1,10820,0,2.1274323840611623e-12,False
0.5-1,10821,0,2.1064950251819606e-11,False
0.5-1,10822,0,3.4752769891307458e-12,False
0.5-1,10823,0,3.503075119865041e-12,False
0.5-1,10824,0,1.263451335100215e-12,False
0.5-1,10825,0,3.1354256942952316e-10,False
0.5-1,10826,0,6.526461601012779e-05,False
0.5-1,10827,0,4.266528734139165e-08,False
0.5-1,10828,0,5.629715651624555e-09,False
0.5-1,10829,0,3.6587410529463415e-08,False
0.5-1,10830,0,2.1745637653624272e-11,False
0.5-1,10831,0,2.8604487117707842e-09,False
0.5-1,10832,0,6.20367591494423e-05,False
0.5-1,10833,0,2.3064469310379766e-09,False
0.5-1,10834,0,4.85060376958485e-10,False
0.5-1,10835,0,2.7785065963985732e-11,False
0.5-1,10836,0,3.285960388050536e-06,False
0.5-1,10837,0,6.970561281415882e-09,False
0.5-1,10838,0,2.4156122912774783e-07,False
0.5-1,10839,0,6.55421660346368e-09,False
0.5-1,10840,0,5.004093811980067e-11,False
0.5-1,10841,0,1.1945924320483763e-10,False
0.5-1,10842,0,5.96680091025074e-11,False
0.5-1,10843,0,4.3953924420420305e-10,False
0.5-1,10844,0,5.01844637331388e-12,False
0.5-1,10845,0,7.914574175295467e-12,False
0.5-1,10846,0,5.752511858944618e-12,False
0.5-1,10847,0,1.0126874681546178e-13,False
0.5-1,10848,0,3.655857235719831e-12,False
0.5-1,10849,0,6.415588392692359e-12,False
0.5-1,10850,0,2.8349542415595738e-05,False
0.5-1,10851,0,1.6822671200287332e-08,False
0.5-1,10852,0,4.496171405710884e-11,False
0.5-1,10853,0,8.228300542186244e-07,False
0.5-1,10854,0,2.0838149854871107e-12,False
0.5-1,10855,0,3.5053688696092043e-09,False
0.5-1,10856,0,3.0343655749307706e-06,False
0.5-1,10857,0,7.52024728634113e-09,False
0.5-1,10858,0,3.929234524626019e-09,False
0.5-1,10859,0,4.4949442318941284e-09,False
0.5-1,10860,0,4.659090937848422e-07,False
0.5-1,10861,0,1.7650407324403272e-08,False
0.5-1,10862,0,1.0433861946992933e-07,False
0.5-1,10863,0,4.865684202283865e-10,False
0.5-1,10864,0,1.3464918726373269e-09,False
0.5-1,10865,0,3.248246648509234e-11,False
0.5-1,10866,0,2.0961241507878517e-10,False
0.5-1,10867,0,1.6879519038318954e-10,False
0.5-1,10868,0,8.345584248960251e-11,False
0.5-1,10869,0,2.2688277079784913e-15,False
0.5-1,10870,0,1.3194545918013375e-13,False
0.5-1,10871,0,3.5903386597946043e-10,False
0.5-1,10872,0,4.878988665596271e-12,False
0.5-1,10873,0,2.4334192387985866e-11,False
0.5-1,10874,0,9.428119603032997e-07,False
0.5-1,10875,0,3.9361814942546847e-07,False
0.5-1,10876,0,3.890835104297116e-10,False
0.5-1,10877,0,8.757043173573176e-07,False
0.5-1,10878,0,2.796465185188988e-12,False
0.5-1,10879,0,1.5688500785755403e-08,False
0.5-1,10880,0,8.220804594891646e-08,False
0.5-1,10881,0,3.1729365398953975e-07,False
0.5-1,10882,0,7.08307639088688e-09,False
0.5-1,10883,0,6.471383465246273e-09,False
0.5-1,10884,0,9.11290994245936e-09,False
0.5-1,10885,0,9.588942633047431e-08,False
0.5-1,10886,0,3.1748900922873694e-10,False
0.5-1,10887,0,4.346055583559193e-09,False
0.5-1,10888,0,7.658851669657094e-08,False
0.5-1,10889,0,5.328237756611015e-12,False
0.5-1,10890,0,2.047875705420104e-08,False
0.5-1,10891,0,3.788864880125762e-09,False
0.5-1,10892,0,9.371091867365482e-11,False
0.5-1,10893,0,7.233549996007215e-14,False
0.5-1,10894,0,1.0901286198261395e-15,False
0.5-1,10895,0,9.586987129193316e-09,False
0.5-1,10896,0,7.106815394804978e-08,False
0.5-1,10897,0,1.4605541250415973e-10,False
0.5-1,10898,0,2.7852673740780578e-08,False
0.5-1,10899,0,9.355751850709716e-07,False
0.5-1,10900,0,7.380448871091909e-09,False
0.5-1,10901,0,0.0011936946286335353,False
0.5-1,10902,0,1.3202373791930691e-14,False
0.5-1,10903,0,2.650596680439021e-06,False
0.5-1,10904,0,3.9388299966936796e-10,False
0.5-1,10905,0,0.0007125616632371388,False
0.5-1,10906,0,5.619607019143391e-08,False
0.5-1,10907,0,6.392426026784692e-07,False
0.5-1,10908,0,3.648239906652396e-10,False
0.5-1,10909,0,0.00013857060548053254,False
0.5-1,10910,0,3.2694642552278692e-12,False
0.5-1,10911,0,7.66030233887994e-05,False
0.5-1,10912,0,4.5555578393957505e-05,False
0.5-1,10913,0,8.197739975607485e-10,False
0.5-1,10914,0,7.539523171337973e-05,False
0.5-1,10915,0,1.3005859065001033e-06,False
0.5-1,10916,0,2.886264457248678e-06,False
0.5-1,10917,0,4.2061777126446724e-15,False
0.5-1,10918,0,2.1336620157513e-18,False
0.5-1,10919,0,1.1398296344683141e-10,False
0.5-1,10920,0,1.9030197566907476e-07,False
0.5-1,10921,0,9.55302775548956e-14,False
0.5-1,10922,0,3.5542433323026127e-10,False
0.5-1,10923,0,1.4101846373346082e-05,False
0.5-1,10924,0,9.483391183807763e-08,False
0.5-1,10925,0,0.00010136830452607854,False
0.5-1,10926,0,1.6892243280214205e-18,False
0.5-1,10927,0,6.470585344034141e-05,False
0.5-1,10928,0,2.896165405125819e-13,False
0.5-1,10929,0,0.006147358715650105,False
0.5-1,10930,0,3.840077139721269e-06,False
0.5-1,10931,0,0.00016751727821747234,False
0.5-1,10932,0,8.326310654919284e-14,False
0.5-1,10933,0,1.8567441623714564e-06,False
0.5-1,10934,0,2.6338004380581875e-18,False
0.5-1,10935,0,6.07482112681405e-05,False
0.5-1,10936,0,0.0004793650707853203,False
0.5-1,10937,0,8.066301324152131e-07,False
0.5-1,10938,0,0.00018161441924319753,False
0.5-1,10939,0,0.00010321271312566194,False
0.5-1,10940,0,5.038154964471577e-05,False
0.5-1,10941,0,2.655566142957547e-07,False
0.5-1,10942,0,2.3570426003627164e-06,False
0.5-1,10943,0,5.6504595787459874e-05,False
0.5-1,10944,0,0.00012471730794645552,False
0.5-1,10945,0,2.3041108046439894e-18,False
0.5-1,10946,0,6.435149576284957e-18,False
0.5-1,10947,0,8.013090688542708e-07,False
0.5-1,10948,0,0.0005946639926463125,False
0.5-1,10949,0,4.084546107537573e-17,False
0.5-1,10950,0,5.126335050743956e-16,False
0.5-1,10951,0,0.0004425957439598033,False
0.5-1,10952,0,3.406937442551203e-07,False
0.5-1,10953,0,1.4738529201619727e-05,False
0.5-1,10954,0,1.42874223774755e-20,False
0.5-1,10955,0,3.7179758563634105e-06,False
0.5-1,10956,0,1.4724547448340393e-21,False
0.5-1,10957,0,9.084541081344401e-05,False
0.5-1,10958,0,2.445340163577433e-06,False
0.5-1,10959,0,3.119639921273816e-05,False
0.5-1,10960,0,0.00012127099545271441,False
0.5-1,10961,0,2.869644180972014e-09,False
0.5-1,10962,0,1.0619246190931721e-06,False
0.5-1,10963,0,7.237355841291856e-12,False
0.5-1,10964,0,8.604880813815916e-08,False
0.5-1,10965,0,4.125082370166796e-09,False
0.5-1,10966,0,3.648569357179645e-08,False
0.5-1,10967,0,2.298430226239455e-09,False
0.5-1,10968,0,1.3742547928838955e-12,False
0.5-1,10969,0,0.017962657928054293,False
0.5-1,10970,0,1.971939970146696e-11,False
0.5-1,10971,0,4.96998882413128e-12,False
0.5-1,10972,0,5.743925245406213e-09,False
0.5-1,10973,0,9.376828228383562e-05,False
0.5-1,10974,0,6.273372701609933e-07,False
0.5-1,10975,0,1.5328718336062338e-11,False
0.5-1,10976,0,4.913724882523229e-12,False
0.5-1,10977,0,3.02334907570444e-09,False
0.5-1,10978,0,2.6576964504006025e-11,False
0.5-1,10979,0,8.196886663170921e-10,False
0.5-1,10980,0,8.234040674455909e-06,False
0.5-1,10981,0,5.576646487140057e-10,False
0.5-1,10982,0,9.817511993359115e-09,False
0.5-1,10983,0,3.493245595752209e-08,False
0.5-1,10984,0,1.4321294300186562e-06,False
0.5-1,10985,0,1.2197364747746205e-08,False
0.5-1,10986,0,1.9145796790569684e-06,False
0.5-1,10987,0,3.5344796956438397e-09,False
0.5-1,10988,0,6.476890800934078e-10,False
0.5-1,10989,0,5.5438642713416204e-11,False
0.5-1,10990,0,3.328131045443867e-11,False
0.5-1,10991,0,5.008588334916422e-10,False
0.5-1,10992,0,9.558050076986318e-13,False
0.5-1,10993,0,1.1005980860728625e-10,False
0.5-1,10994,0,1.703017620140346e-10,False
0.5-1,10995,0,2.3425597091240963e-11,False
0.5-1,10996,0,7.93674027351304e-11,False
0.5-1,10997,0,1.0657702685793177e-11,False
0.5-1,10998,0,5.9123153537981086e-06,False
0.5-1,10999,0,1.1961108766284107e-08,False
0.5-1,11000,0,1.1803284745837414e-08,False
0.5-1,11001,0,3.034146920792584e-08,False
0.5-1,11002,0,1.132814533713527e-10,False
0.5-1,11003,0,3.1889944380701873e-10,False
0.5-1,11004,0,2.206860338916698e-05,False
0.5-1,11005,0,1.3514788004328903e-10,False
0.5-1,11006,0,4.726573087209449e-10,False
0.5-1,11007,0,8.537180924318131e-10,False
0.5-1,11008,0,1.08411177370111e-05,False
0.5-1,11009,0,4.4503774216473597e-08,False
0.5-1,11010,0,7.385508181868205e-06,False
0.5-1,11011,0,2.2126511736295764e-08,False
0.5-1,11012,0,2.2335330293686628e-10,False
0.5-1,11013,0,2.632789716939831e-10,False
0.5-1,11014,0,6.351379721486916e-11,False
0.5-1,11015,0,9.787908900613684e-10,False
0.5-1,11016,0,1.1096385284175537e-11,False
0.5-1,11017,0,1.1695328967779164e-10,False
0.5-1,11018,0,4.692260520514519e-10,False
0.5-1,11019,0,2.6852652766929925e-08,False
0.5-1,11020,0,1.3883061699278348e-11,False
0.5-1,11021,0,5.94238478588978e-10,False
0.5-1,11022,0,4.0665675562635216e-05,False
0.5-1,11023,0,5.7229070881005075e-08,False
0.5-1,11024,0,3.6203593532833465e-09,False
0.5-1,11025,0,1.0076736209984514e-07,False
0.5-1,11026,0,2.45153707909986e-10,False
0.5-1,11027,0,8.525325603512252e-10,False
0.5-1,11028,0,6.273082392061528e-05,False
0.5-1,11029,0,1.7925902309934175e-10,False
0.5-1,11030,0,6.989756352417785e-10,False
0.5-1,11031,0,1.579174505861845e-10,False
0.5-1,11032,0,1.8887935472225315e-05,False
0.5-1,11033,0,2.8711676277884552e-08,False
0.5-1,11034,0,5.069850146195963e-07,False
0.5-1,11035,0,2.1099951331822968e-08,False
0.5-1,11036,0,2.2945510353115454e-10,False
0.5-1,11037,0,1.7034716872941133e-10,False
0.5-1,11038,0,3.5093464734104817e-11,False
0.5-1,11039,0,7.647490615988452e-10,False
0.5-1,11040,0,2.7700987177199755e-12,False
0.5-1,11041,0,0.005877323325643855,False
0.5-1,11042,0,1.1602374298983477e-11,False
0.5-1,11043,0,7.345021860670227e-12,False
0.5-1,11044,0,7.025313079955417e-12,False
0.5-1,11045,0,2.5694614572442986e-08,False
0.5-1,11046,0,5.493712276513483e-05,False
0.5-1,11047,0,6.740637363409759e-08,False
0.5-1,11048,0,2.7583191590678027e-11,False
0.5-1,11049,0,7.303432453731437e-08,False
0.5-1,11050,0,1.808616720205258e-10,False
0.5-1,11051,0,5.843182869239764e-10,False
0.5-1,11052,0,2.651883534333503e-05,False
0.5-1,11053,0,4.962508356134767e-10,False
0.5-1,11054,0,4.569271449397069e-10,False
0.5-1,11055,0,8.023157494831583e-11,False
0.5-1,11056,0,9.242868184398963e-06,False
0.5-1,11057,0,2.557100326278726e-08,False
0.5-1,11058,0,1.1643598194082507e-07,False
0.5-1,11059,0,5.478146568875922e-08,False
0.5-1,11060,0,1.5463557770856234e-10,False
0.5-1,11061,0,2.907824460517926e-11,False
0.5-1,11062,0,3.414620858729072e-11,False
0.5-1,11063,0,1.7829294510818964e-09,False
0.5-1,11064,0,1.2158669181531623e-11,False
0.5-1,11065,0,2.70209904105004e-12,False
0.5-1,11066,0,2.0482427560359035e-12,False
0.5-1,11067,0,6.810445067290886e-13,False
0.5-1,11068,0,6.578393806556385e-12,False
0.5-1,11069,0,3.23846919408064e-11,False
0.5-1,11070,0,1.3291053237720076e-05,False
0.5-1,11071,0,1.8795709267307274e-08,False
0.5-1,11072,0,2.188175298974978e-09,False
0.5-1,11073,0,1.869367036418551e-07,False
0.5-1,11074,0,1.8045763079703516e-11,False
0.5-1,11075,0,5.366874198278707e-09,False
0.5-1,11076,0,6.7773888239231375e-06,False
0.5-1,11077,0,1.4505777083512753e-09,False
0.5-1,11078,0,1.808230822708508e-10,False
0.5-1,11079,0,2.6689643297006716e-10,False
0.5-1,11080,0,1.5282699294761053e-07,False
0.5-1,11081,0,3.6504846941110543e-06,False
0.5-1,11082,0,3.245401766563594e-08,False
0.5-1,11083,0,1.5667646075941663e-08,False
0.5-1,11084,0,1.1664401405012473e-08,False
0.5-1,11085,0,1.2615807475259812e-10,False
0.5-1,11086,0,5.9090344110148325e-09,False
0.5-1,11087,0,6.846561880421097e-10,False
0.5-1,11088,0,2.3295654513915576e-12,False
0.5-1,11089,0,4.1165913830148834e-15,False
0.5-1,11090,0,2.2896863353402283e-13,False
0.5-1,11091,0,0.003839537101781786,False
0.5-1,11092,0,2.475570958995976e-10,False
0.5-1,11093,0,3.5801792809087566e-14,False
0.5-1,11094,0,9.081120091283258e-07,False
0.5-1,11095,0,2.0515041595541886e-08,False
0.5-1,11096,0,8.56658271042427e-09,False
0.5-1,11097,0,4.929772668001164e-07,False
0.5-1,11098,0,4.974540585875533e-13,False
0.5-1,11099,0,1.3420673626681825e-10,False
0.5-1,11100,0,2.1144366766358505e-07,False
0.5-1,11101,0,1.1268237091627282e-07,False
0.5-1,11102,0,3.683895478304296e-11,False
0.5-1,11103,0,9.486574860759815e-09,False
0.5-1,11104,0,5.810224003505845e-09,False
0.5-1,11105,0,1.1007651358395786e-06,False
0.5-1,11106,0,2.5571716903753765e-10,False
0.5-1,11107,0,9.820752398996728e-07,False
0.5-1,11108,0,1.7510167966777196e-05,False
0.5-1,11109,0,1.1413391577198397e-09,False
0.5-1,11110,0,4.5518008216489017e-07,False
0.5-1,11111,0,2.5742800565212776e-09,False
0.5-1,11112,0,8.582567606662071e-10,False
0.5-1,11113,0,6.815985808459319e-15,False
0.5-1,11114,0,3.1431666538147233e-16,False
0.5-1,11115,0,5.270536285109761e-09,False
0.5-1,11116,0,1.6526779418982204e-11,False
0.5-1,11117,0,6.378694180265119e-16,False
0.5-1,11118,0,6.815406172156877e-08,False
0.5-1,11119,0,2.2150948605090019e-07,False
0.5-1,11120,0,2.6435372725908076e-09,False
0.5-1,11121,0,0.00026166681308529123,False
0.5-1,11122,0,4.7553863803071885e-17,False
0.5-1,11123,0,6.777271041147415e-10,False
0.5-1,11124,0,4.612192243544791e-09,False
0.5-1,11125,0,8.944154445110588e-07,False
0.5-1,11126,0,6.051671232385142e-11,False
0.5-1,11127,0,4.763275490989834e-06,False
0.5-1,11128,0,1.870549346589015e-11,False
0.5-1,11129,0,0.0006901047862990776,False
0.5-1,11130,0,7.301270865837457e-13,False
0.5-1,11131,0,0.00013395775231378945,False
0.5-1,11132,0,0.000388600848953965,False
0.5-1,11133,0,1.1022469441687232e-07,False
0.5-1,11134,0,0.001740909282994386,False
0.5-1,11135,0,1.8696314162538633e-07,False
0.5-1,11136,0,7.1605283698135744e-09,False
0.5-1,11137,0,8.292235839380274e-18,False
0.5-1,11138,0,2.0158488270628706e-18,False
0.5-1,11139,0,2.4772736940664883e-05,False
0.5-1,11140,0,6.784112370937557e-07,False
0.5-1,11141,0,6.483580490959242e-17,False
0.5-1,11142,0,5.966279727974143e-11,False
0.5-1,11143,0,3.1210016835430166e-05,False
0.5-1,11144,0,0.0002714852331200622,False
0.5-1,11145,0,0.0005000195031199941,False
0.5-1,11146,0,1.7887456758944246e-16,False
0.5-1,11147,0,1.1170664880902171e-07,False
0.5-1,11148,0,3.257699008013782e-11,False
0.5-1,11149,0,0.00012791451424006985,False
0.5-1,11150,0,4.60500819583676e-10,False
0.5-1,11151,0,9.109906944974107e-06,False
0.5-1,11152,0,2.0926016909600428e-15,False
0.5-1,11153,0,7.199782436409889e-06,False
0.5-1,11154,0,1.1711861781202215e-18,False
0.5-1,11155,0,5.357360650833087e-05,False
0.5-1,11156,0,0.0004061335517907139,False
0.5-1,11157,0,2.2600529114495553e-06,False
0.5-1,11158,0,0.0003816220899814669,False
0.5-1,11159,0,1.2121968956174454e-06,False
0.5-1,11160,0,8.047422612688852e-05,False
0.5-1,11161,0,1.234301937653277e-06,False
0.5-1,11162,0,2.3989224273707562e-06,False
0.5-1,11163,0,0.00010502537059065161,False
0.5-1,11164,0,1.6656604965645293e-06,False
0.5-1,11165,0,1.0419250176578298e-13,False
0.5-1,11166,0,3.3492259615500144e-17,False
0.5-1,11167,0,1.642705144822814e-07,False
0.5-1,11168,0,6.481560546101313e-07,False
0.5-1,11169,0,3.859918955794209e-16,False
0.5-1,11170,0,2.3442256337957503e-14,False
0.5-1,11171,0,0.0006331375806065421,False
0.5-1,11172,0,8.061352450508924e-07,False
0.5-1,11173,0,6.371686945081122e-06,False
0.5-1,11174,0,9.184862001258918e-19,False
0.5-1,11175,0,1.0649357921978823e-06,False
0.5-1,11176,0,2.1384776595044934e-18,False
0.5-1,11177,0,0.00013260161087574844,False
0.5-1,11178,0,4.2617381296405623e-08,False
0.5-1,11179,0,1.9681730057793855e-05,False
0.5-1,11180,0,3.1763573833412165e-06,False
0.5-1,11181,0,8.624792015934259e-10,False
0.5-1,11182,0,1.7057283240395896e-07,False
0.5-1,11183,0,1.9158866713325303e-12,False
0.5-1,11184,0,2.7474683107532965e-06,False
0.5-1,11185,0,2.265651027139275e-09,False
0.5-1,11186,0,0.001113336321708345,False
0.5-1,11187,0,2.6792019107383018e-08,False
0.5-1,11188,0,7.550522997900362e-06,False
0.5-1,11189,0,6.664543807553652e-09,False
0.5-1,11190,0,1.1890156402134102e-09,False
0.5-1,11191,0,4.678914933796982e-10,False
0.5-1,11192,0,8.764914292058261e-10,False
0.5-1,11193,0,2.554183596765022e-11,False
0.5-1,11194,0,1.6213364343160467e-06,False
0.5-1,11195,0,1.4450389877990074e-11,False
0.5-1,11196,0,2.0005857228989277e-12,False
0.5-1,11197,0,1.9393720743710048e-09,False
0.5-1,11198,0,1.1877528008982653e-10,False
0.5-1,11199,0,6.830367956384367e-11,False
0.5-1,11200,0,1.4288828824797197e-05,False
0.5-1,11201,0,1.4377584828989242e-09,False
0.5-1,11202,0,4.252360880676449e-11,False
0.5-1,11203,0,1.2583450824986155e-10,False
0.5-1,11204,0,2.2095132497160057e-06,False
0.5-1,11205,0,2.9595933534797254e-08,False
0.5-1,11206,0,6.4830976274669e-06,False
0.5-1,11207,0,5.435148300003461e-09,False
0.5-1,11208,0,1.3732781585500375e-08,False
0.5-1,11209,0,1.5471432024029107e-10,False
0.5-1,11210,0,1.1552013209941474e-09,False
0.5-1,11211,0,1.765557934191907e-10,False
0.5-1,11212,0,1.7231548487006717e-12,False
0.5-1,11213,0,6.192170220723732e-10,False
0.5-1,11214,0,2.0594686851669346e-12,False
0.5-1,11215,0,2.3793195555383306e-09,False
0.5-1,11216,0,3.5429839091526225e-09,False
0.5-1,11217,0,2.0036307391351204e-12,False
0.5-1,11218,0,1.3509928105569271e-05,False
0.5-1,11219,0,1.1867438830778218e-08,False
0.5-1,11220,0,3.853003929170261e-11,False
0.5-1,11221,0,4.3358679791718286e-08,False
0.5-1,11222,0,4.466685011492575e-10,False
0.5-1,11223,0,1.1770776539262363e-10,False
0.5-1,11224,0,7.679336502594712e-06,False
0.5-1,11225,0,1.912612168864409e-10,False
0.5-1,11226,0,8.509102944818126e-11,False
0.5-1,11227,0,1.2924667472272479e-10,False
0.5-1,11228,0,4.9482454572794535e-06,False
0.5-1,11229,0,6.342600329416728e-08,False
0.5-1,11230,0,1.9710055808877026e-06,False
0.5-1,11231,0,2.3380000317471223e-08,False
0.5-1,11232,0,1.4937587374634622e-10,False
0.5-1,11233,0,3.850270211950801e-11,False
0.5-1,11234,0,9.002622914424709e-10,False
0.5-1,11235,0,3.492614438567508e-10,False
0.5-1,11236,0,5.7270923580675944e-12,False
0.5-1,11237,0,8.6851005929837e-05,False
0.5-1,11238,0,9.184877133421159e-12,False
0.5-1,11239,0,4.6850837851072765e-12,False
0.5-1,11240,0,2.4177488747503728e-11,False
0.5-1,11241,0,3.5272847770708695e-11,False
0.5-1,11242,0,8.041424413741154e-06,False
0.5-1,11243,0,2.8361641165673716e-08,False
0.5-1,11244,0,7.46607342482224e-11,False
0.5-1,11245,0,1.7888393861570146e-07,False
0.5-1,11246,0,1.2845735163936843e-11,False
0.5-1,11247,0,1.6049657274878684e-10,False
0.5-1,11248,0,7.7909469012816e-06,False
0.5-1,11249,0,1.2444520286965396e-10,False
0.5-1,11250,0,4.914162173759281e-10,False
0.5-1,11251,0,3.245286435689446e-11,False
0.5-1,11252,0,1.0544208777902624e-05,False
0.5-1,11253,0,1.935860118557355e-07,False
0.5-1,11254,0,1.9067652693226723e-06,False
0.5-1,11255,0,3.973571142164286e-07,False
0.5-1,11256,0,1.9189034983200916e-10,False
0.5-1,11257,0,4.467493886007647e-11,False
0.5-1,11258,0,2.031077256779079e-11,False
0.5-1,11259,0,4.559904648853836e-10,False
0.5-1,11260,0,1.5536724518218742e-11,False
0.5-1,11261,0,6.210158128516472e-09,False
0.5-1,11262,0,4.999561158074141e-12,False
0.5-1,11263,0,6.305873505075892e-11,False
0.5-1,11264,0,7.287477225833806e-10,False
0.5-1,11265,0,2.074823247293472e-11,False
0.5-1,11266,0,1.0503766297853445e-05,False
0.5-1,11267,0,6.780395622678268e-08,False
0.5-1,11268,0,5.965597655020353e-11,False
0.5-1,11269,0,4.1370116602582756e-08,False
0.5-1,11270,0,1.2581711504645512e-10,False
0.5-1,11271,0,2.951026677295812e-10,False
0.5-1,11272,0,1.7649987593191166e-05,False
0.5-1,11273,0,8.645566298456162e-11,False
0.5-1,11274,0,5.655740661128801e-11,False
0.5-1,11275,0,2.077079707347608e-10,False
0.5-1,11276,0,6.918976805771038e-07,False
0.5-1,11277,0,9.55506198226248e-08,False
0.5-1,11278,0,2.4932859840054755e-07,False
0.5-1,11279,0,3.3326994028262006e-06,False
0.5-1,11280,0,4.3652446787310387e-11,False
0.5-1,11281,0,1.3681768167869188e-11,False
0.5-1,11282,0,1.414333970253935e-11,False
0.5-1,11283,0,1.0178574506309883e-10,False
0.5-1,11284,0,3.651810072185334e-11,False
0.5-1,11285,0,1.5416589013446967e-12,False
0.5-1,11286,0,4.969229125340941e-12,False
0.5-1,11287,0,9.990885210450866e-13,False
0.5-1,11288,0,2.933324633751996e-10,False
0.5-1,11289,0,4.1568088781760495e-13,False
0.5-1,11290,0,3.178936953343538e-06,False
0.5-1,11291,0,3.201308012428609e-08,False
0.5-1,11292,0,9.774537810607906e-12,False
0.5-1,11293,0,8.794263123091502e-08,False
0.5-1,11294,0,2.404775258789759e-06,False
0.5-1,11295,0,1.0106100680534508e-10,False
0.5-1,11296,0,1.4350878124780826e-06,False
0.5-1,11297,0,1.0442367725742423e-09,False
0.5-1,11298,0,1.7280617356802695e-10,False
0.5-1,11299,0,6.817672364763939e-07,False
0.5-1,11300,0,1.37765834859402e-07,False
0.5-1,11301,0,1.360685386755606e-07,False
0.5-1,11302,0,3.236162313940934e-08,False
0.5-1,11303,0,7.145495608433548e-06,False
0.5-1,11304,0,1.3558447581555413e-09,False
0.5-1,11305,0,8.817717018930609e-13,False
0.5-1,11306,0,1.3896519345093402e-10,False
0.5-1,11307,0,2.7272330574436088e-11,False
0.5-1,11308,0,4.1644285484051305e-08,False
0.5-1,11309,0,2.0543403604641856e-13,False
0.5-1,11310,0,1.774194736145068e-13,False
0.5-1,11311,0,9.97584914217796e-13,False
0.5-1,11312,0,1.9943482534281856e-11,False
0.5-1,11313,0,8.362319513191361e-15,False
0.5-1,11314,0,4.520060379776014e-07,False
0.5-1,11315,0,1.2048896842396817e-06,False
0.5-1,11316,0,7.328415775492197e-10,False
0.5-1,11317,0,1.7351793309982254e-08,False
0.5-1,11318,0,4.2815476861456667e-13,False
0.5-1,11319,0,4.96028041751232e-11,False
0.5-1,11320,0,9.870940266124571e-08,False
0.5-1,11321,0,3.8282068627333194e-08,False
0.5-1,11322,0,4.7959561126244053e-11,False
0.5-1,11323,0,1.2195194872182983e-07,False
0.5-1,11324,0,9.538806249569675e-09,False
0.5-1,11325,0,1.5021391355636816e-07,False
0.5-1,11326,0,7.675100595679146e-11,False
0.5-1,11327,0,0.00010130745672167094,False
0.5-1,11328,0,1.3128842273370086e-05,False
0.5-1,11329,0,2.3385220255180255e-12,False
0.5-1,11330,0,4.773400635105349e-08,False
0.5-1,11331,0,1.8112813926909278e-10,False
0.5-1,11332,0,8.635300527277512e-07,False
0.5-1,11333,0,2.4516117869193746e-17,False
0.5-1,11334,0,2.0827060286829466e-14,False
0.5-1,11335,0,3.269993871926905e-10,False
0.5-1,11336,0,6.177361865931342e-10,False
0.5-1,11337,0,2.9458404898647403e-16,False
0.5-1,11338,0,1.2798040502931356e-07,False
0.5-1,11339,0,5.37299324034956e-06,False
0.5-1,11340,0,0.00017361772304589902,False
0.5-1,11341,0,0.00041482249478650297,False
0.5-1,11342,0,4.46583864072879e-16,False
0.5-1,11343,0,7.548646126043899e-10,False
0.5-1,11344,0,4.053989974382204e-09,False
0.5-1,11345,0,5.978498740067639e-09,False
0.5-1,11346,0,4.0796485769552705e-09,False
0.5-1,11347,0,0.00659535125574891,False
0.5-1,11348,0,2.4362543131369414e-11,False
0.5-1,11349,0,0.0002471223109942592,False
0.5-1,11350,0,4.455088394837841e-14,False
0.5-1,11351,0,2.525246695889575e-05,False
0.5-1,11352,0,0.0011175935394176508,False
0.5-1,11353,0,1.0469846264323118e-11,False
0.5-1,11354,0,0.0004384055799313528,False
0.5-1,11355,0,2.2170350307664026e-07,False
0.5-1,11356,0,0.0006122771168681616,False
0.5-1,11357,0,4.855122656742797e-16,False
0.5-1,11358,0,2.820330356998405e-13,False
0.5-1,11359,0,4.518878637241894e-06,False
0.5-1,11360,0,0.0015501202452968441,False
0.5-1,11361,0,1.6667041502833644e-17,False
0.5-1,11362,0,2.4694634254451698e-11,False
0.5-1,11363,0,0.0007720961552036741,False
0.5-1,11364,0,0.00029442149751836944,False
0.5-1,11365,0,9.819109275258321e-05,False
0.5-1,11366,0,5.015935278862525e-20,False
0.5-1,11367,0,5.552110144779446e-10,False
0.5-1,11368,0,4.569818869358623e-13,False
0.5-1,11369,0,0.00012065615175789926,False
0.5-1,11370,0,1.526740166436065e-06,False
0.5-1,11371,0,0.00019967158382158172,False
0.5-1,11372,0,2.685267754870376e-15,False
0.5-1,11373,0,1.4685529487260546e-06,False
0.5-1,11374,0,8.808103984115035e-21,False
0.5-1,11375,0,2.4029255022961793e-05,False
0.5-1,11376,0,0.001525417822884707,False
0.5-1,11377,0,2.5819111523370336e-08,False
0.5-1,11378,0,0.00020599277353094037,False
0.5-1,11379,0,5.071167760500392e-07,False
0.5-1,11380,0,0.00010530366946716256,False
0.5-1,11381,0,2.9834031488536276e-07,False
0.5-1,11382,0,2.216925685358459e-06,False
0.5-1,11383,0,0.00010121557333866417,False
0.5-1,11384,0,5.00303176931259e-06,False
0.5-1,11385,0,1.0952836032350506e-14,False
0.5-1,11386,0,3.470924670089616e-14,False
0.5-1,11387,0,1.2305763301208354e-06,False
0.5-1,11388,0,5.6947761021583264e-05,False
0.5-1,11389,0,6.773309487442635e-17,False
0.5-1,11390,0,1.1346305447374462e-14,False
0.5-1,11391,0,0.00014719910927760138,False
0.5-1,11392,0,1.3300889881390403e-06,False
0.5-1,11393,0,2.5499319756319073e-06,False
0.5-1,11394,0,4.643954171818726e-16,False
0.5-1,11395,0,1.5209707123769706e-08,False
0.5-1,11396,0,1.561070710912463e-18,False
0.5-1,11397,0,6.0820285252153526e-05,False
0.5-1,11398,0,2.280551306005883e-07,False
0.5-1,11399,0,3.233875458064165e-05,False
0.5-1,11400,0,6.475095832995577e-05,False
0.5-1,11401,0,1.5522963313202277e-09,False
0.5-1,11402,0,1.575627694483541e-07,False
0.5-1,11403,0,1.0267334486334223e-11,False
0.5-1,11404,0,0.00017909249298649524,False
0.5-1,11405,0,1.2509654383369567e-09,False
0.5-1,11406,0,5.091243507785211e-06,False
0.5-1,11407,0,1.3900376826104341e-06,False
0.5-1,11408,0,2.331606195395013e-10,False
0.5-1,11409,0,7.691097971656766e-09,False
0.5-1,11410,0,2.966821432337692e-07,False
0.5-1,11411,0,2.427146097747489e-09,False
0.5-1,11412,0,5.4458371238559245e-08,False
0.5-1,11413,0,1.654906096714046e-09,False
0.5-1,11414,0,5.7117483760347385e-06,False
0.5-1,11415,0,6.182285304597976e-12,False
0.5-1,11416,0,9.742023541731656e-14,False
0.5-1,11417,0,4.090654822799744e-09,False
0.5-1,11418,0,5.644422266577721e-11,False
0.5-1,11419,0,5.864517809517633e-10,False
0.5-1,11420,0,1.1965452899697856e-05,False
0.5-1,11421,0,1.4181567890874e-06,False
0.5-1,11422,0,2.3818531297069454e-11,False
0.5-1,11423,0,3.1013654626351985e-09,False
0.5-1,11424,0,1.3300313078095891e-06,False
0.5-1,11425,0,1.5270957858622152e-08,False
0.5-1,11426,0,1.52038044842333e-06,False
0.5-1,11427,0,3.1012900884665258e-09,False
0.5-1,11428,0,8.068946032863714e-09,False
0.5-1,11429,0,9.302177642366785e-12,False
0.5-1,11430,0,6.831370422506288e-11,False
0.5-1,11431,0,4.985602905433366e-10,False
0.5-1,11432,0,1.6210029596584241e-12,False
0.5-1,11433,0,9.002640169089622e-10,False
0.5-1,11434,0,5.754341077827969e-09,False
0.5-1,11435,0,7.66579858833558e-11,False
0.5-1,11436,0,1.5644053521609997e-13,False
0.5-1,11437,0,4.357104332559382e-08,False
0.5-1,11438,0,1.1390903684976845e-05,False
0.5-1,11439,0,6.998945539019253e-09,False
0.5-1,11440,0,3.231975575918316e-12,False
0.5-1,11441,0,3.121039757585197e-07,False
0.5-1,11442,0,5.076710593310859e-10,False
0.5-1,11443,0,7.353631230920777e-11,False
0.5-1,11444,0,5.404898130592271e-06,False
0.5-1,11445,0,3.0901634225989684e-10,False
0.5-1,11446,0,6.501393737045455e-11,False
0.5-1,11447,0,7.219470579165771e-11,False
0.5-1,11448,0,5.817281454481483e-06,False
0.5-1,11449,0,3.7901182298010944e-07,False
0.5-1,11450,0,1.5815805872656543e-06,False
0.5-1,11451,0,4.443208625606081e-08,False
0.5-1,11452,0,2.957216325234316e-10,False
0.5-1,11453,0,2.4538286886328255e-11,False
0.5-1,11454,0,9.478721510190204e-11,False
0.5-1,11455,0,1.777222891080322e-10,False
0.5-1,11456,0,5.984296174418444e-12,False
0.5-1,11457,0,2.705201763306097e-10,False
0.5-1,11458,0,3.304513008939451e-11,False
0.5-1,11459,0,8.815150969143487e-12,False
0.5-1,11460,0,2.723455108852074e-12,False
0.5-1,11461,0,1.5943169008075954e-11,False
0.5-1,11462,0,6.149367556588867e-05,False
0.5-1,11463,0,3.619308630423603e-08,False
0.5-1,11464,0,3.9533860399063364e-11,False
0.5-1,11465,0,5.215011272363251e-08,False
0.5-1,11466,0,2.3547585475869073e-07,False
0.5-1,11467,0,4.6154081846138613e-10,False
0.5-1,11468,0,5.81019518944581e-06,False
0.5-1,11469,0,4.6267145792734854e-10,False
0.5-1,11470,0,3.891745641434264e-11,False
0.5-1,11471,0,8.01103860874322e-12,False
0.5-1,11472,0,2.837638804083461e-05,False
0.5-1,11473,0,2.9801916160139757e-07,False
0.5-1,11474,0,3.1522075499242607e-07,False
0.5-1,11475,0,2.5327172082739083e-08,False
0.5-1,11476,0,5.603839330197382e-10,False
0.5-1,11477,0,2.965654322472737e-11,False
0.5-1,11478,0,5.219226701364537e-11,False
0.5-1,11479,0,1.4513884146815644e-10,False
0.5-1,11480,0,1.685421860226557e-11,False
0.5-1,11481,0,3.2364403466890493e-12,False
0.5-1,11482,0,7.782860650750488e-12,False
0.5-1,11483,0,8.94264017234914e-09,False
0.5-1,11484,0,3.896878297009991e-12,False
0.5-1,11485,0,9.364539088643738e-12,False
0.5-1,11486,0,4.5139931662679185e-06,False
0.5-1,11487,0,4.688855175812996e-08,False
0.5-1,11488,0,1.3561635201270383e-11,False
0.5-1,11489,0,4.534857203871874e-07,False
0.5-1,11490,0,2.2217378417750024e-05,False
0.5-1,11491,0,9.510441469694675e-11,False
0.5-1,11492,0,2.0881500372863116e-06,False
0.5-1,11493,0,1.3257630446857538e-08,False
0.5-1,11494,0,4.225006940058154e-11,False
0.5-1,11495,0,1.63652405504414e-10,False
0.5-1,11496,0,8.218258923154444e-07,False
0.5-1,11497,0,5.335630086871169e-05,False
0.5-1,11498,0,5.892313156892431e-08,False
0.5-1,11499,0,1.1808948925695496e-07,False
0.5-1,11500,0,2.2664700991646166e-11,False
0.5-1,11501,0,2.9414782114178744e-11,False
0.5-1,11502,0,1.054654957991314e-09,False
0.5-1,11503,0,1.8626700476582277e-11,False
0.5-1,11504,0,7.697693282194317e-11,False
0.5-1,11505,0,3.201424855865526e-13,False
0.5-1,11506,0,7.61444196203656e-12,False
0.5-1,11507,0,3.559588229108276e-13,False
0.5-1,11508,0,1.52579419325121e-10,False
0.5-1,11509,0,1.2835937728559467e-11,False
0.5-1,11510,0,1.0247354753130133e-06,False
0.5-1,11511,0,1.3318533708815958e-07,False
0.5-1,11512,0,1.9719662129635556e-07,False
0.5-1,11513,0,2.115525251767416e-06,False
0.5-1,11514,0,3.1984629149736856e-13,False
0.5-1,11515,0,2.910394658594984e-11,False
0.5-1,11516,0,9.327643022402701e-07,False
0.5-1,11517,0,9.512910252679485e-10,False
0.5-1,11518,0,5.834455507055179e-12,False
0.5-1,11519,0,2.9361232057258494e-09,False
0.5-1,11520,0,1.249528477854952e-07,False
0.5-1,11521,0,0.008720076432850717,False
0.5-1,11522,0,3.472517812043459e-09,False
0.5-1,11523,0,5.24551512503701e-07,False
0.5-1,11524,0,1.8712385915747025e-09,False
0.5-1,11525,0,1.0258075690535796e-12,False
0.5-1,11526,0,2.2873078094743706e-07,False
0.5-1,11527,0,2.2109092005596398e-11,False
0.5-1,11528,0,2.539064282749109e-06,False
0.5-1,11529,0,2.7610166749642e-16,False
0.5-1,11530,0,1.7094454319759734e-14,False
0.5-1,11531,0,8.897535783293083e-12,False
0.5-1,11532,0,1.6515749789592942e-12,False
0.5-1,11533,0,4.835514686330324e-14,False
0.5-1,11534,0,2.2509220177998007e-07,False
0.5-1,11535,0,1.7375848731013392e-06,False
0.5-1,11536,0,4.126106036665675e-09,False
0.5-1,11537,0,3.0281762966754106e-06,False
0.5-1,11538,0,2.86764062358709e-14,False
0.5-1,11539,0,1.0392256766655438e-12,False
0.5-1,11540,0,1.1311754836337293e-07,False
0.5-1,11541,0,1.8404482009679514e-08,False
0.5-1,11542,0,5.396787251841671e-13,False
0.5-1,11543,0,5.564961156668557e-09,False
0.5-1,11544,0,1.0631325979825287e-08,False
0.5-1,11545,0,0.0008071984847528276,False
0.5-1,11546,0,6.023032161390684e-10,False
0.5-1,11547,0,0.00016434910835251755,False
0.5-1,11548,0,2.440406233741603e-07,False
0.5-1,11549,0,1.0690601432322287e-12,False
0.5-1,11550,0,9.425249599760997e-08,False
0.5-1,11551,0,4.331976757825622e-12,False
0.5-1,11552,0,1.2205398099030857e-05,False
0.5-1,11553,0,2.6701763948741956e-16,False
0.5-1,11554,0,2.815697505739336e-16,False
0.5-1,11555,0,0.0011659070099822343,False
0.5-1,11556,0,7.197407185760404e-09,False
0.5-1,11557,0,3.519509508532881e-16,False
0.5-1,11558,0,3.274593309813734e-09,False
0.5-1,11559,0,8.887341606173572e-05,False
0.5-1,11560,0,4.399614497153994e-05,False
0.5-1,11561,0,0.0003489987205883565,False
0.5-1,11562,0,5.8887653509271306e-15,False
0.5-1,11563,0,1.271678653633888e-09,False
0.5-1,11564,0,1.7815852538065028e-09,False
0.5-1,11565,0,4.955153134061619e-05,False
0.5-1,11566,0,9.004464760904197e-12,False
0.5-1,11567,0,1.0133615559336855e-05,False
0.5-1,11568,0,4.8204820602180277e-11,False
0.5-1,11569,0,0.0005599506036526305,False
0.5-1,11570,0,4.6959276999966715e-12,False
0.5-1,11571,0,5.853405022491931e-06,False
0.5-1,11572,0,0.00010512687516787198,False
0.5-1,11573,0,4.500301735012342e-10,False
0.5-1,11574,0,5.850617829258002e-05,False
0.5-1,11575,0,7.692322640978159e-12,False
0.5-1,11576,0,0.00014626913801851085,False
0.5-1,11577,0,1.7934170957134944e-19,False
0.5-1,11578,0,1.4440403745036785e-18,False
0.5-1,11579,0,5.30083807175297e-07,False
0.5-1,11580,0,7.507854641285605e-08,False
0.5-1,11581,0,2.109236802529294e-17,False
0.5-1,11582,0,8.925786138396928e-12,False
0.5-1,11583,0,8.412566828403366e-05,False
0.5-1,11584,0,0.000288815089732993,False
0.5-1,11585,0,5.555161937140573e-05,False
0.5-1,11586,0,9.938954291361664e-17,False
0.5-1,11587,0,5.7415068733773196e-09,False
0.5-1,11588,0,1.0677122739843933e-12,False
0.5-1,11589,0,0.0003788602333494255,False
0.5-1,11590,0,6.915481503707642e-11,False
0.5-1,11591,0,2.095598520912577e-05,False
0.5-1,11592,0,2.0267926111616566e-16,False
0.5-1,11593,0,9.393212934024683e-07,False
0.5-1,11594,0,2.3279566715990027e-16,False
0.5-1,11595,0,3.35900565648852e-06,False
0.5-1,11596,0,0.0003048414099653076,False
0.5-1,11597,0,4.423682248354228e-09,False
0.5-1,11598,0,1.91312852393067e-05,False
0.5-1,11599,0,3.696432766080546e-09,False
0.5-1,11600,0,0.00014345337492020205,False
0.5-1,11601,0,3.277606699715896e-07,False
0.5-1,11602,0,5.022530135537557e-07,False
0.5-1,11603,0,0.00010345070633736759,False
0.5-1,11604,0,5.212198124539077e-05,False
0.5-1,11605,0,3.8293530338819964e-13,False
0.5-1,11606,0,1.0795085259839469e-14,False
0.5-1,11607,0,3.8655016052163855e-07,False
0.5-1,11608,0,2.301882381018909e-06,False
0.5-1,11609,0,1.8990591373392827e-19,False
0.5-1,11610,0,6.7477061541589016e-15,False
0.5-1,11611,0,6.658205602461607e-05,False
0.5-1,11612,0,1.1701760926194694e-06,False
0.5-1,11613,0,1.1410354685616325e-06,False
0.5-1,11614,0,7.472235663874186e-17,False
0.5-1,11615,0,2.0250563479916597e-07,False
0.5-1,11616,0,1.2260537800215659e-18,False
0.5-1,11617,0,0.00017189517420076973,False
0.5-1,11618,0,1.2545931879952168e-08,False
0.5-1,11619,0,5.044623525720852e-05,False
0.5-1,11620,0,1.4800249084623544e-06,False
0.5-1,11621,0,1.0829912124866327e-09,False
0.5-1,11622,0,1.1188697674863232e-07,False
0.5-1,11623,0,5.590673671220695e-12,False
0.5-1,11624,0,0.0002696016961955918,False
0.5-1,11625,0,2.2194498335808705e-10,False
0.5-1,11626,0,0.000544964346425184,False
0.5-1,11627,0,1.3952226806282401e-08,False
0.5-1,11628,0,3.534924288504825e-11,False
0.5-1,11629,0,0.0024679492742585353,False
0.5-1,11630,0,4.5680531230791093e-10,False
0.5-1,11631,0,1.3574211995460164e-12,False
0.5-1,11632,0,7.156222931739358e-13,False
0.5-1,11633,0,0.00029534941146151355,False
0.5-1,11634,0,1.4813942252184417e-08,False
0.5-1,11635,0,1.574396269093659e-11,False
0.5-1,11636,0,1.7517072611562003e-13,False
0.5-1,11637,0,4.937885247981975e-09,False
0.5-1,11638,0,8.374391185863543e-10,False
0.5-1,11639,0,2.5648005266840783e-09,False
0.5-1,11640,0,1.1034877414977013e-05,False
0.5-1,11641,0,1.954069173067949e-07,False
0.5-1,11642,0,1.7468146235955785e-11,False
0.5-1,11643,0,5.317638156909408e-10,False
0.5-1,11644,0,1.3522657247525577e-07,False
0.5-1,11645,0,1.4407346211701265e-08,False
0.5-1,11646,0,5.865170068775265e-07,False
0.5-1,11647,0,1.29039922452126e-09,False
0.5-1,11648,0,1.8333094401702348e-10,False
0.5-1,11649,0,7.979046929099423e-12,False
0.5-1,11650,1,0.9999880350884836,True
0.5-1,11651,0,6.75382973229061e-11,False
0.5-1,11652,0,2.2951483739993048e-12,False
0.5-1,11653,0,8.72987668851574e-11,False
0.5-1,11654,0,9.372607430899174e-09,False
0.5-1,11655,0,4.172884924844874e-12,False
0.5-1,11656,0,1.7832654962823428e-13,False
0.5-1,11657,0,1.3500147470711977e-12,False
0.5-1,11658,0,1.8324254949079675e-07,False
0.5-1,11659,0,1.2169640204967154e-08,False
0.5-1,11660,0,1.0951631788990296e-11,False
0.5-1,11661,0,6.072376779704647e-08,False
0.5-1,11662,0,1.6521182332788756e-10,False
0.5-1,11663,0,1.8949609139311678e-10,False
0.5-1,11664,0,1.3503950438432322e-05,False
0.5-1,11665,0,7.612237725031234e-11,False
0.5-1,11666,0,2.7842195777688598e-11,False
0.5-1,11667,0,4.5315783881665393e-10,False
0.5-1,11668,0,7.199417830915523e-07,False
0.5-1,11669,0,5.846284649054501e-08,False
0.5-1,11670,0,4.6168137516577314e-07,False
0.5-1,11671,0,2.2791660829991565e-08,False
0.5-1,11672,0,6.863018502729886e-11,False
0.5-1,11673,0,3.829373782384485e-11,False
0.5-1,11674,0,3.335462871210466e-10,False
0.5-1,11675,0,1.6694976471360121e-10,False
0.5-1,11676,0,2.1546140492498176e-12,False
0.5-1,11677,0,2.368425677700651e-09,False
0.5-1,11678,0,2.278552551215793e-06,False
0.5-1,11679,0,2.410348651071656e-12,False
0.5-1,11680,0,4.841719566002488e-11,False
0.5-1,11681,0,0.10147127991138885,False
0.5-1,11682,0,2.549160814160381e-06,False
0.5-1,11683,0,3.2614175443892733e-07,False
0.5-1,11684,0,4.452490019810329e-11,False
0.5-1,11685,0,4.858868244967638e-07,False
0.5-1,11686,0,7.573835237018084e-11,False
0.5-1,11687,0,1.9266670665965463e-10,False
0.5-1,11688,0,1.0455686248785234e-05,False
0.5-1,11689,0,1.127721668419586e-09,False
0.5-1,11690,0,1.4606089116378956e-10,False
0.5-1,11691,0,6.455446146957483e-11,False
0.5-1,11692,0,1.8732468002062073e-06,False
0.5-1,11693,0,2.3374579922704175e-07,False
0.5-1,11694,0,3.774490520150522e-07,False
0.5-1,11695,0,7.533174113408864e-08,False
0.5-1,11696,0,8.037367184800091e-11,False
0.5-1,11697,0,1.1976922651307473e-11,False
0.5-1,11698,0,5.013969634228385e-11,False
0.5-1,11699,0,1.8315892929591876e-10,False
0.5-1,11700,0,1.5465986101347697e-09,False
0.5-1,11701,0,2.178599719534132e-12,False
0.5-1,11702,0,8.33873447962842e-11,False
0.5-1,11703,0,1.1174623872887417e-10,False
0.5-1,11704,0,6.183099579752761e-12,False
0.5-1,11705,0,2.0881264124814304e-09,False
0.5-1,11706,0,2.7994258324697262e-05,False
0.5-1,11707,0,1.0707327875868512e-05,False
0.5-1,11708,0,0.16977062395466158,False
0.5-1,11709,0,6.689280286843097e-06,False
0.5-1,11710,0,0.0004620514992161706,False
0.5-1,11711,0,1.0846442632439471e-10,False
0.5-1,11712,0,2.5133959487171333e-06,False
0.5-1,11713,0,4.8255284083688154e-08,False
0.5-1,11714,0,2.999214210110013e-11,False
0.5-1,11715,0,3.465091676996568e-10,False
0.5-1,11716,0,1.8698888825647485e-07,False
0.5-1,11717,0,1.3824003102816793e-06,False
0.5-1,11718,0,1.9580924974523606e-08,False
0.5-1,11719,0,1.9365618098652967e-06,False
0.5-1,11720,0,3.089393280862923e-10,False
0.5-1,11721,0,4.176289736963578e-12,False
0.5-1,11722,0,5.877288654454908e-09,False
0.5-1,11723,0,7.3300614366097e-11,False
0.5-1,11724,0,1.2814679685645863e-11,False
0.5-1,11725,0,1.1764554398441205e-14,False
0.5-1,11726,0,2.1509251642125394e-10,False
0.5-1,11727,0,4.0663685885660116e-11,False
0.5-1,11728,0,8.389912070335826e-11,False
0.5-1,11729,0,3.755591510631469e-12,False
0.5-1,11730,0,6.446603626846439e-05,False
0.5-1,11731,0,2.2081601005748984e-07,False
0.5-1,11732,0,1.3215203786292116e-10,False
0.5-1,11733,0,4.167348123890899e-05,False
0.5-1,11734,0,3.146529560702606e-13,False
0.5-1,11735,0,9.474951060066202e-12,False
0.5-1,11736,0,2.832621549630669e-07,False
0.5-1,11737,0,1.3493474617019088e-09,False
0.5-1,11738,0,1.5078300136047028e-12,False
0.5-1,11739,0,3.727980190958828e-08,False
0.5-1,11740,0,3.435156736936112e-08,False
0.5-1,11741,0,8.440870213356068e-05,False
0.5-1,11742,0,2.487064533220782e-09,False
0.5-1,11743,0,6.3695949569706675e-06,False
0.5-1,11744,0,4.516763146014079e-08,False
0.5-1,11745,0,1.3645152029112324e-13,False
0.5-1,11746,0,1.9660209218994084e-08,False
0.5-1,11747,0,1.6167130236100306e-12,False
0.5-1,11748,0,1.570998405014619e-11,False
0.5-1,11749,0,2.0743000591525284e-16,False
0.5-1,11750,0,2.149712532242769e-15,False
0.5-1,11751,0,6.374307707953999e-09,False
0.5-1,11752,0,8.045842781754587e-09,False
0.5-1,11753,0,6.131121319203111e-12,False
0.5-1,11754,0,1.5634919469180146e-07,False
0.5-1,11755,0,3.643657825079007e-06,False
0.5-1,11756,0,5.917708515297024e-12,False
0.5-1,11757,0,1.7699227914959103e-07,False
0.5-1,11758,0,4.18903865241696e-15,False
0.5-1,11759,0,1.3838052161163899e-13,False
0.5-1,11760,0,1.5349260327909986e-08,False
0.5-1,11761,0,3.969037486536778e-08,False
0.5-1,11762,0,2.677962284579758e-13,False
0.5-1,11763,0,5.239679719205436e-10,False
0.5-1,11764,0,1.9344987535879812e-10,False
0.5-1,11765,0,0.0003969309009321914,False
0.5-1,11766,1,0.9884276489822005,True
0.5-1,11767,0,0.00016873377803848776,False
0.5-1,11768,0,2.1882755773326227e-07,False
0.5-1,11769,0,1.7483471025380863e-14,False
0.5-1,11770,0,2.131204211139083e-08,False
0.5-1,11771,0,7.497870468994341e-13,False
0.5-1,11772,0,2.8052967084651505e-09,False
0.5-1,11773,0,5.505031649325745e-19,False
0.5-1,11774,0,5.350158404457547e-16,False
0.5-1,11775,0,8.321809131774271e-06,False
0.5-1,11776,0,4.278481917703347e-07,False
0.5-1,11777,0,4.4569691910379303e-14,False
0.5-1,11778,0,3.841721937555309e-10,False
0.5-1,11779,0,2.2235279488236986e-06,False
0.5-1,11780,0,8.969433197885737e-06,False
0.5-1,11781,0,5.524341478639357e-05,False
0.5-1,11782,0,5.301391017088619e-18,False
0.5-1,11783,0,1.4435741437460492e-14,False
0.5-1,11784,0,2.035747288545408e-10,False
0.5-1,11785,0,1.36067767113033e-08,False
0.5-1,11786,0,1.865767400017426e-15,False
0.5-1,11787,0,4.151675846397659e-08,False
0.5-1,11788,0,4.0254238435794516e-11,False
0.5-1,11789,0,1.8043599946887037e-05,False
0.5-1,11790,0,5.2134716362320696e-12,False
0.5-1,11791,0,0.08464226058125246,False
0.5-1,11792,0,0.0005000305398825406,False
0.5-1,11793,0,0.6829870148092848,False
0.5-1,11794,0,6.556768930385719e-05,False
0.5-1,11795,0,3.904159900438918e-10,False
0.5-1,11796,0,4.686757997872251e-07,False
0.5-1,11797,0,9.881180750460195e-20,False
0.5-1,11798,0,7.014670763162577e-19,False
0.5-1,11799,0,8.038778249328447e-08,False
0.5-1,11800,0,0.0007346130663401578,False
0.5-1,11801,0,1.44583477096081e-07,False
0.5-1,11802,0,4.970990976604972e-12,False
0.5-1,11803,0,1.0175450397607256e-05,False
0.5-1,11804,0,2.788108406045145e-06,False
0.5-1,11805,0,6.550372343576568e-07,False
0.5-1,11806,0,2.834185602801912e-18,False
0.5-1,11807,0,1.0184211601081258e-12,False
0.5-1,11808,0,1.9911190238396324e-13,False
0.5-1,11809,0,0.0003573140008863471,False
0.5-1,11810,0,3.9284777405354916e-14,False
0.5-1,11811,0,3.578491122193581e-07,False
0.5-1,11812,0,2.171578290019182e-14,False
0.5-1,11813,0,1.9946066073202112e-07,False
0.5-1,11814,0,3.1778412775545324e-18,False
0.5-1,11815,0,1.9550453910892077e-06,False
0.5-1,11816,0,0.0006279132422643631,False
0.5-1,11817,0,6.003368888948521e-11,False
0.5-1,11818,0,9.591566167698633e-05,False
0.5-1,11819,0,3.0882284437782443e-08,False
0.5-1,11820,0,0.0001500381021180064,False
0.5-1,11821,0,6.514212993655195e-08,False
0.5-1,11822,0,5.552428601319444e-07,False
0.5-1,11823,0,4.792813847350005e-05,False
0.5-1,11824,0,4.5294379828626e-05,False
0.5-1,11825,0,7.619354653998538e-18,False
0.5-1,11826,0,6.9559705089813e-18,False
0.5-1,11827,0,6.081368637249545e-07,False
0.5-1,11828,0,5.5654897172580164e-05,False
0.5-1,11829,0,1.1042634264487516e-20,False
0.5-1,11830,0,1.2401207761211408e-14,False
0.5-1,11831,0,1.571104827499252e-05,False
0.5-1,11832,0,1.015024745131562e-06,False
0.5-1,11833,0,2.2637528723643892e-07,False
0.5-1,11834,0,3.0235285273504584e-20,False
0.5-1,11835,0,5.247529318313677e-10,False
0.5-1,11836,0,5.156644681422513e-18,False
0.5-1,11837,0,8.208584122246412e-05,False
0.5-1,11838,0,8.447154267607307e-10,False
0.5-1,11839,0,1.3905953966175086e-05,False
0.5-1,11840,0,3.0009689773253696e-08,False
0.5-1,11841,0,1.4018337140779364e-09,False
0.5-1,11842,0,6.895744923164011e-11,False
0.5-1,11843,0,1.4286218115158756e-11,False
0.5-1,11844,0,0.02600511662964275,False
0.5-1,11845,0,4.2922382180424045e-11,False
0.5-1,11846,0,5.301011029459991e-10,False
0.5-1,11847,0,1.2449786136185115e-08,False
0.5-1,11848,0,5.3376475417788383e-14,False
0.5-1,11849,0,3.946090861762802e-07,False
0.5-1,11850,0,1.8110737971600182e-12,False
0.5-1,11851,1,0.999938684078531,True
0.5-1,11852,0,0.869479360060931,False
0.5-1,11853,0,0.32594668708936736,False
0.5-1,11854,0,0.2033446880402224,False
0.5-1,11855,0,0.9030052467128693,False
0.5-1,11856,0,4.014682079036772e-14,False
0.5-1,11857,0,1.7160507321956942e-06,False
0.5-1,11858,0,2.838057360727683e-14,False
0.5-1,11859,0,1.0042527770711778e-10,False
0.5-1,11860,0,1.3398539796383873e-12,False
0.5-1,11861,0,2.780543617877937e-10,False
0.5-1,11862,0,3.337908813025791e-11,False
0.5-1,11863,0,6.122488121496012e-12,False
0.5-1,11864,0,1.7579865051322475e-06,False
0.5-1,11865,0,5.297993946892289e-11,False
0.5-1,11866,0,7.895656095573381e-13,False
0.5-1,11867,0,9.320222330367612e-13,False
0.5-1,11868,0,8.413253024942402e-09,False
0.5-1,11869,0,1.4626635817703558e-08,False
0.5-1,11870,0,4.799962439218437e-10,False
0.5-1,11871,0,4.602114818801862e-10,False
0.5-1,11872,0,4.269478447990839e-09,False
0.5-1,11873,0,5.850687102025762e-12,False
0.5-1,11874,0,2.9032790144458503e-12,False
0.5-1,11875,1,0.9999862746368986,True
0.5-1,11876,0,8.767826676532036e-12,False
0.5-1,11877,0,1.4939183387382196e-11,False
0.5-1,11878,1,0.9999806072870513,True
0.5-1,11879,0,3.244345359911967e-11,False
0.5-1,11880,1,0.9793302829691454,True
0.5-1,11881,0,0.9119740852908574,False
0.5-1,11882,0,0.9221713522319833,False
0.5-1,11883,0,0.9732187991628123,True
0.5-1,11884,0,9.9028699846634e-14,False
0.5-1,11885,0,1.0799981834178536e-11,False
0.5-1,11886,0,2.371368802109735e-10,False
0.5-1,11887,0,8.94799541820174e-09,False
0.5-1,11888,0,3.445998800699543e-11,False
0.5-1,11889,0,8.051795202222202e-09,False
0.5-1,11890,0,5.77417709390038e-10,False
0.5-1,11891,0,4.4711858672363996e-11,False
0.5-1,11892,0,4.708406657359982e-07,False
0.5-1,11893,0,5.3644108265779355e-11,False
0.5-1,11894,0,5.839210110589892e-12,False
0.5-1,11895,0,1.0982970222189068e-11,False
0.5-1,11896,0,4.3042797887175535e-07,False
0.5-1,11897,0,1.707594942353071e-07,False
0.5-1,11898,0,1.180790677230516e-09,False
0.5-1,11899,0,2.440683964042541e-10,False
0.5-1,11900,0,2.357117573475442e-09,False
0.5-1,11901,0,4.43725941494526e-11,False
0.5-1,11902,0,6.859261783963427e-12,False
0.5-1,11903,0,9.728138455166354e-11,False
0.5-1,11904,0,2.9423275113427004e-06,False
0.5-1,11905,0,1.9327728631450476e-13,False
0.5-1,11906,0,3.740037684696829e-13,False
0.5-1,11907,0,3.707671480311799e-11,False
0.5-1,11908,1,0.9859725967212678,True
0.5-1,11909,0,0.9583663903812883,False
0.5-1,11910,1,0.9689703848762552,True
0.5-1,11911,1,0.9766969988974269,True
0.5-1,11912,0,1.5743949550585052e-11,False
0.5-1,11913,0,6.039865566988247e-09,False
0.5-1,11914,0,6.126834568876126e-09,False
0.5-1,11915,0,2.704763671826976e-07,False
0.5-1,11916,0,1.2829317982043067e-07,False
0.5-1,11917,0,3.060154966582193e-09,False
0.5-1,11918,0,5.699983589679595e-09,False
0.5-1,11919,0,1.673376030675211e-10,False
0.5-1,11920,0,1.1027826195614889e-05,False
0.5-1,11921,0,1.1292333034225322e-09,False
0.5-1,11922,0,1.439743927807008e-11,False
0.5-1,11923,0,4.2008107195578044e-13,False
0.5-1,11924,0,1.970299795252151e-06,False
0.5-1,11925,0,4.436854222578144e-08,False
0.5-1,11926,0,1.0625339700900388e-09,False
0.5-1,11927,0,6.617871911622624e-10,False
0.5-1,11928,0,2.2218897849194562e-07,False
0.5-1,11929,0,2.0128564727216198e-11,False
0.5-1,11930,0,6.646086512389031e-13,False
0.5-1,11931,0,1.3054924925045078e-10,False
0.5-1,11932,0,7.756278825220026e-11,False
0.5-1,11933,0,4.876916854421375e-09,False
0.5-1,11934,0,2.845239563142367e-11,False
0.5-1,11935,0,5.085005366870848e-12,False
0.5-1,11936,0,0.9580233369384944,False
0.5-1,11937,0,0.9387884590968372,False
0.5-1,11938,1,0.9616778763912525,False
0.5-1,11939,0,0.9427601650571926,False
0.5-1,11940,0,1.4552660771751694e-12,False
0.5-1,11941,0,8.06419084911217e-13,False
0.5-1,11942,0,5.031730662498721e-08,False
0.5-1,11943,0,1.924337157676916e-06,False
0.5-1,11944,0,3.9876876791996195e-07,False
0.5-1,11945,0,5.5665206398839944e-08,False
0.5-1,11946,0,2.1575625116435332e-11,False
0.5-1,11947,0,4.240809655868226e-11,False
0.5-1,11948,0,4.937054121939718e-06,False
0.5-1,11949,0,1.835667303257825e-07,False
0.5-1,11950,0,1.2794288699009455e-11,False
0.5-1,11951,0,6.339220322763756e-10,False
0.5-1,11952,0,4.120139056096701e-08,False
0.5-1,11953,0,2.609594401807308e-06,False
0.5-1,11954,0,1.0060953775581687e-10,False
0.5-1,11955,0,2.4378419679085754e-09,False
0.5-1,11956,0,2.721851458979058e-10,False
0.5-1,11957,0,2.874917282074625e-12,False
0.5-1,11958,0,1.5177029632698109e-12,False
0.5-1,11959,0,1.9976375641634773e-11,False
0.5-1,11960,0,6.178641971564492e-08,False
0.5-1,11961,0,7.720220375331246e-10,False
0.5-1,11962,0,4.3531561956319746e-11,False
0.5-1,11963,1,0.9997629723683968,True
0.5-1,11964,0,0.8152958929714516,False
0.5-1,11965,0,0.7797685958382492,False
0.5-1,11966,0,0.8632933033899584,False
0.5-1,11967,0,0.612991829759003,False
0.5-1,11968,0,1.7347618173983666e-09,False
0.5-1,11969,0,2.1194289269570043e-09,False
0.5-1,11970,0,7.437782149081961e-08,False
0.5-1,11971,0,0.00022454472524453394,False
0.5-1,11972,0,1.3293324817900483e-08,False
0.5-1,11973,0,9.087337462262565e-08,False
0.5-1,11974,0,7.346922973874337e-14,False
0.5-1,11975,0,4.9590117171845105e-12,False
0.5-1,11976,0,1.3185906636552647e-07,False
0.5-1,11977,0,6.002777595050336e-08,False
0.5-1,11978,0,4.5932335375088524e-12,False
0.5-1,11979,0,5.131846238903545e-10,False
0.5-1,11980,0,7.507601249812795e-09,False
0.5-1,11981,0,7.920387273637752e-05,False
0.5-1,11982,0,2.0543190156592965e-11,False
0.5-1,11983,0,1.2943712787633308e-10,False
0.5-1,11984,1,0.9993916800496093,True
0.5-1,11985,0,1.0988443344122391e-13,False
0.5-1,11986,0,4.068898172764148e-12,False
0.5-1,11987,0,7.800806166580488e-13,False
0.5-1,11988,0,1.932751566371109e-11,False
0.5-1,11989,0,2.30273987880317e-17,False
0.5-1,11990,0,1.3302713948188637e-15,False
0.5-1,11991,0,0.04030759964076933,False
0.5-1,11992,0,0.1044575178324276,False
0.5-1,11993,0,0.17344013927990756,False
0.5-1,11994,0,0.33888267999546795,False
0.5-1,11995,0,0.08036778060121282,False
0.5-1,11996,0,2.1108588758985145e-09,False
0.5-1,11997,0,2.5561763361060256e-14,False
0.5-1,11998,0,6.714507916807091e-10,False
0.5-1,11999,0,0.00022488561748744174,False
0.5-1,12000,0,4.0066569204678764e-08,False
0.5-1,12001,0,6.481486980433628e-08,False
0.5-1,12002,0,3.0226622412875104e-13,False
0.5-1,12003,0,4.9870505093677806e-12,False
0.5-1,12004,0,2.1725161767625153e-08,False
0.5-1,12005,0,3.8215296888759935e-07,False
0.5-1,12006,0,4.3934925958843806e-14,False
0.5-1,12007,0,7.40461211270872e-12,False
0.5-1,12008,0,1.8199435883647704e-10,False
0.5-1,12009,0,0.9497109941220984,False
0.5-1,12010,0,2.9433780064697724e-13,False
0.5-1,12011,0,7.742001701476585e-10,False
0.5-1,12012,0,1.9259845788023032e-08,False
0.5-1,12013,0,9.673931974283238e-16,False
0.5-1,12014,0,2.7702782571019187e-12,False
0.5-1,12015,0,2.4369711192606098e-14,False
0.5-1,12016,0,9.709226615109292e-08,False
0.5-1,12017,1,0.984587862102894,True
0.5-1,12018,0,1.3616224558065379e-17,False
0.5-1,12019,0,1.2968740228517354e-05,False
0.5-1,12020,0,0.002628526297125269,False
0.5-1,12021,0,0.003933356647513542,False
0.5-1,12022,0,0.011670415341871148,False
0.5-1,12023,0,0.0006890654339839167,False
0.5-1,12024,0,3.865101156289652e-09,False
0.5-1,12025,0,6.588436042754559e-14,False
0.5-1,12026,0,4.927355879298196e-11,False
0.5-1,12027,0,0.00034127687186932836,False
0.5-1,12028,0,0.03304114768047398,False
0.5-1,12029,0,8.883261376306775e-07,False
0.5-1,12030,0,1.4807329829750087e-18,False
0.5-1,12031,0,2.6839296507953076e-12,False
0.5-1,12032,0,2.315531921677501e-10,False
0.5-1,12033,0,2.492211563607371e-05,False
0.5-1,12034,0,2.990613122820479e-14,False
0.5-1,12035,0,2.756837984735419e-10,False
0.5-1,12036,0,0.21959298328700785,False
0.5-1,12037,0,3.7460527850889344e-06,False
0.5-1,12038,0,2.056176341366257e-15,False
0.5-1,12039,0,1.1436655343636671e-12,False
0.5-1,12040,0,0.7016807869480904,False
0.5-1,12041,0,1.0546598994786289e-16,False
0.5-1,12042,0,7.413223363246931e-10,False
0.5-1,12043,0,7.941343299232143e-15,False
0.5-1,12044,0,0.26883036143484207,False
0.5-1,12045,0,7.966943547255611e-21,False
0.5-1,12046,0,5.108463186202202e-18,False
0.5-1,12047,0,9.758255547794256e-08,False
0.5-1,12048,0,2.2474639209677682e-06,False
0.5-1,12049,0,1.5242151945530574e-05,False
0.5-1,12050,0,6.605610170713535e-05,False
0.5-1,12051,0,1.2079753910306223e-06,False
0.5-1,12052,0,3.4750989678221554e-05,False
0.5-1,12053,0,1.621172586059646e-17,False
0.5-1,12054,0,4.4692003265378563e-13,False
0.5-1,12055,0,0.00015944388583073743,False
0.5-1,12056,0,1.3291639070236936e-07,False
0.5-1,12057,0,2.684531588447195e-10,False
0.5-1,12058,0,2.0080976802112816e-20,False
0.5-1,12059,0,8.327280931782969e-13,False
0.5-1,12060,0,2.6042422952189675e-14,False
0.5-1,12061,0,3.86598678573862e-05,False
0.5-1,12062,0,2.6793760103139875e-14,False
0.5-1,12063,0,6.382488862279381e-12,False
0.5-1,12064,0,2.985420184774431e-13,False
0.5-1,12065,0,1.3276956500306045e-08,False
0.5-1,12066,0,3.901794898145477e-15,False
0.5-1,12067,0,2.2686633490273362e-12,False
0.5-1,12068,0,9.635133856023757e-05,False
0.5-1,12069,0,2.3345958831037e-16,False
0.5-1,12070,0,2.0124170912528123e-11,False
0.5-1,12071,0,2.34417056228374e-11,False
0.5-1,12072,0,8.227870753032777e-05,False
0.5-1,12073,0,2.9603359735284336e-12,False
0.5-1,12074,0,1.1094937680192713e-07,False
0.5-1,12075,0,9.166263536804633e-10,False
0.5-1,12076,0,1.8806109764216401e-07,False
0.5-1,12077,0,3.3752622100767095e-18,False
0.5-1,12078,0,1.0091915209413757e-22,False
0.5-1,12079,0,2.3495137054649273e-07,False
0.5-1,12080,0,6.260688892571664e-10,False
0.5-1,12081,0,4.532238120836204e-08,False
0.5-1,12082,0,2.6262126908647286e-07,False
0.5-1,12083,0,2.0262112965319857e-10,False
0.5-1,12084,0,5.059963505867659e-06,False
0.5-1,12085,0,1.028429242580884e-20,False
0.5-1,12086,0,3.135828171549765e-13,False
0.5-1,12087,0,4.214973207557247e-06,False
0.5-1,12088,0,7.040604085715847e-07,False
0.5-1,12089,0,1.1716925500301964e-13,False
0.5-1,12090,0,4.922661307267469e-25,False
0.5-1,12091,0,2.5056832589260754e-08,False
0.5-1,12092,0,8.109332877553902e-17,False
0.5-1,12093,0,0.00027273308702560725,False
0.5-1,12094,0,1.6226794236669737e-10,False
0.5-1,12095,0,6.994964036054159e-10,False
0.5-1,12096,0,1.589674010909751e-09,False
0.5-1,12097,0,1.496914256913095e-09,False
0.5-1,12098,0,7.393076207815807e-08,False
0.5-1,12099,0,1.6097455843447425e-11,False
0.5-1,12100,0,9.223128647077593e-11,False
0.5-1,12101,0,3.1010354599681283e-10,False
0.5-1,12102,0,4.082261563872964e-11,False
0.5-1,12103,0,1.7439565072697702e-09,False
0.5-1,12104,0,7.609584978750995e-13,False
0.5-1,12105,0,4.505175631458066e-11,False
0.5-1,12106,0,5.208411208181641e-12,False
0.5-1,12107,0,1.5083079029235462e-10,False
0.5-1,12108,0,1.6367909179951374e-13,False
0.5-1,12109,0,6.380864576740586e-13,False
0.5-1,12110,0,3.0538362875577568e-09,False
0.5-1,12111,0,5.2847979729454174e-11,False
0.5-1,12112,0,8.126645067906529e-12,False
0.5-1,12113,0,5.5044168779544664e-08,False
0.5-1,12114,0,5.728779195491332e-10,False
0.5-1,12115,0,8.713857082571752e-11,False
0.5-1,12116,0,5.497079546922188e-08,False
0.5-1,12117,0,1.212589204279674e-10,False
0.5-1,12118,0,2.268933106295167e-09,False
0.5-1,12119,0,1.097301290356461e-10,False
0.5-1,12120,0,2.0858266837870281e-07,False
0.5-1,12121,0,8.860578567554657e-08,False
0.5-1,12122,0,6.069497236684089e-07,False
0.5-1,12123,0,2.7937804891651796e-08,False
0.5-1,12124,0,3.605342350635982e-10,False
0.5-1,12125,0,2.428995632064187e-10,False
0.5-1,12126,0,5.284379430238441e-10,False
0.5-1,12127,0,5.631833153831656e-09,False
0.5-1,12128,0,4.751634208439686e-10,False
0.5-1,12129,0,7.2569256033306e-10,False
0.5-1,12130,0,6.225479965678906e-10,False
0.5-1,12131,0,1.4790478756343565e-09,False
0.5-1,12132,0,3.5027973398096527e-12,False
0.5-1,12133,0,1.6658801751420368e-08,False
0.5-1,12134,0,4.5131615752812004e-07,False
0.5-1,12135,0,2.6170547101881303e-08,False
0.5-1,12136,0,3.147116168789569e-10,False
0.5-1,12137,0,1.9153671558297754e-06,False
0.5-1,12138,0,7.358479729085008e-10,False
0.5-1,12139,0,4.351266435103134e-09,False
0.5-1,12140,0,3.3296831175760846e-07,False
0.5-1,12141,0,1.144740530859489e-09,False
0.5-1,12142,0,2.1355600247555446e-09,False
0.5-1,12143,0,1.564504113077999e-10,False
0.5-1,12144,0,7.23033443485252e-07,False
0.5-1,12145,0,8.153481060585893e-08,False
0.5-1,12146,0,5.182578872124628e-07,False
0.5-1,12147,0,1.323424319286365e-07,False
0.5-1,12148,0,2.16298804071538e-09,False
0.5-1,12149,0,1.0683684397959513e-09,False
0.5-1,12150,0,2.19304146577633e-09,False
0.5-1,12151,0,2.735938400863525e-08,False
0.5-1,12152,0,3.9284804097725397e-10,False
0.5-1,12153,0,5.894909055904782e-10,False
0.5-1,12154,0,1.7921216964347353e-09,False
0.5-1,12155,0,1.2117534355567163e-08,False
0.5-1,12156,0,0.0010750372710575556,False
0.5-1,12157,0,3.466225053940457e-10,False
0.5-1,12158,0,1.2435311141760935e-06,False
0.5-1,12159,0,5.513190994708538e-07,False
0.5-1,12160,0,1.744240757102976e-10,False
0.5-1,12161,0,1.7393685207943038e-06,False
0.5-1,12162,0,3.4110412159671354e-09,False
0.5-1,12163,0,3.157451884459777e-08,False
0.5-1,12164,0,3.5917665973804847e-07,False
0.5-1,12165,0,6.85351801435062e-09,False
0.5-1,12166,0,1.0110948099123985e-08,False
0.5-1,12167,0,3.0514151616906684e-09,False
0.5-1,12168,0,3.4103507722799223e-07,False
0.5-1,12169,0,7.39883743868205e-08,False
0.5-1,12170,0,3.0696336242154554e-07,False
0.5-1,12171,0,2.387239830218431e-07,False
0.5-1,12172,0,1.2184517757192745e-09,False
0.5-1,12173,0,2.2460761818620784e-09,False
0.5-1,12174,0,9.547005295126422e-10,False
0.5-1,12175,0,1.2385911686143212e-08,False
0.5-1,12176,0,1.5043156983468873e-09,False
0.5-1,12177,0,1.0295931854810516e-08,False
0.5-1,12178,0,9.026384867628177e-09,False
0.5-1,12179,0,2.2581359973098133e-10,False
0.5-1,12180,0,1.2545420514394528e-10,False
0.5-1,12181,0,1.278451648569288e-10,False
0.5-1,12182,0,7.175497265137806e-07,False
0.5-1,12183,0,2.756768343913733e-07,False
0.5-1,12184,0,1.0637880430958475e-10,False
0.5-1,12185,0,1.385680705970889e-06,False
0.5-1,12186,0,1.5349719502882552e-10,False
0.5-1,12187,0,1.6756001657733145e-08,False
0.5-1,12188,0,8.963989305368101e-08,False
0.5-1,12189,0,8.201734166540368e-09,False
0.5-1,12190,0,4.3517753713467065e-08,False
0.5-1,12191,0,6.492287299135499e-09,False
0.5-1,12192,0,4.835668730655948e-08,False
0.5-1,12193,0,1.350476504019206e-08,False
0.5-1,12194,0,1.5069640178800975e-08,False
0.5-1,12195,0,2.3432805626841524e-07,False
0.5-1,12196,0,1.533990215813458e-09,False
0.5-1,12197,0,9.088835672825365e-09,False
0.5-1,12198,0,1.0247372789539571e-09,False
0.5-1,12199,0,3.447621760754681e-08,False
0.5-1,12200,0,7.946372038347024e-12,False
0.5-1,12201,0,7.9061064415861e-11,False
0.5-1,12202,0,4.1560383610453723e-10,False
0.5-1,12203,0,3.3530014126155084e-12,False
0.5-1,12204,0,7.531974991128312e-12,False
0.5-1,12205,0,5.147616889251529e-11,False
0.5-1,12206,0,1.2736927295979128e-07,False
0.5-1,12207,0,8.407904526175172e-08,False
0.5-1,12208,0,2.0116629987699353e-11,False
0.5-1,12209,0,1.2992532179679393e-07,False
0.5-1,12210,0,2.7462813546769778e-11,False
0.5-1,12211,0,5.9276874182411114e-08,False
0.5-1,12212,0,1.0228077742052227e-08,False
0.5-1,12213,0,8.421493895141934e-09,False
0.5-1,12214,0,1.05039283968038e-07,False
0.5-1,12215,0,4.117811703871368e-09,False
0.5-1,12216,0,3.6497853391231054e-05,False
0.5-1,12217,0,5.612697366219066e-09,False
0.5-1,12218,0,5.355373158684718e-10,False
0.5-1,12219,0,6.273027864654219e-08,False
0.5-1,12220,0,5.059436535408417e-09,False
0.5-1,12221,0,3.4270756517522287e-09,False
0.5-1,12222,0,5.470337051488822e-10,False
0.5-1,12223,0,1.6633987389078435e-07,False
0.5-1,12224,0,4.973058182313773e-10,False
0.5-1,12225,0,6.181692464302379e-12,False
0.5-1,12226,0,2.601505221559361e-09,False
0.5-1,12227,0,1.3800426029994151e-11,False
0.5-1,12228,0,1.6679843077769427e-13,False
0.5-1,12229,0,5.591208667072498e-11,False
0.5-1,12230,0,7.931798935484382e-09,False
0.5-1,12231,0,1.0912234386413794e-08,False
0.5-1,12232,0,3.2350400137570846e-13,False
0.5-1,12233,0,9.456204007409285e-08,False
0.5-1,12234,0,1.1486842302197859e-12,False
0.5-1,12235,0,3.0589892107492005e-06,False
0.5-1,12236,0,7.687528730817495e-08,False
0.5-1,12237,0,3.277636718021686e-09,False
0.5-1,12238,0,7.009191462381852e-07,False
0.5-1,12239,0,1.9072319765230683e-07,False
0.5-1,12240,0,9.825599426784836e-11,False
0.5-1,12241,0,1.6177793561930592e-09,False
0.5-1,12242,0,2.902263793824582e-12,False
0.5-1,12243,0,1.9549392105843664e-10,False
0.5-1,12244,0,9.798160618240367e-07,False
0.5-1,12245,0,3.1691565323957137e-07,False
0.5-1,12246,0,1.7450818984950027e-09,False
0.5-1,12247,0,6.965821076021846e-06,False
0.5-1,12248,0,7.715695956182532e-10,False
0.5-1,12249,0,2.8250516801911075e-11,False
0.5-1,12250,0,1.081310141104754e-10,False
0.5-1,12251,0,3.9122939078176147e-13,False
0.5-1,12252,0,1.1718203781123938e-12,False
0.5-1,12253,0,1.374561214666635e-13,False
0.5-1,12254,0,2.276222689019898e-09,False
0.5-1,12255,0,3.705450477445798e-08,False
0.5-1,12256,0,2.1836087074735922e-11,False
0.5-1,12257,0,1.0647172398916066e-09,False
0.5-1,12258,0,2.186478747499344e-14,False
0.5-1,12259,0,3.5300289769310866e-07,False
0.5-1,12260,0,3.3098581301297237e-12,False
0.5-1,12261,0,3.613606846517993e-08,False
0.5-1,12262,0,6.841115299116893e-06,False
0.5-1,12263,0,3.771674057532823e-06,False
0.5-1,12264,0,3.1967183978432245e-10,False
0.5-1,12265,0,6.265382848390919e-10,False
0.5-1,12266,0,1.267613082818167e-15,False
0.5-1,12267,0,5.795313628609315e-09,False
0.5-1,12268,0,2.1152382089191013e-06,False
0.5-1,12269,0,6.473585498934807e-05,False
0.5-1,12270,0,6.176808038743582e-07,False
0.5-1,12271,0,4.270334109384367e-05,False
0.5-1,12272,0,2.505942935279152e-11,False
0.5-1,12273,0,4.4920663708498155e-14,False
0.5-1,12274,0,5.852782244998634e-15,False
0.5-1,12275,0,1.011111860694893e-09,False
0.5-1,12276,0,8.121957851089012e-09,False
0.5-1,12277,0,1.7837430276687575e-16,False
0.5-1,12278,0,1.3042537818665359e-11,False
0.5-1,12279,0,1.3078311323936885e-09,False
0.5-1,12280,0,9.105461432193226e-07,False
0.5-1,12281,0,0.20841044742300932,False
0.5-1,12282,0,1.2481125557364473e-16,False
0.5-1,12283,0,4.391842424628016e-05,False
0.5-1,12284,0,7.512768550527268e-12,False
0.5-1,12285,0,1.252561424078312e-07,False
0.5-1,12286,0,0.6791577520653844,False
0.5-1,12287,0,0.00022571608442815158,False
0.5-1,12288,0,4.513734470628048e-12,False
0.5-1,12289,0,1.1130840041718167e-08,False
0.5-1,12290,0,3.296565129899475e-19,False
0.5-1,12291,0,5.572351208997131e-07,False
0.5-1,12292,0,0.00010821311020714007,False
0.5-1,12293,0,3.914779134485431e-05,False
0.5-1,12294,0,2.7170127452566055e-05,False
0.5-1,12295,0,0.0006909520921408657,False
0.5-1,12296,0,2.8554069149916422e-05,False
0.5-1,12297,0,1.0002110639610651e-05,False
0.5-1,12298,0,1.8067304741992e-05,False
0.5-1,12299,0,4.71480017220536e-05,False
0.5-1,12300,0,7.372604576910382e-10,False
0.5-1,12301,0,2.3492248922472754e-17,False
0.5-1,12302,0,7.924299612608898e-16,False
0.5-1,12303,0,3.525986778235627e-06,False
0.5-1,12304,0,7.183404350581036e-06,False
0.5-1,12305,0,7.917209009461401e-16,False
0.5-1,12306,0,8.212563691931576e-15,False
0.5-1,12307,0,3.65595486522025e-07,False
0.5-1,12308,0,8.077281764616221e-08,False
0.5-1,12309,0,1.577755118409425e-08,False
0.5-1,12310,0,7.984854220621268e-18,False
0.5-1,12311,0,1.198036879271994e-05,False
0.5-1,12312,0,2.63079974549177e-15,False
0.5-1,12313,0,2.0441030980065135e-05,False
0.5-1,12314,0,8.471303293482324e-05,False
0.5-1,12315,0,8.59088829271231e-05,False
0.5-1,12316,0,9.519941386002286e-10,False
0.5-1,12317,0,5.941347750818763e-09,False
0.5-1,12318,0,1.4339742825864052e-07,False
0.5-1,12319,0,2.2210330078077177e-11,False
0.5-1,12320,0,1.4351434386101117e-10,False
0.5-1,12321,0,2.2090164124702032e-10,False
0.5-1,12322,0,9.944157080784922e-11,False
0.5-1,12323,0,9.179729650135832e-10,False
0.5-1,12324,0,8.314982199308388e-13,False
0.5-1,12325,0,1.572597740654608e-10,False
0.5-1,12326,0,3.776631006138767e-12,False
0.5-1,12327,0,4.98901203577622e-11,False
0.5-1,12328,0,0.00010578398635904919,False
0.5-1,12329,0,7.913923192167218e-12,False
0.5-1,12330,0,2.7108162582772682e-08,False
0.5-1,12331,0,1.950329997068509e-10,False
0.5-1,12332,0,6.312262441295295e-11,False
0.5-1,12333,0,4.046683220455858e-08,False
0.5-1,12334,0,3.2338357170409185e-10,False
0.5-1,12335,0,7.455580182252431e-10,False
0.5-1,12336,0,1.2709927582139965e-07,False
0.5-1,12337,0,3.2393504013357535e-10,False
0.5-1,12338,0,4.162933751557109e-09,False
0.5-1,12339,0,1.400050660415516e-10,False
0.5-1,12340,0,1.325139920823871e-06,False
0.5-1,12341,0,3.039389572487684e-07,False
0.5-1,12342,0,1.5451041423937314e-06,False
0.5-1,12343,0,1.905673669886877e-08,False
0.5-1,12344,0,3.714150094380704e-10,False
0.5-1,12345,0,5.236914263750836e-10,False
0.5-1,12346,0,1.6614473936158258e-10,False
0.5-1,12347,0,2.8134784152898997e-09,False
0.5-1,12348,0,3.400440895972984e-11,False
0.5-1,12349,0,7.294199567001044e-11,False
0.5-1,12350,0,3.599799302130814e-11,False
0.5-1,12351,0,5.423899841712095e-11,False
0.5-1,12352,0,0.003156917580850882,False
0.5-1,12353,0,2.5219036004906674e-11,False
0.5-1,12354,0,5.878640128469927e-07,False
0.5-1,12355,0,1.439149276057978e-07,False
0.5-1,12356,0,6.681424758358977e-11,False
0.5-1,12357,0,9.64330952527801e-07,False
0.5-1,12358,0,1.1960148534580732e-09,False
0.5-1,12359,0,1.7588106290123877e-09,False
0.5-1,12360,0,1.0164658982367687e-06,False
0.5-1,12361,0,4.6203876854826017e-10,False
0.5-1,12362,0,5.5887299749726865e-09,False
0.5-1,12363,0,1.2924199558083938e-10,False
0.5-1,12364,0,3.1019308872500588e-06,False
0.5-1,12365,0,2.2987013166718933e-07,False
0.5-1,12366,0,7.755201860785792e-07,False
0.5-1,12367,0,2.1394687569112073e-07,False
0.5-1,12368,0,5.752640440464662e-10,False
0.5-1,12369,0,1.3130381585245055e-09,False
0.5-1,12370,0,6.923423308937539e-10,False
0.5-1,12371,0,1.5275874439100553e-08,False
0.5-1,12372,0,3.8413704588518474e-11,False
0.5-1,12373,0,1.331650283625452e-10,False
0.5-1,12374,0,2.1249833450496442e-10,False
0.5-1,12375,0,2.892625975289401e-10,False
0.5-1,12376,0,2.5985987236922007e-11,False
0.5-1,12377,0,1.2875119003073381e-10,False
0.5-1,12378,0,1.1388052157389898e-06,False
0.5-1,12379,0,9.064735900285175e-07,False
0.5-1,12380,0,5.84789811265439e-11,False
0.5-1,12381,0,1.3431576794009657e-06,False
0.5-1,12382,0,1.4788142649983055e-10,False
0.5-1,12383,0,4.014131703659098e-09,False
0.5-1,12384,0,9.263945570808986e-07,False
0.5-1,12385,0,1.0476480124276156e-08,False
0.5-1,12386,0,1.1885127378448694e-08,False
0.5-1,12387,0,3.2268907552773184e-10,False
0.5-1,12388,0,1.6523916089480352e-06,False
0.5-1,12389,0,1.7332014355846508e-07,False
0.5-1,12390,0,5.368165268909267e-07,False
0.5-1,12391,0,1.6107649505264106e-07,False
0.5-1,12392,0,7.333924442429297e-10,False
0.5-1,12393,0,1.2756049442611118e-09,False
0.5-1,12394,0,7.603810251598223e-10,False
0.5-1,12395,0,1.4369789237294596e-08,False
0.5-1,12396,0,7.693590672847016e-11,False
0.5-1,12397,0,9.259784395790877e-10,False
0.5-1,12398,0,2.5864400742827306e-10,False
0.5-1,12399,0,0.0005829231773071025,False
0.5-1,12400,0,3.275859506674271e-11,False
0.5-1,12401,0,8.752776524678151e-08,False
0.5-1,12402,0,5.723271974804371e-07,False
0.5-1,12403,0,1.7621568060247584e-06,False
0.5-1,12404,0,2.777146394397688e-11,False
0.5-1,12405,0,2.44537142067818e-06,False
0.5-1,12406,0,5.190829917678438e-10,False
0.5-1,12407,0,3.0049732973813505e-08,False
0.5-1,12408,0,3.4501446899060593e-07,False
0.5-1,12409,0,9.384779918051459e-09,False
0.5-1,12410,0,8.013329263160728e-09,False
0.5-1,12411,0,3.049131402639985e-09,False
0.5-1,12412,0,4.601566091136253e-07,False
0.5-1,12413,0,1.1169600893075424e-07,False
0.5-1,12414,0,4.028773855911741e-08,False
0.5-1,12415,0,3.0530272045649196e-08,False
0.5-1,12416,0,6.340956400816179e-10,False
0.5-1,12417,0,1.3075628039794096e-09,False
0.5-1,12418,0,7.898774121248626e-10,False
0.5-1,12419,0,1.4647949307336025e-08,False
0.5-1,12420,0,4.300309193242448e-12,False
0.5-1,12421,0,1.3897519146458022e-11,False
0.5-1,12422,0,1.0684422820038154e-11,False
0.5-1,12423,0,3.8945541191601606e-11,False
0.5-1,12424,0,9.032466867931502e-13,False
0.5-1,12425,0,5.109173909755861e-10,False
0.5-1,12426,0,1.447928114921361e-07,False
0.5-1,12427,0,6.073340750433438e-07,False
0.5-1,12428,0,6.949517248240441e-12,False
0.5-1,12429,0,8.026017479080231e-07,False
0.5-1,12430,0,2.200276182013375e-10,False
0.5-1,12431,0,1.3649767307524073e-07,False
0.5-1,12432,0,1.0264442556213288e-07,False
0.5-1,12433,0,3.5647039340364146e-09,False
0.5-1,12434,0,5.107403252347285e-08,False
0.5-1,12435,0,5.260879285276347e-10,False
0.5-1,12436,0,2.6545065081113524e-08,False
0.5-1,12437,0,1.455192597898323e-07,False
0.5-1,12438,0,1.1779746566831423e-08,False
0.5-1,12439,0,2.4887626071959678e-08,False
0.5-1,12440,0,1.114939633946189e-10,False
0.5-1,12441,0,2.1241807092381043e-09,False
0.5-1,12442,0,2.340802542216832e-09,False
0.5-1,12443,0,2.172589378784973e-09,False
0.5-1,12444,0,4.079941730100902e-12,False
0.5-1,12445,0,5.571415745745254e-12,False
0.5-1,12446,0,1.206823328126263e-12,False
0.5-1,12447,0,1.1924573045420132e-13,False
0.5-1,12448,0,1.5685739874743625e-14,False
0.5-1,12449,0,1.2860971275464542e-12,False
0.5-1,12450,0,5.139635880188232e-09,False
0.5-1,12451,0,3.274576574915973e-08,False
0.5-1,12452,0,6.703238243352072e-10,False
0.5-1,12453,0,4.721572668383945e-07,False
0.5-1,12454,0,1.70281140196374e-11,False
0.5-1,12455,0,5.46915462547198e-07,False
0.5-1,12456,0,2.6235094589834987e-09,False
0.5-1,12457,0,9.304613960251345e-09,False
0.5-1,12458,0,2.1375964299920853e-07,False
0.5-1,12459,0,7.435552876534247e-08,False
0.5-1,12460,0,7.850579559657061e-10,False
0.5-1,12461,0,8.247693975470316e-06,False
0.5-1,12462,0,2.0585580088148725e-10,False
0.5-1,12463,0,1.6088826145985594e-09,False
0.5-1,12464,0,1.717560455043973e-08,False
0.5-1,12465,0,2.699037284212e-07,False
0.5-1,12466,0,2.783159020257465e-09,False
0.5-1,12467,0,1.8059435031269862e-08,False
0.5-1,12468,0,1.368056140364461e-09,False
0.5-1,12469,0,1.5072437378347203e-14,False
0.5-1,12470,0,3.3111083888725966e-11,False
0.5-1,12471,0,4.282340167411159e-13,False
0.5-1,12472,0,3.740319631040717e-12,False
0.5-1,12473,0,9.909710457207253e-14,False
0.5-1,12474,0,1.197461716130221e-10,False
0.5-1,12475,0,3.679495158840798e-08,False
0.5-1,12476,0,4.589288573906681e-09,False
0.5-1,12477,0,8.571847692555971e-07,False
0.5-1,12478,0,2.2549287607766234e-12,False
0.5-1,12479,0,2.5089008166274217e-06,False
0.5-1,12480,0,2.0149093903175976e-11,False
0.5-1,12481,0,7.00888763971483e-07,False
0.5-1,12482,0,4.053185790939726e-06,False
0.5-1,12483,0,2.8938079193439203e-07,False
0.5-1,12484,0,2.2622267816214723e-11,False
0.5-1,12485,0,6.23416418001862e-07,False
0.5-1,12486,0,1.9795682429302004e-14,False
0.5-1,12487,0,5.087348309831982e-07,False
0.5-1,12488,0,0.8172602706088734,False
0.5-1,12489,0,2.8604473724000465e-06,False
0.5-1,12490,0,1.4837982764610434e-08,False
0.5-1,12491,0,1.8024604637193023e-07,False
0.5-1,12492,0,6.673554644493086e-08,False
0.5-1,12493,0,3.4351636772070837e-19,False
0.5-1,12494,0,4.496141625568876e-13,False
0.5-1,12495,0,3.758627734583319e-10,False
0.5-1,12496,0,2.702993413591733e-11,False
0.5-1,12497,0,8.440834807795169e-10,False
0.5-1,12498,0,1.0304632782952463e-13,False
0.5-1,12499,0,3.174094772191522e-09,False
0.5-1,12500,0,9.276085807045037e-06,False
0.5-1,12501,0,7.0587625221558645e-06,False
0.5-1,12502,0,1.995413765407254e-13,False
0.5-1,12503,0,0.00434241052470275,False
0.5-1,12504,0,1.066656198194754e-12,False
0.5-1,12505,0,8.050692075685683e-05,False
0.5-1,12506,0,8.516291878305414e-05,False
0.5-1,12507,0,6.113718040081037e-05,False
0.5-1,12508,0,3.7155364693237595e-15,False
0.5-1,12509,0,1.3300173960633211e-05,False
0.5-1,12510,0,2.1195078095909566e-19,False
0.5-1,12511,0,2.5789127133239266e-07,False
0.5-1,12512,0,0.00010435780433333213,False
0.5-1,12513,0,2.2318968719138613e-06,False
0.5-1,12514,0,7.71014482599279e-06,False
0.5-1,12515,0,8.142323621056063e-05,False
0.5-1,12516,0,0.00019201250198472427,False
0.5-1,12517,0,7.983220961194618e-07,False
0.5-1,12518,0,7.973659264072082e-06,False
0.5-1,12519,0,3.573809234300585e-05,False
0.5-1,12520,0,0.00010264928857855809,False
0.5-1,12521,0,6.832070695091846e-15,False
0.5-1,12522,0,4.86136020958219e-17,False
0.5-1,12523,0,3.130166005443334e-07,False
0.5-1,12524,0,8.800820399016706e-08,False
0.5-1,12525,0,8.296786041032414e-19,False
0.5-1,12526,0,1.7369379462549378e-16,False
0.5-1,12527,0,2.5353086822585e-05,False
0.5-1,12528,0,2.963234218984575e-07,False
0.5-1,12529,0,2.5113983222742424e-06,False
0.5-1,12530,0,1.0997812649976134e-10,False
0.5-1,12531,0,5.1938808253511554e-05,False
0.5-1,12532,0,1.0375285676018172e-17,False
0.5-1,12533,0,0.00018534114748843927,False
0.5-1,12534,0,2.3906481183054564e-05,False
0.5-1,12535,0,2.8847485007986386e-05,False
0.5-1,12536,0,6.528623821673842e-10,False
0.5-1,12537,0,4.779429013025493e-09,False
0.5-1,12538,0,4.71459557021006e-08,False
0.5-1,12539,0,1.1539729741428257e-11,False
0.5-1,12540,0,4.035540608738683e-11,False
0.5-1,12541,0,1.4259097436566328e-08,False
0.5-1,12542,0,1.101795387445595e-09,False
0.5-1,12543,0,4.888684538169832e-09,False
0.5-1,12544,0,1.4058627701643933e-11,False
0.5-1,12545,0,2.0629020356775054e-11,False
0.5-1,12546,0,4.75676087285305e-14,False
0.5-1,12547,0,8.131859698364053e-12,False
0.5-1,12548,0,2.1997768929856273e-10,False
0.5-1,12549,0,0.000786530726426435,False
0.5-1,12550,0,7.745650325594346e-08,False
0.5-1,12551,0,5.6204203580620464e-11,False
0.5-1,12552,0,3.6644392145800017e-09,False
0.5-1,12553,0,1.275021283274105e-08,False
0.5-1,12554,0,8.633676200914712e-11,False
0.5-1,12555,0,5.038785576143537e-09,False
0.5-1,12556,0,7.811807705197058e-08,False
0.5-1,12557,0,4.72920449269461e-11,False
0.5-1,12558,0,2.48899711154306e-09,False
0.5-1,12559,0,7.419784482296477e-11,False
0.5-1,12560,0,8.417905742169493e-07,False
0.5-1,12561,0,9.907836291592435e-08,False
0.5-1,12562,0,4.0212655493624437e-07,False
0.5-1,12563,0,2.2275384451424723e-08,False
0.5-1,12564,0,5.517384242324102e-11,False
0.5-1,12565,0,1.670514891024006e-10,False
0.5-1,12566,0,1.0633462841419028e-10,False
0.5-1,12567,0,9.296552350013401e-10,False
0.5-1,12568,0,7.664121148096594e-13,False
0.5-1,12569,0,0.00012932159247429475,False
0.5-1,12570,0,1.9557121905968096e-11,False
0.5-1,12571,0,6.234050945309131e-11,False
0.5-1,12572,0,2.4662552808628245e-12,False
0.5-1,12573,0,1.8138345593740493e-12,False
0.5-1,12574,0,1.0855445359414582e-07,False
0.5-1,12575,0,1.9012246432201332e-07,False
0.5-1,12576,0,7.787153277648751e-11,False
0.5-1,12577,0,6.010610883821978e-07,False
0.5-1,12578,0,0.0024300357749221296,False
0.5-1,12579,0,3.2696673284508006e-09,False
0.5-1,12580,0,1.1258194374370486e-06,False
0.5-1,12581,0,3.6665081047201026e-10,False
0.5-1,12582,0,2.2839584263442305e-09,False
0.5-1,12583,0,5.811405382922122e-11,False
0.5-1,12584,0,6.26990064122924e-06,False
0.5-1,12585,0,2.465278382369456e-07,False
0.5-1,12586,0,1.013291895994469e-06,False
0.5-1,12587,0,7.804623022886795e-08,False
0.5-1,12588,0,5.79657949963155e-10,False
0.5-1,12589,0,1.0580087876292428e-09,False
0.5-1,12590,0,1.8808077546465827e-10,False
0.5-1,12591,0,3.700846164629736e-09,False
0.5-1,12592,0,1.7050137785371356e-10,False
0.5-1,12593,0,2.003592218425496e-10,False
0.5-1,12594,0,2.1986990540300838e-11,False
0.5-1,12595,0,4.2256507251998646e-11,False
0.5-1,12596,0,7.389679085184144e-12,False
0.5-1,12597,0,7.102328896359354e-11,False
0.5-1,12598,0,5.881684445106561e-07,False
0.5-1,12599,0,8.378577504095463e-07,False
0.5-1,12600,0,1.0661984452601905e-11,False
0.5-1,12601,0,1.2541254246838678e-06,False
0.5-1,12602,0,6.705051258533644e-11,False
0.5-1,12603,0,2.2391054829513104e-09,False
0.5-1,12604,0,2.8256351371487445e-06,False
0.5-1,12605,0,9.005235757411118e-10,False
0.5-1,12606,0,2.577418950056756e-09,False
0.5-1,12607,0,2.437617763060679e-10,False
0.5-1,12608,0,2.192540241991171e-06,False
0.5-1,12609,0,1.844870658315923e-07,False
0.5-1,12610,0,5.077257221756379e-07,False
0.5-1,12611,0,1.418959949783801e-07,False
0.5-1,12612,0,5.920322744254773e-10,False
0.5-1,12613,0,5.932250276856368e-10,False
0.5-1,12614,0,2.3387256884944865e-10,False
0.5-1,12615,0,6.945007075725897e-09,False
0.5-1,12616,0,5.0486315357263415e-12,False
0.5-1,12617,0,7.474980306502359e-09,False
0.5-1,12618,0,3.3022911731719857e-10,False
0.5-1,12619,1,0.9999973214450568,True
0.5-1,12620,0,2.6075751575720307e-09,False
0.5-1,12621,0,3.448832826494887e-11,False
0.5-1,12622,0,7.041526244863746e-07,False
0.5-1,12623,0,1.1826796765859713e-06,False
0.5-1,12624,0,5.04836461640397e-12,False
0.5-1,12625,0,2.3752138852519665e-06,False
0.5-1,12626,0,5.818907927305556e-09,False
0.5-1,12627,0,2.3749460232558505e-08,False
0.5-1,12628,0,2.7465922469257113e-07,False
0.5-1,12629,0,5.489545038372517e-09,False
0.5-1,12630,0,6.649493925645435e-09,False
0.5-1,12631,0,7.637789498725568e-10,False
0.5-1,12632,0,3.4407037579676543e-07,False
0.5-1,12633,0,2.213648200534868e-08,False
0.5-1,12634,0,3.686694102329883e-08,False
0.5-1,12635,0,2.7632686059385327e-08,False
0.5-1,12636,0,6.633357289257716e-10,False
0.5-1,12637,0,3.9916267397614496e-10,False
0.5-1,12638,0,2.907213626479526e-10,False
0.5-1,12639,1,0.999995423683933,True
0.5-1,12640,0,3.558045025022708e-12,False
0.5-1,12641,0,2.960818424510833e-09,False
0.5-1,12642,0,6.4199139596977024e-12,False
0.5-1,12643,0,1.6557258325687778e-12,False
0.5-1,12644,0,0.0018219996902795554,False
0.5-1,12645,0,2.4841063038166247e-10,False
0.5-1,12646,0,1.04388879199369e-07,False
0.5-1,12647,0,2.29841718429764e-07,False
0.5-1,12648,0,4.7573287696738034e-12,False
0.5-1,12649,0,1.0124293337656802e-07,False
0.5-1,12650,0,1.0234775694943148e-11,False
0.5-1,12651,0,1.0307832628355816e-08,False
0.5-1,12652,0,1.2987256382157441e-08,False
0.5-1,12653,0,7.048584244898723e-09,False
0.5-1,12654,0,1.4042714602993236e-08,False
0.5-1,12655,0,7.003393546917554e-11,False
0.5-1,12656,0,2.0463493971907624e-08,False
0.5-1,12657,0,1.8871630893526671e-07,False
0.5-1,12658,0,3.793860123990661e-10,False
0.5-1,12659,0,5.919934345409643e-08,False
0.5-1,12660,0,1.6205080088535143e-09,False
0.5-1,12661,0,3.813943845630325e-10,False
0.5-1,12662,0,8.216447451801903e-10,False
0.5-1,12663,0,1.6503107989479818e-08,False
0.5-1,12664,0,7.917515331633311e-15,False
0.5-1,12665,0,1.1225819065621378e-09,False
0.5-1,12666,0,4.953868338499215e-12,False
0.5-1,12667,0,1.2606043318757882e-13,False
0.5-1,12668,0,1.4309150722117072e-11,False
0.5-1,12669,0,3.919408614691506e-10,False
0.5-1,12670,0,2.9378488384055498e-09,False
0.5-1,12671,0,6.235962073503171e-08,False
0.5-1,12672,0,1.8127131240529236e-08,False
0.5-1,12673,0,3.840685855755334e-08,False
0.5-1,12674,0,2.0888026424313876e-09,False
0.5-1,12675,0,7.454999963113586e-09,False
0.5-1,12676,0,1.302864523648862e-09,False
0.5-1,12677,0,7.245473419497846e-09,False
0.5-1,12678,0,2.2371403760505133e-09,False
0.5-1,12679,0,6.567164373701345e-10,False
0.5-1,12680,0,2.4085966037310516e-10,False
0.5-1,12681,0,5.80407099070775e-07,False
0.5-1,12682,0,7.0142383423018e-12,False
0.5-1,12683,0,8.081076968182039e-09,False
0.5-1,12684,0,1.827839216750956e-06,False
0.5-1,12685,0,1.038627907032838e-08,False
0.5-1,12686,0,7.78030573898363e-09,False
0.5-1,12687,0,5.256014375946918e-07,False
0.5-1,12688,0,8.68997474845292e-15,False
0.5-1,12689,0,2.7343856352714343e-15,False
0.5-1,12690,0,2.254943284730091e-14,False
0.5-1,12691,0,7.275041607036316e-14,False
0.5-1,12692,0,6.053421079052871e-09,False
0.5-1,12693,0,5.72912334777638e-10,False
0.5-1,12694,0,5.846874484623587e-11,False
0.5-1,12695,0,1.3980478501778765e-08,False
0.5-1,12696,0,4.87068952269075e-10,False
0.5-1,12697,0,1.7478225299698356e-07,False
0.5-1,12698,0,1.100273812589991e-14,False
0.5-1,12699,0,1.2530901825544898e-07,False
0.5-1,12700,0,4.224275417521992e-12,False
0.5-1,12701,0,7.658522136379748e-06,False
0.5-1,12702,0,1.620111176397395e-08,False
0.5-1,12703,0,5.346813572761331e-09,False
0.5-1,12704,0,3.32146075047711e-12,False
0.5-1,12705,0,2.308100377301577e-05,False
0.5-1,12706,0,1.0610508234915326e-14,False
0.5-1,12707,0,0.0001040887165703912,False
0.5-1,12708,0,0.00016176519009549053,False
0.5-1,12709,0,0.654881409729171,False
0.5-1,12710,0,0.000283755786759376,False
0.5-1,12711,0,0.0003259015748311291,False
0.5-1,12712,0,7.519980359812102e-06,False
0.5-1,12713,0,1.6747290886743946e-17,False
0.5-1,12714,0,5.220769628785009e-15,False
0.5-1,12715,0,1.2725692216397498e-07,False
0.5-1,12716,0,4.622387054284534e-08,False
0.5-1,12717,0,1.113597451648405e-16,False
0.5-1,12718,0,4.315909985595542e-13,False
0.5-1,12719,0,2.3891667448357135e-09,False
0.5-1,12720,0,4.28730673905795e-07,False
0.5-1,12721,0,0.00014644403237469022,False
0.5-1,12722,0,2.4988723990641735e-10,False
0.5-1,12723,0,5.5033244492075545e-05,False
0.5-1,12724,0,2.5525349659548484e-13,False
0.5-1,12725,0,7.206459220804228e-06,False
0.5-1,12726,0,1.700655408674191e-06,False
0.5-1,12727,0,3.4587747834618205e-05,False
0.5-1,12728,0,8.972610383375357e-14,False
0.5-1,12729,0,1.5117277433828626e-05,False
0.5-1,12730,0,2.2054123722676933e-20,False
0.5-1,12731,0,3.9595200134892585e-06,False
0.5-1,12732,0,0.0006348239136536133,False
0.5-1,12733,0,3.3847981880707846e-05,False
0.5-1,12734,0,0.0011848067203874472,False
0.5-1,12735,0,8.717164795999093e-05,False
0.5-1,12736,0,0.00013910588618950827,False
0.5-1,12737,0,1.3076340988121951e-06,False
0.5-1,12738,0,1.681041122004883e-05,False
0.5-1,12739,0,3.0303841003473653e-05,False
0.5-1,12740,0,2.833960913686898e-06,False
0.5-1,12741,0,9.049090768266853e-19,False
0.5-1,12742,0,5.426201908607003e-11,False
0.5-1,12743,0,3.7517849841302905e-07,False
0.5-1,12744,0,1.323847609807003e-09,False
0.5-1,12745,0,1.8013929806816778e-10,False
0.5-1,12746,0,1.6772515422412997e-15,False
0.5-1,12747,0,4.0291950713740005e-06,False
0.5-1,12748,0,1.05586211331074e-08,False
0.5-1,12749,0,2.642722965043091e-07,False
0.5-1,12750,0,8.363611385804164e-13,False
0.5-1,12751,0,3.450433308273911e-06,False
0.5-1,12752,0,4.886884210381894e-18,False
0.5-1,12753,0,9.235984799189827e-05,False
0.5-1,12754,0,2.624361256849428e-06,False
0.5-1,12755,0,1.283616911567224e-05,False
0.5-1,12756,0,2.5502014718633208e-08,False
0.5-1,12757,0,6.5821114776576116e-09,False
0.5-1,12758,0,1.4294462467095968e-07,False
0.5-1,12759,0,2.5742711686412574e-11,False
0.5-1,12760,0,5.80589328456451e-08,False
0.5-1,12761,0,1.8804028089035036e-06,False
0.5-1,12762,0,7.345720521780896e-08,False
0.5-1,12763,0,3.570720831880292e-07,False
0.5-1,12764,0,2.444101933930886e-14,False
0.5-1,12765,0,2.6597671888393565e-05,False
0.5-1,12766,0,1.4761599444524815e-12,False
0.5-1,12767,0,2.6151344334951326e-11,False
0.5-1,12768,0,1.542875119608233e-08,False
0.5-1,12769,0,7.918452289795899e-11,False
0.5-1,12770,0,1.3471463552676246e-06,False
0.5-1,12771,0,6.957949803312366e-11,False
0.5-1,12772,0,4.349132434691434e-12,False
0.5-1,12773,0,1.6696299269061136e-08,False
0.5-1,12774,0,2.4908806485720876e-11,False
0.5-1,12775,0,8.724473633584747e-10,False
0.5-1,12776,0,1.500503307701813e-06,False
0.5-1,12777,0,8.459939701650886e-11,False
0.5-1,12778,0,1.3448805874545417e-08,False
0.5-1,12779,0,1.3992652788644024e-10,False
0.5-1,12780,0,9.237117227314881e-07,False
0.5-1,12781,0,1.8311933277348005e-07,False
0.5-1,12782,0,7.599993017231063e-07,False
0.5-1,12783,0,3.763194435104302e-08,False
0.5-1,12784,0,3.642053582496583e-10,False
0.5-1,12785,0,3.5675933769492425e-10,False
0.5-1,12786,0,7.825596696138403e-11,False
0.5-1,12787,0,3.4356577905157686e-09,False
0.5-1,12788,0,2.262228719916988e-12,False
0.5-1,12789,0,1.3841939965019823e-10,False
0.5-1,12790,0,1.3857977679724088e-11,False
0.5-1,12791,0,2.731219771416851e-11,False
0.5-1,12792,0,1.4962787561975465e-08,False
0.5-1,12793,0,3.0242361376130886e-11,False
0.5-1,12794,0,4.220585354825251e-07,False
0.5-1,12795,0,5.6670265907746355e-08,False
0.5-1,12796,0,3.802285379213362e-10,False
0.5-1,12797,0,9.94125466037766e-07,False
0.5-1,12798,0,1.356748826245842e-10,False
0.5-1,12799,0,1.4366090879069069e-09,False
0.5-1,12800,0,4.993940736607658e-07,False
0.5-1,12801,0,3.899454210366041e-10,False
0.5-1,12802,0,1.718826731732594e-09,False
0.5-1,12803,0,5.0268472364477816e-11,False
0.5-1,12804,0,2.3234528441624456e-06,False
0.5-1,12805,0,1.9262843399464803e-07,False
0.5-1,12806,0,1.3773974898239731e-06,False
0.5-1,12807,0,5.7329007522932746e-08,False
0.5-1,12808,0,2.177382684411029e-10,False
0.5-1,12809,0,5.242607671508393e-10,False
0.5-1,12810,0,1.1319233308682157e-10,False
0.5-1,12811,0,3.6213627172404367e-09,False
0.5-1,12812,0,5.948179658311881e-12,False
0.5-1,12813,0,2.2135544533494854e-10,False
0.5-1,12814,0,1.7004570900565685e-10,False
0.5-1,12815,0,9.647760729025713e-10,False
0.5-1,12816,0,4.3782728618444036e-10,False
0.5-1,12817,0,1.1436666634350291e-08,False
0.5-1,12818,0,8.120730582160766e-07,False
0.5-1,12819,0,1.1011223156692055e-06,False
0.5-1,12820,0,5.264916481076387e-12,False
0.5-1,12821,0,9.746865055939874e-07,False
0.5-1,12822,0,3.0712148608165535e-10,False
0.5-1,12823,0,1.7803862602528827e-09,False
0.5-1,12824,0,6.601802134286877e-07,False
0.5-1,12825,0,2.090575257865949e-09,False
0.5-1,12826,0,1.6855450483122247e-09,False
0.5-1,12827,0,2.460763746560477e-10,False
0.5-1,12828,0,1.4643428153975393e-06,False
0.5-1,12829,0,1.3663073985620614e-07,False
0.5-1,12830,0,6.456142415872857e-07,False
0.5-1,12831,0,7.724700369044121e-08,False
0.5-1,12832,0,2.352944423195006e-10,False
0.5-1,12833,0,6.757817988750734e-10,False
0.5-1,12834,0,2.0369659897988466e-10,False
0.5-1,12835,0,4.422144214765608e-09,False
0.5-1,12836,0,2.6681601952158668e-12,False
0.5-1,12837,0,1.3779308555247791e-07,False
0.5-1,12838,0,5.966522099509464e-11,False
0.5-1,12839,0,1.0451528590184076e-11,False
0.5-1,12840,0,2.6314361315492374e-12,False
0.5-1,12841,0,3.874058285583742e-10,False
0.5-1,12842,0,6.566018806351096e-07,False
0.5-1,12843,0,2.0478276552717834e-06,False
0.5-1,12844,0,5.1192383682114464e-12,False
0.5-1,12845,0,1.3227755385232949e-06,False
0.5-1,12846,0,1.3591283647026308e-08,False
0.5-1,12847,0,8.398988561451153e-09,False
0.5-1,12848,0,1.79655879997791e-07,False
0.5-1,12849,0,7.357466206047731e-09,False
0.5-1,12850,0,1.086384092855321e-08,False
0.5-1,12851,0,6.682624025036779e-11,False
0.5-1,12852,0,6.268835666314585e-07,False
0.5-1,12853,0,2.7219092516856527e-08,False
0.5-1,12854,0,4.837174911076609e-08,False
0.5-1,12855,0,2.2685614913302696e-08,False
0.5-1,12856,0,3.981378344495798e-10,False
0.5-1,12857,0,1.9871181154237806e-10,False
0.5-1,12858,0,2.2226406113865354e-10,False
0.5-1,12859,0,5.388915547745609e-09,False
0.5-1,12860,0,9.340980806220212e-12,False
0.5-1,12861,0,5.551124509153616e-06,False
0.5-1,12862,0,5.594932491536624e-12,False
0.5-1,12863,0,1.4868299472227068e-13,False
0.5-1,12864,0,1.6490392169537621e-12,False
0.5-1,12865,0,6.797648272595771e-12,False
0.5-1,12866,0,1.4349521066148654e-07,False
0.5-1,12867,0,1.4328070523906868e-06,False
0.5-1,12868,0,9.050088742896194e-13,False
0.5-1,12869,0,6.545535012409615e-07,False
0.5-1,12870,0,2.6579470849096325e-11,False
0.5-1,12871,0,6.3662472110061624e-09,False
0.5-1,12872,0,1.7284497602058092e-08,False
0.5-1,12873,0,1.4992834662519352e-09,False
0.5-1,12874,0,6.635752590985336e-09,False
0.5-1,12875,0,1.921026833067207e-10,False
0.5-1,12876,0,2.1438503370430055e-08,False
0.5-1,12877,0,6.273715218026392e-08,False
0.5-1,12878,0,9.413391630333544e-10,False
0.5-1,12879,0,4.4400912643787094e-08,False
0.5-1,12880,0,6.881796363679958e-10,False
0.5-1,12881,0,2.4882091816211354e-10,False
0.5-1,12882,0,4.726890277410055e-10,False
0.5-1,12883,0,1.1605295525707475e-09,False
0.5-1,12884,0,9.593000927348768e-14,False
0.5-1,12885,0,6.072646429821384e-14,False
0.5-1,12886,0,1.2698857286358206e-13,False
0.5-1,12887,0,6.475110210191174e-12,False
0.5-1,12888,0,4.542205009698107e-13,False
0.5-1,12889,0,8.726649724908529e-13,False
0.5-1,12890,0,5.238968138322493e-09,False
0.5-1,12891,0,1.6195489248095823e-07,False
0.5-1,12892,0,5.6487108604390425e-14,False
0.5-1,12893,0,1.5798468716211398e-06,False
0.5-1,12894,0,7.298449797603682e-10,False
0.5-1,12895,0,4.879747280050651e-07,False
0.5-1,12896,0,3.3213765683224435e-10,False
0.5-1,12897,0,3.274751794165497e-07,False
0.5-1,12898,0,2.001695260889789e-08,False
0.5-1,12899,0,3.721262258805271e-10,False
0.5-1,12900,0,1.879040545009477e-10,False
0.5-1,12901,0,8.150342934897197e-09,False
0.5-1,12902,0,1.0292217668751798e-11,False
0.5-1,12903,0,1.2509456529820708e-08,False
0.5-1,12904,0,5.848153234191325e-09,False
0.5-1,12905,0,1.055868285813639e-10,False
0.5-1,12906,0,1.4238137309372e-10,False
0.5-1,12907,0,3.186897042336511e-09,False
0.5-1,12908,0,1.963687301178011e-11,False
0.5-1,12909,0,2.2060873276282013e-14,False
0.5-1,12910,0,5.633077206530308e-16,False
0.5-1,12911,0,7.103772863457857e-12,False
0.5-1,12912,0,1.3362760188266224e-10,False
0.5-1,12913,0,1.874871881347187e-15,False
0.5-1,12914,0,2.5770322514629688e-11,False
0.5-1,12915,0,9.484183590381096e-07,False
0.5-1,12916,0,1.7353075118875556e-14,False
0.5-1,12917,0,1.2615872167885023e-05,False
0.5-1,12918,0,5.628021817168584e-16,False
0.5-1,12919,0,1.5823502720943926e-06,False
0.5-1,12920,0,4.0086802049553103e-13,False
0.5-1,12921,0,0.0007409683050461497,False
0.5-1,12922,0,7.019033550818241e-08,False
0.5-1,12923,0,1.9394301371768014e-07,False
0.5-1,12924,0,2.659832208574311e-12,False
0.5-1,12925,0,1.3368243103802901e-05,False
0.5-1,12926,0,1.3358310385676653e-14,False
0.5-1,12927,0,4.5142111502921475e-06,False
0.5-1,12928,0,7.128928877551515e-07,False
0.5-1,12929,0,5.762426519038936e-09,False
0.5-1,12930,0,6.113896297589314e-06,False
0.5-1,12931,0,2.5744197986928957e-06,False
0.5-1,12932,0,6.729940284151603e-07,False
0.5-1,12933,0,2.049511088986644e-18,False
0.5-1,12934,0,2.7253433232498364e-16,False
0.5-1,12935,0,3.8941650658655526e-08,False
0.5-1,12936,0,6.15463263517912e-08,False
0.5-1,12937,0,4.938510510391184e-09,False
0.5-1,12938,0,4.039132702785014e-13,False
0.5-1,12939,0,1.1500428675610606e-06,False
0.5-1,12940,0,6.731281906569236e-10,False
0.5-1,12941,0,0.0001762048531859296,False
0.5-1,12942,0,1.0454083515663234e-17,False
0.5-1,12943,0,9.840333412293768e-05,False
0.5-1,12944,0,1.4501354875004991e-15,False
0.5-1,12945,0,0.0005555783359673167,False
0.5-1,12946,0,9.559281856596e-06,False
0.5-1,12947,0,7.617218552166699e-05,False
0.5-1,12948,0,1.2397673351179074e-14,False
0.5-1,12949,0,1.6809765782179104e-05,False
0.5-1,12950,0,6.549724069648112e-21,False
0.5-1,12951,0,0.00010281462273165787,False
0.5-1,12952,0,0.00016729226470716971,False
0.5-1,12953,0,5.305537629602843e-07,False
0.5-1,12954,0,0.00022437670233155642,False
0.5-1,12955,0,8.380973809660994e-06,False
0.5-1,12956,0,0.000119718840366861,False
0.5-1,12957,0,2.5617962351080996e-07,False
0.5-1,12958,0,2.988563143531185e-06,False
0.5-1,12959,0,5.325180084682111e-05,False
0.5-1,12960,0,4.867870223555242e-05,False
0.5-1,12961,0,1.2750081840615497e-19,False
0.5-1,12962,0,3.283078942157287e-14,False
0.5-1,12963,0,9.134081249996771e-07,False
0.5-1,12964,0,3.994546018862869e-06,False
0.5-1,12965,0,5.4016775272978835e-15,False
0.5-1,12966,0,6.501170892508161e-17,False
0.5-1,12967,0,8.635995071206287e-05,False
0.5-1,12968,0,4.040429646938874e-07,False
0.5-1,12969,0,8.963489838131115e-07,False
0.5-1,12970,0,3.4249131560140947e-18,False
0.5-1,12971,0,2.6362892646294332e-06,False
0.5-1,12972,0,8.641197649566382e-21,False
0.5-1,12973,0,9.17674248925856e-05,False
0.5-1,12974,0,4.454621339213432e-06,False
0.5-1,12975,0,1.5386987386310956e-05,False
0.5-1,12976,0,4.637615414093511e-05,False
0.5-1,12977,0,4.6746373969489525e-09,False
0.5-1,12978,0,3.8306523595272733e-07,False
0.5-1,12979,0,1.9082603191585777e-11,False
0.5-1,12980,0,5.309026191314795e-08,False
0.5-1,12981,0,1.374799232933713e-07,False
0.5-1,12982,0,1.9918219850901796e-07,False
0.5-1,12983,0,1.3432127897057337e-07,False
0.5-1,12984,0,0.0014291580914485948,False
0.5-1,12985,0,8.928713954876746e-13,False
0.5-1,12986,0,3.811832162311733e-10,False
0.5-1,12987,0,2.096797456129403e-09,False
0.5-1,12988,0,3.304069494485779e-08,False
0.5-1,12989,0,8.735626375005149e-10,False
0.5-1,12990,0,8.917844139045934e-07,False
0.5-1,12991,0,1.0151769636960148e-10,False
0.5-1,12992,0,6.437076370505818e-12,False
0.5-1,12993,0,1.686908142032014e-08,False
0.5-1,12994,0,4.65680340629479e-10,False
0.5-1,12995,0,1.944497966784191e-09,False
0.5-1,12996,0,1.0107367802635541e-07,False
0.5-1,12997,0,1.147788724938295e-10,False
0.5-1,12998,0,1.2440864626802494e-07,False
0.5-1,12999,0,1.2114446854642809e-08,False
0.5-1,13000,0,2.9898920354788506e-05,False
0.5-1,13001,0,2.5965114899218677e-07,False
0.5-1,13002,0,1.5364589805826935e-06,False
0.5-1,13003,0,1.8498805631535387e-08,False
0.5-1,13004,0,6.290933655571266e-11,False
0.5-1,13005,0,5.047341288909899e-11,False
0.5-1,13006,0,4.5391168682634665e-11,False
0.5-1,13007,0,6.467150346540692e-10,False
0.5-1,13008,0,1.0779073964487037e-11,False
0.5-1,13009,0,6.605983438384459e-10,False
0.5-1,13010,0,1.829612689955604e-11,False
0.5-1,13011,0,1.5419336137018453e-11,False
0.5-1,13012,0,1.148495646073314e-10,False
0.5-1,13013,0,7.64262480380264e-10,False
0.5-1,13014,0,1.73175304196244e-07,False
0.5-1,13015,0,1.8169441474329122e-07,False
0.5-1,13016,0,0.004390141325243366,False
0.5-1,13017,0,9.69974107893969e-07,False
0.5-1,13018,0,8.983402213597499e-09,False
0.5-1,13019,0,2.173016002664787e-09,False
0.5-1,13020,0,1.3819350148418273e-06,False
0.5-1,13021,0,2.4129779789253974e-10,False
0.5-1,13022,0,1.0127732133399819e-09,False
0.5-1,13023,0,6.27595589367953e-11,False
0.5-1,13024,0,2.614091014205259e-06,False
0.5-1,13025,0,2.8013160193477507e-07,False
0.5-1,13026,0,1.366263038962727e-06,False
0.5-1,13027,0,1.4971728557239344e-07,False
0.5-1,13028,0,1.4685663388394685e-10,False
0.5-1,13029,0,2.5672799132721066e-10,False
0.5-1,13030,0,1.425795712519221e-10,False
0.5-1,13031,0,5.804404843952974e-09,False
0.5-1,13032,0,6.874043786335975e-12,False
0.5-1,13033,0,1.1290509027986561e-10,False
0.5-1,13034,0,5.5111030332271366e-09,False
0.5-1,13035,0,4.197817873810347e-09,False
0.5-1,13036,0,3.5714495781342357e-10,False
0.5-1,13037,0,2.5256270766294426e-07,False
0.5-1,13038,0,4.2210596534709794e-07,False
0.5-1,13039,0,1.1383669712268893e-06,False
0.5-1,13040,0,7.2528233523086e-12,False
0.5-1,13041,0,1.4753487837598177e-06,False
0.5-1,13042,0,2.0845611785148787e-09,False
0.5-1,13043,0,1.5349095476163294e-09,False
0.5-1,13044,0,3.435225742588929e-07,False
0.5-1,13045,0,2.0175098651439796e-09,False
0.5-1,13046,0,5.292074730876028e-09,False
0.5-1,13047,0,7.755014163403562e-11,False
0.5-1,13048,0,1.7597815936654307e-06,False
0.5-1,13049,0,1.8231910982865795e-07,False
0.5-1,13050,0,4.766816757477158e-07,False
0.5-1,13051,0,2.7430193793413594e-07,False
0.5-1,13052,0,3.515547810663819e-10,False
0.5-1,13053,0,6.910195689193193e-10,False
0.5-1,13054,0,1.50115230657237e-10,False
0.5-1,13055,0,2.9608289976202916e-09,False
0.5-1,13056,0,1.706396802170997e-12,False
0.5-1,13057,0,5.917916977265682e-11,False
0.5-1,13058,0,4.9361475602888e-11,False
0.5-1,13059,0,5.804355865618884e-12,False
0.5-1,13060,0,5.9754645205806525e-12,False
0.5-1,13061,1,0.9999927032364597,True
0.5-1,13062,0,9.191682960826301e-07,False
0.5-1,13063,0,2.65706296479887e-06,False
0.5-1,13064,0,2.239198968657396e-11,False
0.5-1,13065,0,2.2326626530952194e-06,False
0.5-1,13066,0,9.213617525441187e-10,False
0.5-1,13067,0,3.792501820685068e-09,False
0.5-1,13068,0,2.277702732790361e-07,False
0.5-1,13069,0,4.145783036337915e-10,False
0.5-1,13070,0,1.452807206890678e-09,False
0.5-1,13071,0,1.3195659303954416e-10,False
0.5-1,13072,0,4.265506320630763e-07,False
0.5-1,13073,0,4.3572033676225136e-08,False
0.5-1,13074,0,4.5754208636916426e-08,False
0.5-1,13075,0,4.198400404468263e-08,False
0.5-1,13076,0,4.021878389331101e-10,False
0.5-1,13077,0,2.030577024239096e-10,False
0.5-1,13078,0,7.646128453045295e-11,False
0.5-1,13079,0,6.16620600034243e-09,False
0.5-1,13080,0,5.7059147200703244e-12,False
0.5-1,13081,0,3.879952941082673e-12,False
0.5-1,13082,0,5.345210010760015e-11,False
0.5-1,13083,0,3.683777876103645e-12,False
0.5-1,13084,0,3.751721853859502e-12,False
0.5-1,13085,0,5.0487891386526613e-11,False
0.5-1,13086,0,7.00814578680592e-08,False
0.5-1,13087,0,5.266542427327994e-07,False
0.5-1,13088,0,7.126327272855762e-10,False
0.5-1,13089,0,3.9015722614763545e-07,False
0.5-1,13090,0,2.2716950179867056e-10,False
0.5-1,13091,0,7.620882031492276e-09,False
0.5-1,13092,0,2.41045008017093e-08,False
0.5-1,13093,0,2.845615900142502e-09,False
0.5-1,13094,0,6.5782584924461055e-09,False
0.5-1,13095,0,1.701439261072804e-09,False
0.5-1,13096,0,2.921463341792782e-08,False
0.5-1,13097,0,1.390130106172465e-07,False
0.5-1,13098,0,1.0736099220506676e-09,False
0.5-1,13099,0,2.167831346979086e-08,False
0.5-1,13100,0,1.122384866318224e-08,False
0.5-1,13101,0,5.066889692251376e-10,False
0.5-1,13102,0,1.117268928813801e-09,False
0.5-1,13103,0,6.681795271861381e-09,False
0.5-1,13104,0,5.783146718743225e-13,False
0.5-1,13105,0,1.457210648000541e-13,False
0.5-1,13106,0,4.4794650136199657e-13,False
0.5-1,13107,0,0.003587923559190774,False
0.5-1,13108,0,8.951907625208975e-13,False
0.5-1,13109,0,4.0216721940238384e-12,False
0.5-1,13110,0,3.22361347514211e-09,False
0.5-1,13111,0,7.543790665833469e-08,False
0.5-1,13112,0,2.1547846349915507e-10,False
0.5-1,13113,0,1.874225342244358e-08,False
0.5-1,13114,0,1.0486656919925005e-11,False
0.5-1,13115,0,2.79439363235015e-09,False
0.5-1,13116,0,5.844304445298914e-10,False
0.5-1,13117,0,1.4565763001397422e-09,False
0.5-1,13118,0,8.900786458520274e-10,False
0.5-1,13119,0,5.361209675426346e-10,False
0.5-1,13120,0,6.909813557512141e-11,False
0.5-1,13121,0,1.5245965378895472e-07,False
0.5-1,13122,0,3.4297549157813177e-12,False
0.5-1,13123,0,7.589568607493211e-09,False
0.5-1,13124,0,5.9125616862137774e-08,False
0.5-1,13125,0,4.698882369712604e-10,False
0.5-1,13126,0,3.617857080991958e-08,False
0.5-1,13127,0,1.0258923714862564e-08,False
0.5-1,13128,0,1.0829057910849619e-12,False
0.5-1,13129,0,2.3561380284256383e-13,False
0.5-1,13130,0,7.403496214234405e-15,False
0.5-1,13131,0,3.5755140310618678e-12,False
0.5-1,13132,0,3.951151108166491e-12,False
0.5-1,13133,0,1.3210431858060929e-15,False
0.5-1,13134,0,1.7869635818259183e-11,False
0.5-1,13135,0,2.153430665072923e-07,False
0.5-1,13136,0,7.001315896105885e-11,False
0.5-1,13137,0,5.740988454632256e-07,False
0.5-1,13138,0,5.209334868923427e-14,False
0.5-1,13139,0,2.0610825002142402e-09,False
0.5-1,13140,0,7.525822660889081e-12,False
0.5-1,13141,0,1.289180001270866e-05,False
0.5-1,13142,0,4.898579349956414e-10,False
0.5-1,13143,0,3.577414942422812e-07,False
0.5-1,13144,0,3.6216723213459154e-13,False
0.5-1,13145,0,4.3662644777774686e-05,False
0.5-1,13146,0,5.002060613964201e-15,False
0.5-1,13147,0,1.796241730443232e-05,False
0.5-1,13148,0,2.4513291040269645e-07,False
0.5-1,13149,0,1.5747227531789481e-07,False
0.5-1,13150,0,9.550524709038572e-05,False
0.5-1,13151,0,1.0758676191137087e-08,False
0.5-1,13152,0,1.1823170008705871e-08,False
0.5-1,13153,0,7.73479476982893e-12,False
0.5-1,13154,0,6.301985740794109e-13,False
0.5-1,13155,0,3.305439822562114e-08,False
0.5-1,13156,0,3.0356557780121906e-07,False
0.5-1,13157,0,7.519479562117525e-15,False
0.5-1,13158,0,3.241327210866066e-14,False
0.5-1,13159,0,1.770170817749664e-08,False
0.5-1,13160,0,1.5306486711298729e-06,False
0.5-1,13161,0,0.0001249663799316295,False
0.5-1,13162,0,1.6126743637586687e-14,False
0.5-1,13163,0,4.616951031331614e-08,False
0.5-1,13164,0,3.7044544645983014e-15,False
0.5-1,13165,0,4.368547404873759e-05,False
0.5-1,13166,0,1.1806214563004745e-08,False
0.5-1,13167,0,3.3178572392835095e-05,False
0.5-1,13168,0,5.152594322025152e-17,False
0.5-1,13169,0,3.259979555876051e-05,False
0.5-1,13170,0,3.1030531797483308e-21,False
0.5-1,13171,0,4.005791547169562e-06,False
0.5-1,13172,0,2.6494275684693e-05,False
0.5-1,13173,0,1.442036195541237e-06,False
0.5-1,13174,0,0.0003958743129229713,False
0.5-1,13175,0,1.6781791936290502e-07,False
0.5-1,13176,0,0.0001852851526546874,False
0.5-1,13177,0,4.929272013201489e-06,False
0.5-1,13178,0,7.404163507156108e-07,False
0.5-1,13179,0,0.0001159593943434835,False
0.5-1,13180,0,8.808948686262627e-07,False
0.5-1,13181,0,2.013525901143494e-15,False
0.5-1,13182,0,2.182825544545728e-15,False
0.5-1,13183,0,8.047741499018117e-07,False
0.5-1,13184,0,5.030969879483869e-06,False
0.5-1,13185,0,8.995218173352284e-16,False
0.5-1,13186,0,3.1267326958482124e-16,False
0.5-1,13187,0,3.2673451776083195e-05,False
0.5-1,13188,0,5.879352965598727e-07,False
0.5-1,13189,0,1.1459311361948853e-05,False
0.5-1,13190,0,5.4849953743478446e-17,False
0.5-1,13191,0,1.1925260479505905e-06,False
0.5-1,13192,0,4.201022551799767e-21,False
0.5-1,13193,0,0.0001905794843352096,False
0.5-1,13194,0,1.1182085462053352e-07,False
0.5-1,13195,0,2.840978556534082e-05,False
0.5-1,13196,0,4.928171192776444e-06,False
0.5-1,13197,0,4.887451962423103e-09,False
0.5-1,13198,0,8.275485165701483e-07,False
0.5-1,13199,0,9.496191576827865e-12,False
0.5-1,13200,0,6.209457017585852e-06,False
0.5-1,13201,0,1.4554848551477734e-05,False
0.5-1,13202,0,3.7626938666726177e-05,False
0.5-1,13203,0,2.6093257963759015e-06,False
0.5-1,13204,0,2.4280213673209844e-06,False
0.5-1,13205,0,1.5101045640888142e-09,False
0.5-1,13206,0,1.8566824052990385e-09,False
0.5-1,13207,0,5.030065956437694e-10,False
0.5-1,13208,0,2.155515324387164e-11,False
0.5-1,13209,0,0.1085103840664207,False
0.5-1,13210,0,7.451460520560193e-06,False
0.5-1,13211,0,2.393929250739252e-11,False
0.5-1,13212,0,2.6961652879553826e-08,False
0.5-1,13213,0,1.0256556870292017e-08,False
0.5-1,13214,0,0.018896218764041316,False
0.5-1,13215,0,1.1862385244754012e-09,False
0.5-1,13216,0,1.3231379387758253e-07,False
0.5-1,13217,0,5.043091331121752e-08,False
0.5-1,13218,0,2.3096400663855528e-10,False
0.5-1,13219,0,1.7572174886527343e-11,False
0.5-1,13220,0,4.888535592804107e-07,False
0.5-1,13221,0,9.953473338806279e-08,False
0.5-1,13222,0,6.12225493705037e-07,False
0.5-1,13223,0,8.173324883542252e-09,False
0.5-1,13224,0,1.6495658943178518e-10,False
0.5-1,13225,0,1.3630592771627562e-10,False
0.5-1,13226,0,2.749373069542497e-10,False
0.5-1,13227,0,1.1020550834013553e-09,False
0.5-1,13228,0,8.446669529711627e-12,False
0.5-1,13229,0,1.911270048972317e-09,False
0.5-1,13230,0,3.3986384388116165e-12,False
0.5-1,13231,0,2.1273768100538173e-11,False
0.5-1,13232,1,0.999975815059519,True
0.5-1,13233,0,7.959007756595102e-11,False
0.5-1,13234,0,7.867170098007112e-08,False
0.5-1,13235,0,1.2883179935967985e-07,False
0.5-1,13236,0,5.645294727742762e-05,False
0.5-1,13237,0,4.6744746324538526e-07,False
0.5-1,13238,0,2.3181853629989452e-09,False
0.5-1,13239,0,5.667009208123834e-10,False
0.5-1,13240,0,3.2051181724704714e-07,False
0.5-1,13241,0,2.771369075461581e-10,False
0.5-1,13242,0,8.307545470829663e-10,False
0.5-1,13243,0,4.173349373297301e-11,False
0.5-1,13244,0,3.5478471331615558e-06,False
0.5-1,13245,0,1.0764589254245521e-07,False
0.5-1,13246,0,5.641861216841852e-07,False
0.5-1,13247,0,8.179227074960597e-08,False
0.5-1,13248,0,1.3177411937899607e-10,False
0.5-1,13249,0,1.777130006971945e-10,False
0.5-1,13250,0,1.1966117125293608e-10,False
0.5-1,13251,0,8.668926295563339e-10,False
0.5-1,13252,0,3.0084230030885914e-10,False
0.5-1,13253,0,1.0267245319513843e-09,False
0.5-1,13254,0,4.338350502458812e-11,False
0.5-1,13255,0,6.033791823677686e-12,False
0.5-1,13256,0,2.814302023079889e-12,False
0.5-1,13257,0,1.3567840748380405e-09,False
0.5-1,13258,0,1.9107739988791087e-07,False
0.5-1,13259,0,4.143241043288065e-07,False
0.5-1,13260,0,2.9320882284258815e-11,False
0.5-1,13261,0,1.2485964042055013e-06,False
0.5-1,13262,0,3.83401941385671e-11,False
0.5-1,13263,0,8.927131999598193e-10,False
0.5-1,13264,0,3.8571683622647824e-07,False
0.5-1,13265,0,1.6617532605947012e-10,False
0.5-1,13266,0,9.575894799837583e-10,False
0.5-1,13267,0,7.663565518277074e-11,False
0.5-1,13268,0,1.8340024216107884e-06,False
0.5-1,13269,0,2.732688265974669e-07,False
0.5-1,13270,0,3.6529608672369125e-07,False
0.5-1,13271,0,1.374909139818154e-07,False
0.5-1,13272,0,1.0215386787274668e-10,False
0.5-1,13273,0,1.344403813429543e-10,False
0.5-1,13274,0,1.7407975104789058e-10,False
0.5-1,13275,0,1.1946251902974135e-09,False
0.5-1,13276,0,7.407919099354159e-12,False
0.5-1,13277,0,1.1982986508550306e-10,False
0.5-1,13278,0,3.934847359050678e-11,False
0.5-1,13279,0,6.584316376356509e-12,False
0.5-1,13280,0,4.6173996555235146e-12,False
0.5-1,13281,0,1.0179724449938503e-11,False
0.5-1,13282,0,2.862189423786289e-07,False
0.5-1,13283,0,2.0141706321016494e-06,False
0.5-1,13284,0,2.7515306443338932e-12,False
0.5-1,13285,0,1.5580432160937488e-06,False
0.5-1,13286,0,2.1735005864680044e-10,False
0.5-1,13287,0,8.298015028756655e-10,False
0.5-1,13288,0,8.214215360094115e-08,False
0.5-1,13289,0,3.6076730682204617e-10,False
0.5-1,13290,0,1.984912201690311e-09,False
0.5-1,13291,0,1.4237134401355637e-10,False
0.5-1,13292,0,3.110343269785968e-07,False
0.5-1,13293,0,2.3023101383334173e-07,False
0.5-1,13294,0,3.598588510989652e-08,False
0.5-1,13295,0,1.3512543337111748e-07,False
0.5-1,13296,0,2.2253125893093522e-10,False
0.5-1,13297,0,6.277312837162175e-11,False
0.5-1,13298,0,4.916161882110783e-11,False
0.5-1,13299,0,2.5156969600489534e-09,False
0.5-1,13300,0,7.366880474600191e-07,False
0.5-1,13301,0,4.785728478734799e-10,False
0.5-1,13302,0,4.409219778088062e-11,False
0.5-1,13303,0,3.4215251601239906e-12,False
0.5-1,13304,0,8.594245903735941e-11,False
0.5-1,13305,0,3.6172581864469713e-10,False
0.5-1,13306,0,2.858751518638505e-08,False
0.5-1,13307,0,2.3886917291923964e-06,False
0.5-1,13308,0,4.174786028346945e-11,False
0.5-1,13309,0,6.139297930465302e-07,False
0.5-1,13310,0,6.692423439488705e-12,False
0.5-1,13311,0,1.419921859344335e-10,False
0.5-1,13312,0,2.0500610114504902e-08,False
0.5-1,13313,0,1.3086413373480703e-10,False
0.5-1,13314,0,3.4571325993600986e-10,False
0.5-1,13315,0,2.188527579490263e-08,False
0.5-1,13316,0,1.538363696582051e-08,False
0.5-1,13317,0,2.519137910425001e-07,False
0.5-1,13318,0,1.439016794469145e-09,False
0.5-1,13319,0,9.080788623272176e-06,False
0.5-1,13320,0,2.9387883705720652e-09,False
0.5-1,13321,0,5.96070149771749e-12,False
0.5-1,13322,0,2.0194227890274926e-10,False
0.5-1,13323,0,8.54180493372694e-10,False
0.5-1,13324,0,1.9682318704074638e-10,False
0.5-1,13325,0,7.0790976913097274e-15,False
0.5-1,13326,0,7.695362109460181e-11,False
0.5-1,13327,0,1.719320563336655e-12,False
0.5-1,13328,0,2.954445788463953e-11,False
0.5-1,13329,0,1.1944814375088391e-14,False
0.5-1,13330,0,1.7172186378698128e-09,False
0.5-1,13331,0,5.255021166326862e-07,False
0.5-1,13332,0,3.2873710619509175e-10,False
0.5-1,13333,0,2.8934995193218465e-07,False
0.5-1,13334,0,1.5912090857125946e-13,False
0.5-1,13335,0,1.7069627837522897e-11,False
0.5-1,13336,0,4.868410408755946e-10,False
0.5-1,13337,0,2.5471920188536837e-09,False
0.5-1,13338,0,9.682902875090545e-09,False
0.5-1,13339,0,1.4563316143621268e-06,False
0.5-1,13340,0,1.232411894046993e-10,False
0.5-1,13341,0,4.348588620753844e-09,False
0.5-1,13342,0,4.64024522523001e-12,False
0.5-1,13343,0,3.265731000226265e-05,False
0.5-1,13344,0,8.229762036112999e-06,False
0.5-1,13345,1,0.9820242785966584,True
0.5-1,13346,0,3.2208461025569117e-09,False
0.5-1,13347,0,7.935403147301151e-09,False
0.5-1,13348,0,1.1506481365783628e-08,False
0.5-1,13349,0,3.5257691996771267e-12,False
0.5-1,13350,0,1.1126849855166694e-08,False
0.5-1,13351,0,1.21938482340171e-12,False
0.5-1,13352,0,1.703852329774614e-10,False
0.5-1,13353,0,3.0988054922606654e-14,False
0.5-1,13354,0,1.822504811623838e-11,False
0.5-1,13355,0,1.3941270723126379e-05,False
0.5-1,13356,0,4.7984942805103444e-06,False
0.5-1,13357,0,5.139128606083624e-06,False
0.5-1,13358,0,3.1816179908696282e-15,False
0.5-1,13359,0,7.138143338937078e-11,False
0.5-1,13360,0,4.214345521863142e-12,False
0.5-1,13361,0,1.2715163706317858e-07,False
0.5-1,13362,0,5.073357679054328e-09,False
0.5-1,13363,0,0.00038178041613766954,False
0.5-1,13364,0,3.6560927790380116e-13,False
0.5-1,13365,0,1.7538151288982377e-05,False
0.5-1,13366,0,2.18823076081981e-15,False
0.5-1,13367,0,0.0005231944067390286,False
0.5-1,13368,0,0.0005301150648377046,False
0.5-1,13369,0,1.521737510462726e-10,False
0.5-1,13370,0,3.4535402186111496e-05,False
0.5-1,13371,0,1.2812047642136892e-07,False
0.5-1,13372,0,3.608634587726469e-07,False
0.5-1,13373,0,9.721327342826807e-18,False
0.5-1,13374,0,3.479746241923524e-16,False
0.5-1,13375,0,2.976874152582497e-10,False
0.5-1,13376,0,4.636809695376456e-09,False
0.5-1,13377,0,1.7188963806194014e-17,False
0.5-1,13378,0,3.9566688352506584e-14,False
0.5-1,13379,0,1.236583023389011e-05,False
0.5-1,13380,0,8.54526192159856e-06,False
0.5-1,13381,0,0.00025173946389354663,False
0.5-1,13382,0,2.0333862761086293e-16,False
0.5-1,13383,0,5.881573422009831e-09,False
0.5-1,13384,0,3.461864865984975e-15,False
0.5-1,13385,0,4.477662342324012e-06,False
0.5-1,13386,0,8.42456034884722e-08,False
0.5-1,13387,0,0.0035108040922384653,False
0.5-1,13388,0,3.805089886686464e-17,False
0.5-1,13389,0,1.275209627966015e-05,False
0.5-1,13390,0,1.3425489641480204e-21,False
0.5-1,13391,0,4.189175776794082e-05,False
0.5-1,13392,0,0.0011057224577455654,False
0.5-1,13393,0,6.601505831566672e-08,False
0.5-1,13394,0,0.00014837103724213522,False
0.5-1,13395,0,2.3773284157869236e-06,False
0.5-1,13396,0,0.0001689326998282342,False
0.5-1,13397,0,5.642170099737417e-07,False
0.5-1,13398,0,9.508009958062056e-06,False
0.5-1,13399,0,7.533553047562982e-05,False
0.5-1,13400,0,1.1736006836941524e-05,False
0.5-1,13401,0,1.1049848114600179e-14,False
0.5-1,13402,0,3.179258871599631e-17,False
0.5-1,13403,0,5.434919390400999e-07,False
0.5-1,13404,0,2.1032434382734107e-07,False
0.5-1,13405,0,1.2280570329508396e-17,False
0.5-1,13406,0,4.661264198935565e-16,False
0.5-1,13407,0,0.00017567447679068512,False
0.5-1,13408,0,2.2448046491095797e-07,False
0.5-1,13409,0,5.978194377412873e-06,False
0.5-1,13410,0,7.124870457810696e-17,False
0.5-1,13411,0,1.9454919372095418e-08,False
0.5-1,13412,0,1.7470103892523233e-21,False
0.5-1,13413,0,0.0001034572288999038,False
0.5-1,13414,0,1.0002213139153766e-07,False
0.5-1,13415,0,3.5708842896629065e-05,False
0.5-1,13416,0,4.173037751276488e-05,False
0.5-1,13417,0,1.4115299007778213e-09,False
0.5-1,13418,0,5.233267016195157e-08,False
0.5-1,13419,0,5.396239847513292e-12,False
0.5-1,13420,0,8.511519302445325e-06,False
0.5-1,13421,0,3.818324586052569e-08,False
0.5-1,13422,0,2.4665400785889296e-08,False
0.5-1,13423,0,2.6871135720857703e-05,False
0.5-1,13424,0,2.6018732244251945e-10,False
0.5-1,13425,0,1.2933647150906715e-08,False
0.5-1,13426,0,1.4005495503085654e-05,False
0.5-1,13427,0,1.9376273935404823e-11,False
0.5-1,13428,0,5.1959490350168456e-08,False
0.5-1,13429,0,6.758426648432362e-12,False
0.5-1,13430,0,0.0016915229761426346,False
0.5-1,13431,0,2.5204490071356634e-11,False
0.5-1,13432,0,3.3789226562614126e-10,False
0.5-1,13433,0,1.2024810838896601e-08,False
0.5-1,13434,0,5.710999226528864e-07,False
0.5-1,13435,0,1.4120593099227436e-09,False
0.5-1,13436,0,8.370758216674521e-07,False
0.5-1,13437,0,7.13162595621598e-10,False
0.5-1,13438,0,6.618346967904178e-09,False
0.5-1,13439,0,1.3765831737270165e-10,False
0.5-1,13440,0,6.532259284538684e-06,False
0.5-1,13441,0,3.826173729509488e-08,False
0.5-1,13442,0,5.104168591071061e-07,False
0.5-1,13443,0,1.0546168021766104e-08,False
0.5-1,13444,0,9.675595555543923e-09,False
0.5-1,13445,0,6.872651575676627e-11,False
0.5-1,13446,0,1.711697234590205e-11,False
0.5-1,13447,0,1.6529822731792449e-09,False
0.5-1,13448,0,7.767049745943128e-11,False
0.5-1,13449,0,0.00025753218072560705,False
0.5-1,13450,0,3.1572078458564726e-09,False
0.5-1,13451,0,5.97141993568727e-11,False
0.5-1,13452,1,0.9999697773902994,True
0.5-1,13453,0,4.692630464991216e-11,False
0.5-1,13454,0,9.899869514381134e-08,False
0.5-1,13455,0,4.378639474774586e-08,False
0.5-1,13456,0,1.7750455115494202e-11,False
0.5-1,13457,0,4.810685581233023e-07,False
0.5-1,13458,0,3.5031229605672417e-11,False
0.5-1,13459,0,1.9447991133655993e-10,False
0.5-1,13460,0,2.2147408926770552e-07,False
0.5-1,13461,0,1.4289766661548507e-09,False
0.5-1,13462,0,1.3844795790398482e-10,False
0.5-1,13463,0,6.269368060315929e-11,False
0.5-1,13464,0,1.6432064005970114e-06,False
0.5-1,13465,0,9.721916451948465e-08,False
0.5-1,13466,0,4.63823795569185e-07,False
0.5-1,13467,0,4.3465278398502646e-08,False
0.5-1,13468,0,5.873002508355679e-11,False
0.5-1,13469,0,6.030677558192862e-11,False
0.5-1,13470,0,7.112703771308597e-11,False
0.5-1,13471,0,4.1805767142891156e-10,False
0.5-1,13472,0,7.564221707115775e-10,False
0.5-1,13473,0,1.2106469228467275e-10,False
0.5-1,13474,0,5.062411328382737e-10,False
0.5-1,13475,0,1.8045687655356911e-10,False
0.5-1,13476,0,1.9112879066104616e-12,False
0.5-1,13477,0,2.847977559514058e-12,False
0.5-1,13478,0,2.0830336411004923e-07,False
0.5-1,13479,0,8.83933029825745e-07,False
0.5-1,13480,0,4.9306308373439254e-11,False
0.5-1,13481,0,7.369401868819258e-07,False
0.5-1,13482,0,2.4539919665478004e-08,False
0.5-1,13483,0,8.1217898958847e-10,False
0.5-1,13484,0,1.4025641421485406e-07,False
0.5-1,13485,0,1.1854106559900235e-10,False
0.5-1,13486,0,4.331127210858048e-10,False
0.5-1,13487,0,5.723267458927518e-11,False
0.5-1,13488,0,1.5284831466896397e-06,False
0.5-1,13489,0,4.883172439447387e-06,False
0.5-1,13490,0,2.512392924592957e-07,False
0.5-1,13491,0,3.941562205827598e-08,False
0.5-1,13492,0,6.234293802571002e-11,False
0.5-1,13493,0,9.088448783020082e-11,False
0.5-1,13494,0,2.480488550183645e-10,False
0.5-1,13495,0,9.098131054147177e-10,False
0.5-1,13496,0,3.5550028750117535e-12,False
0.5-1,13497,0,2.72276531614293e-10,False
0.5-1,13498,0,3.335501392229848e-12,False
0.5-1,13499,0,4.0121692219878253e-07,False
0.5-1,13500,0,8.010876398056595e-10,False
0.5-1,13501,0,7.0495994376687e-11,False
0.5-1,13502,0,1.0164006289531265e-07,False
0.5-1,13503,0,1.828882485487517e-07,False
0.5-1,13504,0,3.444747050617783e-12,False
0.5-1,13505,0,1.0998477575992324e-06,False
0.5-1,13506,0,1.4123787933210952e-10,False
0.5-1,13507,0,4.904291509292304e-10,False
0.5-1,13508,0,1.5512149114808257e-07,False
0.5-1,13509,0,1.115113632308664e-09,False
0.5-1,13510,0,1.6539317661299396e-10,False
0.5-1,13511,0,1.6925318239419352e-11,False
0.5-1,13512,0,3.0024420915820804e-07,False
0.5-1,13513,0,9.488844311862589e-07,False
0.5-1,13514,0,8.635732209872954e-09,False
0.5-1,13515,0,6.223043388856283e-08,False
0.5-1,13516,0,4.956359613122335e-11,False
0.5-1,13517,0,1.0942790110384901e-10,False
0.5-1,13518,0,8.297852103678732e-11,False
0.5-1,13519,0,3.493661425892874e-10,False
0.5-1,13520,0,3.192264018435384e-11,False
0.5-1,13521,0,5.726310133745008e-13,False
0.5-1,13522,0,3.5705728021761275e-11,False
0.5-1,13523,0,5.801311767230811e-12,False
0.5-1,13524,0,1.4167031863456935e-13,False
0.5-1,13525,0,6.63926508437154e-13,False
0.5-1,13526,0,3.5248070905092855e-08,False
0.5-1,13527,0,1.589876965544392e-07,False
0.5-1,13528,0,3.457267967562239e-12,False
0.5-1,13529,0,1.8180316553915276e-06,False
0.5-1,13530,0,1.1169798178208793e-12,False
0.5-1,13531,0,4.3353372236223304e-11,False
0.5-1,13532,0,5.504285085737033e-09,False
0.5-1,13533,0,7.620930362518434e-10,False
0.5-1,13534,0,3.6711768308742645e-11,False
0.5-1,13535,0,9.65486966351186e-10,False
0.5-1,13536,0,1.813071472531341e-08,False
0.5-1,13537,0,0.0016797613890205355,False
0.5-1,13538,0,1.1931862371408842e-09,False
0.5-1,13539,0,1.07855355326488e-08,False
0.5-1,13540,0,4.7207927090473975e-11,False
0.5-1,13541,0,3.932022526309228e-12,False
0.5-1,13542,0,1.959478666843094e-08,False
0.5-1,13543,0,1.2536607161820077e-11,False
0.5-1,13544,0,1.0838526338553814e-10,False
0.5-1,13545,0,2.44962408637607e-13,False
0.5-1,13546,0,2.874825762744838e-13,False
0.5-1,13547,0,3.73523031305002e-14,False
0.5-1,13548,0,3.806662842535265e-12,False
0.5-1,13549,0,4.994369829003543e-12,False
0.5-1,13550,0,4.737801109534433e-10,False
0.5-1,13551,0,5.431230496955712e-07,False
0.5-1,13552,0,1.5287604703831523e-10,False
0.5-1,13553,0,2.8585521232840422e-08,False
0.5-1,13554,0,1.0256788580929324e-13,False
0.5-1,13555,0,1.4939603541454473e-11,False
0.5-1,13556,0,1.6027565852496206e-10,False
0.5-1,13557,0,5.594320931140357e-09,False
0.5-1,13558,0,1.1627528601207888e-11,False
0.5-1,13559,0,9.458753298555855e-11,False
0.5-1,13560,0,2.0698056832150723e-10,False
0.5-1,13561,0,0.0011385890927706054,False
0.5-1,13562,0,2.7085405435566896e-11,False
0.5-1,13563,0,2.8962572726889177e-07,False
0.5-1,13564,0,1.9341147783867103e-07,False
0.5-1,13565,0,8.187233414571407e-13,False
0.5-1,13566,0,1.0891273770689306e-09,False
0.5-1,13567,0,1.5044674397361699e-10,False
0.5-1,13568,0,1.4009638743552262e-07,False
0.5-1,13569,0,9.731888442482832e-16,False
0.5-1,13570,0,6.8081544782591015e-15,False
0.5-1,13571,0,2.5978326477714718e-11,False
0.5-1,13572,0,8.596325756100331e-14,False
0.5-1,13573,0,3.889166941149564e-15,False
0.5-1,13574,0,7.505945815801692e-12,False
0.5-1,13575,0,3.985047026241747e-06,False
0.5-1,13576,0,5.058032345543347e-06,False
0.5-1,13577,0,2.822099525030361e-05,False
0.5-1,13578,0,6.720236004148051e-15,False
0.5-1,13579,0,1.5878641440547937e-10,False
0.5-1,13580,0,1.7162394480407697e-12,False
0.5-1,13581,0,0.00045831392083791196,False
0.5-1,13582,0,1.8826361423103342e-10,False
0.5-1,13583,0,2.7239195765168786e-05,False
0.5-1,13584,0,1.4606580674772546e-12,False
0.5-1,13585,0,0.00039093905031440263,False
0.5-1,13586,0,7.316278902262559e-14,False
0.5-1,13587,0,0.00010486191533099944,False
0.5-1,13588,0,1.803468112355823e-05,False
0.5-1,13589,0,5.526260367256419e-11,False
0.5-1,13590,0,6.06639003919338e-08,False
0.5-1,13591,0,3.389441384005357e-10,False
0.5-1,13592,0,4.2455051027804727e-07,False
0.5-1,13593,0,2.4341497963565695e-17,False
0.5-1,13594,0,1.1717223093302347e-12,False
0.5-1,13595,0,6.134062843351905e-12,False
0.5-1,13596,0,2.1073390902364622e-11,False
0.5-1,13597,0,1.2046624963747359e-14,False
0.5-1,13598,0,4.426682716774622e-14,False
0.5-1,13599,0,1.2796898370696158e-06,False
0.5-1,13600,0,6.695791819633283e-05,False
0.5-1,13601,0,0.0006946944739975913,False
0.5-1,13602,0,1.2138951518847046e-15,False
0.5-1,13603,0,1.8540694100999106e-08,False
0.5-1,13604,0,6.061516618879596e-16,False
0.5-1,13605,0,0.00013568916674139647,False
0.5-1,13606,0,9.019967651546146e-09,False
0.5-1,13607,0,0.0005838171098112944,False
0.5-1,13608,0,9.727752598971251e-17,False
0.5-1,13609,0,8.431442615900053e-06,False
0.5-1,13610,0,1.5839283255822692e-19,False
0.5-1,13611,0,1.5608099878045908e-05,False
0.5-1,13612,0,0.00025802713892695195,False
0.5-1,13613,0,6.572743146446423e-10,False
0.5-1,13614,0,1.3603668194079218e-05,False
0.5-1,13615,0,2.5219481623787233e-08,False
0.5-1,13616,0,0.00026364922635575643,False
0.5-1,13617,0,6.71770016737927e-08,False
0.5-1,13618,0,1.431049211756831e-06,False
0.5-1,13619,0,4.7222998952408785e-05,False
0.5-1,13620,0,0.00013745755467979188,False
0.5-1,13621,0,2.1524725175628388e-16,False
0.5-1,13622,0,3.9518728121257014e-16,False
0.5-1,13623,0,6.610411020445865e-07,False
0.5-1,13624,0,2.345915338345256e-05,False
0.5-1,13625,0,7.439820513548841e-18,False
0.5-1,13626,0,1.9664741297600248e-17,False
0.5-1,13627,0,9.855156806699568e-05,False
0.5-1,13628,0,1.3297583098493202e-06,False
0.5-1,13629,0,4.503465027894074e-06,False
0.5-1,13630,0,9.66537989919266e-15,False
0.5-1,13631,0,9.123982997187846e-08,False
0.5-1,13632,0,1.098657564571516e-22,False
0.5-1,13633,0,0.00011209146472935321,False
0.5-1,13634,0,1.277311082656287e-07,False
0.5-1,13635,0,9.11309300042958e-05,False
0.5-1,13636,0,4.923142799325106e-09,False
0.5-1,13637,0,5.744154788692062e-09,False
0.5-1,13638,1,0.9999838245985091,True
0.5-1,13639,0,3.6080760560499177e-12,False
0.5-1,13640,0,2.3308653230066455e-06,False
0.5-1,13641,0,7.96078557017408e-09,False
0.5-1,13642,0,2.3325844939900972e-07,False
0.5-1,13643,0,3.228176658263574e-08,False
0.5-1,13644,0,0.024212958771533885,False
0.5-1,13645,0,2.5019583730475027e-07,False
0.5-1,13646,0,3.2858903803018834e-10,False
0.5-1,13647,0,1.421712055298202e-11,False
0.5-1,13648,0,4.467628383076099e-10,False
0.5-1,13649,0,2.837578980571012e-07,False
0.5-1,13650,0,3.748704061067169e-07,False
0.5-1,13651,0,3.4277955170926785e-11,False
0.5-1,13652,0,2.9286511991201047e-12,False
0.5-1,13653,0,8.043555900370547e-09,False
0.5-1,13654,0,6.533537367420315e-10,False
0.5-1,13655,0,1.3588916881365918e-09,False
0.5-1,13656,0,3.849963221284665e-07,False
0.5-1,13657,0,3.808100333758506e-09,False
0.5-1,13658,0,7.563141020565106e-10,False
0.5-1,13659,0,6.019510678655556e-09,False
0.5-1,13660,0,4.989147940660535e-08,False
0.5-1,13661,0,1.5240719532065344e-08,False
0.5-1,13662,0,8.502054365058633e-08,False
0.5-1,13663,1,0.9999988298344432,True
0.5-1,13664,0,4.6658771548483436e-11,False
0.5-1,13665,1,0.9999892814871428,True
0.5-1,13666,0,1.8222434569832845e-11,False
0.5-1,13667,0,2.7299508770592193e-10,False
0.5-1,13668,0,6.139146312217092e-11,False
0.5-1,13669,0,3.658421426802304e-08,False
0.5-1,13670,0,1.4593698671810466e-09,False
0.5-1,13671,0,1.555766824363632e-11,False
0.5-1,13672,0,7.952855932589857e-13,False
0.5-1,13673,0,6.26720595562807e-12,False
0.5-1,13674,0,1.0590214724604613e-08,False
0.5-1,13675,0,2.5981061225208917e-07,False
0.5-1,13676,0,1.8388009226952212e-11,False
0.5-1,13677,0,7.887305912785407e-08,False
0.5-1,13678,0,3.7725997376161506e-11,False
0.5-1,13679,0,1.2774972774299992e-10,False
0.5-1,13680,0,4.2436862036877766e-07,False
0.5-1,13681,0,8.299415285731693e-10,False
0.5-1,13682,0,7.726375060522688e-11,False
0.5-1,13683,0,4.5697989283384735e-10,False
0.5-1,13684,0,5.657582037078172e-07,False
0.5-1,13685,0,8.409014339003711e-08,False
0.5-1,13686,0,9.925444701679653e-08,False
0.5-1,13687,0,3.432267578256441e-08,False
0.5-1,13688,0,2.2837692556992636e-11,False
0.5-1,13689,0,4.838730039615323e-11,False
0.5-1,13690,0,2.400516363504553e-11,False
0.5-1,13691,0,5.606016960764048e-10,False
0.5-1,13692,0,1.154246302340737e-11,False
0.5-1,13693,0,8.489720742408429e-12,False
0.5-1,13694,0,5.923019379656866e-10,False
0.5-1,13695,0,3.6431900878912807e-11,False
0.5-1,13696,0,2.9484989203949827e-10,False
0.5-1,13697,0,4.7528117785641775e-12,False
0.5-1,13698,0,5.6359168633247214e-08,False
0.5-1,13699,0,4.878636191814444e-07,False
0.5-1,13700,0,2.8524175298863204e-11,False
0.5-1,13701,0,4.0434265868907934e-07,False
0.5-1,13702,0,5.99759159321738e-09,False
0.5-1,13703,0,3.8077227146791797e-10,False
0.5-1,13704,0,2.344905516017342e-07,False
0.5-1,13705,0,6.694171781000951e-11,False
0.5-1,13706,0,2.6153095377748117e-10,False
0.5-1,13707,0,4.134957571764847e-11,False
0.5-1,13708,0,1.482111157891551e-06,False
0.5-1,13709,0,1.8324858328897913e-07,False
0.5-1,13710,0,1.439692179985607e-07,False
0.5-1,13711,0,2.5136110841028317e-08,False
0.5-1,13712,0,2.5134659188627474e-11,False
0.5-1,13713,0,6.997353396872116e-11,False
0.5-1,13714,0,1.4232127253695395e-10,False
0.5-1,13715,0,5.414944014881306e-10,False
0.5-1,13716,0,2.8968376865122913e-11,False
0.5-1,13717,0,2.482374292814185e-12,False
0.5-1,13718,0,1.4459740863466093e-11,False
0.5-1,13719,0,2.4546868637946888e-11,False
0.5-1,13720,0,7.074957291141955e-11,False
0.5-1,13721,0,1.0548034171613385e-11,False
0.5-1,13722,0,4.599814273254481e-08,False
0.5-1,13723,0,4.652923416941626e-07,False
0.5-1,13724,0,2.1738331687669324e-12,False
0.5-1,13725,0,5.054088878261759e-07,False
0.5-1,13726,0,8.991891573157572e-11,False
0.5-1,13727,0,2.0758688758821927e-10,False
0.5-1,13728,0,5.065897799553789e-08,False
0.5-1,13729,0,2.673516490786622e-10,False
0.5-1,13730,0,4.476788961797181e-11,False
0.5-1,13731,0,1.0127405944592877e-11,False
0.5-1,13732,0,4.633380157499983e-07,False
0.5-1,13733,0,1.7713797213525055e-07,False
0.5-1,13734,0,1.2951315558770818e-08,False
0.5-1,13735,0,2.0991214929095036e-07,False
0.5-1,13736,0,5.1297214175592635e-11,False
0.5-1,13737,0,1.2944073765259001e-11,False
0.5-1,13738,0,1.1677767536414555e-10,False
0.5-1,13739,0,3.9742275918813174e-10,False
0.5-1,13740,0,3.133106021033356e-10,False
0.5-1,13741,0,9.100716319466465e-14,False
0.5-1,13742,0,1.158036197196387e-10,False
0.5-1,13743,0,3.4774466808112e-11,False
0.5-1,13744,0,4.236249244894877e-12,False
0.5-1,13745,0,2.4623260800734682e-11,False
0.5-1,13746,0,5.2235657568238975e-09,False
0.5-1,13747,0,5.605446058196538e-07,False
0.5-1,13748,0,2.003462667779022e-12,False
0.5-1,13749,0,4.554642276176075e-07,False
0.5-1,13750,0,7.950132860158109e-13,False
0.5-1,13751,0,8.030162644456869e-11,False
0.5-1,13752,0,5.453960376459251e-09,False
0.5-1,13753,0,5.1133650240888387e-11,False
0.5-1,13754,0,2.581677178522531e-11,False
0.5-1,13755,0,3.089537115793107e-09,False
0.5-1,13756,0,5.896206039276858e-09,False
0.5-1,13757,0,3.0353218150245344e-05,False
0.5-1,13758,0,2.1493354845310812e-10,False
0.5-1,13759,0,2.480938428489337e-07,False
0.5-1,13760,0,1.4853727707776368e-09,False
0.5-1,13761,0,1.2781039357519249e-12,False
0.5-1,13762,0,9.024225931665129e-10,False
0.5-1,13763,0,1.017956731674833e-11,False
0.5-1,13764,0,2.499918071735395e-12,False
0.5-1,13765,0,9.775904069257944e-16,False
0.5-1,13766,0,2.522602985248082e-14,False
0.5-1,13767,0,1.549780162904445e-11,False
0.5-1,13768,0,2.1501703042414937e-11,False
0.5-1,13769,0,3.103095972930027e-13,False
0.5-1,13770,0,1.589253686714766e-09,False
0.5-1,13771,0,6.610122350646225e-09,False
0.5-1,13772,0,3.750280810121683e-10,False
0.5-1,13773,0,2.8366667815239665e-07,False
0.5-1,13774,0,1.8441300848513514e-11,False
0.5-1,13775,0,9.452244926239441e-13,False
0.5-1,13776,0,1.7766776145656137e-10,False
0.5-1,13777,0,1.295859259965582e-09,False
0.5-1,13778,0,1.5831851020506406e-12,False
0.5-1,13779,0,1.1563832603802414e-11,False
0.5-1,13780,0,8.327776027554811e-11,False
0.5-1,13781,0,1.816509710225042e-05,False
0.5-1,13782,0,8.327741762074266e-13,False
0.5-1,13783,0,5.059328574318782e-05,False
0.5-1,13784,0,9.401978794130083e-08,False
0.5-1,13785,0,6.970941663388087e-14,False
0.5-1,13786,0,2.071074292642032e-09,False
0.5-1,13787,0,1.8687177450631475e-11,False
0.5-1,13788,0,9.28304857548129e-12,False
0.5-1,13789,0,3.3904140768052306e-14,False
0.5-1,13790,0,1.8736046196219122e-14,False
0.5-1,13791,0,4.369111410406142e-09,False
0.5-1,13792,0,1.3879981860218692e-08,False
0.5-1,13793,0,5.216173990722475e-12,False
0.5-1,13794,0,1.6942818470808311e-12,False
0.5-1,13795,0,1.203648374173973e-07,False
0.5-1,13796,0,1.0831424030902108e-11,False
0.5-1,13797,0,6.681953061992136e-07,False
0.5-1,13798,0,4.733604388693018e-17,False
0.5-1,13799,0,9.626460653766297e-13,False
0.5-1,13800,0,1.3270602381777422e-12,False
0.5-1,13801,0,5.974060987346992e-07,False
0.5-1,13802,0,3.2644316836729152e-15,False
0.5-1,13803,0,2.639810130052489e-10,False
0.5-1,13804,0,8.96243641612942e-13,False
0.5-1,13805,0,1.9138935092255054e-05,False
0.5-1,13806,0,1.864308325602023e-14,False
0.5-1,13807,0,2.9280152466936402e-05,False
0.5-1,13808,0,6.83104643128915e-05,False
0.5-1,13809,0,2.187000593518969e-13,False
0.5-1,13810,0,8.56723129021596e-06,False
0.5-1,13811,0,6.579608822311533e-10,False
0.5-1,13812,0,6.551086924330124e-11,False
0.5-1,13813,0,1.4329355193683054e-17,False
0.5-1,13814,0,1.457468579741691e-15,False
0.5-1,13815,0,4.4862225085336516e-10,False
0.5-1,13816,0,4.39141347173398e-09,False
0.5-1,13817,0,4.136276861284394e-18,False
0.5-1,13818,0,8.12522996263801e-15,False
0.5-1,13819,0,1.1329345997681555e-08,False
0.5-1,13820,0,7.689721231299085e-06,False
0.5-1,13821,0,1.697866875758595e-06,False
0.5-1,13822,0,1.9893649032462883e-17,False
0.5-1,13823,0,1.1064141577621173e-11,False
0.5-1,13824,0,6.029856890304691e-16,False
0.5-1,13825,0,0.00010148344037526889,False
0.5-1,13826,0,1.4988047284275026e-12,False
0.5-1,13827,0,9.743123604055e-06,False
0.5-1,13828,0,1.1038715652988149e-16,False
0.5-1,13829,0,1.0899025473011297e-06,False
0.5-1,13830,0,9.899666330460368e-20,False
0.5-1,13831,0,1.8944250196405973e-06,False
0.5-1,13832,0,0.0006442149996468672,False
0.5-1,13833,0,8.430071260233139e-10,False
0.5-1,13834,0,0.00016779194243164215,False
0.5-1,13835,0,1.160421147538083e-07,False
0.5-1,13836,0,0.0003905144406234634,False
0.5-1,13837,0,1.4945772219635853e-07,False
0.5-1,13838,0,5.410928077717871e-06,False
0.5-1,13839,0,0.00010787589995473922,False
0.5-1,13840,0,2.9974319445073115e-06,False
0.5-1,13841,0,1.5409178684890698e-16,False
0.5-1,13842,0,1.5610475399297354e-14,False
0.5-1,13843,0,3.8659151293307667e-07,False
0.5-1,13844,0,3.175617180731236e-06,False
0.5-1,13845,0,3.9107242205602804e-17,False
0.5-1,13846,0,3.533448622969532e-17,False
0.5-1,13847,0,4.03454416643703e-06,False
0.5-1,13848,0,1.2745931939594484e-06,False
0.5-1,13849,0,2.247675538876374e-07,False
0.5-1,13850,0,7.671562739900848e-17,False
0.5-1,13851,0,6.7354486991942354e-09,False
0.5-1,13852,0,9.300577360676484e-22,False
0.5-1,13853,0,7.920891430726803e-05,False
0.5-1,13854,0,2.6268501603922844e-09,False
0.5-1,13855,0,7.704772662333774e-06,False
0.5-1,13856,0,1.2226495449590403e-09,False
0.5-1,13857,1,0.9999967172076483,True
0.5-1,13858,0,1.3958845723405523e-12,False
0.5-1,13859,0,2.8105561939949336e-12,False
0.5-1,13860,0,7.032383640110313e-05,False
0.5-1,13861,0,1.8574994122570134e-10,False
0.5-1,13862,0,2.1056189696131216e-09,False
0.5-1,13863,0,1.5689128548048518e-08,False
0.5-1,13864,0,9.48035293030296e-10,False
0.5-1,13865,1,0.9999574087630626,True
0.5-1,13866,0,3.760147623418165e-11,False
0.5-1,13867,0,1.1857483151731699e-11,False
0.5-1,13868,0,0.8672627368655516,False
0.5-1,13869,0,0.22642692053635277,False
0.5-1,13870,0,0.25773776363427736,False
0.5-1,13871,0,0.8678538321841851,False
0.5-1,13872,0,8.912091422864402e-12,False
0.5-1,13873,0,7.857079662397196e-10,False
0.5-1,13874,0,1.798421608102065e-13,False
0.5-1,13875,0,6.804611869474055e-11,False
0.5-1,13876,0,7.808230043321518e-13,False
0.5-1,13877,0,6.351106168374763e-10,False
0.5-1,13878,0,3.4404649432101036e-10,False
0.5-1,13879,0,2.728637702804643e-11,False
0.5-1,13880,0,3.163213717867441e-08,False
0.5-1,13881,0,5.06619771132787e-11,False
0.5-1,13882,0,1.1764067349774677e-12,False
0.5-1,13883,0,2.0154866634531724e-13,False
0.5-1,13884,1,0.9999971571661217,True
0.5-1,13885,0,1.69819921063015e-08,False
0.5-1,13886,0,3.200610383367945e-11,False
0.5-1,13887,0,3.4919061808095456e-10,False
0.5-1,13888,1,0.9999916783959908,True
0.5-1,13889,0,8.278878277298585e-12,False
0.5-1,13890,0,9.682617817826908e-13,False
0.5-1,13891,0,4.804262284508953e-10,False
0.5-1,13892,1,0.9999866460613414,True
0.5-1,13893,0,1.2288911125328613e-07,False
0.5-1,13894,0,1.1361478442076993e-11,False
0.5-1,13895,0,2.194532775512484e-11,False
0.5-1,13896,0,0.9738235384363157,True
0.5-1,13897,0,0.9154052798057669,False
0.5-1,13898,0,0.8858580438476515,False
0.5-1,13899,1,0.981285554679452,True
0.5-1,13900,0,4.342572271369125e-13,False
0.5-1,13901,0,1.474616000492396e-11,False
0.5-1,13902,0,1.0875903344495648e-10,False
0.5-1,13903,0,3.957283034172743e-08,False
0.5-1,13904,0,1.6081648719457588e-08,False
0.5-1,13905,0,6.711377680611788e-09,False
0.5-1,13906,0,1.746191540687797e-11,False
0.5-1,13907,0,2.087047088783716e-10,False
0.5-1,13908,0,3.5718002729662414e-08,False
0.5-1,13909,0,7.249284505541954e-11,False
0.5-1,13910,0,7.254100564546023e-12,False
0.5-1,13911,0,1.0114908220964309e-12,False
0.5-1,13912,0,7.788810866416909e-08,False
0.5-1,13913,0,6.232858161754248e-08,False
0.5-1,13914,0,4.060380032280418e-10,False
0.5-1,13915,0,1.2822620962034804e-09,False
0.5-1,13916,0,4.0113529543992133e-10,False
0.5-1,13917,0,3.476003765352005e-11,False
0.5-1,13918,0,1.398566584818247e-11,False
0.5-1,13919,0,2.887651652809173e-10,False
0.5-1,13920,0,2.773986174627609e-09,False
0.5-1,13921,0,0.08371063499239129,False
0.5-1,13922,0,1.2077507594045853e-11,False
0.5-1,13923,0,5.831993622589774e-11,False
0.5-1,13924,0,0.9758340574789514,True
0.5-1,13925,0,0.9514601628622702,False
0.5-1,13926,1,0.9711348735366907,True
0.5-1,13927,1,0.9820310568639409,True
0.5-1,13928,0,1.8013959976692065e-12,False
0.5-1,13929,0,1.2846845483418766e-10,False
0.5-1,13930,0,2.6868811605136526e-09,False
0.5-1,13931,0,1.0946913097789636e-07,False
0.5-1,13932,0,4.784137755904755e-07,False
0.5-1,13933,0,7.079417387448043e-09,False
0.5-1,13934,0,1.3550920803246032e-11,False
0.5-1,13935,0,3.387207957184852e-10,False
0.5-1,13936,0,1.0803044319808117e-07,False
0.5-1,13937,0,1.8621750542235693e-10,False
0.5-1,13938,0,2.4711138813885825e-11,False
0.5-1,13939,0,4.321949346260723e-11,False
0.5-1,13940,0,5.685879456797209e-08,False
0.5-1,13941,0,4.2742558665547105e-08,False
0.5-1,13942,0,3.0727451207158533e-10,False
0.5-1,13943,0,3.228862770517872e-10,False
0.5-1,13944,0,1.5898326441406623e-09,False
0.5-1,13945,0,4.712665828206362e-12,False
0.5-1,13946,0,1.8800398025222963e-12,False
0.5-1,13947,0,2.9416683731813835e-10,False
0.5-1,13948,0,1.7909625638282688e-11,False
0.5-1,13949,0,3.6695258637730456e-12,False
0.5-1,13950,0,1.5866483765964941e-12,False
0.5-1,13951,0,1.7526708189141871e-09,False
0.5-1,13952,0,0.9499508466065079,False
0.5-1,13953,0,0.9327642278044357,False
0.5-1,13954,0,0.9547941530443842,False
0.5-1,13955,0,0.9469504929563205,False
0.5-1,13956,0,7.64186636001052e-06,False
0.5-1,13957,0,1.2796301767321543e-08,False
0.5-1,13958,0,1.050747596090158e-09,False
0.5-1,13959,0,1.2994498312688965e-07,False
0.5-1,13960,0,3.4597985508119203e-09,False
0.5-1,13961,0,3.543462372252696e-10,False
0.5-1,13962,0,3.2277717851090947e-09,False
0.5-1,13963,0,9.875220480329772e-11,False
0.5-1,13964,0,4.752540414370039e-08,False
0.5-1,13965,0,2.4456551760692175e-09,False
0.5-1,13966,0,2.401693181752231e-11,False
0.5-1,13967,0,1.2583860555429068e-12,False
0.5-1,13968,0,4.35104705141582e-08,False
0.5-1,13969,0,9.030821940805189e-08,False
0.5-1,13970,0,1.3977818763647575e-10,False
0.5-1,13971,0,3.779637048746782e-10,False
0.5-1,13972,0,1.034909804680228e-09,False
0.5-1,13973,0,2.5436458341248745e-12,False
0.5-1,13974,0,4.4081214981944657e-13,False
0.5-1,13975,0,2.4118616061911547e-11,False
0.5-1,13976,0,5.372822460354503e-12,False
0.5-1,13977,0,1.431010501126027e-14,False
0.5-1,13978,0,1.259750092021342e-11,False
0.5-1,13979,0,3.1505808681521865e-09,False
0.5-1,13980,0,0.7496600506318051,False
0.5-1,13981,0,0.7842337959625477,False
0.5-1,13982,0,0.8389527915813885,False
0.5-1,13983,0,0.6586729041200974,False
0.5-1,13984,0,3.0376115895336676e-10,False
0.5-1,13985,0,5.434987807813582e-11,False
0.5-1,13986,0,8.599073614502805e-10,False
0.5-1,13987,0,1.1309125612085817e-07,False
0.5-1,13988,0,1.1914296648243833e-09,False
0.5-1,13989,0,1.7479293675053694e-07,False
0.5-1,13990,0,1.038584853189881e-13,False
0.5-1,13991,0,3.8118638322557815e-11,False
0.5-1,13992,0,3.3294269518180595e-09,False
0.5-1,13993,0,2.0115857454287972e-09,False
0.5-1,13994,0,1.0784406955744603e-11,False
0.5-1,13995,0,1.8645199840814703e-10,False
0.5-1,13996,0,9.843468046481004e-10,False
0.5-1,13997,0,2.4302744677845732e-06,False
0.5-1,13998,0,3.764547713216545e-12,False
0.5-1,13999,0,1.0492715152206439e-10,False
0.5-1,14000,0,1.382231089777853e-09,False
0.5-1,14001,0,7.354703935754962e-13,False
0.5-1,14002,0,1.6055657953158342e-10,False
0.5-1,14003,0,4.678419392802054e-12,False
0.5-1,14004,0,1.5829082081943078e-12,False
0.5-1,14005,0,2.0634266492714338e-14,False
0.5-1,14006,0,2.2285557543847406e-11,False
0.5-1,14007,0,4.3230847501139835e-10,False
0.5-1,14008,0,0.1713405184735225,False
0.5-1,14009,0,0.14582859216252939,False
0.5-1,14010,0,0.28039647308687915,False
0.5-1,14011,0,0.09002406457915353,False
0.5-1,14012,0,1.399355440142217e-07,False
0.5-1,14013,0,2.3732877805259025e-13,False
0.5-1,14014,0,2.5397272230525023e-11,False
0.5-1,14015,0,2.6241916873885603e-05,False
0.5-1,14016,0,5.337232423181801e-10,False
0.5-1,14017,0,2.862579953339389e-09,False
0.5-1,14018,0,1.903720577836662e-08,False
0.5-1,14019,0,3.139326359957831e-12,False
0.5-1,14020,0,5.528523043789283e-11,False
0.5-1,14021,0,2.323946667413536e-07,False
0.5-1,14022,0,3.659337348035181e-12,False
0.5-1,14023,0,8.641021507637645e-12,False
0.5-1,14024,0,2.1641433890149128e-11,False
0.5-1,14025,0,3.428360986520623e-08,False
0.5-1,14026,0,5.150826745002479e-14,False
0.5-1,14027,0,5.818931507375353e-11,False
0.5-1,14028,0,1.932193161113288e-09,False
0.5-1,14029,0,8.192972128767566e-16,False
0.5-1,14030,0,2.258522062307745e-13,False
0.5-1,14031,0,7.095069562818729e-14,False
0.5-1,14032,0,5.417603601118633e-10,False
0.5-1,14033,0,1.279961672543696e-13,False
0.5-1,14034,0,5.192757579292164e-15,False
0.5-1,14035,0,1.1560200922738762e-09,False
0.5-1,14036,0,0.001807741594968016,False
0.5-1,14037,0,0.004615951140465129,False
0.5-1,14038,0,0.0099388297923925,False
0.5-1,14039,0,0.0007786183753185545,False
0.5-1,14040,0,2.997089460661287e-11,False
0.5-1,14041,0,5.123439119835721e-16,False
0.5-1,14042,0,9.143112152899664e-13,False
0.5-1,14043,0,0.0028239148841701835,False
0.5-1,14044,0,9.950613670329182e-08,False
0.5-1,14045,0,5.1483971819616e-08,False
0.5-1,14046,0,5.0147087220159254e-17,False
0.5-1,14047,0,4.989147311973559e-11,False
0.5-1,14048,0,1.5119069492790342e-12,False
0.5-1,14049,0,0.00028421367589004474,False
0.5-1,14050,0,5.3187073232710226e-14,False
0.5-1,14051,0,3.3600098878851825e-10,False
0.5-1,14052,0,2.7655198225517813e-13,False
0.5-1,14053,0,2.5967223452604996e-06,False
0.5-1,14054,0,4.2237890193865853e-16,False
0.5-1,14055,0,1.2859713278099558e-09,False
0.5-1,14056,0,2.7455450840098333e-08,False
0.5-1,14057,0,3.562184104325598e-16,False
0.5-1,14058,0,2.0138039173151653e-11,False
0.5-1,14059,0,4.097473452919646e-13,False
0.5-1,14060,0,3.3913577736678865e-10,False
0.5-1,14061,0,6.88258566139789e-17,False
0.5-1,14062,0,4.522672508812491e-18,False
0.5-1,14063,0,1.6638674892006616e-09,False
0.5-1,14064,0,3.921402665353255e-06,False
0.5-1,14065,0,2.0511243004639642e-05,False
0.5-1,14066,0,5.848352718029678e-05,False
0.5-1,14067,0,1.0411116363273352e-06,False
0.5-1,14068,0,6.779786144447139e-07,False
0.5-1,14069,0,9.802590286403804e-18,False
0.5-1,14070,0,4.640811051723478e-15,False
0.5-1,14071,0,1.5448426539935013e-05,False
0.5-1,14072,0,1.482618778823009e-10,False
0.5-1,14073,0,6.882941703677189e-10,False
0.5-1,14074,0,5.059323113427514e-09,False
0.5-1,14075,0,2.98156600917314e-11,False
0.5-1,14076,0,2.1854984489656328e-16,False
0.5-1,14077,0,9.861482714987546e-06,False
0.5-1,14078,0,7.131683756516113e-14,False
0.5-1,14079,0,4.200718764543786e-10,False
0.5-1,14080,0,2.501914309498478e-15,False
0.5-1,14081,0,9.389209807731566e-08,False
0.5-1,14082,0,5.585676056685021e-18,False
0.5-1,14083,0,1.6747187414601547e-12,False
0.5-1,14084,0,2.7737739375795617e-05,False
0.5-1,14085,0,4.472575315315088e-15,False
0.5-1,14086,0,1.1400666670456785e-11,False
0.5-1,14087,0,9.932473748188729e-11,False
0.5-1,14088,0,0.00023253686898332384,False
0.5-1,14089,0,8.082338474904938e-12,False
0.5-1,14090,0,8.800838627905683e-08,False
0.5-1,14091,0,5.547049210336074e-10,False
0.5-1,14092,0,6.932603261334578e-06,False
0.5-1,14093,0,4.575337985042632e-21,False
0.5-1,14094,0,3.2386715139525554e-22,False
0.5-1,14095,0,2.1605323137175597e-08,False
0.5-1,14096,0,6.320270074702151e-10,False
0.5-1,14097,0,5.584348552999581e-08,False
0.5-1,14098,0,2.0960035778659698e-07,False
0.5-1,14099,0,1.1855603127721843e-10,False
0.5-1,14100,0,1.7042795996133316e-05,False
0.5-1,14101,0,8.967421611989022e-19,False
0.5-1,14102,0,6.735672210434966e-15,False
0.5-1,14103,0,5.648068433373015e-06,False
0.5-1,14104,0,2.9143811588737645e-06,False
0.5-1,14105,0,1.37495602934506e-13,False
0.5-1,14106,0,4.5409328459441116e-26,False
0.5-1,14107,0,2.013183223163657e-08,False
0.5-1,14108,0,3.787286256091761e-21,False
0.5-1,14109,0,0.00024940187815410483,False
0.5-1,14110,0,4.67047929420323e-11,False
0.5-1,14111,0,5.933027493196906e-10,False
0.5-1,14112,0,8.268049844187199e-09,False
0.5-1,14113,0,3.1934442687671595e-08,False
0.5-1,14114,0,2.8369668867814896e-07,False
0.5-1,14115,0,3.571416470393695e-10,False
0.5-1,14116,0,3.715482105396274e-10,False
0.5-1,14117,0,6.932332568475444e-09,False
0.5-1,14118,0,6.326427458742166e-11,False
0.5-1,14119,1,0.9999806367151662,True
0.5-1,14120,0,2.9731613452024056e-12,False
0.5-1,14121,0,4.707007392799783e-11,False
0.5-1,14122,0,2.7689985159444137e-11,False
0.5-1,14123,0,1.0956651447928242e-06,False
0.5-1,14124,0,7.133355979393106e-11,False
0.5-1,14125,0,4.496362391804711e-11,False
0.5-1,14126,0,8.387762632325793e-08,False
0.5-1,14127,0,5.502373462167059e-09,False
0.5-1,14128,0,2.1168931547434998e-09,False
0.5-1,14129,0,1.6799327693098554e-07,False
0.5-1,14130,0,4.0473319166602096e-10,False
0.5-1,14131,0,3.7874546025842803e-10,False
0.5-1,14132,0,1.5803591157955452e-06,False
0.5-1,14133,0,4.3254286125360557e-10,False
0.5-1,14134,0,2.304674428656443e-09,False
0.5-1,14135,0,3.532994830198837e-10,False
0.5-1,14136,0,3.7495152688691754e-07,False
0.5-1,14137,0,7.718534423302955e-07,False
0.5-1,14138,0,1.97637777042071e-06,False
0.5-1,14139,0,2.079483947214686e-07,False
0.5-1,14140,0,3.0090697741741914e-09,False
0.5-1,14141,0,2.5113928054127755e-09,False
0.5-1,14142,0,4.543874799516784e-10,False
0.5-1,14143,0,8.178013928327313e-09,False
0.5-1,14144,0,3.154617714326898e-10,False
0.5-1,14145,0,1.5405879536348813e-09,False
0.5-1,14146,0,5.956019836965697e-10,False
0.5-1,14147,0,3.076105092599303e-10,False
0.5-1,14148,0,2.2688044733178783e-11,False
0.5-1,14149,0,1.9850578159875082e-10,False
0.5-1,14150,0,4.381246438053139e-06,False
0.5-1,14151,0,1.450766864482585e-07,False
0.5-1,14152,0,1.2098788438296025e-10,False
0.5-1,14153,0,6.543434719764838e-06,False
0.5-1,14154,0,5.366798075019084e-10,False
0.5-1,14155,0,5.203609663557639e-08,False
0.5-1,14156,0,1.7928805448386526e-06,False
0.5-1,14157,0,7.807812637386531e-09,False
0.5-1,14158,0,8.717383924531037e-09,False
0.5-1,14159,0,7.776155285752453e-10,False
0.5-1,14160,0,6.963426080599321e-07,False
0.5-1,14161,0,1.7540383591661495e-06,False
0.5-1,14162,0,5.039146112765493e-07,False
0.5-1,14163,0,3.080458181135872e-06,False
0.5-1,14164,0,7.3762780711491515e-09,False
0.5-1,14165,0,8.599996985531466e-09,False
0.5-1,14166,0,1.8297866596513905e-09,False
0.5-1,14167,0,6.901477013428314e-08,False
0.5-1,14168,0,4.3388953672260775e-10,False
0.5-1,14169,0,5.565374898123402e-09,False
0.5-1,14170,0,3.221069935308713e-10,False
0.5-1,14171,0,3.728432522756934e-10,False
0.5-1,14172,0,3.439228563994192e-11,False
0.5-1,14173,0,1.3293387873940252e-09,False
0.5-1,14174,0,4.80374288640424e-06,False
0.5-1,14175,0,9.729199434513486e-07,False
0.5-1,14176,0,9.53435154413456e-10,False
0.5-1,14177,0,1.008178575288584e-05,False
0.5-1,14178,0,1.131326145496851e-09,False
0.5-1,14179,0,1.979219624900194e-07,False
0.5-1,14180,0,2.2914894629347172e-07,False
0.5-1,14181,0,5.1084491816912234e-09,False
0.5-1,14182,0,1.4935272230689958e-08,False
0.5-1,14183,0,9.962821499172755e-09,False
0.5-1,14184,0,3.544579656117892e-07,False
0.5-1,14185,0,1.7952836581859782e-06,False
0.5-1,14186,0,1.0798628494585481e-07,False
0.5-1,14187,0,1.7551138713936069e-06,False
0.5-1,14188,0,8.9943893987981e-09,False
0.5-1,14189,0,2.008090170072428e-08,False
0.5-1,14190,0,1.21729744416242e-09,False
0.5-1,14191,0,5.8034369108097164e-08,False
0.5-1,14192,0,6.390396014383703e-10,False
0.5-1,14193,0,5.891765057610412e-10,False
0.5-1,14194,0,1.28424943843986e-07,False
0.5-1,14195,0,4.2154001917621833e-10,False
0.5-1,14196,0,2.7046757137895495e-11,False
0.5-1,14197,0,1.1215098061105144e-09,False
0.5-1,14198,0,2.220337031171373e-06,False
0.5-1,14199,0,3.2417886068420016e-07,False
0.5-1,14200,0,7.630142444560312e-11,False
0.5-1,14201,0,2.245466309286863e-05,False
0.5-1,14202,0,7.710689112113441e-10,False
0.5-1,14203,0,2.544464933212632e-07,False
0.5-1,14204,0,4.9803547078344054e-08,False
0.5-1,14205,0,9.600049664936938e-09,False
0.5-1,14206,0,4.9269419500409086e-08,False
0.5-1,14207,0,2.7558494585509523e-09,False
0.5-1,14208,0,3.244701866667145e-08,False
0.5-1,14209,0,7.654934357460311e-08,False
0.5-1,14210,1,0.9999946928801842,True
0.5-1,14211,0,1.0752684981187118e-06,False
0.5-1,14212,0,4.0086605327518986e-09,False
0.5-1,14213,0,1.235083292409234e-08,False
0.5-1,14214,0,1.740114942971e-09,False
0.5-1,14215,0,3.7228494300191765e-08,False
0.5-1,14216,0,8.015467492779276e-11,False
0.5-1,14217,0,3.4463459457524604e-10,False
0.5-1,14218,0,2.3702327006826134e-08,False
0.5-1,14219,0,1.1999234659141035e-11,False
0.5-1,14220,0,8.481329948734035e-13,False
0.5-1,14221,0,4.578902976345594e-08,False
0.5-1,14222,0,2.422141320156968e-07,False
0.5-1,14223,0,1.5907170210402432e-07,False
0.5-1,14224,0,7.763401462278063e-12,False
0.5-1,14225,0,9.957789559987847e-07,False
0.5-1,14226,0,1.5661812359633129e-10,False
0.5-1,14227,0,4.225433837546036e-07,False
0.5-1,14228,0,4.685905193391089e-09,False
0.5-1,14229,0,1.3709101562751723e-08,False
0.5-1,14230,0,9.003993448527526e-08,False
0.5-1,14231,0,1.3369456651389562e-07,False
0.5-1,14232,0,2.4938950785777645e-08,False
0.5-1,14233,0,7.74854406206254e-09,False
0.5-1,14234,0,1.7728111392316406e-10,False
0.5-1,14235,0,1.5417578511450732e-07,False
0.5-1,14236,0,8.234444210844143e-09,False
0.5-1,14237,0,1.01376220522895e-08,False
0.5-1,14238,0,2.642178709824307e-09,False
0.5-1,14239,0,1.3991263600923043e-07,False
0.5-1,14240,0,1.82469928342695e-12,False
0.5-1,14241,0,3.0660739194433207e-10,False
0.5-1,14242,0,6.984958624996299e-10,False
0.5-1,14243,0,2.7387086997895756e-13,False
0.5-1,14244,0,2.2159830941691115e-14,False
0.5-1,14245,0,1.3751309839087187e-08,False
0.5-1,14246,0,6.130392104803321e-09,False
0.5-1,14247,0,3.654884032402832e-08,False
0.5-1,14248,0,3.4517381041717e-13,False
0.5-1,14249,0,9.414593884921963e-08,False
0.5-1,14250,0,4.899117927567017e-12,False
0.5-1,14251,0,1.1353230740518858e-07,False
0.5-1,14252,0,3.212011771078202e-10,False
0.5-1,14253,0,7.702490820144885e-08,False
0.5-1,14254,0,4.658595821267526e-07,False
0.5-1,14255,0,1.3413929819869088e-07,False
0.5-1,14256,0,1.4896580430741038e-06,False
0.5-1,14257,0,8.13249866385539e-09,False
0.5-1,14258,0,3.873006808174856e-12,False
0.5-1,14259,0,8.651421492236402e-09,False
0.5-1,14260,0,4.972238652820815e-07,False
0.5-1,14261,0,1.523492154754804e-07,False
0.5-1,14262,0,2.893497348276657e-09,False
0.5-1,14263,0,1.737249148015866e-06,False
0.5-1,14264,0,1.147579971984721e-13,False
0.5-1,14265,0,1.3865020503120139e-11,False
0.5-1,14266,0,6.4089139454513494e-12,False
0.5-1,14267,0,2.201408970522901e-13,False
0.5-1,14268,0,3.088163526934595e-14,False
0.5-1,14269,0,1.2877503173205502e-11,False
0.5-1,14270,0,8.046475937734859e-11,False
0.5-1,14271,0,6.243109189427727e-09,False
0.5-1,14272,0,2.926933938205302e-11,False
0.5-1,14273,0,5.691880900277369e-09,False
0.5-1,14274,0,3.402998514851318e-13,False
0.5-1,14275,0,2.5716700595920242e-05,False
0.5-1,14276,0,4.6145981445101117e-10,False
0.5-1,14277,0,1.5355817608906125e-08,False
0.5-1,14278,0,2.3373812561980773e-05,False
0.5-1,14279,0,1.5474895922053544e-06,False
0.5-1,14280,0,1.8062671684877875e-12,False
0.5-1,14281,0,9.649528727483766e-11,False
0.5-1,14282,0,8.145361280832113e-15,False
0.5-1,14283,0,6.581510302683019e-09,False
0.5-1,14284,0,0.000499582188484034,False
0.5-1,14285,0,0.0004447346875586624,False
0.5-1,14286,0,2.1870261684257857e-06,False
0.5-1,14287,0,0.00804974762314888,False
0.5-1,14288,0,4.420743174468343e-16,False
0.5-1,14289,0,1.9538756416275535e-11,False
0.5-1,14290,0,3.146594202844792e-14,False
0.5-1,14291,0,5.569296475337871e-10,False
0.5-1,14292,0,2.9395447289271738e-05,False
0.5-1,14293,0,1.5797544108192202e-12,False
0.5-1,14294,0,3.5059866002193916e-12,False
0.5-1,14295,0,1.614476142674314e-07,False
0.5-1,14296,0,0.20621283733569615,False
0.5-1,14297,0,0.02778117579528324,False
0.5-1,14298,0,1.143126967667381e-14,False
0.5-1,14299,0,2.748481827868267e-05,False
0.5-1,14300,0,2.231161431151623e-12,False
0.5-1,14301,0,6.470059761826063e-06,False
0.5-1,14302,0,2.3049392250212203e-06,False
0.5-1,14303,0,0.0002835665432834667,False
0.5-1,14304,0,9.640952431293408e-12,False
0.5-1,14305,0,4.5516657462070257e-10,False
0.5-1,14306,0,1.0274179412400178e-17,False
0.5-1,14307,0,1.3769931447522804e-07,False
0.5-1,14308,0,0.00011895905850346798,False
0.5-1,14309,0,0.00011788536253358838,False
0.5-1,14310,0,9.364471602780209e-05,False
0.5-1,14311,0,2.0083285857610573e-05,False
0.5-1,14312,0,0.000138587116721432,False
0.5-1,14313,0,7.389755207607284e-06,False
0.5-1,14314,0,9.298261841914438e-07,False
0.5-1,14315,0,1.066818173781496e-05,False
0.5-1,14316,0,3.2983027199730277e-12,False
0.5-1,14317,0,1.1978319846932252e-15,False
0.5-1,14318,0,8.702532347544674e-16,False
0.5-1,14319,0,7.862249638471564e-09,False
0.5-1,14320,0,3.920395662133115e-09,False
0.5-1,14321,0,2.0953747340821369e-13,False
0.5-1,14322,0,1.0283670462868841e-14,False
0.5-1,14323,0,3.495470731758063e-09,False
0.5-1,14324,0,2.065241443186865e-07,False
0.5-1,14325,0,5.865482517485023e-09,False
0.5-1,14326,0,4.8601557796536266e-17,False
0.5-1,14327,0,2.604782677332946e-05,False
0.5-1,14328,0,2.1545328864072485e-17,False
0.5-1,14329,0,8.41054529891555e-06,False
0.5-1,14330,0,5.788690759401747e-07,False
0.5-1,14331,0,4.658924580425933e-05,False
0.5-1,14332,0,2.86956748829641e-09,False
0.5-1,14333,0,2.4946379278116407e-07,False
0.5-1,14334,0,4.3611013813859974e-08,False
0.5-1,14335,0,2.640895616541952e-10,False
0.5-1,14336,0,5.378034964851004e-10,False
0.5-1,14337,0,7.365311453138e-08,False
0.5-1,14338,0,8.176922417312905e-11,False
0.5-1,14339,0,2.1990941153533887e-07,False
0.5-1,14340,0,5.672759299792639e-12,False
0.5-1,14341,0,7.033956376568812e-12,False
0.5-1,14342,0,9.39474321440948e-13,False
0.5-1,14343,0,1.656960265209243e-10,False
0.5-1,14344,0,6.415959529604137e-11,False
0.5-1,14345,0,1.6672867863150574e-10,False
0.5-1,14346,0,2.499204540134848e-07,False
0.5-1,14347,0,1.832683277041425e-09,False
0.5-1,14348,0,1.7409381241726356e-11,False
0.5-1,14349,0,2.7688283419528793e-07,False
0.5-1,14350,0,5.3054206217041515e-12,False
0.5-1,14351,0,1.514500208841513e-08,False
0.5-1,14352,0,1.5660808765959953e-06,False
0.5-1,14353,0,2.9079854654567486e-10,False
0.5-1,14354,0,1.953681270139453e-08,False
0.5-1,14355,0,7.784085107912878e-11,False
0.5-1,14356,0,1.1792617571769204e-06,False
0.5-1,14357,0,8.548119027462428e-06,False
0.5-1,14358,0,4.851866682590966e-07,False
0.5-1,14359,0,6.713708994611425e-07,False
0.5-1,14360,0,5.519509137005044e-09,False
0.5-1,14361,0,6.282612891477738e-09,False
0.5-1,14362,0,3.609543421081155e-10,False
0.5-1,14363,0,8.543943803974853e-09,False
0.5-1,14364,0,3.124041806369791e-11,False
0.5-1,14365,0,9.762720203921428e-10,False
0.5-1,14366,0,1.8280349613520767e-11,False
0.5-1,14367,0,2.8203447215234323e-09,False
0.5-1,14368,0,5.877823352946381e-10,False
0.5-1,14369,0,3.703340139901706e-10,False
0.5-1,14370,0,4.656320389061893e-06,False
0.5-1,14371,0,1.330495016572155e-06,False
0.5-1,14372,0,2.9364432477256363e-08,False
0.5-1,14373,0,1.3525599190425761e-05,False
0.5-1,14374,0,1.2079774179209966e-09,False
0.5-1,14375,0,2.135519250836083e-08,False
0.5-1,14376,0,3.999496822747277e-06,False
0.5-1,14377,0,4.185690376016907e-10,False
0.5-1,14378,0,5.831580068707194e-09,False
0.5-1,14379,0,6.897032735885606e-10,False
0.5-1,14380,0,2.3552249476584265e-06,False
0.5-1,14381,0,8.495129898035246e-06,False
0.5-1,14382,0,6.784726843358729e-07,False
0.5-1,14383,0,3.4346557751432067e-06,False
0.5-1,14384,0,3.665447433663082e-09,False
0.5-1,14385,0,7.402386005387282e-09,False
0.5-1,14386,0,1.0230371931825159e-09,False
0.5-1,14387,0,1.5165249368950403e-08,False
0.5-1,14388,0,2.935506378770533e-10,False
0.5-1,14389,0,3.435225416853353e-10,False
0.5-1,14390,0,5.6933796567951855e-11,False
0.5-1,14391,0,1.7141503979715652e-10,False
0.5-1,14392,0,4.758123941772237e-11,False
0.5-1,14393,0,1.1705643346202308e-08,False
0.5-1,14394,0,4.383524365484758e-06,False
0.5-1,14395,0,5.097505542757677e-06,False
0.5-1,14396,0,1.9584210220487157e-10,False
0.5-1,14397,0,3.64720670102175e-05,False
0.5-1,14398,0,3.958892267118321e-10,False
0.5-1,14399,0,5.195103632179473e-08,False
0.5-1,14400,0,3.205472152644672e-06,False
0.5-1,14401,0,1.919024912400881e-09,False
0.5-1,14402,0,6.974815883674962e-09,False
0.5-1,14403,0,4.0344243758031816e-09,False
0.5-1,14404,0,9.840443152364846e-07,False
0.5-1,14405,0,1.0746390159844506e-05,False
0.5-1,14406,0,1.4499207374323375e-07,False
0.5-1,14407,0,1.0415666087462724e-05,False
0.5-1,14408,0,2.7460871146158367e-09,False
0.5-1,14409,0,6.243743642175534e-09,False
0.5-1,14410,0,7.173716759168579e-10,False
0.5-1,14411,0,1.7378723053005714e-08,False
0.5-1,14412,0,4.2201963421093875e-10,False
0.5-1,14413,0,9.219959941958575e-10,False
0.5-1,14414,0,2.7422119863724675e-10,False
0.5-1,14415,0,3.075491279666331e-10,False
0.5-1,14416,0,1.821527626353389e-11,False
0.5-1,14417,0,1.0590698474072423e-08,False
0.5-1,14418,0,4.639671695171886e-07,False
0.5-1,14419,0,3.159213260081756e-05,False
0.5-1,14420,0,7.113891323899388e-10,False
0.5-1,14421,0,1.5409202962574357e-05,False
0.5-1,14422,0,1.78746970845393e-08,False
0.5-1,14423,0,1.0259029394481921e-07,False
0.5-1,14424,0,8.145461727231621e-07,False
0.5-1,14425,0,5.787427926338487e-09,False
0.5-1,14426,0,1.5010603389249908e-08,False
0.5-1,14427,0,1.203163801776367e-09,False
0.5-1,14428,0,1.1441864291992033e-07,False
0.5-1,14429,0,8.632829702644451e-07,False
0.5-1,14430,0,1.8889573767470076e-08,False
0.5-1,14431,0,1.0702932626769708e-06,False
0.5-1,14432,0,8.494568668981305e-10,False
0.5-1,14433,0,5.664733985926308e-09,False
0.5-1,14434,0,3.589110002238125e-10,False
0.5-1,14435,0,1.1809856520298915e-08,False
0.5-1,14436,0,4.425183131187659e-11,False
0.5-1,14437,0,1.808466208013197e-10,False
0.5-1,14438,0,3.4373007861188004e-10,False
0.5-1,14439,0,1.6128522340255664e-12,False
0.5-1,14440,0,6.775374759236334e-13,False
0.5-1,14441,0,6.027114133291878e-09,False
0.5-1,14442,0,1.6203755616496852e-07,False
0.5-1,14443,0,6.072654281120443e-06,False
0.5-1,14444,0,2.2823873719091605e-12,False
0.5-1,14445,0,6.599266235126984e-06,False
0.5-1,14446,0,2.2521440772535704e-10,False
0.5-1,14447,0,2.946854593291109e-07,False
0.5-1,14448,0,1.4438851384570329e-08,False
0.5-1,14449,0,1.8429728595766668e-09,False
0.5-1,14450,0,8.899947005178055e-08,False
0.5-1,14451,0,5.412998990274693e-09,False
0.5-1,14452,0,1.5597843509414381e-09,False
0.5-1,14453,0,1.3844916965099453e-07,False
0.5-1,14454,0,1.338357899822424e-10,False
0.5-1,14455,0,2.1574602980006553e-07,False
0.5-1,14456,0,5.663363835692904e-10,False
0.5-1,14457,0,5.778184432810763e-09,False
0.5-1,14458,0,4.3906432649212525e-11,False
0.5-1,14459,0,8.514013998735549e-09,False
0.5-1,14460,0,2.211712389427222e-08,False
0.5-1,14461,0,1.1174442718416327e-12,False
0.5-1,14462,0,2.0992974564795505e-11,False
0.5-1,14463,0,2.4310606168552865e-14,False
0.5-1,14464,0,3.19299024931403e-14,False
0.5-1,14465,0,2.1219635253200192e-10,False
0.5-1,14466,0,7.0122427187608035e-09,False
0.5-1,14467,0,5.299401278608798e-07,False
0.5-1,14468,0,3.045523338988391e-11,False
0.5-1,14469,0,3.3376515017593836e-06,False
0.5-1,14470,0,1.4567045412945258e-08,False
0.5-1,14471,0,1.1258051408549462e-06,False
0.5-1,14472,0,1.2525989471718174e-09,False
0.5-1,14473,0,1.6602311050885148e-07,False
0.5-1,14474,0,2.648394553693512e-07,False
0.5-1,14475,0,9.144378617819802e-09,False
0.5-1,14476,0,2.1828327630753722e-10,False
0.5-1,14477,0,2.4024000157365386e-06,False
0.5-1,14478,0,1.3392600194030428e-11,False
0.5-1,14479,0,8.21104807874183e-08,False
0.5-1,14480,0,1.2581928201347929e-08,False
0.5-1,14481,0,1.2492054615955058e-08,False
0.5-1,14482,0,3.224615783727897e-11,False
0.5-1,14483,0,4.7757117444780623e-08,False
0.5-1,14484,0,1.2338543036935642e-11,False
0.5-1,14485,0,4.693137887639869e-13,False
0.5-1,14486,0,9.669984126938635e-12,False
0.5-1,14487,0,1.5208337367497383e-05,False
0.5-1,14488,0,3.320534518897451e-07,False
0.5-1,14489,0,1.1882957643906264e-12,False
0.5-1,14490,0,6.041128264422906e-11,False
0.5-1,14491,0,4.1646486485130124e-08,False
0.5-1,14492,0,1.345859328822132e-10,False
0.5-1,14493,0,1.5969496601358927e-06,False
0.5-1,14494,0,3.542692577485209e-10,False
0.5-1,14495,0,0.00023140846213511596,False
0.5-1,14496,0,5.199606036716209e-13,False
0.5-1,14497,0,2.1916530455335878e-05,False
0.5-1,14498,0,7.862118576577377e-06,False
0.5-1,14499,0,1.0757156853018118e-06,False
0.5-1,14500,0,9.092809758417636e-13,False
0.5-1,14501,0,5.431892466078493e-09,False
0.5-1,14502,0,1.443403793364862e-14,False
0.5-1,14503,0,1.5232364563304513e-07,False
0.5-1,14504,0,4.079503130373085e-05,False
0.5-1,14505,0,7.438779702590438e-08,False
0.5-1,14506,0,6.405542782569103e-09,False
0.5-1,14507,0,3.4263416845682335e-06,False
0.5-1,14508,0,9.968319773697445e-09,False
0.5-1,14509,0,3.113286262398705e-17,False
0.5-1,14510,0,1.3465748287238764e-12,False
0.5-1,14511,0,5.895449653582297e-12,False
0.5-1,14512,0,5.503117537182722e-14,False
0.5-1,14513,0,4.28201630417568e-13,False
0.5-1,14514,0,1.2406363603784988e-13,False
0.5-1,14515,0,9.873019834291761e-08,False
0.5-1,14516,0,3.3193887832347265e-05,False
0.5-1,14517,0,3.0307335762116815e-07,False
0.5-1,14518,0,1.650000494629612e-10,False
0.5-1,14519,0,0.0044561277640745335,False
0.5-1,14520,0,2.163984175302164e-15,False
0.5-1,14521,0,0.0005877341591169921,False
0.5-1,14522,0,2.781347878406391e-05,False
0.5-1,14523,0,0.00011978219705507408,False
0.5-1,14524,0,6.93535716251711e-14,False
0.5-1,14525,0,5.310215261447702e-07,False
0.5-1,14526,0,1.2271950735594618e-17,False
0.5-1,14527,0,1.844805220127309e-05,False
0.5-1,14528,0,0.00022111067288616454,False
0.5-1,14529,0,8.27218476339554e-06,False
0.5-1,14530,0,8.246751460179416e-07,False
0.5-1,14531,0,7.334866060862903e-06,False
0.5-1,14532,0,0.000176823993570075,False
0.5-1,14533,0,1.2941504185225316e-06,False
0.5-1,14534,0,2.833035365949636e-07,False
0.5-1,14535,0,6.972005745064732e-06,False
0.5-1,14536,0,1.367367693822567e-05,False
0.5-1,14537,0,9.91679259117163e-20,False
0.5-1,14538,0,4.2856729755061733e-16,False
0.5-1,14539,0,1.949202195271233e-11,False
0.5-1,14540,0,1.4060719576503876e-09,False
0.5-1,14541,0,1.4817366409870852e-15,False
0.5-1,14542,0,6.598831724923338e-18,False
0.5-1,14543,0,7.581362047995959e-09,False
0.5-1,14544,0,3.852664362770934e-06,False
0.5-1,14545,0,3.1597418070973755e-07,False
0.5-1,14546,0,3.1920882176756903e-12,False
0.5-1,14547,0,5.8708424505060716e-05,False
0.5-1,14548,0,1.2559777294081687e-19,False
0.5-1,14549,0,5.017762485802549e-05,False
0.5-1,14550,0,1.8678167371391239e-06,False
0.5-1,14551,0,0.00016651591681694883,False
0.5-1,14552,0,3.391663120395128e-08,False
0.5-1,14553,0,6.783001031341138e-08,False
0.5-1,14554,0,6.220274062934613e-08,False
0.5-1,14555,0,8.667306685119105e-11,False
0.5-1,14556,0,1.478158172435882e-10,False
0.5-1,14557,0,1.1976723098838033e-07,False
0.5-1,14558,0,1.0829848164130765e-10,False
0.5-1,14559,0,2.068706704670399e-06,False
0.5-1,14560,0,3.5270723460185376e-09,False
0.5-1,14561,0,1.631089221493078e-11,False
0.5-1,14562,0,9.058699021944558e-09,False
0.5-1,14563,0,5.572283542696438e-12,False
0.5-1,14564,0,1.59915175010174e-11,False
0.5-1,14565,0,2.9517692754142455e-10,False
0.5-1,14566,0,1.3042103221802516e-08,False
0.5-1,14567,0,6.761263657252318e-10,False
0.5-1,14568,0,1.205033308900622e-09,False
0.5-1,14569,0,6.997553963412026e-08,False
0.5-1,14570,0,1.732568892980022e-12,False
0.5-1,14571,0,1.0251262074049507e-07,False
0.5-1,14572,0,3.1185546727760765e-07,False
0.5-1,14573,0,1.1306023914610076e-10,False
0.5-1,14574,0,4.5403970068003303e-08,False
0.5-1,14575,0,6.08401436475297e-10,False
0.5-1,14576,1,0.9999995848471703,True
0.5-1,14577,0,2.1643376152969375e-06,False
0.5-1,14578,0,4.879255838402863e-08,False
0.5-1,14579,0,2.1902007576866145e-07,False
0.5-1,14580,0,5.913137521657943e-10,False
0.5-1,14581,0,1.1834316855651388e-09,False
0.5-1,14582,0,8.24942691939105e-11,False
0.5-1,14583,0,3.428847144643247e-09,False
0.5-1,14584,0,9.524198016725157e-12,False
0.5-1,14585,0,1.2329622368370554e-10,False
0.5-1,14586,0,3.752699403248423e-11,False
0.5-1,14587,0,3.147183529715181e-11,False
0.5-1,14588,0,8.893768715649599e-11,False
0.5-1,14589,0,1.0037958693769497e-10,False
0.5-1,14590,0,3.3862014211851546e-07,False
0.5-1,14591,0,8.121440866380391e-07,False
0.5-1,14592,0,1.380498197719014e-08,False
0.5-1,14593,0,1.0799478386920622e-05,False
0.5-1,14594,0,2.1037583676866955e-06,False
0.5-1,14595,0,1.0427565968863289e-08,False
0.5-1,14596,0,1.1582404045607024e-06,False
0.5-1,14597,0,8.4230682179526e-10,False
0.5-1,14598,0,1.907386766977894e-09,False
0.5-1,14599,0,1.2305553091940954e-09,False
0.5-1,14600,0,1.043791898045723e-06,False
0.5-1,14601,0,2.0747441723570183e-05,False
0.5-1,14602,0,2.327155701721959e-07,False
0.5-1,14603,0,5.1768552181537106e-06,False
0.5-1,14604,0,2.1602497243539676e-09,False
0.5-1,14605,0,2.2930114776473185e-09,False
0.5-1,14606,0,4.4962278130428316e-10,False
0.5-1,14607,0,3.946444073136637e-09,False
0.5-1,14608,0,7.388919432162459e-11,False
0.5-1,14609,0,6.644844391973477e-09,False
0.5-1,14610,0,6.934593656687741e-11,False
0.5-1,14611,0,3.0831943658225966e-10,False
0.5-1,14612,0,5.0595391273761324e-12,False
0.5-1,14613,0,6.639491758163746e-10,False
0.5-1,14614,0,1.0552437909879059e-06,False
0.5-1,14615,0,5.646853408339306e-06,False
0.5-1,14616,0,2.2420580530394154e-10,False
0.5-1,14617,0,3.5476015745229994e-05,False
0.5-1,14618,0,7.178003380183787e-09,False
0.5-1,14619,0,1.3743427511123462e-08,False
0.5-1,14620,0,2.5499977486617797e-06,False
0.5-1,14621,0,1.884299161852211e-09,False
0.5-1,14622,0,1.7951366007950624e-09,False
0.5-1,14623,0,5.878923691319397e-10,False
0.5-1,14624,0,4.083524133308734e-07,False
0.5-1,14625,1,0.9999998517513082,True
0.5-1,14626,0,5.367240917085502e-08,False
0.5-1,14627,0,1.875597564283934e-06,False
0.5-1,14628,0,4.277354711811369e-09,False
0.5-1,14629,0,5.2532132031315926e-09,False
0.5-1,14630,0,8.425344757952368e-10,False
0.5-1,14631,0,8.749320346039232e-09,False
0.5-1,14632,0,1.2321777722641308e-10,False
0.5-1,14633,0,9.358079674976065e-10,False
0.5-1,14634,0,7.374704356972508e-05,False
0.5-1,14635,0,1.985189019974293e-11,False
0.5-1,14636,0,2.16602092909209e-10,False
0.5-1,14637,1,0.9999952633411251,True
0.5-1,14638,0,3.3476320068776595e-07,False
0.5-1,14639,0,4.793634279916404e-05,False
0.5-1,14640,0,4.565174457757055e-06,False
0.5-1,14641,0,1.7716965882928422e-05,False
0.5-1,14642,0,4.252677997735641e-09,False
0.5-1,14643,0,1.3889536097085387e-07,False
0.5-1,14644,0,4.7076020608342514e-07,False
0.5-1,14645,0,2.725645546854533e-09,False
0.5-1,14646,0,7.430371084030332e-09,False
0.5-1,14647,0,6.985609823847979e-10,False
0.5-1,14648,0,5.155124861495126e-08,False
0.5-1,14649,0,1.0927873839421361e-06,False
0.5-1,14650,0,2.4472013235303312e-09,False
0.5-1,14651,0,1.917521270852926e-06,False
0.5-1,14652,0,1.5213572453446084e-09,False
0.5-1,14653,0,1.2567238389594563e-08,False
0.5-1,14654,0,1.5033459978045412e-10,False
0.5-1,14655,0,1.3114700975981209e-08,False
0.5-1,14656,0,2.3483441528740056e-12,False
0.5-1,14657,0,1.538406773062773e-08,False
0.5-1,14658,0,2.1513332310872174e-11,False
0.5-1,14659,0,1.3707508077728503e-13,False
0.5-1,14660,0,1.6149928884900385e-11,False
0.5-1,14661,0,9.8853632189917e-11,False
0.5-1,14662,0,9.048819218799043e-08,False
0.5-1,14663,0,8.634930413124534e-06,False
0.5-1,14664,0,8.397500556227491e-09,False
0.5-1,14665,0,3.896825858405496e-06,False
0.5-1,14666,0,6.8267686662617525e-09,False
0.5-1,14667,0,4.845526668556791e-08,False
0.5-1,14668,0,2.555555847223701e-08,False
0.5-1,14669,0,1.6306056467995274e-09,False
0.5-1,14670,0,2.5858868874226384e-09,False
0.5-1,14671,0,4.658437848215083e-10,False
0.5-1,14672,0,3.2564874765628682e-09,False
0.5-1,14673,0,3.172233310830316e-07,False
0.5-1,14674,0,5.6950512259839357e-11,False
0.5-1,14675,0,6.27677845888395e-07,False
0.5-1,14676,0,9.057880043622371e-09,False
0.5-1,14677,0,6.019942534169566e-09,False
0.5-1,14678,0,2.086903911011748e-10,False
0.5-1,14679,0,2.6523495808897503e-08,False
0.5-1,14680,0,2.056397025127271e-13,False
0.5-1,14681,0,2.2705703771201642e-11,False
0.5-1,14682,0,9.812405721195961e-12,False
0.5-1,14683,0,2.3196235033793073e-14,False
0.5-1,14684,0,2.8042450044710526e-13,False
0.5-1,14685,0,6.181283410812968e-10,False
0.5-1,14686,0,6.33578754192715e-09,False
0.5-1,14687,0,1.4064892283068653e-06,False
0.5-1,14688,0,6.033389680102563e-12,False
0.5-1,14689,0,6.474389843164493e-07,False
0.5-1,14690,0,8.946443441313331e-13,False
0.5-1,14691,0,7.123665043162019e-08,False
0.5-1,14692,0,7.102873521099532e-10,False
0.5-1,14693,0,6.434775286690182e-10,False
0.5-1,14694,0,3.2409320618838265e-09,False
0.5-1,14695,0,1.4051618031503087e-10,False
0.5-1,14696,0,1.273078101929472e-11,False
0.5-1,14697,0,7.817625380237444e-05,False
0.5-1,14698,0,4.175374214107076e-13,False
0.5-1,14699,0,1.1965013003253508e-06,False
0.5-1,14700,0,3.7946294804511554e-06,False
0.5-1,14701,0,6.30212474278017e-08,False
0.5-1,14702,0,4.8538139157053655e-08,False
0.5-1,14703,0,2.161653372773213e-06,False
0.5-1,14704,0,1.833503452679408e-14,False
0.5-1,14705,0,1.050378672902238e-12,False
0.5-1,14706,0,4.944369477813561e-11,False
0.5-1,14707,0,1.2880805469456235e-16,False
0.5-1,14708,0,4.6586710984265824e-15,False
0.5-1,14709,0,8.058161019330958e-11,False
0.5-1,14710,0,1.9456661632069125e-11,False
0.5-1,14711,0,4.2681973877441535e-08,False
0.5-1,14712,0,1.4221114937782045e-12,False
0.5-1,14713,0,1.107575984134475e-07,False
0.5-1,14714,0,3.9769044305697986e-13,False
0.5-1,14715,0,7.690463466853782e-07,False
0.5-1,14716,0,2.0308872495064023e-12,False
0.5-1,14717,0,1.112374594114431e-06,False
0.5-1,14718,0,6.068261698143899e-10,False
0.5-1,14719,0,1.8203394796740165e-09,False
0.5-1,14720,0,1.3224054595364031e-13,False
0.5-1,14721,0,1.0891292544842044e-06,False
0.5-1,14722,0,2.8202996965896535e-16,False
0.5-1,14723,0,8.242493389141908e-07,False
0.5-1,14724,0,0.002430558671401228,False
0.5-1,14725,0,3.878980467026214e-05,False
0.5-1,14726,0,2.207061380187998e-05,False
0.5-1,14727,0,0.00036638583981333725,False
0.5-1,14728,0,1.7337866270659866e-11,False
0.5-1,14729,0,1.5398222546299819e-15,False
0.5-1,14730,0,1.4719091993046704e-12,False
0.5-1,14731,0,2.1650585732436868e-13,False
0.5-1,14732,0,2.129002192357463e-13,False
0.5-1,14733,0,4.383094865938884e-15,False
0.5-1,14734,0,1.1877605333920728e-13,False
0.5-1,14735,0,3.871527248821798e-08,False
0.5-1,14736,0,3.4134596859838654e-07,False
0.5-1,14737,0,7.818812568894819e-08,False
0.5-1,14738,0,1.4262789190745149e-15,False
0.5-1,14739,0,3.7816559865024545e-05,False
0.5-1,14740,0,2.898897421036019e-13,False
0.5-1,14741,0,2.4730583371230475e-05,False
0.5-1,14742,0,7.431657030788988e-07,False
0.5-1,14743,0,8.239308633777806e-06,False
0.5-1,14744,0,2.1389143956827196e-16,False
0.5-1,14745,0,3.9838223895947356e-05,False
0.5-1,14746,0,7.754308825961238e-21,False
0.5-1,14747,0,0.00014191914734911732,False
0.5-1,14748,0,0.0005794847545542115,False
0.5-1,14749,0,1.9702527070830322e-05,False
0.5-1,14750,0,8.21823251802717e-05,False
0.5-1,14751,0,6.6487087496399e-06,False
0.5-1,14752,0,0.00022122172361202763,False
0.5-1,14753,0,3.6746198838951374e-06,False
0.5-1,14754,0,2.1904329761421635e-06,False
0.5-1,14755,0,3.469600356885758e-06,False
0.5-1,14756,0,2.1144632621837101e-07,False
0.5-1,14757,0,2.609565276098903e-14,False
0.5-1,14758,0,7.81278102917396e-10,False
0.5-1,14759,0,4.268880723953895e-09,False
0.5-1,14760,0,1.0486400498900012e-10,False
0.5-1,14761,0,2.327284740564694e-12,False
0.5-1,14762,0,4.027594377788861e-18,False
0.5-1,14763,0,3.953936564475e-08,False
0.5-1,14764,0,4.844513543953858e-07,False
0.5-1,14765,0,8.575797450281617e-07,False
0.5-1,14766,0,3.35990130375149e-12,False
0.5-1,14767,0,9.473086722625524e-06,False
0.5-1,14768,0,1.4293815102005836e-20,False
0.5-1,14769,0,1.822041739844124e-05,False
0.5-1,14770,0,1.8559637789482623e-07,False
0.5-1,14771,0,2.5972437510218732e-05,False
0.5-1,14772,0,2.0432152200421756e-08,False
0.5-1,14773,0,6.761916166696017e-08,False
0.5-1,14774,0,1.0184660998716791e-07,False
0.5-1,14775,0,1.6116993813327276e-10,False
0.5-1,14776,0,3.3344207825690488e-09,False
0.5-1,14777,0,0.0003093652762293309,False
0.5-1,14778,0,1.0273710864626725e-08,False
0.5-1,14779,0,0.034395798514478416,False
0.5-1,14780,0,5.598745656284051e-08,False
0.5-1,14781,0,9.752258203398061e-12,False
0.5-1,14782,0,2.6165496352157426e-10,False
0.5-1,14783,0,2.050731670263027e-10,False
0.5-1,14784,0,8.137209298951739e-08,False
0.5-1,14785,0,3.624048725843274e-08,False
0.5-1,14786,0,3.0413059760575636e-06,False
0.5-1,14787,0,5.407865714858532e-10,False
0.5-1,14788,0,7.43199001292342e-12,False
0.5-1,14789,0,1.8709599574712208e-07,False
0.5-1,14790,0,6.441067037301419e-11,False
0.5-1,14791,0,2.130187411495694e-09,False
0.5-1,14792,0,3.505896996414968e-07,False
0.5-1,14793,0,5.3010046760229674e-11,False
0.5-1,14794,0,6.248084590630721e-09,False
0.5-1,14795,0,4.899040994560607e-10,False
0.5-1,14796,0,1.3024244936027752e-07,False
0.5-1,14797,0,4.917450513637512e-06,False
0.5-1,14798,0,2.953682446889987e-07,False
0.5-1,14799,0,5.436128102704684e-07,False
0.5-1,14800,0,4.906246925099176e-10,False
0.5-1,14801,0,6.819026740915021e-09,False
0.5-1,14802,0,7.772858524836278e-11,False
0.5-1,14803,0,6.565969652977125e-09,False
0.5-1,14804,0,2.0380891831307257e-11,False
0.5-1,14805,0,2.279922184804548e-09,False
0.5-1,14806,0,2.5396233534364157e-11,False
0.5-1,14807,0,1.5505814328468708e-10,False
0.5-1,14808,0,2.7774506936879594e-11,False
0.5-1,14809,0,2.8745702341186765e-10,False
0.5-1,14810,0,4.620491866226061e-07,False
0.5-1,14811,0,1.2551528455884637e-06,False
0.5-1,14812,0,1.0555793932529545e-10,False
0.5-1,14813,0,1.193759156735694e-05,False
0.5-1,14814,0,2.355982180022556e-10,False
0.5-1,14815,0,5.391909471385044e-09,False
0.5-1,14816,0,5.836976923830296e-07,False
0.5-1,14817,0,6.857225761973785e-10,False
0.5-1,14818,0,7.729799251998796e-10,False
0.5-1,14819,0,1.1409831878560759e-10,False
0.5-1,14820,0,1.390629365955443e-06,False
0.5-1,14821,0,7.67152471347018e-06,False
0.5-1,14822,0,1.5592455845447804e-07,False
0.5-1,14823,0,6.9831332459297e-06,False
0.5-1,14824,0,2.2705197346953745e-09,False
0.5-1,14825,0,3.3112953422913634e-09,False
0.5-1,14826,0,2.199463219683398e-10,False
0.5-1,14827,0,2.8983868013751003e-09,False
0.5-1,14828,0,7.245016304735655e-11,False
0.5-1,14829,0,2.9812022399221474e-08,False
0.5-1,14830,0,1.1880641393158504e-10,False
0.5-1,14831,0,9.194480161203908e-11,False
0.5-1,14832,0,3.7078504021390524e-10,False
0.5-1,14833,0,1.8846859822146347e-10,False
0.5-1,14834,0,7.028111525158286e-07,False
0.5-1,14835,0,1.991098124970335e-05,False
0.5-1,14836,0,4.947662833060321e-11,False
0.5-1,14837,0,6.770129711160442e-05,False
0.5-1,14838,0,1.3141357608623636e-09,False
0.5-1,14839,0,1.3657405426123649e-08,False
0.5-1,14840,0,1.3036332557425656e-06,False
0.5-1,14841,0,1.8305658016679559e-09,False
0.5-1,14842,0,2.8035271508470967e-09,False
0.5-1,14843,0,3.558787534980743e-10,False
0.5-1,14844,0,7.652204184538775e-07,False
0.5-1,14845,0,1.912130555448384e-05,False
0.5-1,14846,0,6.408827431046033e-08,False
0.5-1,14847,0,8.720564641055393e-06,False
0.5-1,14848,0,3.641122485648572e-09,False
0.5-1,14849,0,3.212014414835072e-09,False
0.5-1,14850,0,1.4248647894580763e-10,False
0.5-1,14851,0,5.5580132645733906e-09,False
0.5-1,14852,0,1.2040909988386257e-10,False
0.5-1,14853,0,4.3392603002890734e-10,False
0.5-1,14854,0,0.0001963617738898241,False
0.5-1,14855,0,4.3616412406979605e-12,False
0.5-1,14856,0,1.607277411178222e-11,False
0.5-1,14857,0,1.5713926038663403e-09,False
0.5-1,14858,0,4.4319134946486217e-07,False
0.5-1,14859,0,2.753974094872539e-05,False
0.5-1,14860,0,1.213449647073718e-10,False
0.5-1,14861,0,3.48828651961389e-05,False
0.5-1,14862,0,2.4328162133190285e-10,False
0.5-1,14863,0,1.4422016155114923e-07,False
0.5-1,14864,0,1.4396561769087577e-07,False
0.5-1,14865,0,4.929068647252611e-09,False
0.5-1,14866,0,1.0795783327048283e-08,False
0.5-1,14867,0,1.2824734960407266e-09,False
0.5-1,14868,0,3.3021229116851e-08,False
0.5-1,14869,0,1.0184663875168563e-06,False
0.5-1,14870,0,1.6096044165209185e-08,False
0.5-1,14871,0,8.79623173043328e-06,False
0.5-1,14872,0,5.080047404346721e-10,False
0.5-1,14873,0,2.427756908422818e-09,False
0.5-1,14874,0,1.2867539968737564e-10,False
0.5-1,14875,0,8.851485935762448e-09,False
0.5-1,14876,0,2.3260745643692727e-11,False
0.5-1,14877,0,7.806485194132846e-11,False
0.5-1,14878,0,8.242144216993798e-12,False
0.5-1,14879,0,1.96490712696428e-13,False
0.5-1,14880,0,2.6852093839748106e-11,False
0.5-1,14881,0,7.281062940426852e-08,False
0.5-1,14882,0,6.993722751187985e-08,False
0.5-1,14883,0,9.75870469759045e-06,False
0.5-1,14884,0,2.597586119219113e-13,False
0.5-1,14885,0,1.8963081524155436e-05,False
0.5-1,14886,0,6.262651986868441e-12,False
0.5-1,14887,0,5.207877325735061e-07,False
0.5-1,14888,0,3.409724295734163e-09,False
0.5-1,14889,0,1.8885047500075994e-09,False
0.5-1,14890,0,1.3596947832998131e-08,False
0.5-1,14891,0,7.736032695549086e-10,False
0.5-1,14892,0,1.150040106356149e-09,False
0.5-1,14893,0,4.2354250468869535e-07,False
0.5-1,14894,0,1.2567520361999514e-10,False
0.5-1,14895,0,1.9585235327148746e-07,False
0.5-1,14896,0,2.6011319957216035e-10,False
0.5-1,14897,0,3.5260954004153243e-09,False
0.5-1,14898,0,2.989737547413335e-11,False
0.5-1,14899,0,1.7590259756946418e-08,False
0.5-1,14900,0,7.940473505567848e-13,False
0.5-1,14901,0,2.1390723144238815e-11,False
0.5-1,14902,0,8.932241736470379e-10,False
0.5-1,14903,0,3.505209078250045e-14,False
0.5-1,14904,0,7.877299037967019e-11,False
0.5-1,14905,0,1.8947045009347664e-11,False
0.5-1,14906,0,3.1987397697729832e-09,False
0.5-1,14907,0,4.2476369115818806e-07,False
0.5-1,14908,0,1.7872467660563403e-12,False
0.5-1,14909,0,4.5416819283327475e-07,False
0.5-1,14910,0,1.8592397820448714e-13,False
0.5-1,14911,0,7.312915621947549e-07,False
0.5-1,14912,0,1.9981798793995428e-10,False
0.5-1,14913,0,3.812359470539656e-09,False
0.5-1,14914,0,1.0642025286330046e-08,False
0.5-1,14915,0,3.215532572904747e-09,False
0.5-1,14916,0,4.002434573143514e-11,False
0.5-1,14917,0,2.12402979403536e-06,False
0.5-1,14918,0,2.314359733547835e-13,False
0.5-1,14919,0,4.114239553823858e-08,False
0.5-1,14920,0,8.305799525349978e-10,False
0.5-1,14921,0,9.415833663948279e-09,False
0.5-1,14922,0,1.6626831869197358e-10,False
0.5-1,14923,0,8.503334377113581e-09,False
0.5-1,14924,0,1.134822206165674e-12,False
0.5-1,14925,0,1.5415628431783796e-14,False
0.5-1,14926,0,1.0204543008036779e-12,False
0.5-1,14927,0,5.904333982873676e-06,False
0.5-1,14928,0,6.041186673663992e-13,False
0.5-1,14929,0,7.282164344910834e-05,False
0.5-1,14930,0,3.2772795221161934e-11,False
0.5-1,14931,0,5.2144013071491494e-08,False
0.5-1,14932,0,5.725313548834151e-14,False
0.5-1,14933,0,3.3630236502236447e-08,False
0.5-1,14934,0,4.6742564900713004e-14,False
0.5-1,14935,0,2.416351263264379e-06,False
0.5-1,14936,0,4.194643422351854e-13,False
0.5-1,14937,0,1.8489336949310672e-07,False
0.5-1,14938,0,2.9586966512755525e-06,False
0.5-1,14939,0,2.878309212476451e-07,False
0.5-1,14940,0,1.646378102774704e-13,False
0.5-1,14941,0,2.7969826252487396e-07,False
0.5-1,14942,0,1.0658067328141776e-16,False
0.5-1,14943,0,7.994021224702278e-07,False
0.5-1,14944,0,7.068220008357697e-05,False
0.5-1,14945,0,1.5666393449197813e-07,False
0.5-1,14946,0,1.2965356455319618e-08,False
0.5-1,14947,0,7.128513715905693e-07,False
0.5-1,14948,0,2.0645515647028175e-05,False
0.5-1,14949,0,4.2390285248042294e-14,False
0.5-1,14950,0,1.0256117156534658e-15,False
0.5-1,14951,0,6.2048766417339e-13,False
0.5-1,14952,0,1.2777476443957183e-11,False
0.5-1,14953,0,8.894779493135033e-13,False
0.5-1,14954,0,8.439327716640285e-15,False
0.5-1,14955,0,1.9680272361648912e-06,False
0.5-1,14956,0,3.171012974921771e-11,False
0.5-1,14957,0,8.503883418016316e-08,False
0.5-1,14958,0,1.563592879825346e-14,False
0.5-1,14959,0,2.596885695807023e-06,False
0.5-1,14960,0,3.621941759200538e-16,False
0.5-1,14961,0,1.3703783823004355e-05,False
0.5-1,14962,0,2.220969030217366e-06,False
0.5-1,14963,0,6.0949158135866545e-05,False
0.5-1,14964,0,4.0713906229340416e-17,False
0.5-1,14965,0,8.074104155586446e-06,False
0.5-1,14966,0,1.0762121134319366e-22,False
0.5-1,14967,0,1.1826054461781286e-05,False
0.5-1,14968,0,9.79637932824414e-05,False
0.5-1,14969,0,2.5081618199832254e-07,False
0.5-1,14970,0,1.676202867589136e-05,False
0.5-1,14971,0,4.217396727140433e-07,False
0.5-1,14972,0,0.00013042452893391644,False
0.5-1,14973,0,1.2244793541949043e-06,False
0.5-1,14974,0,9.920030735249982e-07,False
0.5-1,14975,0,4.62652765964095e-06,False
0.5-1,14976,0,2.1144110494391097e-06,False
0.5-1,14977,0,5.7690843195338766e-15,False
0.5-1,14978,0,1.2277207885693272e-12,False
0.5-1,14979,0,3.333795900762387e-13,False
0.5-1,14980,0,8.80879603749009e-07,False
0.5-1,14981,0,8.535791429283411e-11,False
0.5-1,14982,0,3.2820795230629006e-18,False
0.5-1,14983,0,7.733887184875258e-07,False
0.5-1,14984,0,1.3626780382394022e-07,False
0.5-1,14985,0,1.2254823036472977e-07,False
0.5-1,14986,0,1.8623375514012764e-15,False
0.5-1,14987,0,9.604752577077916e-07,False
0.5-1,14988,0,4.9520469500964875e-23,False
0.5-1,14989,0,8.337869457513666e-06,False
0.5-1,14990,0,7.470582046335902e-07,False
0.5-1,14991,0,2.785571594038391e-05,False
0.5-1,14992,0,1.286966861436513e-06,False
0.5-1,14993,0,1.3667443277454747e-07,False
0.5-1,14994,0,3.979037408692528e-07,False
0.5-1,14995,0,2.1408074398258378e-10,False
0.5-1,14996,0,2.8860107579060124e-08,False
0.5-1,14997,0,3.926904901868879e-07,False
0.5-1,14998,0,9.689363922574374e-09,False
0.5-1,14999,0,0.01092796084501569,False
0.5-1,15000,0,5.171520211784087e-07,False
0.5-1,15001,0,1.2947206273649545e-09,False
0.5-1,15002,0,2.049728269380363e-08,False
0.5-1,15003,0,5.524583894493062e-10,False
0.5-1,15004,0,0.023320107386605508,False
0.5-1,15005,0,1.1477975914992544e-07,False
0.5-1,15006,0,1.0123603111098326e-05,False
0.5-1,15007,0,1.968198540476238e-09,False
0.5-1,15008,0,1.8994764342395532e-06,False
0.5-1,15009,0,1.8812318237958765e-07,False
0.5-1,15010,0,2.574545845899302e-09,False
0.5-1,15011,0,3.597255479217717e-08,False
0.5-1,15012,0,1.459963684814476e-07,False
0.5-1,15013,0,9.061093474005822e-11,False
0.5-1,15014,0,3.4623282092088883e-07,False
0.5-1,15015,0,9.946866900179955e-09,False
0.5-1,15016,0,1.8857971391030364e-07,False
0.5-1,15017,0,6.671191221879175e-06,False
0.5-1,15018,0,3.302898894864563e-07,False
0.5-1,15019,0,5.54702224082153e-07,False
0.5-1,15020,0,1.116881239155199e-09,False
0.5-1,15021,0,1.510230283253157e-09,False
0.5-1,15022,0,7.066728545557174e-11,False
0.5-1,15023,0,5.969497315691224e-09,False
0.5-1,15024,0,1.8046232724221402e-12,False
0.5-1,15025,0,4.910057515657036e-10,False
0.5-1,15026,0,1.1316927339204805e-12,False
0.5-1,15027,0,4.6361097178944016e-11,False
0.5-1,15028,0,1.2791391886149435e-09,False
0.5-1,15029,0,6.00292980738624e-09,False
0.5-1,15030,0,4.1214544321451616e-07,False
0.5-1,15031,0,1.836761631338412e-06,False
0.5-1,15032,0,8.805212937437043e-11,False
0.5-1,15033,0,1.4620413480710388e-05,False
0.5-1,15034,0,6.491261282059865e-10,False
0.5-1,15035,0,3.136456883322896e-09,False
0.5-1,15036,0,7.675892067638091e-07,False
0.5-1,15037,0,1.377347598073114e-10,False
0.5-1,15038,0,6.585779905472284e-10,False
0.5-1,15039,0,1.0998078182335763e-10,False
0.5-1,15040,0,1.2219546133815747e-06,False
0.5-1,15041,0,7.206193614836335e-05,False
0.5-1,15042,0,8.433581493716234e-08,False
0.5-1,15043,0,9.944386353624181e-06,False
0.5-1,15044,0,7.487495678380309e-10,False
0.5-1,15045,0,1.7633029608470642e-09,False
0.5-1,15046,0,1.7460085230303332e-10,False
0.5-1,15047,0,2.1560024500307446e-09,False
0.5-1,15048,0,3.9440694573020074e-10,False
0.5-1,15049,0,2.3676541285133424e-09,False
0.5-1,15050,0,1.199873785697969e-09,False
0.5-1,15051,0,8.733587603218424e-11,False
0.5-1,15052,0,1.122006566114526e-10,False
0.5-1,15053,0,1.586362526697068e-09,False
0.5-1,15054,0,5.152067189326248e-07,False
0.5-1,15055,0,2.3270424040498592e-05,False
0.5-1,15056,0,7.435847794989999e-11,False
0.5-1,15057,0,8.386263989706568e-05,False
0.5-1,15058,0,1.0792179875038093e-09,False
0.5-1,15059,0,7.803066430372696e-09,False
0.5-1,15060,0,1.0614054237944167e-06,False
0.5-1,15061,0,1.1030545284618795e-09,False
0.5-1,15062,0,1.156466380635876e-09,False
0.5-1,15063,0,7.446485212872716e-10,False
0.5-1,15064,0,5.076825679392515e-07,False
0.5-1,15065,0,2.1490122052075033e-05,False
0.5-1,15066,0,6.725613833039362e-08,False
0.5-1,15067,0,3.285795734240325e-05,False
0.5-1,15068,0,1.4260429826538347e-09,False
0.5-1,15069,0,2.7202098717795104e-09,False
0.5-1,15070,0,1.671987946962077e-10,False
0.5-1,15071,0,4.331231803632737e-09,False
0.5-1,15072,0,1.6475570942492446e-11,False
0.5-1,15073,0,5.598043535033502e-10,False
0.5-1,15074,0,0.0008144407679918767,False
0.5-1,15075,0,6.380811882748654e-12,False
0.5-1,15076,0,1.2585250446103811e-11,False
0.5-1,15077,0,1.9625195341578293e-09,False
0.5-1,15078,0,3.121540758113952e-07,False
0.5-1,15079,0,0.00017898034153853522,False
0.5-1,15080,0,7.492308136123767e-10,False
0.5-1,15081,0,4.795842117809218e-05,False
0.5-1,15082,0,4.2056177741519266e-11,False
0.5-1,15083,0,2.725866955786976e-09,False
0.5-1,15084,0,1.840953727331815e-07,False
0.5-1,15085,0,4.942498909893794e-10,False
0.5-1,15086,0,1.6783582308162304e-09,False
0.5-1,15087,0,2.3503997243458814e-10,False
0.5-1,15088,0,1.670640815701516e-07,False
0.5-1,15089,0,3.832615956582428e-06,False
0.5-1,15090,0,5.7152496463538635e-09,False
0.5-1,15091,0,7.45471429820584e-06,False
0.5-1,15092,0,2.9824406343552958e-09,False
0.5-1,15093,0,3.031438960589521e-09,False
0.5-1,15094,0,3.762164511209587e-11,False
0.5-1,15095,0,1.1220561169846761e-08,False
0.5-1,15096,0,7.136297060445577e-11,False
0.5-1,15097,0,5.975150656386549e-11,False
0.5-1,15098,0,1.1298813899349225e-10,False
0.5-1,15099,0,4.366071720237662e-11,False
0.5-1,15100,0,2.0858789144612066e-11,False
0.5-1,15101,0,1.4516279797447002e-09,False
0.5-1,15102,0,4.790155206983011e-08,False
0.5-1,15103,0,1.7478484962028236e-05,False
0.5-1,15104,0,1.9757126443302793e-12,False
0.5-1,15105,0,1.305813030413174e-05,False
0.5-1,15106,0,1.0270798514711688e-11,False
0.5-1,15107,0,2.232101673963929e-08,False
0.5-1,15108,0,1.415681710388332e-08,False
0.5-1,15109,0,9.210180010831591e-10,False
0.5-1,15110,0,5.098278771792874e-09,False
0.5-1,15111,0,5.419431994695403e-09,False
0.5-1,15112,0,3.1962433620310036e-09,False
0.5-1,15113,0,1.873693867367335e-06,False
0.5-1,15114,0,8.3871527566105e-11,False
0.5-1,15115,0,1.239282265393034e-07,False
0.5-1,15116,0,9.185266847248799e-10,False
0.5-1,15117,0,9.039763041640999e-09,False
0.5-1,15118,0,2.346770632554613e-10,False
0.5-1,15119,0,1.736440144104419e-08,False
0.5-1,15120,0,1.3567868992490468e-12,False
0.5-1,15121,0,1.493277036883109e-11,False
0.5-1,15122,0,0.012630034250146973,False
0.5-1,15123,0,5.143900728659012e-14,False
0.5-1,15124,0,6.006696292459853e-13,False
0.5-1,15125,0,2.6231329935382235e-11,False
0.5-1,15126,0,3.2296598729343515e-09,False
0.5-1,15127,0,7.89083606467079e-07,False
0.5-1,15128,0,2.2016616757026353e-12,False
0.5-1,15129,0,6.644668911225384e-07,False
0.5-1,15130,0,5.930686650893432e-11,False
0.5-1,15131,0,8.968618722657014e-10,False
0.5-1,15132,0,4.339658805068194e-10,False
0.5-1,15133,0,4.862310929957788e-10,False
0.5-1,15134,0,2.0025793384580087e-08,False
0.5-1,15135,0,2.6333442522273774e-09,False
0.5-1,15136,0,5.240916256196117e-12,False
0.5-1,15137,0,5.66924015169861e-06,False
0.5-1,15138,0,3.287568196875786e-13,False
0.5-1,15139,0,4.283785115109785e-09,False
0.5-1,15140,0,7.105576513805045e-10,False
0.5-1,15141,0,4.344897016557474e-08,False
0.5-1,15142,0,1.7562700537177304e-08,False
0.5-1,15143,0,5.485735437294332e-10,False
0.5-1,15144,0,8.197023459635581e-14,False
0.5-1,15145,0,7.223160140500958e-12,False
0.5-1,15146,0,4.857038898395773e-12,False
0.5-1,15147,0,4.015956050506763e-13,False
0.5-1,15148,0,5.7778420829981555e-15,False
0.5-1,15149,0,2.0066000715746774e-07,False
0.5-1,15150,0,2.810582080864415e-11,False
0.5-1,15151,0,3.100066873599995e-08,False
0.5-1,15152,0,1.490805654783831e-13,False
0.5-1,15153,0,2.6692644360588767e-08,False
0.5-1,15154,0,7.633353174841367e-13,False
0.5-1,15155,0,1.4753503347628593e-07,False
0.5-1,15156,0,7.263552529043154e-13,False
0.5-1,15157,0,4.4586283231864517e-08,False
0.5-1,15158,0,1.2864478881359557e-09,False
0.5-1,15159,0,1.4486445902621452e-08,False
0.5-1,15160,0,2.8231336604022076e-14,False
0.5-1,15161,0,2.3748222105820396e-07,False
0.5-1,15162,0,5.4149233112229043e-17,False
0.5-1,15163,0,2.3147987320981473e-08,False
0.5-1,15164,0,2.8935605490439187e-07,False
0.5-1,15165,0,8.542986805251081e-07,False
0.5-1,15166,0,2.5374095044703525e-06,False
0.5-1,15167,0,1.901261108218658e-09,False
0.5-1,15168,0,4.538280811840593e-12,False
0.5-1,15169,0,8.32164116987275e-13,False
0.5-1,15170,0,2.0904611729068383e-12,False
0.5-1,15171,0,4.5676063167027305e-09,False
0.5-1,15172,0,5.125664997749437e-15,False
0.5-1,15173,0,1.1262482156899439e-15,False
0.5-1,15174,0,6.180962885304573e-15,False
0.5-1,15175,0,2.0833375403764267e-07,False
0.5-1,15176,0,6.694025637696046e-07,False
0.5-1,15177,0,1.0238028976282614e-05,False
0.5-1,15178,0,3.065914671732812e-12,False
0.5-1,15179,0,5.818995287279683e-06,False
0.5-1,15180,0,3.0186747163012907e-16,False
0.5-1,15181,0,4.734581385658155e-05,False
0.5-1,15182,0,6.015507849857097e-08,False
0.5-1,15183,0,5.0476269606781605e-05,False
0.5-1,15184,0,3.742422792516412e-18,False
0.5-1,15185,0,2.6074187006826936e-05,False
0.5-1,15186,0,8.126318573651464e-23,False
0.5-1,15187,0,2.2096909477124484e-06,False
0.5-1,15188,0,5.345247202602681e-06,False
0.5-1,15189,0,2.2129975719887064e-06,False
0.5-1,15190,0,7.873365535282062e-05,False
0.5-1,15191,0,1.4580880650994434e-08,False
0.5-1,15192,0,0.00015855379052698748,False
0.5-1,15193,0,4.346814507671881e-06,False
0.5-1,15194,0,2.0541814826213828e-07,False
0.5-1,15195,0,7.187014332734539e-06,False
0.5-1,15196,0,1.954445954258434e-08,False
0.5-1,15197,0,5.380433530525906e-12,False
0.5-1,15198,0,1.679264144625452e-16,False
0.5-1,15199,0,1.7333087570738543e-10,False
0.5-1,15200,0,7.970484239136737e-08,False
0.5-1,15201,0,4.055402895144867e-14,False
0.5-1,15202,0,1.6385471109607462e-18,False
0.5-1,15203,0,3.68326714483828e-07,False
0.5-1,15204,0,1.5345764771916196e-07,False
0.5-1,15205,0,5.438725505292791e-06,False
0.5-1,15206,0,1.6277957679289296e-14,False
0.5-1,15207,0,1.6527367997240237e-06,False
0.5-1,15208,0,3.8310573507375623e-22,False
0.5-1,15209,0,1.8010629295465854e-05,False
0.5-1,15210,0,2.4990685395631475e-08,False
0.5-1,15211,0,2.6212909838978212e-05,False
0.5-1,15212,0,6.605065259203287e-08,False
0.5-1,15213,0,5.103249891665854e-08,False
0.5-1,15214,0,6.592603159190244e-06,False
0.5-1,15215,0,2.0262999675921335e-10,False
0.5-1,15216,0,1.8626884872030524e-07,False
0.5-1,15217,0,0.0001632636801909339,False
0.5-1,15218,0,4.9986543785945955e-06,False
0.5-1,15219,0,1.654194194118919e-05,False
0.5-1,15220,0,1.9209475004373254e-08,False
0.5-1,15221,0,6.76499794845426e-10,False
0.5-1,15222,0,4.76593376579102e-10,False
0.5-1,15223,0,9.94606421671582e-11,False
0.5-1,15224,0,1.1653910731398597e-10,False
0.5-1,15225,0,1.3974656166379024e-07,False
0.5-1,15226,0,5.326746797357428e-05,False
0.5-1,15227,0,5.255106185462554e-10,False
0.5-1,15228,0,3.951353418145384e-08,False
0.5-1,15229,0,7.807069755658809e-08,False
0.5-1,15230,0,4.916846829251807e-09,False
0.5-1,15231,0,1.1352214658298373e-08,False
0.5-1,15232,0,4.7555502468222565e-07,False
0.5-1,15233,0,4.712452270333209e-09,False
0.5-1,15234,0,2.96176256671678e-10,False
0.5-1,15235,0,9.183807371376228e-11,False
0.5-1,15236,0,1.0302232489235312e-07,False
0.5-1,15237,0,3.981738592399324e-06,False
0.5-1,15238,0,7.404342506903973e-08,False
0.5-1,15239,0,4.7409784174791606e-07,False
0.5-1,15240,0,3.485392507266319e-10,False
0.5-1,15241,0,1.0292347139814315e-09,False
0.5-1,15242,0,7.806252885574587e-11,False
0.5-1,15243,0,1.853374201121297e-10,False
0.5-1,15244,0,2.5412311025854596e-07,False
0.5-1,15245,0,5.730980574108104e-11,False
0.5-1,15246,0,6.799331263897813e-13,False
0.5-1,15247,0,1.7476318288164986e-11,False
0.5-1,15248,0,7.193271808527567e-10,False
0.5-1,15249,0,1.488733599421226e-09,False
0.5-1,15250,0,8.110352643836563e-08,False
0.5-1,15251,0,5.420643243164873e-07,False
0.5-1,15252,0,6.923175799357081e-11,False
0.5-1,15253,0,1.6516002089457794e-05,False
0.5-1,15254,0,1.0340053872194083e-09,False
0.5-1,15255,0,1.7883203236339598e-09,False
0.5-1,15256,0,1.559010294208482e-07,False
0.5-1,15257,0,2.9264237346957857e-10,False
0.5-1,15258,0,3.776535634463159e-10,False
0.5-1,15259,0,7.767499959754311e-11,False
0.5-1,15260,0,6.128835492782299e-07,False
0.5-1,15261,0,2.626466474833774e-05,False
0.5-1,15262,0,5.1335895211848625e-08,False
0.5-1,15263,0,8.964520135167532e-06,False
0.5-1,15264,0,3.63513942765419e-10,False
0.5-1,15265,0,4.611654706629464e-10,False
0.5-1,15266,0,7.078342458894002e-11,False
0.5-1,15267,0,1.4619222547664123e-09,False
0.5-1,15268,0,1.3186503413820143e-09,False
0.5-1,15269,0,5.832024152929526e-10,False
0.5-1,15270,0,2.6274833317467034e-10,False
0.5-1,15271,0,4.099932697506161e-11,False
0.5-1,15272,0,1.071748785953128e-11,False
0.5-1,15273,0,1.477362767554186e-10,False
0.5-1,15274,0,1.1284404154399903e-07,False
0.5-1,15275,0,2.453606410511092e-05,False
0.5-1,15276,0,3.539202482825287e-09,False
0.5-1,15277,0,3.5621385433465204e-05,False
0.5-1,15278,0,4.826022467978216e-10,False
0.5-1,15279,0,3.792835376158363e-09,False
0.5-1,15280,0,2.5278323591911265e-07,False
0.5-1,15281,0,8.412816076826523e-10,False
0.5-1,15282,0,1.4425846282092925e-09,False
0.5-1,15283,0,1.2797307209966972e-10,False
0.5-1,15284,0,2.1551866331889068e-07,False
0.5-1,15285,0,3.27152487401298e-05,False
0.5-1,15286,0,2.0656547283803295e-08,False
0.5-1,15287,0,2.249202497282429e-05,False
0.5-1,15288,0,2.0104590741804598e-10,False
0.5-1,15289,0,9.615066710408438e-10,False
0.5-1,15290,0,6.442522071660369e-11,False
0.5-1,15291,0,9.336045073918743e-10,False
0.5-1,15292,0,6.842782334247311e-11,False
0.5-1,15293,0,1.9515936467424006e-10,False
0.5-1,15294,0,1.4239449228942958e-05,False
0.5-1,15295,0,7.94012841763795e-11,False
0.5-1,15296,0,2.9822328377408266e-12,False
0.5-1,15297,0,6.871331429218701e-10,False
0.5-1,15298,0,9.148859440441911e-08,False
0.5-1,15299,0,3.064506816002126e-05,False
0.5-1,15300,0,2.3242436178887172e-12,False
0.5-1,15301,0,1.995493526657395e-05,False
0.5-1,15302,0,2.877805864138418e-10,False
0.5-1,15303,0,3.609981883135125e-09,False
0.5-1,15304,0,7.317832297740139e-08,False
0.5-1,15305,0,2.2935100727899968e-10,False
0.5-1,15306,0,1.5369763336165283e-09,False
0.5-1,15307,0,3.9988796906181677e-10,False
0.5-1,15308,0,2.4785833234895386e-08,False
0.5-1,15309,0,1.4015667502541373e-06,False
0.5-1,15310,0,1.9026454474102026e-09,False
0.5-1,15311,0,8.709790060383768e-06,False
0.5-1,15312,0,4.1266197396229226e-10,False
0.5-1,15313,0,4.1257220765918265e-10,False
0.5-1,15314,0,1.9956500427656723e-11,False
0.5-1,15315,0,8.684228557261146e-09,False
0.5-1,15316,0,1.6102461262704077e-09,False
0.5-1,15317,0,1.0809691801016663e-10,False
0.5-1,15318,0,2.2744957791879126e-10,False
0.5-1,15319,0,2.664674173330081e-13,False
0.5-1,15320,0,3.237752432103808e-12,False
0.5-1,15321,0,1.5356713474645876e-11,False
0.5-1,15322,0,1.785777218095046e-08,False
0.5-1,15323,0,4.281768176161987e-06,False
0.5-1,15324,0,8.863934083603742e-12,False
0.5-1,15325,0,8.72837301714093e-07,False
0.5-1,15326,0,8.342458574348628e-13,False
0.5-1,15327,0,1.8537536007401282e-09,False
0.5-1,15328,0,1.7143843802427803e-08,False
0.5-1,15329,0,1.1385637163245176e-10,False
0.5-1,15330,0,9.026629780738715e-09,False
0.5-1,15331,0,2.427448825647705e-09,False
0.5-1,15332,0,1.0976245764849757e-09,False
0.5-1,15333,0,3.39292748340994e-07,False
0.5-1,15334,0,7.836879102269553e-11,False
0.5-1,15335,0,5.018983899997943e-06,False
0.5-1,15336,0,1.2574532095649895e-09,False
0.5-1,15337,0,9.998107068429673e-11,False
0.5-1,15338,0,2.6497678096203625e-11,False
0.5-1,15339,0,1.8642493055673958e-08,False
0.5-1,15340,0,7.72313676532379e-12,False
0.5-1,15341,0,3.2788408607478936e-13,False
0.5-1,15342,0,8.504872483182316e-12,False
0.5-1,15343,0,1.698084874451113e-13,False
0.5-1,15344,0,2.398619039315205e-13,False
0.5-1,15345,0,1.0186780332120184e-12,False
0.5-1,15346,0,1.105491321634697e-09,False
0.5-1,15347,0,3.9353871565558086e-07,False
0.5-1,15348,0,3.859509232404472e-07,False
0.5-1,15349,0,1.38876705553527e-07,False
0.5-1,15350,0,6.352573760940539e-11,False
0.5-1,15351,0,1.447665239385404e-09,False
0.5-1,15352,0,4.031079019388728e-10,False
0.5-1,15353,0,3.504070561512963e-11,False
0.5-1,15354,0,2.5928505021539864e-08,False
0.5-1,15355,0,3.090144064411427e-06,False
0.5-1,15356,0,1.0253563327926413e-11,False
0.5-1,15357,0,7.829850806754635e-07,False
0.5-1,15358,0,5.02207980046402e-13,False
0.5-1,15359,0,1.5541514307375471e-07,False
0.5-1,15360,0,6.371460400821964e-07,False
0.5-1,15361,0,3.249070630087853e-10,False
0.5-1,15362,0,5.703707884812066e-09,False
0.5-1,15363,0,2.6164802749502843e-08,False
0.5-1,15364,0,1.763804685965473e-12,False
0.5-1,15365,0,2.2951742062988715e-15,False
0.5-1,15366,0,2.9617944517633324e-14,False
0.5-1,15367,0,7.316337608213379e-15,False
0.5-1,15368,0,7.791762138881638e-11,False
0.5-1,15369,0,1.6654057721517622e-14,False
0.5-1,15370,0,1.3399413812015136e-11,False
0.5-1,15371,0,6.954169951366031e-08,False
0.5-1,15372,0,5.433493777967629e-11,False
0.5-1,15373,0,1.2019821498509284e-08,False
0.5-1,15374,0,8.827255129798515e-13,False
0.5-1,15375,0,3.480594459429619e-10,False
0.5-1,15376,0,6.729254519444734e-13,False
0.5-1,15377,0,2.711398005476039e-09,False
0.5-1,15378,0,6.316957837274413e-09,False
0.5-1,15379,0,2.3785468674610875e-06,False
0.5-1,15380,0,3.805288074278707e-14,False
0.5-1,15381,0,1.659434198260991e-07,False
0.5-1,15382,0,4.4674075269586725e-17,False
0.5-1,15383,0,5.064241101621753e-06,False
0.5-1,15384,0,0.002285953770371439,False
0.5-1,15385,0,1.6823524711306115e-09,False
0.5-1,15386,0,0.2663470039349218,False
0.5-1,15387,0,1.8911499160671827e-07,False
0.5-1,15388,0,6.455313992719397e-11,False
0.5-1,15389,0,4.758385617272893e-16,False
0.5-1,15390,0,9.672950877442684e-17,False
0.5-1,15391,0,2.159485166169683e-09,False
0.5-1,15392,0,6.712348667276025e-10,False
0.5-1,15393,0,5.55097102004244e-13,False
0.5-1,15394,0,7.145173300718939e-15,False
0.5-1,15395,0,1.9186624329826633e-06,False
0.5-1,15396,0,2.9643986498696348e-06,False
0.5-1,15397,0,4.430328876012111e-06,False
0.5-1,15398,0,6.148621497287649e-15,False
0.5-1,15399,0,2.6740526138657526e-09,False
0.5-1,15400,0,9.039315269855625e-17,False
0.5-1,15401,0,1.3314369462348817e-06,False
0.5-1,15402,0,6.097250992357058e-09,False
0.5-1,15403,0,0.000539338189159534,False
0.5-1,15404,0,1.196452574251317e-18,False
0.5-1,15405,0,9.366144546889379e-06,False
0.5-1,15406,0,6.64419703041517e-24,False
0.5-1,15407,0,3.238450133528825e-05,False
0.5-1,15408,0,0.00047263188635143647,False
0.5-1,15409,0,1.0064822392690533e-07,False
0.5-1,15410,0,1.732492547985427e-05,False
0.5-1,15411,0,1.911292946091714e-07,False
0.5-1,15412,0,0.0001344386514886418,False
0.5-1,15413,0,4.5247178052411077e-07,False
0.5-1,15414,0,1.370549821248162e-06,False
0.5-1,15415,0,6.782454310982497e-06,False
0.5-1,15416,0,5.57280025273178e-10,False
0.5-1,15417,0,3.1282995677822976e-10,False
0.5-1,15418,0,7.781768030729126e-17,False
0.5-1,15419,0,6.869750357342561e-11,False
0.5-1,15420,0,4.570222277896684e-08,False
0.5-1,15421,0,9.47161502062109e-14,False
0.5-1,15422,0,2.684964019271183e-18,False
0.5-1,15423,0,1.2175350480191938e-05,False
0.5-1,15424,0,9.782188962555773e-07,False
0.5-1,15425,0,6.55721089383792e-06,False
0.5-1,15426,0,1.230842849849435e-12,False
0.5-1,15427,0,1.818619574598125e-07,False
0.5-1,15428,0,1.1229362399516588e-22,False
0.5-1,15429,0,1.0632338478989732e-05,False
0.5-1,15430,0,1.0627189218474237e-08,False
0.5-1,15431,0,1.978131508238418e-05,False
0.5-1,15432,0,1.3251615577719717e-06,False
0.5-1,15433,0,6.151167105420001e-08,False
0.5-1,15434,0,2.5211273289559415e-07,False
0.5-1,15435,0,5.552169228563553e-11,False
0.5-1,15436,0,6.2831060854242195e-06,False
0.5-1,15437,0,1.0975375277093042e-05,False
0.5-1,15438,0,1.3880706674994808e-06,False
0.5-1,15439,0,0.002874507776587582,False
0.5-1,15440,0,1.0200025282475973e-05,False
0.5-1,15441,0,1.176138853405346e-05,False
0.5-1,15442,0,1.7162658965588948e-09,False
0.5-1,15443,0,4.876027068076738e-12,False
0.5-1,15444,0,2.96837508707596e-09,False
0.5-1,15445,0,4.58174172306948e-06,False
0.5-1,15446,0,0.0012243448579459324,False
0.5-1,15447,0,1.9830608262522042e-10,False
0.5-1,15448,0,1.1031360860693705e-10,False
0.5-1,15449,0,1.9037028246579032e-07,False
0.5-1,15450,0,6.885924816511126e-10,False
0.5-1,15451,0,4.118859366579109e-09,False
0.5-1,15452,0,8.714655396980143e-08,False
0.5-1,15453,0,3.813457742187535e-09,False
0.5-1,15454,0,1.783128000268297e-09,False
0.5-1,15455,0,9.446775762279869e-09,False
0.5-1,15456,0,3.597113557138421e-07,False
0.5-1,15457,0,6.9334893091068785e-06,False
0.5-1,15458,0,1.1309965300527029e-08,False
0.5-1,15459,0,4.7518372823202786e-07,False
0.5-1,15460,0,1.0099521606226498e-09,False
0.5-1,15461,0,2.4597304242445084e-10,False
0.5-1,15462,0,3.50479540247113e-11,False
0.5-1,15463,0,4.0505862003090915e-10,False
0.5-1,15464,0,1.83116796158053e-11,False
0.5-1,15465,0,2.5411795641516375e-09,False
0.5-1,15466,0,2.0676170707149443e-12,False
0.5-1,15467,0,2.2872202560657693e-11,False
0.5-1,15468,0,3.184764122120017e-12,False
0.5-1,15469,0,1.9552669111237323e-07,False
0.5-1,15470,0,4.7681826311909805e-08,False
0.5-1,15471,0,5.311639343378212e-07,False
0.5-1,15472,0,9.660277729031922e-12,False
0.5-1,15473,0,3.074158372255168e-05,False
0.5-1,15474,0,1.7922974447491569e-09,False
0.5-1,15475,0,3.2205018713258858e-09,False
0.5-1,15476,0,5.492573157179291e-08,False
0.5-1,15477,0,9.747391191066664e-11,False
0.5-1,15478,0,1.801048429342575e-10,False
0.5-1,15479,0,6.65752447932306e-11,False
0.5-1,15480,0,7.622012990430369e-08,False
0.5-1,15481,0,2.6297747518296624e-05,False
0.5-1,15482,0,1.4354497084929236e-08,False
0.5-1,15483,0,3.964512226715295e-06,False
0.5-1,15484,0,3.614183968240506e-10,False
0.5-1,15485,0,2.263869049746604e-10,False
0.5-1,15486,0,3.534560071178206e-11,False
0.5-1,15487,0,5.472763630920307e-10,False
0.5-1,15488,0,7.177192561722343e-11,False
0.5-1,15489,0,3.3102609383031967e-09,False
0.5-1,15490,0,1.4189388145856264e-10,False
0.5-1,15491,0,7.95547735985883e-12,False
0.5-1,15492,0,4.31391939816061e-12,False
0.5-1,15493,0,1.3326259917067187e-11,False
0.5-1,15494,0,4.546374990156176e-08,False
0.5-1,15495,0,3.781270207890954e-05,False
0.5-1,15496,0,1.1877418715036046e-10,False
0.5-1,15497,0,2.848412081667211e-05,False
0.5-1,15498,0,3.9515922248753574e-11,False
0.5-1,15499,0,1.716562830694986e-09,False
0.5-1,15500,0,9.405142190706273e-08,False
0.5-1,15501,0,1.5064673810818567e-10,False
0.5-1,15502,0,6.101498948552575e-10,False
0.5-1,15503,0,1.1220089700184941e-10,False
0.5-1,15504,0,9.436469408124289e-08,False
0.5-1,15505,0,2.473975963360791e-05,False
0.5-1,15506,0,5.8692370978078024e-09,False
0.5-1,15507,0,2.216266994177967e-06,False
0.5-1,15508,0,1.1339726198912436e-10,False
0.5-1,15509,0,5.176358592761159e-10,False
0.5-1,15510,0,1.8064945934228015e-11,False
0.5-1,15511,0,7.567889146235785e-10,False
0.5-1,15512,0,6.52110524898758e-12,False
0.5-1,15513,0,1.7307754186736777e-10,False
0.5-1,15514,0,6.026105519379792e-12,False
0.5-1,15515,0,2.167366140387063e-12,False
0.5-1,15516,0,2.4270086841771154e-10,False
0.5-1,15517,0,3.876383969059339e-11,False
0.5-1,15518,0,4.211258057252653e-08,False
0.5-1,15519,0,2.112854016214932e-05,False
0.5-1,15520,0,6.63112516806035e-12,False
0.5-1,15521,0,6.545753076431977e-06,False
0.5-1,15522,0,1.6748816239807146e-09,False
0.5-1,15523,0,1.902398384582453e-09,False
0.5-1,15524,0,1.4019110692039017e-08,False
0.5-1,15525,0,8.669469617044448e-11,False
0.5-1,15526,0,2.332187855584036e-10,False
0.5-1,15527,0,6.447026926552224e-11,False
0.5-1,15528,0,1.8535495554779796e-08,False
0.5-1,15529,0,1.0663682857036092e-06,False
0.5-1,15530,0,1.003188201483993e-09,False
0.5-1,15531,0,5.724811722674576e-07,False
0.5-1,15532,0,1.2813842392965277e-10,False
0.5-1,15533,0,1.506904174080661e-10,False
0.5-1,15534,0,6.721980782390029e-12,False
0.5-1,15535,0,1.7302965480874386e-10,False
0.5-1,15536,0,3.962984353431589e-11,False
0.5-1,15537,0,2.4379934924657842e-11,False
0.5-1,15538,0,1.6115653124900295e-11,False
0.5-1,15539,0,2.5255377974152253e-11,False
0.5-1,15540,0,5.040589530703146e-13,False
0.5-1,15541,0,1.275841109180026e-11,False
0.5-1,15542,0,5.397741730561931e-09,False
0.5-1,15543,0,2.629454519266371e-06,False
0.5-1,15544,0,4.2592640396756446e-13,False
0.5-1,15545,0,8.44108598921949e-07,False
0.5-1,15546,0,9.106502168267452e-13,False
0.5-1,15547,0,8.881419596496711e-09,False
0.5-1,15548,0,2.958554713649495e-09,False
0.5-1,15549,0,9.051603604460927e-09,False
0.5-1,15550,0,4.26073799924506e-11,False
0.5-1,15551,0,2.67897363572073e-10,False
0.5-1,15552,0,6.897395430529443e-10,False
0.5-1,15553,0,9.187578702910616e-07,False
0.5-1,15554,0,4.934125763164739e-11,False
0.5-1,15555,0,2.136534345735169e-06,False
0.5-1,15556,0,5.0943359564804145e-11,False
0.5-1,15557,0,2.864120026845041e-11,False
0.5-1,15558,0,6.579664980493248e-12,False
0.5-1,15559,0,7.647200427720945e-11,False
0.5-1,15560,0,6.26091991886536e-11,False
0.5-1,15561,0,2.334574987115968e-12,False
0.5-1,15562,0,7.5483672094703874e-06,False
0.5-1,15563,0,2.1139085353748078e-14,False
0.5-1,15564,0,8.044581858088065e-14,False
0.5-1,15565,0,1.65073408351094e-11,False
0.5-1,15566,0,9.608747921744023e-10,False
0.5-1,15567,0,1.0458646229910381e-07,False
0.5-1,15568,0,1.4546124668862186e-11,False
0.5-1,15569,0,8.030104459061758e-07,False
0.5-1,15570,0,2.024561088263648e-05,False
0.5-1,15571,0,2.3739413440941735e-10,False
0.5-1,15572,0,1.9950419064660472e-10,False
0.5-1,15573,0,7.340593517136184e-11,False
0.5-1,15574,0,4.19494039002028e-11,False
0.5-1,15575,0,2.4045459232513136e-09,False
0.5-1,15576,0,1.2761641242815617e-11,False
0.5-1,15577,0,0.0002954696745396948,False
0.5-1,15578,0,2.268196259797739e-13,False
0.5-1,15579,0,4.90637415388555e-09,False
0.5-1,15580,0,1.1280009949705075e-08,False
0.5-1,15581,0,9.561759461577537e-13,False
0.5-1,15582,0,3.367937339977543e-10,False
0.5-1,15583,0,1.1023575472088508e-09,False
0.5-1,15584,0,2.570180913934416e-11,False
0.5-1,15585,0,2.863097474536802e-15,False
0.5-1,15586,0,9.0000830135806e-14,False
0.5-1,15587,0,4.623318589416035e-14,False
0.5-1,15588,0,2.1833246898667946e-15,False
0.5-1,15589,0,3.004872647651799e-14,False
0.5-1,15590,0,1.5331630419294067e-11,False
0.5-1,15591,0,2.0952464324100137e-08,False
0.5-1,15592,0,3.0708233651153318e-12,False
0.5-1,15593,0,1.5312869596991384e-07,False
0.5-1,15594,0,1.9316794731586516e-09,False
0.5-1,15595,0,1.17221429657178e-08,False
0.5-1,15596,0,5.206624512529299e-13,False
0.5-1,15597,0,2.3964934715605123e-07,False
0.5-1,15598,0,1.5142955685018212e-10,False
0.5-1,15599,0,1.3863124613204636e-07,False
0.5-1,15600,0,5.355103415810912e-14,False
0.5-1,15601,0,3.0431840180158804e-05,False
0.5-1,15602,0,1.6606076701238638e-16,False
0.5-1,15603,0,8.03848883174098e-06,False
0.5-1,15604,0,0.00016245188716431663,False
0.5-1,15605,0,5.79541753962538e-12,False
0.5-1,15606,0,2.0681769359429043e-08,False
0.5-1,15607,0,1.6403045877654779e-09,False
0.5-1,15608,0,6.785145002350409e-08,False
0.5-1,15609,0,1.4973620913686875e-09,False
0.5-1,15610,0,1.3788982544800285e-13,False
0.5-1,15611,0,1.5484772548739016e-09,False
0.5-1,15612,0,4.258656837216421e-15,False
0.5-1,15613,0,4.311482585783123e-17,False
0.5-1,15614,0,9.735395582020767e-15,False
0.5-1,15615,0,6.212322986529709e-07,False
0.5-1,15616,0,6.93697509330246e-05,False
0.5-1,15617,0,6.428888748543447e-05,False
0.5-1,15618,0,7.448749986734179e-16,False
0.5-1,15619,0,1.1518526685344687e-07,False
0.5-1,15620,0,7.397967609263311e-17,False
0.5-1,15621,0,2.8978019207422524e-05,False
0.5-1,15622,0,1.312559822785678e-08,False
0.5-1,15623,0,0.00020493885530688307,False
0.5-1,15624,0,3.4436012525474305e-17,False
0.5-1,15625,0,9.914085383137921e-06,False
0.5-1,15626,0,1.1670669722327043e-20,False
0.5-1,15627,0,1.569283005051124e-05,False
0.5-1,15628,0,0.00031630093327894836,False
0.5-1,15629,0,0.000723410206980042,False
0.5-1,15630,0,2.510035483020472e-06,False
0.5-1,15631,0,1.6583773359093203e-09,False
0.5-1,15632,0,0.00017431075859167456,False
0.5-1,15633,0,3.964300031155408e-08,False
0.5-1,15634,0,3.0555202031035097e-07,False
0.5-1,15635,0,5.623893706228134e-06,False
0.5-1,15636,0,1.794385572583726e-06,False
0.5-1,15637,0,2.698984560005591e-13,False
0.5-1,15638,0,3.8470436370227724e-13,False
0.5-1,15639,0,1.649126144028359e-10,False
0.5-1,15640,0,2.6057198073860806e-08,False
0.5-1,15641,0,1.9357102207751013e-12,False
0.5-1,15642,0,3.876221759213456e-18,False
0.5-1,15643,0,1.3867956275125173e-05,False
0.5-1,15644,0,6.774302528502393e-07,False
0.5-1,15645,0,1.0801046772593157e-05,False
0.5-1,15646,0,1.0525776893550198e-11,False
0.5-1,15647,0,1.938440332778104e-07,False
0.5-1,15648,0,6.557482700285763e-23,False
0.5-1,15649,0,1.960149111194681e-05,False
0.5-1,15650,0,4.9895597184239175e-08,False
0.5-1,15651,0,3.714506826774678e-05,False
0.5-1,15652,0,1.2511275798366977e-07,False
0.5-1,15653,0,1.1635665198117329e-07,False
0.5-1,15654,0,4.303706488506389e-08,False
0.5-1,15655,0,7.452084683644253e-11,False
0.5-1,15656,0,4.021548998153328e-08,False
0.5-1,15657,0,1.4348550190973092e-07,False
0.5-1,15658,0,1.0613702981991039e-08,False
0.5-1,15659,0,1.008671378194095e-07,False
0.5-1,15660,0,0.1083894524001412,False
0.5-1,15661,0,2.0472523384776378e-11,False
0.5-1,15662,0,4.346037321645498e-06,False
0.5-1,15663,0,6.455417616608857e-11,False
0.5-1,15664,0,2.7914760157692725e-12,False
0.5-1,15665,0,2.2878572347723465e-10,False
0.5-1,15666,0,2.7212666184568892e-08,False
0.5-1,15667,0,1.1166918837236514e-09,False
0.5-1,15668,0,2.8069026055236093e-11,False
0.5-1,15669,0,1.8508441982176185e-07,False
0.5-1,15670,0,5.302328024297771e-10,False
0.5-1,15671,0,4.067031224464258e-09,False
0.5-1,15672,0,4.490888325128039e-08,False
0.5-1,15673,0,3.9508533152419816e-10,False
0.5-1,15674,0,1.2660037494901252e-09,False
0.5-1,15675,0,2.7394639695303488e-08,False
0.5-1,15676,0,9.719288170524667e-08,False
0.5-1,15677,0,7.57917073391791e-06,False
0.5-1,15678,0,1.4328553174736713e-08,False
0.5-1,15679,0,1.9996555878447545e-07,False
0.5-1,15680,0,4.13228396929181e-11,False
0.5-1,15681,0,6.732333077373863e-11,False
0.5-1,15682,0,2.153777857522213e-11,False
0.5-1,15683,0,5.388690380160271e-10,False
0.5-1,15684,0,2.076497262618672e-08,False
0.5-1,15685,0,0.0003506589616249785,False
0.5-1,15686,0,3.0849258749333875e-09,False
0.5-1,15687,0,2.3966619775292806e-11,False
0.5-1,15688,0,4.0316577428012944e-12,False
0.5-1,15689,0,0.03493016890269782,False
0.5-1,15690,0,5.605297195375157e-09,False
0.5-1,15691,0,1.5903975368682312e-06,False
0.5-1,15692,0,7.007811863678175e-11,False
0.5-1,15693,0,3.528428141375789e-06,False
0.5-1,15694,0,1.0077520809917305e-11,False
0.5-1,15695,0,5.188928247667159e-10,False
0.5-1,15696,0,1.0132081531276456e-07,False
0.5-1,15697,0,1.6821999432964944e-10,False
0.5-1,15698,0,1.5452820545761493e-10,False
0.5-1,15699,0,5.1051344691730874e-11,False
0.5-1,15700,0,2.786980056255395e-08,False
0.5-1,15701,0,1.5787048323454098e-05,False
0.5-1,15702,0,1.6215159358719635e-08,False
0.5-1,15703,0,1.4354651974775393e-06,False
0.5-1,15704,0,1.1488066687161129e-10,False
0.5-1,15705,0,9.824309667669787e-11,False
0.5-1,15706,0,1.9983430851572567e-11,False
0.5-1,15707,0,4.825423343917565e-10,False
0.5-1,15708,0,1.2447509230615781e-06,False
0.5-1,15709,0,5.4941161533506774e-11,False
0.5-1,15710,0,6.681280995449441e-11,False
0.5-1,15711,0,1.4337845367183217e-10,False
0.5-1,15712,1,0.999979606215568,True
0.5-1,15713,0,3.0535859202382595e-12,False
0.5-1,15714,0,1.4533873934630284e-08,False
0.5-1,15715,0,2.016874069779079e-05,False
0.5-1,15716,0,3.524359381107983e-11,False
0.5-1,15717,0,3.877314715980136e-06,False
0.5-1,15718,0,1.1405754650496728e-11,False
0.5-1,15719,0,1.935460611508028e-09,False
0.5-1,15720,0,1.0057256758781182e-07,False
0.5-1,15721,0,6.477294143650073e-11,False
0.5-1,15722,0,6.902430402723063e-11,False
0.5-1,15723,0,6.579866086093375e-11,False
0.5-1,15724,0,7.378290180721033e-08,False
0.5-1,15725,0,4.288328026928932e-06,False
0.5-1,15726,0,2.5037427695943697e-09,False
0.5-1,15727,0,4.463671826219179e-07,False
0.5-1,15728,0,1.0699470954274666e-10,False
0.5-1,15729,0,1.6061636725578124e-10,False
0.5-1,15730,0,4.847224892034252e-11,False
0.5-1,15731,0,2.6274515639261907e-10,False
0.5-1,15732,0,3.247055558485914e-12,False
0.5-1,15733,0,2.3248888438210806e-11,False
0.5-1,15734,0,1.5337955919860826e-10,False
0.5-1,15735,0,2.3655665120704283e-12,False
0.5-1,15736,0,3.856639000965104e-12,False
0.5-1,15737,0,3.8962537263627947e-07,False
0.5-1,15738,0,1.5104734812359567e-08,False
0.5-1,15739,0,9.780115481582094e-06,False
0.5-1,15740,0,2.3815646501984328e-11,False
0.5-1,15741,0,1.1678882250614334e-06,False
0.5-1,15742,0,5.215538640454247e-11,False
0.5-1,15743,0,9.378232189585763e-10,False
0.5-1,15744,0,2.266823330762012e-08,False
0.5-1,15745,0,5.192094888254348e-11,False
0.5-1,15746,0,1.5075308425925075e-10,False
0.5-1,15747,0,2.832427015535186e-11,False
0.5-1,15748,0,1.7273170173873365e-08,False
0.5-1,15749,0,4.873146814671156e-08,False
0.5-1,15750,0,3.9087544335690965e-10,False
0.5-1,15751,0,5.029166530263121e-07,False
0.5-1,15752,0,6.340415244133419e-11,False
0.5-1,15753,0,2.6713144343867304e-11,False
0.5-1,15754,0,4.624970809760086e-12,False
0.5-1,15755,0,2.1719599546417528e-10,False
0.5-1,15756,0,3.707240592827403e-12,False
0.5-1,15757,0,9.302734004784496e-11,False
0.5-1,15758,0,1.4133039487500303e-10,False
0.5-1,15759,0,0.0002015903209654982,False
0.5-1,15760,0,1.0092607144832795e-12,False
0.5-1,15761,0,1.6659703127502273e-11,False
0.5-1,15762,0,2.875516632826038e-09,False
0.5-1,15763,0,8.147116110427277e-07,False
0.5-1,15764,0,7.415230739060275e-10,False
0.5-1,15765,0,9.26625654547842e-08,False
0.5-1,15766,0,3.0121198471710013e-12,False
0.5-1,15767,0,9.851280595362256e-10,False
0.5-1,15768,0,1.7156613910998752e-09,False
0.5-1,15769,0,2.949289462392156e-10,False
0.5-1,15770,0,1.2004469022394602e-11,False
0.5-1,15771,0,3.863688422591335e-11,False
0.5-1,15772,0,2.9345232092095534e-10,False
0.5-1,15773,0,2.578208886363711e-07,False
0.5-1,15774,0,1.2496045495204647e-11,False
0.5-1,15775,0,8.928633890446497e-07,False
0.5-1,15776,0,3.64203127827479e-10,False
0.5-1,15777,0,2.0992002729169864e-11,False
0.5-1,15778,0,5.2261933178837056e-11,False
0.5-1,15779,0,1.2065343798658774e-11,False
0.5-1,15780,0,3.733275588029263e-14,False
0.5-1,15781,0,7.311167679441511e-14,False
0.5-1,15782,0,3.636925899550642e-12,False
0.5-1,15783,0,2.8061227845621488e-14,False
0.5-1,15784,0,1.0629267055815578e-14,False
0.5-1,15785,0,2.778168649321295e-10,False
0.5-1,15786,0,4.1701928207502245e-10,False
0.5-1,15787,0,2.6482440501665073e-08,False
0.5-1,15788,0,1.0569531195667603e-12,False
0.5-1,15789,0,3.5829441926097577e-06,False
0.5-1,15790,0,1.1289554501532255e-14,False
0.5-1,15791,0,1.03045179133644e-11,False
0.5-1,15792,0,8.91945903014946e-11,False
0.5-1,15793,0,3.956710214751768e-11,False
0.5-1,15794,0,3.98215175335966e-12,False
0.5-1,15795,0,2.583565598395281e-11,False
0.5-1,15796,0,9.672569995337832e-12,False
0.5-1,15797,0,7.870322402049381e-05,False
0.5-1,15798,0,9.40451092407466e-14,False
0.5-1,15799,0,5.259246377333839e-07,False
0.5-1,15800,0,1.3276324051362893e-07,False
0.5-1,15801,0,2.0302647526615125e-13,False
0.5-1,15802,0,3.4981155812875054e-08,False
0.5-1,15803,0,3.2969977408156605e-11,False
0.5-1,15804,0,7.749437186191718e-12,False
0.5-1,15805,0,6.446109540424853e-13,False
0.5-1,15806,0,3.515063682445875e-14,False
0.5-1,15807,0,1.6644773351970094e-10,False
0.5-1,15808,0,4.946307757446783e-13,False
0.5-1,15809,0,1.0243541284741304e-13,False
0.5-1,15810,0,3.4953262507932073e-12,False
0.5-1,15811,0,5.8408411316389005e-09,False
0.5-1,15812,0,8.673259246645167e-13,False
0.5-1,15813,0,2.509729058925261e-09,False
0.5-1,15814,0,6.547274708783143e-15,False
0.5-1,15815,0,1.9004822553570075e-11,False
0.5-1,15816,0,3.073632734640939e-13,False
0.5-1,15817,0,1.8407555051408826e-09,False
0.5-1,15818,0,3.350186283196672e-15,False
0.5-1,15819,0,1.5377716106832467e-10,False
0.5-1,15820,0,3.8092486882888606e-14,False
0.5-1,15821,0,9.274298006282352e-06,False
0.5-1,15822,0,6.435978250284355e-17,False
0.5-1,15823,0,0.00012934977181365724,False
0.5-1,15824,0,0.0001540268655494081,False
0.5-1,15825,0,7.852873699913684e-12,False
0.5-1,15826,0,1.4259535739880044e-05,False
0.5-1,15827,0,1.9482583757568462e-09,False
0.5-1,15828,0,5.595363310896918e-09,False
0.5-1,15829,0,1.3946951107974384e-13,False
0.5-1,15830,0,7.670536790573976e-12,False
0.5-1,15831,0,2.0538796004725472e-07,False
0.5-1,15832,0,1.4441319565433203e-12,False
0.5-1,15833,0,4.291838355648738e-16,False
0.5-1,15834,0,2.9594021658771024e-15,False
0.5-1,15835,0,1.384891341557128e-09,False
0.5-1,15836,0,5.900796914714313e-07,False
0.5-1,15837,0,2.2367059413711063e-07,False
0.5-1,15838,0,4.151566122517771e-17,False
0.5-1,15839,0,4.5644817242152625e-11,False
0.5-1,15840,0,2.00085952400774e-16,False
0.5-1,15841,0,4.407823845749872e-06,False
0.5-1,15842,0,7.776019217665952e-13,False
0.5-1,15843,0,1.8719911795548052e-05,False
0.5-1,15844,0,2.945172779395009e-17,False
0.5-1,15845,0,2.1220476735327196e-05,False
0.5-1,15846,0,1.5964496692679673e-20,False
0.5-1,15847,0,1.4079175476074496e-05,False
0.5-1,15848,0,0.0008771818434212459,False
0.5-1,15849,0,3.7023023992916793e-09,False
0.5-1,15850,0,6.401148364245757e-05,False
0.5-1,15851,0,6.599961362535377e-09,False
0.5-1,15852,0,0.00024813974551021446,False
0.5-1,15853,0,7.324154751730078e-08,False
0.5-1,15854,0,5.804969675782533e-07,False
0.5-1,15855,0,6.6627358842327756e-06,False
0.5-1,15856,0,1.5101020757887177e-06,False
0.5-1,15857,0,1.2243192276134452e-11,False
0.5-1,15858,0,3.562314093868272e-18,False
0.5-1,15859,0,4.021971473969697e-09,False
0.5-1,15860,0,2.960624774617893e-09,False
0.5-1,15861,0,9.943561325927987e-19,False
0.5-1,15862,0,1.5500906650109547e-18,False
0.5-1,15863,0,4.918636953217027e-07,False
0.5-1,15864,0,1.7316270024187508e-06,False
0.5-1,15865,0,5.872862207231205e-07,False
0.5-1,15866,0,3.955301927300816e-18,False
0.5-1,15867,0,5.068120051697341e-09,False
0.5-1,15868,0,3.0878894203620776e-22,False
0.5-1,15869,0,1.7393962392284606e-05,False
0.5-1,15870,0,1.0169841457316115e-10,False
0.5-1,15871,0,1.894367664457055e-05,False
0.5-1,15872,0,8.450553626607864e-11,False
0.5-1,15873,0,1.0707594783440466e-07,False
0.5-1,15874,0,2.2126996057423905e-13,False
0.5-1,15875,0,2.110013502654544e-11,False
0.5-1,15876,0,7.467854062476066e-07,False
0.5-1,15877,0,2.0326986577591755e-10,False
0.5-1,15878,0,5.194701686816846e-12,False
0.5-1,15879,0,1.0365861841152059e-07,False
0.5-1,15880,0,2.646691749341234e-12,False
0.5-1,15881,0,7.46636809748754e-11,False
0.5-1,15882,0,3.0975936889459433e-12,False
0.5-1,15883,0,3.500055283073402e-12,False
0.5-1,15884,0,0.8508447979635492,False
0.5-1,15885,0,0.24939140164702484,False
0.5-1,15886,0,0.10567641943784464,False
0.5-1,15887,0,0.7298015433370869,False
0.5-1,15888,0,9.590233420851875e-21,False
0.5-1,15889,0,4.1538304695955017e-10,False
0.5-1,15890,0,3.752805067020133e-14,False
0.5-1,15891,0,1.964946550340629e-09,False
0.5-1,15892,0,1.5882659055671611e-12,False
0.5-1,15893,0,6.446299529152836e-09,False
0.5-1,15894,0,9.262323892188545e-06,False
0.5-1,15895,0,6.579611529083679e-11,False
0.5-1,15896,0,1.9167658370470228e-08,False
0.5-1,15897,0,2.5060177681498362e-11,False
0.5-1,15898,0,9.606312754644864e-13,False
0.5-1,15899,0,2.1490841527762754e-12,False
0.5-1,15900,0,6.2876307110704745e-09,False
0.5-1,15901,0,4.3744000672179087e-07,False
0.5-1,15902,0,7.478828016610729e-11,False
0.5-1,15903,0,1.1744229473276972e-09,False
0.5-1,15904,0,1.099497899389145e-09,False
0.5-1,15905,0,3.4700575473906095e-12,False
0.5-1,15906,0,1.5606347324446733e-12,False
0.5-1,15907,0,2.686894481458612e-10,False
0.5-1,15908,0,4.2400182577205744e-13,False
0.5-1,15909,0,5.556732195290846e-07,False
0.5-1,15910,0,4.285126791192545e-11,False
0.5-1,15911,0,2.7161381998608116e-11,False
0.5-1,15912,1,0.9736104240912677,True
0.5-1,15913,0,0.8506265873993144,False
0.5-1,15914,0,0.6597775940454155,False
0.5-1,15915,0,0.927535521904146,False
0.5-1,15916,0,4.4562788615390187e-13,False
0.5-1,15917,0,8.279502197312703e-12,False
0.5-1,15918,0,7.877531513160844e-13,False
0.5-1,15919,0,4.911741859130106e-07,False
0.5-1,15920,0,2.7967437367058872e-11,False
0.5-1,15921,0,2.0633898777191036e-08,False
0.5-1,15922,0,1.4902021895263618e-11,False
0.5-1,15923,0,4.683286907133263e-10,False
0.5-1,15924,0,4.1075485663612384e-08,False
0.5-1,15925,0,9.091690492322427e-11,False
0.5-1,15926,0,2.6705466038751645e-12,False
0.5-1,15927,0,5.88560756521492e-13,False
0.5-1,15928,0,1.6333559565101357e-08,False
0.5-1,15929,0,3.0840206027518665e-07,False
0.5-1,15930,0,2.6896527286414784e-10,False
0.5-1,15931,0,1.0904296966253005e-08,False
0.5-1,15932,0,4.142014145169447e-10,False
0.5-1,15933,0,2.1178298219745623e-11,False
0.5-1,15934,0,1.5464108531147942e-12,False
0.5-1,15935,0,2.1209708172748602e-10,False
0.5-1,15936,0,6.080710922939763e-09,False
0.5-1,15937,0,3.610230863940673e-11,False
0.5-1,15938,0,3.807358035315751e-12,False
0.5-1,15939,1,0.99996223294977,True
0.5-1,15940,1,0.9789341901083085,True
0.5-1,15941,0,0.9603877841044975,False
0.5-1,15942,0,0.9099203630618942,False
0.5-1,15943,0,0.924929158890999,False
0.5-1,15944,0,8.010749468920929e-13,False
0.5-1,15945,0,1.2592521746465451e-05,False
0.5-1,15946,0,2.951906085105886e-11,False
0.5-1,15947,0,1.0804532769160214e-06,False
0.5-1,15948,0,5.49834072178764e-10,False
0.5-1,15949,0,3.323559971799197e-08,False
0.5-1,15950,0,1.7545060455448862e-10,False
0.5-1,15951,0,8.338299750109516e-10,False
0.5-1,15952,0,1.4028051989320251e-08,False
0.5-1,15953,0,7.401350377705627e-11,False
0.5-1,15954,0,7.965607563177934e-12,False
0.5-1,15955,0,1.2764588216895407e-11,False
0.5-1,15956,0,1.1922403732812775e-08,False
0.5-1,15957,0,6.71840237325695e-07,False
0.5-1,15958,0,7.201444105254361e-11,False
0.5-1,15959,0,2.1701339356244917e-09,False
0.5-1,15960,0,7.743210827324598e-10,False
0.5-1,15961,0,3.950788518819802e-11,False
0.5-1,15962,0,1.4623006593515e-12,False
0.5-1,15963,0,1.1722162474703073e-10,False
0.5-1,15964,0,5.599764555733821e-11,False
0.5-1,15965,0,5.0790756967717684e-11,False
0.5-1,15966,0,1.1617822286256432e-11,False
0.5-1,15967,0,1.0471014913847585e-10,False
0.5-1,15968,0,0.9461780347372026,False
0.5-1,15969,0,0.9513589700457261,False
0.5-1,15970,0,0.8581419799738,False
0.5-1,15971,0,0.8090306288932724,False
0.5-1,15972,0,7.759531185774069e-12,False
0.5-1,15973,0,1.3355216606338287e-11,False
0.5-1,15974,0,1.0744983592033917e-10,False
0.5-1,15975,0,9.526064056101713e-07,False
0.5-1,15976,0,5.072048360829992e-10,False
0.5-1,15977,0,5.4241487794086445e-09,False
0.5-1,15978,0,1.7458230136315104e-08,False
0.5-1,15979,0,2.2940237798873572e-09,False
0.5-1,15980,0,6.807729722159273e-09,False
0.5-1,15981,0,2.5864308029000173e-10,False
0.5-1,15982,0,4.030865821789027e-12,False
0.5-1,15983,0,4.823886239775501e-12,False
0.5-1,15984,0,2.5287888920954083e-09,False
0.5-1,15985,0,1.386540332163877e-08,False
0.5-1,15986,0,5.2348095603691156e-11,False
0.5-1,15987,0,1.172523578741388e-10,False
0.5-1,15988,0,1.7050464779133007e-10,False
0.5-1,15989,0,5.345089582647495e-12,False
0.5-1,15990,0,9.031447055544892e-14,False
0.5-1,15991,0,4.118163192856222e-11,False
0.5-1,15992,0,0.25989223795354055,False
0.5-1,15993,0,5.772682773916949e-11,False
0.5-1,15994,0,2.135684891231374e-12,False
0.5-1,15995,0,1.5897982225397641e-10,False
0.5-1,15996,0,0.6718627582175524,False
0.5-1,15997,0,0.7974207247477312,False
0.5-1,15998,0,0.5354755098992104,False
0.5-1,15999,0,0.353791183692366,False
0.5-1,16000,0,2.10783031920906e-13,False
0.5-1,16001,0,1.3484514148343985e-10,False
0.5-1,16002,0,1.4163622570098584e-10,False
0.5-1,16003,0,1.307880649167044e-06,False
0.5-1,16004,0,1.3431606255033324e-10,False
0.5-1,16005,0,4.405868913888967e-09,False
0.5-1,16006,0,1.980659087602588e-13,False
0.5-1,16007,0,3.334130273594655e-09,False
0.5-1,16008,0,7.227473401816747e-10,False
0.5-1,16009,0,5.160656291989195e-08,False
0.5-1,16010,0,1.7177447892174276e-11,False
0.5-1,16011,0,4.249335152545211e-11,False
0.5-1,16012,0,2.058954624617576e-10,False
0.5-1,16013,0,6.38450149351531e-08,False
0.5-1,16014,0,1.5889026821316141e-12,False
0.5-1,16015,0,3.60864447375424e-08,False
0.5-1,16016,0,3.71805358736164e-11,False
0.5-1,16017,0,5.308278650396606e-13,False
0.5-1,16018,0,4.5351423124866065e-13,False
0.5-1,16019,0,6.031402271867532e-12,False
0.5-1,16020,0,1.302654425029097e-13,False
0.5-1,16021,0,2.143089781084096e-08,False
0.5-1,16022,0,4.016722320675877e-12,False
0.5-1,16023,0,7.495273561803663e-14,False
0.5-1,16024,0,0.09456226583810574,False
0.5-1,16025,0,0.15178393755745334,False
0.5-1,16026,0,0.07295880778489428,False
0.5-1,16027,0,0.018776236826964117,False
0.5-1,16028,0,1.0770146358258615e-12,False
0.5-1,16029,0,1.065172896661685e-08,False
0.5-1,16030,0,2.3611286363013397e-11,False
0.5-1,16031,0,8.489762170342964e-07,False
0.5-1,16032,0,1.1937351733039317e-11,False
0.5-1,16033,0,2.9024901668392193e-09,False
0.5-1,16034,0,4.886645560072934e-13,False
0.5-1,16035,0,1.4933078525497467e-10,False
0.5-1,16036,0,2.9632598646776e-11,False
0.5-1,16037,0,2.736225368241729e-09,False
0.5-1,16038,0,2.755915814649365e-12,False
0.5-1,16039,0,1.2768178923157976e-09,False
0.5-1,16040,0,2.370661594154361e-12,False
0.5-1,16041,0,7.552885630721967e-06,False
0.5-1,16042,0,5.3674662220649644e-15,False
0.5-1,16043,0,1.1592401028578107e-11,False
0.5-1,16044,0,1.0192388416220756e-09,False
0.5-1,16045,0,1.2282494257702505e-14,False
0.5-1,16046,0,3.049326446210252e-13,False
0.5-1,16047,0,2.796526140325125e-13,False
0.5-1,16048,0,5.894227756282795e-13,False
0.5-1,16049,0,9.882963744459011e-16,False
0.5-1,16050,0,3.428317806488526e-11,False
0.5-1,16051,0,6.946440461247413e-06,False
0.5-1,16052,0,0.0009166973004831679,False
0.5-1,16053,0,0.004043014440860975,False
0.5-1,16054,0,0.0015150589175386194,False
0.5-1,16055,0,0.00012761528761908185,False
0.5-1,16056,0,3.352539240637962e-11,False
0.5-1,16057,0,2.588479911551209e-12,False
0.5-1,16058,0,1.5905226271662073e-13,False
0.5-1,16059,0,2.0472493303896136e-06,False
0.5-1,16060,0,1.1049519933648713e-13,False
0.5-1,16061,0,3.5460643824840935e-12,False
0.5-1,16062,0,1.1447620088754539e-14,False
0.5-1,16063,0,2.14957517982986e-12,False
0.5-1,16064,0,1.0712351724218038e-13,False
0.5-1,16065,0,4.551750016964396e-08,False
0.5-1,16066,0,2.5075863497900578e-14,False
0.5-1,16067,0,9.67390262678343e-12,False
0.5-1,16068,0,3.399814736328849e-14,False
0.5-1,16069,0,8.634082946913838e-07,False
0.5-1,16070,0,7.627327679032084e-17,False
0.5-1,16071,0,1.4463010713004223e-11,False
0.5-1,16072,0,4.138615565897878e-08,False
0.5-1,16073,0,1.877186879530144e-15,False
0.5-1,16074,0,8.042572326301385e-13,False
0.5-1,16075,0,6.670959047849511e-13,False
0.5-1,16076,0,1.0148037948344188e-07,False
0.5-1,16077,0,1.5267886138906161e-16,False
0.5-1,16078,0,9.161040424453036e-16,False
0.5-1,16079,0,4.1371437888043e-08,False
0.5-1,16080,0,1.4826457799441848e-06,False
0.5-1,16081,0,1.9972923119047522e-05,False
0.5-1,16082,0,4.80931556317474e-06,False
0.5-1,16083,0,1.6105486114041846e-07,False
0.5-1,16084,0,8.6843996108537e-11,False
0.5-1,16085,0,2.1767720695424452e-17,False
0.5-1,16086,0,9.863422910819582e-16,False
0.5-1,16087,0,7.030616640240832e-06,False
0.5-1,16088,0,1.221468786650587e-07,False
0.5-1,16089,0,4.599190978183494e-11,False
0.5-1,16090,0,4.218117364018261e-19,False
0.5-1,16091,0,1.7912410072494714e-12,False
0.5-1,16092,0,6.604803251045456e-16,False
0.5-1,16093,0,3.2581798126342536e-07,False
0.5-1,16094,0,7.424638201973086e-14,False
0.5-1,16095,0,5.676476200396126e-10,False
0.5-1,16096,0,1.6580957998017825e-16,False
0.5-1,16097,0,1.4623298405644812e-06,False
0.5-1,16098,0,1.643067448317613e-20,False
0.5-1,16099,0,4.179179623201062e-12,False
0.5-1,16100,0,1.3560744592415786e-05,False
0.5-1,16101,0,1.7916741429407057e-13,False
0.5-1,16102,0,6.670023251840105e-10,False
0.5-1,16103,0,1.549776102778562e-09,False
0.5-1,16104,0,0.0001656393474925988,False
0.5-1,16105,0,6.92634736875718e-11,False
0.5-1,16106,0,1.4581806738532737e-08,False
0.5-1,16107,0,7.754970615352182e-11,False
0.5-1,16108,0,2.698798516328084e-07,False
0.5-1,16109,0,5.990516183567544e-19,False
0.5-1,16110,0,6.825095807013428e-21,False
0.5-1,16111,0,6.847377838390342e-11,False
0.5-1,16112,0,3.0840055007785683e-10,False
0.5-1,16113,0,3.496889683674889e-08,False
0.5-1,16114,0,1.4876743318355122e-08,False
0.5-1,16115,0,2.1118814403626442e-11,False
0.5-1,16116,0,9.984114719747423e-08,False
0.5-1,16117,0,5.409707351626724e-15,False
0.5-1,16118,0,7.34351972287609e-17,False
0.5-1,16119,0,1.042341175090352e-06,False
0.5-1,16120,0,7.838411094508026e-08,False
0.5-1,16121,0,1.2912294859540783e-14,False
0.5-1,16122,0,1.4155368276257392e-21,False
0.5-1,16123,0,1.9449264387612744e-09,False
0.5-1,16124,0,5.51964790680548e-22,False
0.5-1,16125,0,3.947199107625224e-06,False
0.5-1,16126,0,2.6145291738803833e-12,False
0.5-1,16127,0,5.788429109605911e-10,False
0.5-1,16128,0,1.4475707010580537e-07,False
0.5-1,16129,0,3.202163170729597e-08,False
0.5-1,16130,0,4.617901453964655e-07,False
0.5-1,16131,0,1.484104606227442e-10,False
0.5-1,16132,0,1.4199957069192856e-12,False
0.5-1,16133,0,7.679610804078806e-09,False
0.5-1,16134,0,5.9779700767682315e-09,False
0.5-1,16135,0,3.823424432897433e-09,False
0.5-1,16136,0,1.6460163823774373e-09,False
0.5-1,16137,0,7.80344390314313e-08,False
0.5-1,16138,0,5.5200498696845925e-09,False
0.5-1,16139,0,6.129647660696371e-08,False
0.5-1,16140,0,4.4513891547926994e-12,False
0.5-1,16141,0,5.248693263500103e-08,False
0.5-1,16142,0,3.3157020734674537e-10,False
0.5-1,16143,0,1.5970045523961968e-07,False
0.5-1,16144,0,2.747933498297926e-10,False
0.5-1,16145,0,3.3452766975102184e-12,False
0.5-1,16146,0,0.0005427510240462571,False
0.5-1,16147,0,6.998333267078849e-11,False
0.5-1,16148,0,1.2980324951700726e-09,False
0.5-1,16149,0,2.4909885308461446e-08,False
0.5-1,16150,0,3.318830872009918e-10,False
0.5-1,16151,0,7.3948391921700045e-09,False
0.5-1,16152,0,0.0032818132029000984,False
0.5-1,16153,0,9.546945012763228e-09,False
0.5-1,16154,0,1.2702705108316335e-09,False
0.5-1,16155,0,1.8734661706485934e-09,False
0.5-1,16156,0,6.371905376439378e-07,False
0.5-1,16157,0,1.5356392811712252e-07,False
0.5-1,16158,0,3.0895798259292748e-06,False
0.5-1,16159,0,1.0003689816011912e-07,False
0.5-1,16160,0,1.2559868612882596e-09,False
0.5-1,16161,0,3.930457808917667e-07,False
0.5-1,16162,0,1.1148476012480245e-07,False
0.5-1,16163,0,4.1810587927627955e-07,False
0.5-1,16164,0,9.160101241798963e-09,False
0.5-1,16165,0,8.715612214359312e-09,False
0.5-1,16166,0,2.5823494518032394e-09,False
0.5-1,16167,0,4.5009605756684264e-08,False
0.5-1,16168,0,2.3771610883131774e-10,False
0.5-1,16169,0,1.6262261843856806e-09,False
0.5-1,16170,0,9.273253426103155e-08,False
0.5-1,16171,0,1.1541391093862137e-08,False
0.5-1,16172,0,2.8249178312280254e-10,False
0.5-1,16173,0,8.548445463888373e-10,False
0.5-1,16174,0,0.001229085095477371,False
0.5-1,16175,0,1.2522773061434675e-08,False
0.5-1,16176,0,1.3878279713340949e-09,False
0.5-1,16177,0,1.7010109288492982e-07,False
0.5-1,16178,0,4.828823510609676e-09,False
0.5-1,16179,0,9.543558936074278e-08,False
0.5-1,16180,0,0.0004798781450614101,False
0.5-1,16181,0,9.86903323791925e-08,False
0.5-1,16182,0,1.2191825708127135e-08,False
0.5-1,16183,0,1.9384326019185068e-09,False
0.5-1,16184,0,1.864392267539309e-06,False
0.5-1,16185,0,1.808252056599937e-07,False
0.5-1,16186,0,2.3269557375573453e-06,False
0.5-1,16187,0,4.6561060143372603e-07,False
0.5-1,16188,0,2.4221164421603018e-08,False
0.5-1,16189,0,3.137689369796543e-06,False
0.5-1,16190,0,9.444063698913501e-08,False
0.5-1,16191,0,1.05037769697436e-06,False
0.5-1,16192,0,2.4784630678098348e-08,False
0.5-1,16193,0,4.90687827179922e-08,False
0.5-1,16194,0,1.2554902757822381e-08,False
0.5-1,16195,0,1.8066489501068233e-07,False
0.5-1,16196,0,3.384253357420002e-09,False
0.5-1,16197,0,8.935396554245481e-09,False
0.5-1,16198,0,1.2025758041722186e-08,False
0.5-1,16199,0,2.973360766204938e-09,False
0.5-1,16200,0,1.9296713130673996e-10,False
0.5-1,16201,0,3.447024291426405e-05,False
0.5-1,16202,0,0.0005494494634222111,False
0.5-1,16203,0,1.1520119298213616e-08,False
0.5-1,16204,0,4.073719180060944e-10,False
0.5-1,16205,0,9.713553124719808e-08,False
0.5-1,16206,0,4.252620911669229e-09,False
0.5-1,16207,0,1.9828807585795656e-07,False
0.5-1,16208,0,3.111825060428711e-05,False
0.5-1,16209,0,9.566821384164456e-08,False
0.5-1,16210,0,3.758126356204696e-08,False
0.5-1,16211,0,2.1629139332600903e-08,False
0.5-1,16212,0,1.4501069776212916e-06,False
0.5-1,16213,0,1.8437958102318337e-07,False
0.5-1,16214,0,5.045829722419154e-07,False
0.5-1,16215,0,3.907449757881085e-07,False
0.5-1,16216,0,3.848740858106113e-08,False
0.5-1,16217,0,1.9602608710275346e-06,False
0.5-1,16218,0,3.1428729271629324e-08,False
0.5-1,16219,0,3.1786932877397733e-07,False
0.5-1,16220,0,1.6720085770807977e-08,False
0.5-1,16221,0,2.4571658225763212e-08,False
0.5-1,16222,0,7.43147789620221e-09,False
0.5-1,16223,0,1.0039298771654991e-07,False
0.5-1,16224,0,4.1579811226235103e-10,False
0.5-1,16225,0,6.438998778150158e-09,False
0.5-1,16226,0,4.037751154428881e-09,False
0.5-1,16227,0,8.724950771574221e-10,False
0.5-1,16228,0,2.2203862449343545e-11,False
0.5-1,16229,0,1.014760450238079e-09,False
0.5-1,16230,0,3.372178527527993e-05,False
0.5-1,16231,0,1.0057245411546966e-08,False
0.5-1,16232,0,4.896893535638159e-11,False
0.5-1,16233,0,9.120329987958781e-08,False
0.5-1,16234,0,1.7068795392706379e-09,False
0.5-1,16235,0,9.6981504140461e-07,False
0.5-1,16236,0,3.6502726933213575e-06,False
0.5-1,16237,0,1.6830235494060426e-07,False
0.5-1,16238,0,1.1152402070416262e-07,False
0.5-1,16239,0,2.0446998063714246e-08,False
0.5-1,16240,0,1.5295595287609427e-07,False
0.5-1,16241,0,3.7513645166007e-08,False
0.5-1,16242,0,3.4022295726762206e-08,False
0.5-1,16243,0,1.436034548112427e-07,False
0.5-1,16244,0,9.135174438043191e-09,False
0.5-1,16245,0,2.9591450318782594e-07,False
0.5-1,16246,0,2.129669647904298e-09,False
0.5-1,16247,0,2.0498628386880212e-08,False
0.5-1,16248,0,5.531607072735617e-08,False
0.5-1,16249,0,1.6119450234940723e-08,False
0.5-1,16250,0,7.835772023750817e-09,False
0.5-1,16251,0,1.7885939972205503e-07,False
0.5-1,16252,0,1.2248734549028649e-10,False
0.5-1,16253,0,1.4136967242814274e-06,False
0.5-1,16254,0,1.2600956007589917e-07,False
0.5-1,16255,0,8.410833186724002e-11,False
0.5-1,16256,0,5.726671675022626e-12,False
0.5-1,16257,0,2.467393505302409e-09,False
0.5-1,16258,0,4.806488781126535e-07,False
0.5-1,16259,0,6.612201301753863e-09,False
0.5-1,16260,0,1.8617160020409615e-12,False
0.5-1,16261,0,8.082114223513675e-09,False
0.5-1,16262,0,2.6374671910916605e-09,False
0.5-1,16263,0,1.1653372983308357e-06,False
0.5-1,16264,0,7.831639918110216e-08,False
0.5-1,16265,0,2.2312731591901544e-07,False
0.5-1,16266,0,1.7387800098342017e-07,False
0.5-1,16267,0,2.4982453831165344e-08,False
0.5-1,16268,0,5.111255306910596e-09,False
0.5-1,16269,0,1.9215847092606167e-09,False
0.5-1,16270,0,8.608866959835248e-10,False
0.5-1,16271,0,9.280226642756659e-08,False
0.5-1,16272,0,1.830536477803709e-09,False
0.5-1,16273,0,5.080486732102766e-09,False
0.5-1,16274,0,4.945868036238286e-10,False
0.5-1,16275,0,3.568042420700745e-10,False
0.5-1,16276,0,6.654829401347875e-09,False
0.5-1,16277,0,5.285849629187657e-09,False
0.5-1,16278,0,2.193562069792084e-09,False
0.5-1,16279,0,8.827321909958722e-07,False
0.5-1,16280,0,2.643313684031121e-12,False
0.5-1,16281,0,7.045083895635091e-10,False
0.5-1,16282,0,6.812428965476311e-10,False
0.5-1,16283,0,4.491249219202302e-12,False
0.5-1,16284,0,2.06999962826419e-13,False
0.5-1,16285,0,3.3301976847655363e-09,False
0.5-1,16286,0,1.328919056879e-08,False
0.5-1,16287,0,2.5261580000249875e-09,False
0.5-1,16288,0,1.781924360863982e-14,False
0.5-1,16289,0,2.3781541403583052e-09,False
0.5-1,16290,0,1.3095752334557125e-10,False
0.5-1,16291,0,9.281525968960158e-08,False
0.5-1,16292,0,2.7447138829858015e-09,False
0.5-1,16293,0,3.955185574820839e-09,False
0.5-1,16294,0,1.1180575781082104e-07,False
0.5-1,16295,0,3.6719996695546563e-08,False
0.5-1,16296,0,8.708098024901017e-10,False
0.5-1,16297,0,2.9628508477184476e-10,False
0.5-1,16298,0,6.720810750300622e-11,False
0.5-1,16299,0,3.718507828386448e-09,False
0.5-1,16300,0,3.705745433840207e-11,False
0.5-1,16301,0,5.383801044720467e-11,False
0.5-1,16302,0,4.752730205938365e-12,False
0.5-1,16303,0,4.276734965383516e-12,False
0.5-1,16304,0,1.863995850193912e-07,False
0.5-1,16305,0,2.643384158951253e-08,False
0.5-1,16306,0,1.9081408066559718e-08,False
0.5-1,16307,0,2.062389099845952e-07,False
0.5-1,16308,0,1.5499926070008838e-14,False
0.5-1,16309,0,3.2519894504300566e-12,False
0.5-1,16310,0,1.6020280103711806e-08,False
0.5-1,16311,0,9.337145260523972e-14,False
0.5-1,16312,0,2.469998796266172e-14,False
0.5-1,16313,0,6.35550672282745e-12,False
0.5-1,16314,0,2.323777696706996e-10,False
0.5-1,16315,0,2.0445870920062208e-11,False
0.5-1,16316,0,2.9050759340780796e-13,False
0.5-1,16317,0,1.9521412993634004e-09,False
0.5-1,16318,0,4.3884015303350366e-13,False
0.5-1,16319,0,4.1719336616553687e-08,False
0.5-1,16320,0,4.8842438105014406e-11,False
0.5-1,16321,0,6.892358446389327e-08,False
0.5-1,16322,0,1.6976527421538316e-08,False
0.5-1,16323,0,9.230549096920804e-08,False
0.5-1,16324,0,5.491849384856791e-09,False
0.5-1,16325,0,7.543626491031265e-12,False
0.5-1,16326,0,2.8123788367102248e-15,False
0.5-1,16327,0,2.7306798752007557e-10,False
0.5-1,16328,0,5.503572812160674e-13,False
0.5-1,16329,0,1.1214810074688075e-13,False
0.5-1,16330,0,2.8106452606093525e-14,False
0.5-1,16331,0,2.1271057957064552e-15,False
0.5-1,16332,0,1.3959291744645779e-05,False
0.5-1,16333,0,1.6395176315289825e-06,False
0.5-1,16334,0,9.302773320457041e-08,False
0.5-1,16335,0,3.388968244824579e-07,False
0.5-1,16336,0,1.067316588416561e-14,False
0.5-1,16337,0,1.8207053368575274e-12,False
0.5-1,16338,0,3.6788936907666813e-13,False
0.5-1,16339,0,3.036003756015146e-15,False
0.5-1,16340,0,1.3892905766016756e-13,False
0.5-1,16341,0,4.4341741662792204e-14,False
0.5-1,16342,0,2.0310717682814292e-11,False
0.5-1,16343,0,2.0680388645402706e-10,False
0.5-1,16344,0,1.1795310246508142e-11,False
0.5-1,16345,0,3.2684250663225107e-10,False
0.5-1,16346,0,5.838431873330888e-14,False
0.5-1,16347,0,2.0590506553561826e-06,False
0.5-1,16348,0,3.870318006341108e-11,False
0.5-1,16349,0,1.377981616330879e-07,False
0.5-1,16350,0,9.104004468361164e-10,False
0.5-1,16351,0,3.974356268204351e-07,False
0.5-1,16352,0,5.269140928403191e-13,False
0.5-1,16353,0,5.734093975967537e-12,False
0.5-1,16354,0,1.7271611373480125e-20,False
0.5-1,16355,0,5.514726979197775e-10,False
0.5-1,16356,0,1.5022286804901963e-14,False
0.5-1,16357,0,2.7329671839367694e-15,False
0.5-1,16358,0,4.6367340738817115e-15,False
0.5-1,16359,0,1.8318439923145367e-16,False
0.5-1,16360,0,6.132384395504781e-05,False
0.5-1,16361,0,1.5117098188803267e-06,False
0.5-1,16362,0,1.2823685042946506e-05,False
0.5-1,16363,0,4.208679095777752e-06,False
0.5-1,16364,0,1.0122597152911963e-05,False
0.5-1,16365,0,1.2847044115659196e-07,False
0.5-1,16366,0,3.313962844348148e-06,False
0.5-1,16367,0,4.447748624984989e-05,False
0.5-1,16368,0,1.0989345541431983e-13,False
0.5-1,16369,0,6.803242210618443e-15,False
0.5-1,16370,0,2.4020639126548032e-15,False
0.5-1,16371,0,1.1527498390205945e-08,False
0.5-1,16372,0,5.1687894526697307e-11,False
0.5-1,16373,0,7.983801930042668e-16,False
0.5-1,16374,0,1.1077310965016007e-13,False
0.5-1,16375,0,7.157462383004993e-11,False
0.5-1,16376,0,2.184030795703713e-08,False
0.5-1,16377,0,3.3259600570650305e-07,False
0.5-1,16378,0,2.552312065204495e-16,False
0.5-1,16379,0,2.7818182908655845e-06,False
0.5-1,16380,0,8.522469843320043e-14,False
0.5-1,16381,0,2.949234481681079e-05,False
0.5-1,16382,0,7.888828542387597e-08,False
0.5-1,16383,0,9.183620194451454e-06,False
0.5-1,16384,0,5.811150916285073e-06,False
0.5-1,16385,0,6.654980227251949e-08,False
0.5-1,16386,0,6.231634057005654e-07,False
0.5-1,16387,0,1.2293864706340176e-10,False
0.5-1,16388,0,5.191449454839667e-13,False
0.5-1,16389,0,4.7831025872184774e-12,False
0.5-1,16390,0,2.610770160912084e-10,False
0.5-1,16391,0,2.9224625966441555e-10,False
0.5-1,16392,0,4.967546578174695e-09,False
0.5-1,16393,0,2.0413174624140122e-05,False
0.5-1,16394,0,1.927807024489848e-09,False
0.5-1,16395,0,1.9127500630925328e-05,False
0.5-1,16396,0,1.6608050998375426e-09,False
0.5-1,16397,0,9.85488908048749e-11,False
0.5-1,16398,0,2.3578775002862827e-12,False
0.5-1,16399,0,2.9327992898206747e-09,False
0.5-1,16400,0,1.1217796705890931e-07,False
0.5-1,16401,0,7.293527022108172e-11,False
0.5-1,16402,0,3.513573377520193e-05,False
0.5-1,16403,0,1.3772018484807287e-11,False
0.5-1,16404,0,8.018219276697928e-10,False
0.5-1,16405,0,1.152682581002581e-09,False
0.5-1,16406,0,4.583042817066733e-10,False
0.5-1,16407,0,5.206599876614809e-08,False
0.5-1,16408,0,0.002380833944545708,False
0.5-1,16409,0,1.0511871362275814e-09,False
0.5-1,16410,0,1.4973272486872224e-08,False
0.5-1,16411,0,7.165153049292812e-10,False
0.5-1,16412,0,3.7905314970802638e-06,False
0.5-1,16413,0,3.881793183056625e-07,False
0.5-1,16414,0,5.3269832968483056e-06,False
0.5-1,16415,0,6.235219461033575e-08,False
0.5-1,16416,0,2.601165620639448e-09,False
0.5-1,16417,0,5.0367512135490267e-08,False
0.5-1,16418,0,6.468678300512947e-08,False
0.5-1,16419,0,9.828288092042638e-08,False
0.5-1,16420,0,9.568058192562212e-09,False
0.5-1,16421,0,6.399730231678687e-08,False
0.5-1,16422,0,1.95561689126629e-09,False
0.5-1,16423,0,2.0343992646244112e-08,False
0.5-1,16424,0,7.404053604880884e-10,False
0.5-1,16425,0,1.5237252732993742e-08,False
0.5-1,16426,0,4.210260002943345e-11,False
0.5-1,16427,0,3.773517765054643e-08,False
0.5-1,16428,0,6.018154025132753e-10,False
0.5-1,16429,0,1.116233208725815e-09,False
0.5-1,16430,0,0.001735481925851489,False
0.5-1,16431,0,3.362034375659622e-08,False
0.5-1,16432,0,7.930270425448984e-10,False
0.5-1,16433,0,1.5152182870731322e-08,False
0.5-1,16434,0,5.172981102491813e-09,False
0.5-1,16435,0,1.6477336713460732e-08,False
0.5-1,16436,0,0.0028204793329583517,False
0.5-1,16437,0,2.619054066219592e-09,False
0.5-1,16438,0,4.2402876337873685e-09,False
0.5-1,16439,0,1.7357411726262433e-10,False
0.5-1,16440,0,1.0323587988053597e-05,False
0.5-1,16441,0,2.6310884713687942e-06,False
0.5-1,16442,0,2.6150479403647224e-06,False
0.5-1,16443,0,1.8495473380112827e-06,False
0.5-1,16444,0,5.3771230390197764e-08,False
0.5-1,16445,0,7.312911513700304e-07,False
0.5-1,16446,0,5.154705389336338e-08,False
0.5-1,16447,0,3.056191742636876e-07,False
0.5-1,16448,0,9.84167556104632e-09,False
0.5-1,16449,0,8.198763026037278e-09,False
0.5-1,16450,0,5.509963173923783e-10,False
0.5-1,16451,0,1.411560465465143e-08,False
0.5-1,16452,0,7.407330247965921e-11,False
0.5-1,16453,0,1.6854610118906105e-09,False
0.5-1,16454,0,2.1954710129697835e-10,False
0.5-1,16455,0,8.284405063111764e-11,False
0.5-1,16456,0,3.145384033936094e-11,False
0.5-1,16457,0,1.444796637855943e-10,False
0.5-1,16458,0,0.0017823358029642293,False
0.5-1,16459,0,3.829755784335906e-08,False
0.5-1,16460,0,1.162449877336486e-10,False
0.5-1,16461,0,5.269872515636368e-08,False
0.5-1,16462,0,6.047175646365551e-09,False
0.5-1,16463,0,5.061099132567485e-08,False
0.5-1,16464,0,0.00021673185842832024,False
0.5-1,16465,0,1.2568573415021922e-08,False
0.5-1,16466,0,4.0335657489049895e-09,False
0.5-1,16467,0,3.321240356351821e-09,False
0.5-1,16468,0,8.61981174127058e-06,False
0.5-1,16469,0,2.005086581857162e-06,False
0.5-1,16470,0,6.240292550345333e-07,False
0.5-1,16471,0,8.183051089149652e-07,False
0.5-1,16472,0,5.210863187583193e-08,False
0.5-1,16473,0,1.0464387532535402e-06,False
0.5-1,16474,0,2.609138724699771e-08,False
0.5-1,16475,0,1.1709883845542418e-07,False
0.5-1,16476,0,2.506526077761317e-09,False
0.5-1,16477,0,1.0783885813125961e-08,False
0.5-1,16478,0,7.943329388024709e-10,False
0.5-1,16479,0,5.788663479002266e-09,False
0.5-1,16480,0,2.5274318959813148e-11,False
0.5-1,16481,0,7.601501307442471e-10,False
0.5-1,16482,0,4.2778225509821287e-10,False
0.5-1,16483,0,2.75580667525752e-11,False
0.5-1,16484,0,7.613875490886952e-12,False
0.5-1,16485,0,2.797927893280764e-10,False
0.5-1,16486,0,0.00017746395486843434,False
0.5-1,16487,0,1.8199676748357487e-08,False
0.5-1,16488,0,1.1507003835900823e-10,False
0.5-1,16489,0,3.765943996962899e-08,False
0.5-1,16490,0,2.5022393440887817e-10,False
0.5-1,16491,0,1.4676721077317985e-07,False
0.5-1,16492,0,6.727998744599313e-06,False
0.5-1,16493,0,2.233012366821927e-08,False
0.5-1,16494,0,3.644351695212641e-09,False
0.5-1,16495,0,5.306063375469529e-09,False
0.5-1,16496,0,7.635263212082959e-07,False
0.5-1,16497,0,1.2020041975061478e-07,False
0.5-1,16498,0,5.089814147475303e-08,False
0.5-1,16499,0,4.183130020354905e-07,False
0.5-1,16500,0,2.1075298029177576e-08,False
0.5-1,16501,0,1.5509926189550345e-07,False
0.5-1,16502,0,4.29310510996516e-09,False
0.5-1,16503,0,7.940930192900283e-09,False
0.5-1,16504,0,4.281984205397265e-09,False
0.5-1,16505,0,2.3321303874935747e-09,False
0.5-1,16506,0,1.467833673350239e-10,False
0.5-1,16507,0,8.05252428010044e-09,False
0.5-1,16508,0,6.363222944710719e-11,False
0.5-1,16509,0,5.617555489597131e-11,False
0.5-1,16510,0,2.9917380219942697e-09,False
0.5-1,16511,0,1.4279275882210428e-12,False
0.5-1,16512,0,4.2344624948315594e-13,False
0.5-1,16513,0,6.106211464149057e-10,False
0.5-1,16514,0,3.498385456936394e-06,False
0.5-1,16515,0,2.5886189121300384e-08,False
0.5-1,16516,0,2.6744762765426486e-12,False
0.5-1,16517,0,1.0226241347907885e-08,False
0.5-1,16518,0,1.0464720804968613e-09,False
0.5-1,16519,0,2.018064505415296e-06,False
0.5-1,16520,0,8.136741282106207e-08,False
0.5-1,16521,0,7.11943215837103e-08,False
0.5-1,16522,0,1.956246656843467e-08,False
0.5-1,16523,0,3.889285801328378e-09,False
0.5-1,16524,0,7.561117249346123e-09,False
0.5-1,16525,0,7.305899110122695e-09,False
0.5-1,16526,0,1.4028362136419703e-09,False
0.5-1,16527,0,6.426509601249301e-08,False
0.5-1,16528,0,1.4998288857123225e-09,False
0.5-1,16529,0,4.4302510432534475e-09,False
0.5-1,16530,0,2.3993836316674076e-10,False
0.5-1,16531,0,9.419569363382519e-11,False
0.5-1,16532,0,6.077767059341854e-10,False
0.5-1,16533,0,2.480019743735557e-09,False
0.5-1,16534,0,3.8871551325760153e-11,False
0.5-1,16535,0,5.394295690160866e-08,False
0.5-1,16536,0,9.710944863260825e-13,False
0.5-1,16537,0,2.3474506623326653e-11,False
0.5-1,16538,0,1.04842109357166e-09,False
0.5-1,16539,0,2.7193620627261606e-12,False
0.5-1,16540,0,1.5290539687538062e-14,False
0.5-1,16541,0,9.397493989632831e-11,False
0.5-1,16542,0,5.1094728674625904e-08,False
0.5-1,16543,0,1.9443872552562662e-08,False
0.5-1,16544,0,6.29034301641141e-14,False
0.5-1,16545,0,9.299880899425193e-09,False
0.5-1,16546,0,3.09228217489725e-08,False
0.5-1,16547,0,6.945813212474701e-07,False
0.5-1,16548,0,4.356726343115003e-09,False
0.5-1,16549,0,1.293984321100445e-08,False
0.5-1,16550,0,1.1033462761708652e-07,False
0.5-1,16551,0,1.4595860702249555e-08,False
0.5-1,16552,0,1.2995187315133514e-10,False
0.5-1,16553,0,1.2435371179002504e-09,False
0.5-1,16554,0,9.632725970360642e-12,False
0.5-1,16555,0,5.708947686892027e-09,False
0.5-1,16556,0,2.8371640625136363e-11,False
0.5-1,16557,0,5.4078718877659515e-11,False
0.5-1,16558,0,2.9039508085969632e-12,False
0.5-1,16559,0,8.730236873638252e-13,False
0.5-1,16560,0,9.31492854513438e-09,False
0.5-1,16561,0,3.2662471351404968e-09,False
0.5-1,16562,0,1.2563100989511821e-10,False
0.5-1,16563,0,1.2529061094018719e-08,False
0.5-1,16564,0,2.290605251791958e-13,False
0.5-1,16565,0,7.883381803995193e-14,False
0.5-1,16566,0,1.012231807281697e-05,False
0.5-1,16567,0,4.627563398143789e-16,False
0.5-1,16568,0,2.1679406466010683e-16,False
0.5-1,16569,0,2.0159772061789847e-12,False
0.5-1,16570,0,5.469593143709421e-10,False
0.5-1,16571,0,3.5877920058165534e-10,False
0.5-1,16572,0,8.529749164232675e-14,False
0.5-1,16573,0,1.7075977074429787e-08,False
0.5-1,16574,0,1.4877136052533997e-11,False
0.5-1,16575,0,3.894908551687104e-06,False
0.5-1,16576,0,1.0882287118675463e-11,False
0.5-1,16577,0,1.1246043373147002e-07,False
0.5-1,16578,0,6.077702556294944e-08,False
0.5-1,16579,0,4.656892030902861e-08,False
0.5-1,16580,0,3.7018709892518936e-13,False
0.5-1,16581,0,8.901576247959495e-10,False
0.5-1,16582,0,1.576112307254396e-14,False
0.5-1,16583,0,1.0705983091173001e-10,False
0.5-1,16584,0,1.520788212257177e-13,False
0.5-1,16585,0,1.0816692872476626e-13,False
0.5-1,16586,0,1.0749160767003808e-13,False
0.5-1,16587,0,4.3204420264992045e-16,False
0.5-1,16588,0,6.494309647058085e-07,False
0.5-1,16589,0,2.9246602644048224e-08,False
0.5-1,16590,0,1.1819155707502058e-09,False
0.5-1,16591,0,3.901742120696314e-08,False
0.5-1,16592,0,3.891132966823411e-11,False
0.5-1,16593,0,3.672276853821241e-14,False
0.5-1,16594,0,9.821919160078471e-14,False
0.5-1,16595,0,8.925908361213869e-16,False
0.5-1,16596,0,9.369688830099105e-16,False
0.5-1,16597,0,4.634797849678004e-14,False
0.5-1,16598,0,8.866353147670429e-13,False
0.5-1,16599,0,2.401812999899412e-10,False
0.5-1,16600,0,1.8760675641195892e-13,False
0.5-1,16601,0,7.196693894698589e-08,False
0.5-1,16602,0,3.395214579611707e-13,False
0.5-1,16603,0,2.082934482997532e-05,False
0.5-1,16604,0,2.9315747465962296e-15,False
0.5-1,16605,0,6.382910915435042e-05,False
0.5-1,16606,0,8.858857245193224e-07,False
0.5-1,16607,0,1.6250897786189953e-05,False
0.5-1,16608,0,4.169966420918425e-15,False
0.5-1,16609,0,3.3940214672072446e-10,False
0.5-1,16610,0,4.614173048351549e-21,False
0.5-1,16611,0,3.1292472302668217e-08,False
0.5-1,16612,0,6.389975506981345e-15,False
0.5-1,16613,0,1.4339194699269393e-14,False
0.5-1,16614,0,3.8136621723165365e-13,False
0.5-1,16615,0,1.2449065217269208e-16,False
0.5-1,16616,0,1.526811918861784e-05,False
0.5-1,16617,0,6.195335995437766e-08,False
0.5-1,16618,0,7.78715250980684e-07,False
0.5-1,16619,0,1.0176245567864937e-06,False
0.5-1,16620,0,1.1739970695476904e-05,False
0.5-1,16621,0,1.7759481472216304e-07,False
0.5-1,16622,0,4.804213266801827e-06,False
0.5-1,16623,0,5.625954337805063e-05,False
0.5-1,16624,0,6.781895697398893e-06,False
0.5-1,16625,0,9.417444033192007e-18,False
0.5-1,16626,0,1.1873403291232914e-13,False
0.5-1,16627,0,4.430508608131048e-09,False
0.5-1,16628,0,2.514177292670282e-12,False
0.5-1,16629,0,4.59996182847421e-14,False
0.5-1,16630,0,1.1431572073430204e-16,False
0.5-1,16631,0,1.9644485231103764e-08,False
0.5-1,16632,0,2.486845159245974e-09,False
0.5-1,16633,0,5.1429032658472e-07,False
0.5-1,16634,0,3.660095289740387e-15,False
0.5-1,16635,0,5.020333875626319e-06,False
0.5-1,16636,0,4.879557402713614e-19,False
0.5-1,16637,0,3.621893985045589e-05,False
0.5-1,16638,0,1.1993446541963408e-06,False
0.5-1,16639,0,9.499250866168257e-06,False
0.5-1,16640,0,0.0002928757658863281,False
0.5-1,16641,0,2.6437570621748293e-08,False
0.5-1,16642,0,9.818440493449235e-07,False
0.5-1,16643,0,3.4884825910794995e-11,False
0.5-1,16644,0,5.144658440407905e-13,False
0.5-1,16645,0,1.7402134381893194e-12,False
0.5-1,16646,0,4.22159719204683e-10,False
0.5-1,16647,0,2.9303821455145073e-10,False
0.5-1,16648,0,1.3125961518954248e-09,False
0.5-1,16649,0,5.006407941851665e-07,False
0.5-1,16650,0,6.592027766930135e-10,False
0.5-1,16651,0,2.6764193986900085e-06,False
0.5-1,16652,0,7.597652124237906e-05,False
0.5-1,16653,0,1.5376401908915204e-11,False
0.5-1,16654,0,2.3093097697904742e-08,False
0.5-1,16655,0,2.6340082023519337e-10,False
0.5-1,16656,0,3.146122000492397e-08,False
0.5-1,16657,0,1.8168788711708826e-12,False
0.5-1,16658,0,1.3784770749899685e-05,False
0.5-1,16659,0,9.1399966220196e-12,False
0.5-1,16660,0,7.343040674359995e-08,False
0.5-1,16661,0,5.080339476625526e-10,False
0.5-1,16662,0,4.777615129403975e-12,False
0.5-1,16663,0,9.083100060523929e-07,False
0.5-1,16664,0,0.00020656079487986302,False
0.5-1,16665,0,6.952859895962776e-10,False
0.5-1,16666,0,5.103267720304125e-08,False
0.5-1,16667,0,2.5911511183860533e-10,False
0.5-1,16668,0,3.883272463224357e-06,False
0.5-1,16669,0,9.422172570133325e-07,False
0.5-1,16670,0,2.325843597385595e-06,False
0.5-1,16671,0,2.1091736128467955e-08,False
0.5-1,16672,0,4.72482595083203e-09,False
0.5-1,16673,0,2.8252092945940568e-08,False
0.5-1,16674,0,7.884692369257426e-08,False
0.5-1,16675,0,3.8179880598045895e-08,False
0.5-1,16676,0,1.7141132958236007e-09,False
0.5-1,16677,0,6.619221875402582e-09,False
0.5-1,16678,0,1.7153636648688884e-10,False
0.5-1,16679,0,4.6721337074547345e-09,False
0.5-1,16680,0,2.410038028261395e-10,False
0.5-1,16681,0,2.865089734799129e-10,False
0.5-1,16682,0,3.12845278491815e-11,False
0.5-1,16683,0,5.002362521239131e-11,False
0.5-1,16684,0,1.0143001223820678e-10,False
0.5-1,16685,0,2.2861139312311182e-11,False
0.5-1,16686,0,0.00010703474466693137,False
0.5-1,16687,0,2.399423563342192e-09,False
0.5-1,16688,0,4.332825099190537e-10,False
0.5-1,16689,0,9.018255614456527e-09,False
0.5-1,16690,0,1.5689982054831457e-07,False
0.5-1,16691,0,2.9820876640153885e-08,False
0.5-1,16692,0,0.0007825902782248122,False
0.5-1,16693,0,3.4388280507869813e-09,False
0.5-1,16694,0,3.953138626729383e-09,False
0.5-1,16695,0,5.018429616397312e-10,False
0.5-1,16696,0,8.710455808416928e-06,False
0.5-1,16697,0,2.2187758052887743e-06,False
0.5-1,16698,0,2.6925985562733635e-06,False
0.5-1,16699,0,6.947193618796378e-07,False
0.5-1,16700,0,5.89728473097012e-08,False
0.5-1,16701,0,4.137058783023276e-07,False
0.5-1,16702,0,3.9121118802623135e-06,False
0.5-1,16703,0,2.1391831060143832e-07,False
0.5-1,16704,0,3.666922584859654e-09,False
0.5-1,16705,0,2.1587674595370206e-09,False
0.5-1,16706,0,1.623176755694823e-10,False
0.5-1,16707,0,1.8218455266521083e-09,False
0.5-1,16708,0,1.8337489970628557e-09,False
0.5-1,16709,0,1.7809838705016315e-09,False
0.5-1,16710,0,6.257296482559689e-11,False
0.5-1,16711,0,2.7080592396144415e-11,False
0.5-1,16712,0,1.8522259313760547e-10,False
0.5-1,16713,0,4.1505676594444766e-10,False
0.5-1,16714,0,0.0008349340124307848,False
0.5-1,16715,0,7.691626256670589e-09,False
0.5-1,16716,0,1.2416237447926847e-10,False
0.5-1,16717,0,2.7644540608027625e-08,False
0.5-1,16718,0,2.684897643781298e-10,False
0.5-1,16719,0,1.7799068451822364e-08,False
0.5-1,16720,0,0.00018398044002314375,False
0.5-1,16721,0,1.1159154717676712e-09,False
0.5-1,16722,0,1.0634296203700641e-09,False
0.5-1,16723,0,7.549022098154227e-09,False
0.5-1,16724,0,4.3464589898908695e-06,False
0.5-1,16725,0,1.3368453112341182e-06,False
0.5-1,16726,0,3.9244741255743654e-07,False
0.5-1,16727,0,7.056192835077077e-07,False
0.5-1,16728,0,1.9099588458906e-07,False
0.5-1,16729,0,8.307967492915926e-07,False
0.5-1,16730,0,9.95646070886798e-08,False
0.5-1,16731,0,7.486828284955158e-08,False
0.5-1,16732,0,2.9727821967704024e-09,False
0.5-1,16733,0,4.827461776221839e-09,False
0.5-1,16734,0,2.23114235607762e-10,False
0.5-1,16735,0,2.1827839287685168e-09,False
0.5-1,16736,0,8.001257369382823e-12,False
0.5-1,16737,0,2.0235562094449202e-08,False
0.5-1,16738,0,6.577798562178514e-11,False
0.5-1,16739,0,1.5663803626635364e-12,False
0.5-1,16740,0,4.365155793443376e-13,False
0.5-1,16741,0,1.0858179196393657e-10,False
0.5-1,16742,0,7.46573867920909e-05,False
0.5-1,16743,0,1.3062958661226378e-08,False
0.5-1,16744,0,4.072309867097252e-09,False
0.5-1,16745,0,9.868431064861655e-09,False
0.5-1,16746,0,5.584804626930227e-11,False
0.5-1,16747,0,2.738272523101621e-08,False
0.5-1,16748,0,9.994036411592113e-05,False
0.5-1,16749,0,1.9881329748044847e-09,False
0.5-1,16750,0,9.198816146804948e-10,False
0.5-1,16751,0,2.9486024729681552e-09,False
0.5-1,16752,0,4.5808434468935704e-07,False
0.5-1,16753,0,5.614007792045333e-07,False
0.5-1,16754,0,1.7198792467217713e-08,False
0.5-1,16755,0,1.4588487247738591e-07,False
0.5-1,16756,0,3.7581262322547216e-08,False
0.5-1,16757,0,1.8816402495455277e-07,False
0.5-1,16758,0,1.6732551708177523e-08,False
0.5-1,16759,0,6.9868310200961866e-09,False
0.5-1,16760,0,2.871775836656557e-08,False
0.5-1,16761,0,2.108257100437958e-08,False
0.5-1,16762,0,2.022636637538601e-10,False
0.5-1,16763,0,3.5452277048046267e-09,False
0.5-1,16764,0,1.5002773600771882e-12,False
0.5-1,16765,0,8.379199237979493e-11,False
0.5-1,16766,0,3.488722957296265e-11,False
0.5-1,16767,0,4.60701182873403e-13,False
0.5-1,16768,0,3.056917239932622e-13,False
0.5-1,16769,0,3.394211609260443e-10,False
0.5-1,16770,0,2.5932482688310013e-06,False
0.5-1,16771,0,1.0396180934813182e-08,False
0.5-1,16772,0,1.192750271732148e-12,False
0.5-1,16773,0,2.8622351301078402e-09,False
0.5-1,16774,0,3.3887098379400797e-09,False
0.5-1,16775,0,2.988979601784578e-07,False
0.5-1,16776,0,3.825174127060859e-07,False
0.5-1,16777,0,1.2366200143373977e-09,False
0.5-1,16778,0,3.3863350418612084e-09,False
0.5-1,16779,0,4.388237207897693e-10,False
0.5-1,16780,0,8.761611603666223e-09,False
0.5-1,16781,0,1.597940461277368e-08,False
0.5-1,16782,0,3.41789666172583e-10,False
0.5-1,16783,0,9.903855600413461e-08,False
0.5-1,16784,0,2.539516861430811e-09,False
0.5-1,16785,0,4.904021046733034e-09,False
0.5-1,16786,0,1.1410842551093266e-09,False
0.5-1,16787,0,7.173427194650554e-11,False
0.5-1,16788,0,1.758835898740462e-09,False
0.5-1,16789,0,3.936197762688596e-08,False
0.5-1,16790,0,1.2759343504167524e-10,False
0.5-1,16791,0,9.199946198412144e-08,False
0.5-1,16792,0,6.2934316741585e-14,False
0.5-1,16793,0,2.7313875731883136e-09,False
0.5-1,16794,0,1.1290206833145398e-09,False
0.5-1,16795,0,1.6716717600715864e-15,False
0.5-1,16796,0,1.6440054505729996e-13,False
0.5-1,16797,0,6.946004896426799e-13,False
0.5-1,16798,0,9.095425161576019e-08,False
0.5-1,16799,0,2.2063357918670034e-09,False
0.5-1,16800,0,2.667439042389395e-15,False
0.5-1,16801,0,1.2544545961820157e-09,False
0.5-1,16802,0,6.21611843570143e-12,False
0.5-1,16803,0,2.6187365250991882e-08,False
0.5-1,16804,0,1.6724536501422043e-07,False
0.5-1,16805,0,4.86187221982171e-10,False
0.5-1,16806,0,3.033277653802671e-09,False
0.5-1,16807,0,2.3993256143756184e-10,False
0.5-1,16808,0,5.556041176941285e-11,False
0.5-1,16809,0,2.7745484875350076e-08,False
0.5-1,16810,0,5.054699046512812e-13,False
0.5-1,16811,0,3.824898617943117e-09,False
0.5-1,16812,0,2.7191252205504503e-11,False
0.5-1,16813,0,3.778012012917232e-11,False
0.5-1,16814,0,7.833781366128775e-12,False
0.5-1,16815,0,3.8110892270332567e-13,False
0.5-1,16816,0,5.177238080234504e-07,False
0.5-1,16817,0,6.191754138749951e-08,False
0.5-1,16818,0,1.2490545964766237e-09,False
0.5-1,16819,0,3.3618216012485596e-08,False
0.5-1,16820,0,0.8303042538294365,False
0.5-1,16821,0,1.786293356208854e-12,False
0.5-1,16822,0,2.0720074939735215e-12,False
0.5-1,16823,0,8.737907271895351e-18,False
0.5-1,16824,0,5.017896687194916e-15,False
0.5-1,16825,0,1.256575427657761e-08,False
0.5-1,16826,0,2.3284206468800964e-10,False
0.5-1,16827,0,1.2836180076095065e-10,False
0.5-1,16828,0,6.031997900525658e-15,False
0.5-1,16829,0,4.154951502249924e-10,False
0.5-1,16830,0,1.0047039996648557e-11,False
0.5-1,16831,0,8.504147874935713e-08,False
0.5-1,16832,0,4.020131508304669e-11,False
0.5-1,16833,0,9.81152440976102e-09,False
0.5-1,16834,0,4.980302707666194e-09,False
0.5-1,16835,0,4.28549793032893e-09,False
0.5-1,16836,0,2.2298301765682326e-14,False
0.5-1,16837,0,1.2286808043939008e-08,False
0.5-1,16838,0,8.634418423347572e-17,False
0.5-1,16839,0,2.694523548562928e-10,False
0.5-1,16840,0,2.2162891197713717e-14,False
0.5-1,16841,0,3.608000508737666e-14,False
0.5-1,16842,0,2.2453434767612752e-14,False
0.5-1,16843,0,2.7559006827790387e-16,False
0.5-1,16844,0,0.0001553110357140888,False
0.5-1,16845,0,1.1728334403193374e-05,False
0.5-1,16846,0,2.2815270541909587e-07,False
0.5-1,16847,0,1.499266039906501e-07,False
0.5-1,16848,0,3.3815979969928866e-15,False
0.5-1,16849,0,1.826860060614211e-13,False
0.5-1,16850,0,2.2260298632987976e-13,False
0.5-1,16851,0,1.730269970956371e-17,False
0.5-1,16852,0,2.4725298261621753e-14,False
0.5-1,16853,0,2.4771256301430507e-12,False
0.5-1,16854,0,2.683191583618605e-13,False
0.5-1,16855,0,2.3453061843112244e-11,False
0.5-1,16856,0,6.680081655030381e-14,False
0.5-1,16857,0,6.75885877526548e-10,False
0.5-1,16858,0,2.495886941164075e-13,False
0.5-1,16859,0,2.808712365179414e-06,False
0.5-1,16860,0,3.1898986578472095e-15,False
0.5-1,16861,0,6.696785988107683e-07,False
0.5-1,16862,0,5.030008935016725e-10,False
0.5-1,16863,0,5.248908242146214e-07,False
0.5-1,16864,0,3.7909504340934354e-17,False
0.5-1,16865,0,1.4807230586699206e-07,False
0.5-1,16866,0,4.5675576159937965e-23,False
0.5-1,16867,0,7.400337103326447e-08,False
0.5-1,16868,0,2.6124802292691714e-15,False
0.5-1,16869,0,6.682925117333932e-16,False
0.5-1,16870,0,1.4421720709103351e-09,False
0.5-1,16871,0,2.642933102372245e-16,False
0.5-1,16872,0,5.466241599614574e-05,False
0.5-1,16873,0,6.440795816599693e-07,False
0.5-1,16874,0,6.440307429366658e-06,False
0.5-1,16875,0,5.282419192250171e-06,False
0.5-1,16876,0,1.0052690304629891e-05,False
0.5-1,16877,0,5.930499373524675e-07,False
0.5-1,16878,0,2.4581604170032072e-05,False
0.5-1,16879,0,4.609785383083111e-05,False
0.5-1,16880,0,4.710384626842804e-08,False
0.5-1,16881,0,2.2343111831345763e-15,False
0.5-1,16882,0,6.01810727468087e-10,False
0.5-1,16883,0,7.144309405564171e-10,False
0.5-1,16884,0,2.5851992378728835e-15,False
0.5-1,16885,0,1.5983398331281646e-16,False
0.5-1,16886,0,4.426852221871859e-18,False
0.5-1,16887,0,6.1854394145913534e-09,False
0.5-1,16888,0,4.689628007333075e-08,False
0.5-1,16889,0,1.2408105099152515e-07,False
0.5-1,16890,0,1.0217503872041496e-09,False
0.5-1,16891,0,2.4380395818131154e-07,False
0.5-1,16892,0,2.1643818161375648e-19,False
0.5-1,16893,0,1.5648300438502486e-05,False
0.5-1,16894,0,2.132074829340162e-08,False
0.5-1,16895,0,3.3379583188143873e-06,False
0.5-1,16896,0,0.00015287211325689244,False
0.5-1,16897,0,3.843501025980156e-08,False
0.5-1,16898,0,2.2807207014317395e-06,False
0.5-1,16899,0,2.6375900589790248e-11,False
0.5-1,16900,0,1.8849540326764605e-12,False
0.5-1,16901,0,2.018488424289847e-12,False
0.5-1,16902,0,1.0728118017290485e-09,False
0.5-1,16903,0,2.015004406931882e-10,False
0.5-1,16904,0,3.0657554178485994e-08,False
0.5-1,16905,0,0.02730214543991867,False
0.5-1,16906,0,1.4940696862232484e-08,False
0.5-1,16907,0,0.0003911637039305108,False
0.5-1,16908,0,1.734684121832099e-08,False
0.5-1,16909,0,5.543074146555022e-08,False
0.5-1,16910,0,3.2647446283959055e-12,False
0.5-1,16911,0,2.560571710372432e-08,False
0.5-1,16912,0,2.732141771099881e-07,False
0.5-1,16913,0,1.7002739880998948e-11,False
0.5-1,16914,0,0.013809145226988437,False
0.5-1,16915,0,4.2025385623158485e-12,False
0.5-1,16916,0,1.4540042142887758e-08,False
0.5-1,16917,0,2.5713139141860692e-09,False
0.5-1,16918,0,1.4037704799686306e-06,False
0.5-1,16919,0,4.304027989356684e-09,False
0.5-1,16920,0,0.0004477741690579884,False
0.5-1,16921,0,5.732647694167833e-11,False
0.5-1,16922,0,1.9377377814886034e-07,False
0.5-1,16923,0,1.591016492840404e-10,False
0.5-1,16924,0,3.681155287088194e-06,False
0.5-1,16925,0,9.522635998948803e-07,False
0.5-1,16926,0,8.340658673197638e-07,False
0.5-1,16927,0,6.075543131911316e-08,False
0.5-1,16928,0,1.1524618094534637e-08,False
0.5-1,16929,0,5.656621653035432e-09,False
0.5-1,16930,0,1.785684808450404e-07,False
0.5-1,16931,0,4.29303979163896e-08,False
0.5-1,16932,0,1.0662980895449912e-09,False
0.5-1,16933,0,4.0648286755752924e-08,False
0.5-1,16934,0,8.436387275553773e-11,False
0.5-1,16935,0,7.826378246101503e-09,False
0.5-1,16936,0,2.4259630481496295e-11,False
0.5-1,16937,0,6.049895124629141e-10,False
0.5-1,16938,0,3.082153303461064e-06,False
0.5-1,16939,0,1.5282243714264404e-10,False
0.5-1,16940,0,4.190558263814802e-09,False
0.5-1,16941,0,3.1949955583980414e-08,False
0.5-1,16942,0,0.00010473736986373694,False
0.5-1,16943,0,6.768814491275375e-09,False
0.5-1,16944,0,1.9951682888711783e-09,False
0.5-1,16945,0,6.073900325031472e-08,False
0.5-1,16946,0,1.5937792504002035e-10,False
0.5-1,16947,0,8.040851111876675e-09,False
0.5-1,16948,0,0.0007706219062168058,False
0.5-1,16949,0,4.0228073215992277e-10,False
0.5-1,16950,0,1.841784698895343e-09,False
0.5-1,16951,0,3.142779581507189e-10,False
0.5-1,16952,0,1.2882668394562835e-05,False
0.5-1,16953,0,9.5551707017831e-07,False
0.5-1,16954,0,2.3945451795369556e-06,False
0.5-1,16955,0,6.434029260482289e-07,False
0.5-1,16956,0,3.2337072121282284e-07,False
0.5-1,16957,0,2.706149609768991e-07,False
0.5-1,16958,0,5.28316532475171e-07,False
0.5-1,16959,0,2.303567689749542e-07,False
0.5-1,16960,0,1.5592499583940321e-09,False
0.5-1,16961,0,2.6973944204473932e-09,False
0.5-1,16962,0,1.5214971959954088e-10,False
0.5-1,16963,0,5.565139073115993e-09,False
0.5-1,16964,0,1.7534919948454245e-10,False
0.5-1,16965,0,1.0288465924243918e-08,False
0.5-1,16966,0,2.725677279154114e-11,False
0.5-1,16967,0,5.122577701458035e-12,False
0.5-1,16968,0,1.0379106324864935e-11,False
0.5-1,16969,0,2.3483536350869383e-07,False
0.5-1,16970,0,0.0002737091361839956,False
0.5-1,16971,0,1.5132005302273287e-08,False
0.5-1,16972,0,6.005677495094649e-11,False
0.5-1,16973,0,7.423526770293932e-08,False
0.5-1,16974,0,4.677207862223592e-11,False
0.5-1,16975,0,2.170420136251846e-08,False
0.5-1,16976,0,0.0003958278761997382,False
0.5-1,16977,0,8.773096300272834e-10,False
0.5-1,16978,0,1.0952158731085672e-09,False
0.5-1,16979,0,5.967867983069972e-10,False
0.5-1,16980,0,4.826539774205714e-06,False
0.5-1,16981,0,1.7173834371121347e-06,False
0.5-1,16982,0,7.826682964356085e-07,False
0.5-1,16983,0,1.0422065346743822e-06,False
0.5-1,16984,0,3.2906972446043142e-06,False
0.5-1,16985,0,9.451263290444148e-07,False
0.5-1,16986,0,3.3178074960426863e-07,False
0.5-1,16987,0,2.8638808286539185e-07,False
0.5-1,16988,0,2.304596258747215e-09,False
0.5-1,16989,0,3.432021661181713e-09,False
0.5-1,16990,0,1.8780910590232456e-10,False
0.5-1,16991,0,3.9008981114033865e-09,False
0.5-1,16992,0,3.1985543951650786e-11,False
0.5-1,16993,0,5.271633111333815e-10,False
0.5-1,16994,0,4.895698265879446e-10,False
0.5-1,16995,0,2.4320786609911906e-12,False
0.5-1,16996,0,1.7937335089297615e-06,False
0.5-1,16997,0,1.3606891071991346e-10,False
0.5-1,16998,0,0.0001368669339852665,False
0.5-1,16999,0,8.86744250753479e-09,False
0.5-1,17000,0,1.306452258716325e-11,False
0.5-1,17001,0,2.6845298966524665e-08,False
0.5-1,17002,0,4.4279445618207586e-10,False
0.5-1,17003,0,8.304519155490012e-08,False
0.5-1,17004,0,3.289079709839267e-05,False
0.5-1,17005,0,2.1305310906839346e-09,False
0.5-1,17006,0,5.4561213057629086e-09,False
0.5-1,17007,1,0.999990214417934,True
0.5-1,17008,0,4.118300629371622e-07,False
0.5-1,17009,0,1.1921763832307198e-07,False
0.5-1,17010,0,2.3216158384352534e-08,False
0.5-1,17011,0,1.7018024576014878e-07,False
0.5-1,17012,0,1.645140876426173e-07,False
0.5-1,17013,0,1.4255535430544843e-07,False
0.5-1,17014,0,6.033548253577143e-08,False
0.5-1,17015,0,2.7515727050736584e-08,False
0.5-1,17016,0,2.7248995854383715e-09,False
0.5-1,17017,0,3.2064792211394087e-09,False
0.5-1,17018,0,1.5423566744559937e-10,False
0.5-1,17019,0,2.6367538948097953e-09,False
0.5-1,17020,0,1.1685651175811386e-12,False
0.5-1,17021,0,3.2220038825077032e-09,False
0.5-1,17022,0,6.174057776885784e-11,False
0.5-1,17023,0,1.1352758540286837e-13,False
0.5-1,17024,0,9.727206320091369e-08,False
0.5-1,17025,0,0.0007608706220008411,False
0.5-1,17026,0,1.2346642677896791e-05,False
0.5-1,17027,0,3.8101385246108394e-09,False
0.5-1,17028,0,1.1702532570191617e-13,False
0.5-1,17029,0,1.975859540780994e-09,False
0.5-1,17030,0,3.545425196508141e-11,False
0.5-1,17031,0,7.187615655536425e-07,False
0.5-1,17032,0,7.001097490557493e-07,False
0.5-1,17033,0,8.997261712559212e-10,False
0.5-1,17034,0,9.342324079068904e-09,False
0.5-1,17035,0,7.969103586212343e-10,False
0.5-1,17036,0,1.9218420354243742e-08,False
0.5-1,17037,0,3.721895814501656e-09,False
0.5-1,17038,0,6.167048054920914e-10,False
0.5-1,17039,0,5.3896393525686605e-08,False
0.5-1,17040,0,4.7788558108059745e-09,False
0.5-1,17041,0,2.6924976334952074e-09,False
0.5-1,17042,0,8.247673523499971e-10,False
0.5-1,17043,0,4.380679730879201e-10,False
0.5-1,17044,0,2.2982264212178379e-10,False
0.5-1,17045,0,9.282889240763514e-09,False
0.5-1,17046,0,4.317447037792044e-11,False
0.5-1,17047,0,2.1632094418704832e-08,False
0.5-1,17048,0,3.193009882539311e-14,False
0.5-1,17049,0,2.636833412345627e-11,False
0.5-1,17050,0,1.0575748062166852e-10,False
0.5-1,17051,0,1.0519131233218426e-15,False
0.5-1,17052,0,4.907959122858758e-15,False
0.5-1,17053,0,3.8071465488224254e-10,False
0.5-1,17054,0,2.1822083104650725e-07,False
0.5-1,17055,0,2.6425125008304142e-09,False
0.5-1,17056,0,6.231810082907445e-15,False
0.5-1,17057,0,3.5770243258480353e-10,False
0.5-1,17058,0,6.920086714872049e-07,False
0.5-1,17059,0,1.1923132424931566e-08,False
0.5-1,17060,0,2.3065281851801056e-08,False
0.5-1,17061,0,1.5303235434382588e-11,False
0.5-1,17062,0,4.670577293943166e-08,False
0.5-1,17063,0,2.0104286123736087e-09,False
0.5-1,17064,0,4.0693185855323986e-11,False
0.5-1,17065,0,3.825918816534077e-10,False
0.5-1,17066,0,4.5228830283614783e-13,False
0.5-1,17067,0,9.152911458560795e-10,False
0.5-1,17068,0,1.4597258565298323e-11,False
0.5-1,17069,0,1.907770471720753e-11,False
0.5-1,17070,0,7.403137019556429e-13,False
0.5-1,17071,0,7.130161235356219e-13,False
0.5-1,17072,0,1.7977807954387996e-08,False
0.5-1,17073,0,2.789984280973521e-09,False
0.5-1,17074,0,5.5573657971218955e-11,False
0.5-1,17075,0,2.927240621369796e-09,False
0.5-1,17076,0,3.817271080259201e-15,False
0.5-1,17077,0,1.9557069128842542e-08,False
0.5-1,17078,0,5.305117730410289e-10,False
0.5-1,17079,0,1.9456908218910392e-17,False
0.5-1,17080,0,7.191139831163559e-17,False
0.5-1,17081,0,8.967245544589132e-11,False
0.5-1,17082,0,1.6359287105110824e-09,False
0.5-1,17083,0,2.1731675403637246e-10,False
0.5-1,17084,0,1.0908830069587556e-13,False
0.5-1,17085,0,1.7134011195212927e-11,False
0.5-1,17086,0,1.936185791132553e-13,False
0.5-1,17087,0,8.412017865768884e-08,False
0.5-1,17088,0,1.9843245336210706e-11,False
0.5-1,17089,0,1.0070764928170939e-10,False
0.5-1,17090,0,6.86140731859065e-08,False
0.5-1,17091,0,8.042843059254592e-08,False
0.5-1,17092,0,9.392091934898453e-15,False
0.5-1,17093,0,7.263465476754418e-10,False
0.5-1,17094,0,2.114156882733946e-17,False
0.5-1,17095,0,4.5531430431156735e-10,False
0.5-1,17096,0,4.164080977750146e-14,False
0.5-1,17097,0,1.935377210675912e-14,False
0.5-1,17098,0,8.628957080498797e-15,False
0.5-1,17099,0,4.707329216903352e-16,False
0.5-1,17100,0,9.560411867883051e-08,False
0.5-1,17101,0,1.7049136430300833e-08,False
0.5-1,17102,0,1.3597547435652624e-09,False
0.5-1,17103,0,3.261445740633287e-08,False
0.5-1,17104,0,1.6449881380397013e-14,False
0.5-1,17105,0,1.305793393939742e-12,False
0.5-1,17106,0,2.3286352248153086e-12,False
0.5-1,17107,0,8.426182865043509e-08,False
0.5-1,17108,0,7.037839798580293e-08,False
0.5-1,17109,0,7.203845611146969e-11,False
0.5-1,17110,0,7.205442694068094e-13,False
0.5-1,17111,0,6.863990446575315e-11,False
0.5-1,17112,0,1.5127939714237027e-14,False
0.5-1,17113,0,1.1485136390699981e-10,False
0.5-1,17114,0,1.3710352092087956e-10,False
0.5-1,17115,0,5.034139250176892e-09,False
0.5-1,17116,0,5.922195528228961e-16,False
0.5-1,17117,0,5.37428950632819e-09,False
0.5-1,17118,0,6.642553815852126e-07,False
0.5-1,17119,0,6.162219312405226e-06,False
0.5-1,17120,0,2.845255806245326e-17,False
0.5-1,17121,0,1.4491025087871944e-07,False
0.5-1,17122,0,5.746720760049216e-24,False
0.5-1,17123,0,2.390440359182184e-07,False
0.5-1,17124,0,3.687641025678812e-15,False
0.5-1,17125,0,2.385191912706237e-16,False
0.5-1,17126,0,9.175810008190242e-12,False
0.5-1,17127,0,2.059640270420502e-16,False
0.5-1,17128,0,1.3268552562526497e-05,False
0.5-1,17129,0,2.2454011342817485e-07,False
0.5-1,17130,0,6.127823165738376e-07,False
0.5-1,17131,0,1.3325727111534952e-06,False
0.5-1,17132,0,8.658049145118241e-06,False
0.5-1,17133,0,1.2172331877807392e-06,False
0.5-1,17134,0,6.16380302224376e-05,False
0.5-1,17135,0,0.00039433919831803735,False
0.5-1,17136,0,3.935747844328906e-09,False
0.5-1,17137,0,1.184899236197955e-17,False
0.5-1,17138,0,1.1071591511404403e-10,False
0.5-1,17139,0,1.5444217835134044e-07,False
0.5-1,17140,0,2.446296503918365e-09,False
0.5-1,17141,0,2.5807851437173555e-11,False
0.5-1,17142,0,1.2357214866320538e-17,False
0.5-1,17143,0,3.404565246104689e-08,False
0.5-1,17144,0,1.4620362156691865e-08,False
0.5-1,17145,0,3.174362780907223e-08,False
0.5-1,17146,0,9.481991888135304e-13,False
0.5-1,17147,0,5.871458378701386e-08,False
0.5-1,17148,0,5.555621680769399e-22,False
0.5-1,17149,0,1.4279923022996946e-05,False
0.5-1,17150,0,9.482658945696548e-07,False
0.5-1,17151,0,8.418006772325647e-06,False
0.5-1,17152,0,0.0016491701734199333,False
0.5-1,17153,0,1.0788930547275919e-08,False
0.5-1,17154,0,1.8707133172324117e-06,False
0.5-1,17155,0,1.711906904390055e-11,False
0.5-1,17156,0,4.186470983644215e-12,False
0.5-1,17157,0,8.838638357922727e-12,False
0.5-1,17158,0,2.7677450041164227e-09,False
0.5-1,17159,0,2.325346367510986e-10,False
0.5-1,17160,0,5.5804448838238145e-05,False
0.5-1,17161,0,0.0010359535118001863,False
0.5-1,17162,0,3.5147386850457162e-09,False
0.5-1,17163,0,0.007646061756026039,False
0.5-1,17164,0,3.1587927020151066e-06,False
0.5-1,17165,0,4.575175212774629e-11,False
0.5-1,17166,0,1.7358427520254127e-08,False
0.5-1,17167,0,8.366665945341705e-08,False
0.5-1,17168,0,0.011037111827089715,False
0.5-1,17169,0,1.5636325390846007e-07,False
0.5-1,17170,0,0.9444918841217322,False
0.5-1,17171,0,3.6790496858685665e-11,False
0.5-1,17172,0,2.7048156217534066e-07,False
0.5-1,17173,0,2.8720473640202384e-09,False
0.5-1,17174,0,1.714784276741402e-08,False
0.5-1,17175,0,3.3659534961614246e-07,False
0.5-1,17176,0,0.0002909062251503408,False
0.5-1,17177,0,7.195184340837588e-11,False
0.5-1,17178,0,6.253375530000495e-07,False
0.5-1,17179,0,7.254450917975698e-10,False
0.5-1,17180,0,3.327459521488459e-06,False
0.5-1,17181,0,2.451050111842329e-07,False
0.5-1,17182,0,9.85825982927051e-07,False
0.5-1,17183,0,2.173161932515204e-08,False
0.5-1,17184,0,1.5193422092421368e-08,False
0.5-1,17185,0,2.395604176618912e-09,False
0.5-1,17186,0,3.246631953073693e-07,False
0.5-1,17187,0,3.827306566136402e-09,False
0.5-1,17188,0,9.664543643117247e-10,False
0.5-1,17189,0,5.319190094516037e-09,False
0.5-1,17190,0,2.7361811017336046e-11,False
0.5-1,17191,0,1.0028437018294589e-08,False
0.5-1,17192,0,1.3417484402243841e-11,False
0.5-1,17193,0,3.295079820570294e-08,False
0.5-1,17194,0,5.924146869316034e-10,False
0.5-1,17195,0,7.463650472264368e-11,False
0.5-1,17196,0,4.933721756865211e-09,False
0.5-1,17197,0,3.2489419178053165e-07,False
0.5-1,17198,0,0.005394437697980086,False
0.5-1,17199,0,8.503967003422278e-09,False
0.5-1,17200,0,1.2718839748536e-05,False
0.5-1,17201,0,3.83066146601028e-08,False
0.5-1,17202,0,8.819308584098757e-09,False
0.5-1,17203,0,6.950503116272808e-09,False
0.5-1,17204,0,0.0003243030686356973,False
0.5-1,17205,0,2.1589636750293445e-10,False
0.5-1,17206,0,9.81621156849849e-09,False
0.5-1,17207,0,3.170585618713244e-10,False
0.5-1,17208,0,1.988432657765543e-05,False
0.5-1,17209,0,4.6712167649653517e-07,False
0.5-1,17210,0,1.0775337852648798e-06,False
0.5-1,17211,0,3.184959080319147e-07,False
0.5-1,17212,0,2.431774216077951e-07,False
0.5-1,17213,0,2.8447027016106085e-08,False
0.5-1,17214,0,1.4164161005175361e-06,False
0.5-1,17215,0,2.120532823540253e-08,False
0.5-1,17216,0,1.652078703702983e-09,False
0.5-1,17217,0,1.8230264383895093e-09,False
0.5-1,17218,0,8.993227363272255e-11,False
0.5-1,17219,0,7.24995926483675e-09,False
0.5-1,17220,0,2.424931757791815e-09,False
0.5-1,17221,0,2.920757786274808e-09,False
0.5-1,17222,0,3.3596419553925426e-10,False
0.5-1,17223,0,6.660721025652505e-11,False
0.5-1,17224,0,5.2225661268310785e-11,False
0.5-1,17225,0,8.425408856128221e-10,False
0.5-1,17226,0,0.00022761510756304294,False
0.5-1,17227,0,2.394487371113486e-08,False
0.5-1,17228,0,2.5682855992029337e-10,False
0.5-1,17229,0,4.4525179644144764e-08,False
0.5-1,17230,0,1.313545496918318e-10,False
0.5-1,17231,0,6.918842617382792e-09,False
0.5-1,17232,0,0.0003083381219384186,False
0.5-1,17233,0,3.5341900693882897e-10,False
0.5-1,17234,0,3.9638629165698476e-10,False
0.5-1,17235,0,6.218643617310249e-10,False
0.5-1,17236,0,9.592424498533762e-06,False
0.5-1,17237,0,7.223689609139234e-07,False
0.5-1,17238,0,4.638455425514808e-07,False
0.5-1,17239,0,6.91655630107295e-07,False
0.5-1,17240,0,4.886770229766502e-07,False
0.5-1,17241,0,6.593182019127217e-07,False
0.5-1,17242,0,8.420393834301643e-07,False
0.5-1,17243,0,2.0359840930182956e-08,False
0.5-1,17244,0,1.3383509992350744e-09,False
0.5-1,17245,0,3.7966515209881105e-09,False
0.5-1,17246,0,6.672665191934665e-11,False
0.5-1,17247,0,6.773397025571073e-09,False
0.5-1,17248,0,0.052770096519454926,False
0.5-1,17249,0,8.677928082968219e-09,False
0.5-1,17250,0,2.1999125601255878e-11,False
0.5-1,17251,0,2.966635188389505e-11,False
0.5-1,17252,0,1.6483584754441548e-12,False
0.5-1,17253,0,2.7623538755981963e-11,False
0.5-1,17254,0,0.0001469935456995503,False
0.5-1,17255,0,3.348369812233724e-08,False
0.5-1,17256,0,4.272616945959275e-11,False
0.5-1,17257,0,1.9465276286686028e-08,False
0.5-1,17258,0,5.054060208356089e-11,False
0.5-1,17259,0,2.6917403890591066e-08,False
0.5-1,17260,0,6.213546238502485e-05,False
0.5-1,17261,0,5.563003097756655e-10,False
0.5-1,17262,0,5.998976041799355e-10,False
0.5-1,17263,0,2.341498644027041e-10,False
0.5-1,17264,0,5.946198606585404e-07,False
0.5-1,17265,0,2.442418606850301e-07,False
0.5-1,17266,0,4.40921103377149e-08,False
0.5-1,17267,0,8.839162381831936e-08,False
0.5-1,17268,0,1.0357577369338593e-07,False
0.5-1,17269,0,2.989983933901839e-07,False
0.5-1,17270,0,9.666847138629752e-08,False
0.5-1,17271,0,5.937358447896478e-08,False
0.5-1,17272,0,5.246233492997833e-10,False
0.5-1,17273,0,5.1747295960333164e-09,False
0.5-1,17274,0,6.182152341292363e-11,False
0.5-1,17275,0,2.30756877815845e-09,False
0.5-1,17276,0,9.253041156559477e-13,False
0.5-1,17277,0,3.64775269206595e-11,False
0.5-1,17278,0,1.4573055439787815e-11,False
0.5-1,17279,0,1.7469491310217254e-13,False
0.5-1,17280,0,1.1230792307233592e-12,False
0.5-1,17281,0,8.53056952260824e-10,False
0.5-1,17282,0,3.059704806368142e-05,False
0.5-1,17283,0,1.5128628455119415e-08,False
0.5-1,17284,0,4.2961334272372845e-13,False
0.5-1,17285,0,4.422432330607781e-09,False
0.5-1,17286,0,1.6738228260215572e-11,False
0.5-1,17287,0,7.084159065393949e-08,False
0.5-1,17288,0,3.3469672715385476e-06,False
0.5-1,17289,0,4.369521609135223e-10,False
0.5-1,17290,0,1.6347026074777321e-09,False
0.5-1,17291,0,8.376140830850428e-11,False
0.5-1,17292,0,1.4150987553981816e-08,False
0.5-1,17293,0,1.821804867532533e-08,False
0.5-1,17294,0,6.27242142012022e-10,False
0.5-1,17295,0,5.217203205724756e-09,False
0.5-1,17296,0,3.942678819311233e-09,False
0.5-1,17297,0,6.634046820087546e-09,False
0.5-1,17298,0,2.0607010579858246e-09,False
0.5-1,17299,0,8.761708537235069e-10,False
0.5-1,17300,0,1.2288624165567856e-10,False
0.5-1,17301,0,8.861055046549465e-09,False
0.5-1,17302,0,6.667661558102393e-11,False
0.5-1,17303,0,7.137617729763666e-09,False
0.5-1,17304,0,4.562105067298613e-14,False
0.5-1,17305,0,1.1645756080364453e-09,False
0.5-1,17306,0,1.6477528357732275e-11,False
0.5-1,17307,0,2.0560579248903298e-16,False
0.5-1,17308,0,5.8967238835520665e-15,False
0.5-1,17309,0,8.27358621247629e-13,False
0.5-1,17310,0,9.146002483439473e-07,False
0.5-1,17311,0,2.334614506556642e-09,False
0.5-1,17312,0,2.5781894542130614e-14,False
0.5-1,17313,0,2.3418562983406816e-10,False
0.5-1,17314,0,4.71568160981532e-11,False
0.5-1,17315,0,5.5530885591983546e-09,False
0.5-1,17316,0,1.1415795844216633e-07,False
0.5-1,17317,0,2.801708418426536e-10,False
0.5-1,17318,0,5.7375454557390886e-08,False
0.5-1,17319,0,4.4809223560759624e-10,False
0.5-1,17320,0,3.953652559048465e-11,False
0.5-1,17321,0,4.757093465859491e-10,False
0.5-1,17322,0,7.049513682215609e-13,False
0.5-1,17323,0,4.008241288292187e-11,False
0.5-1,17324,0,1.0485551824952613e-11,False
0.5-1,17325,0,1.1021465038253417e-10,False
0.5-1,17326,0,3.222587337161356e-12,False
0.5-1,17327,0,2.600072922373122e-12,False
0.5-1,17328,0,1.03848625721878e-11,False
0.5-1,17329,0,2.8015473018299407e-08,False
0.5-1,17330,0,7.404366608144529e-10,False
0.5-1,17331,0,1.0389933118937632e-09,False
0.5-1,17332,0,2.239881116314464e-16,False
0.5-1,17333,0,5.379685643980865e-11,False
0.5-1,17334,0,6.821152610032049e-12,False
0.5-1,17335,0,7.987171465792127e-17,False
0.5-1,17336,0,5.867542954775424e-16,False
0.5-1,17337,0,2.0104646691832288e-13,False
0.5-1,17338,0,2.465243656880297e-09,False
0.5-1,17339,0,3.89062419284415e-11,False
0.5-1,17340,0,3.1227911177299574e-12,False
0.5-1,17341,0,6.70746630204892e-11,False
0.5-1,17342,0,5.3380520909499285e-11,False
0.5-1,17343,0,1.812737066903884e-08,False
0.5-1,17344,0,3.739206353601726e-11,False
0.5-1,17345,0,9.32099375607033e-10,False
0.5-1,17346,0,1.584597434039366e-08,False
0.5-1,17347,0,1.6666937833830994e-10,False
0.5-1,17348,0,1.5450110504928098e-14,False
0.5-1,17349,0,7.58621330737781e-09,False
0.5-1,17350,0,2.7067007239230325e-17,False
0.5-1,17351,0,1.0463590096420555e-11,False
0.5-1,17352,0,2.2752626389889976e-14,False
0.5-1,17353,0,1.327062847088783e-13,False
0.5-1,17354,0,9.580526265203451e-15,False
0.5-1,17355,0,2.63797037341803e-15,False
0.5-1,17356,0,2.9256538054798544e-10,False
0.5-1,17357,0,2.6670887166455942e-08,False
0.5-1,17358,0,1.8092912028542235e-09,False
0.5-1,17359,0,9.06951673553565e-09,False
0.5-1,17360,0,1.5656228085303304e-14,False
0.5-1,17361,0,2.2032639153074004e-13,False
0.5-1,17362,0,1.9968464376288333e-11,False
0.5-1,17363,0,2.2174733982393518e-16,False
0.5-1,17364,0,8.952053769505161e-08,False
0.5-1,17365,0,2.4288191622681767e-10,False
0.5-1,17366,0,6.697188144061279e-13,False
0.5-1,17367,0,3.3124378543724875e-10,False
0.5-1,17368,0,6.335668919755273e-13,False
0.5-1,17369,0,2.2282315371190198e-08,False
0.5-1,17370,0,5.9904280922385894e-12,False
0.5-1,17371,0,3.1793630964642172e-06,False
0.5-1,17372,0,1.2894282777823797e-15,False
0.5-1,17373,0,6.735155950153678e-06,False
0.5-1,17374,0,2.142404836651563e-08,False
0.5-1,17375,0,3.8767698072357125e-06,False
0.5-1,17376,0,2.9746688903354456e-18,False
0.5-1,17377,0,1.747501327513885e-07,False
0.5-1,17378,0,1.0200021759775545e-23,False
0.5-1,17379,0,5.8095382847345834e-08,False
0.5-1,17380,0,4.093845031567942e-15,False
0.5-1,17381,0,1.6990525477300382e-15,False
0.5-1,17382,0,1.1085728335437993e-12,False
0.5-1,17383,0,3.0529937925875735e-15,False
0.5-1,17384,0,2.0467913913382486e-07,False
0.5-1,17385,0,2.157042790498881e-07,False
0.5-1,17386,0,7.037418217963161e-07,False
0.5-1,17387,0,3.372538425426266e-07,False
0.5-1,17388,0,1.2324169218539332e-05,False
0.5-1,17389,0,8.642835121890034e-07,False
0.5-1,17390,0,0.0003136343714592229,False
0.5-1,17391,0,0.0063883759328414395,False
0.5-1,17392,0,1.5629493589334285e-09,False
0.5-1,17393,0,1.5102963252459834e-15,False
0.5-1,17394,0,2.7964331943427896e-10,False
0.5-1,17395,0,5.655938577973648e-09,False
0.5-1,17396,0,2.846276918268053e-09,False
0.5-1,17397,0,4.655581874902543e-08,False
0.5-1,17398,0,1.798835362708857e-17,False
0.5-1,17399,0,4.893508731744523e-08,False
0.5-1,17400,0,1.4120877669417404e-10,False
0.5-1,17401,0,1.1826577782112175e-06,False
0.5-1,17402,0,1.0257159991842628e-09,False
0.5-1,17403,0,1.6353534736262163e-06,False
0.5-1,17404,0,5.852040272847869e-21,False
0.5-1,17405,0,3.700646638805149e-05,False
0.5-1,17406,0,2.244865152144244e-06,False
0.5-1,17407,0,9.032790746087349e-06,False
0.5-1,17408,0,2.2728415270422958e-05,False
0.5-1,17409,0,1.4226278368280512e-09,False
0.5-1,17410,0,4.490111540672063e-05,False
0.5-1,17411,0,1.0359275060449632e-11,False
0.5-1,17412,0,6.704657443469235e-12,False
0.5-1,17413,0,8.40092783505957e-12,False
0.5-1,17414,0,2.2210522465092496e-09,False
0.5-1,17415,0,6.116145756326932e-11,False
0.5-1,17416,0,2.8422522374730337e-06,False
0.5-1,17417,0,0.23537390009241635,False
0.5-1,17418,0,3.5789727823311413e-06,False
0.5-1,17419,0,0.0022446475245070595,False
0.5-1,17420,0,6.856058211730863e-08,False
0.5-1,17421,0,6.073941571591226e-09,False
0.5-1,17422,0,1.8998900470244044e-07,False
0.5-1,17423,0,2.1628907182944774e-06,False
0.5-1,17424,0,1.932452857424725e-07,False
0.5-1,17425,0,3.8816074887662237e-07,False
0.5-1,17426,0,0.08156704403176478,False
0.5-1,17427,0,2.0110424794212536e-11,False
0.5-1,17428,0,5.170790465926021e-08,False
0.5-1,17429,0,1.4719097581942466e-09,False
0.5-1,17430,0,2.3820659246492367e-08,False
0.5-1,17431,0,1.8866888594314682e-06,False
0.5-1,17432,0,0.00041300969860577673,False
0.5-1,17433,0,2.710284796016764e-09,False
0.5-1,17434,0,1.8264903652637435e-09,False
0.5-1,17435,0,4.6384889160201566e-11,False
0.5-1,17436,0,1.9161669434132727e-07,False
0.5-1,17437,0,7.625652262735416e-08,False
0.5-1,17438,0,3.2891974077964747e-07,False
0.5-1,17439,0,1.895898992992242e-08,False
0.5-1,17440,0,1.620067352919415e-08,False
0.5-1,17441,0,4.6205381778498385e-10,False
0.5-1,17442,0,1.9224457982868565e-07,False
0.5-1,17443,0,2.560684004040866e-09,False
0.5-1,17444,0,3.324418287565762e-10,False
0.5-1,17445,0,3.8917113126156525e-09,False
0.5-1,17446,0,1.3820694984223307e-10,False
0.5-1,17447,0,2.108630002106631e-09,False
0.5-1,17448,0,8.392909645492913e-12,False
0.5-1,17449,0,1.1550535748472497e-10,False
0.5-1,17450,0,8.995211256210512e-12,False
0.5-1,17451,0,1.883833438657955e-10,False
0.5-1,17452,0,2.42392435904993e-11,False
0.5-1,17453,0,3.5148254073436893e-06,False
0.5-1,17454,0,9.183579896753607e-05,False
0.5-1,17455,0,5.184815046019225e-09,False
0.5-1,17456,0,1.6666414951565802e-10,False
0.5-1,17457,0,1.7403836078640788e-08,False
0.5-1,17458,0,2.241711728869272e-11,False
0.5-1,17459,0,2.246573799885251e-09,False
0.5-1,17460,0,0.00016236244935493994,False
0.5-1,17461,0,1.4455928821303509e-10,False
0.5-1,17462,0,8.64754463914614e-10,False
0.5-1,17463,0,7.25536575471296e-11,False
0.5-1,17464,0,3.2223092066935694e-06,False
0.5-1,17465,0,5.229726248865394e-07,False
0.5-1,17466,0,7.775036498792473e-07,False
0.5-1,17467,0,1.9192839914299236e-07,False
0.5-1,17468,0,2.845539773495195e-07,False
0.5-1,17469,0,7.173233826621031e-09,False
0.5-1,17470,0,7.309813662440281e-07,False
0.5-1,17471,0,7.860830688746743e-09,False
0.5-1,17472,0,6.43080807019208e-10,False
0.5-1,17473,0,5.12261267157553e-10,False
0.5-1,17474,0,5.258460828867458e-11,False
0.5-1,17475,0,3.203558709362833e-10,False
0.5-1,17476,0,5.5156443538419246e-12,False
0.5-1,17477,0,4.020489790305181e-10,False
0.5-1,17478,0,3.019607908796507e-11,False
0.5-1,17479,0,2.9573939989571185e-11,False
0.5-1,17480,0,2.303108220975858e-11,False
0.5-1,17481,0,5.832205114474878e-10,False
0.5-1,17482,0,7.252924113298505e-05,False
0.5-1,17483,0,2.697805101508274e-08,False
0.5-1,17484,0,5.6875474432023955e-11,False
0.5-1,17485,0,3.585038767127372e-08,False
0.5-1,17486,0,4.549284194444554e-11,False
0.5-1,17487,0,3.223825231022466e-09,False
0.5-1,17488,0,0.00018438769065806784,False
0.5-1,17489,0,1.386135794131549e-10,False
0.5-1,17490,0,3.92604053284821e-10,False
0.5-1,17491,0,7.457946929716686e-10,False
0.5-1,17492,0,1.2260491413865497e-06,False
0.5-1,17493,0,1.8080446444533218e-07,False
0.5-1,17494,0,2.1651539060386396e-07,False
0.5-1,17495,0,1.15433212917391e-07,False
0.5-1,17496,0,5.20717808495423e-07,False
0.5-1,17497,0,7.148567224074663e-08,False
0.5-1,17498,0,4.313942885551279e-07,False
0.5-1,17499,0,1.39917305765224e-08,False
0.5-1,17500,0,4.353231253780614e-10,False
0.5-1,17501,0,1.8181202166864407e-09,False
0.5-1,17502,0,6.214656902765229e-11,False
0.5-1,17503,0,6.427313765183031e-09,False
0.5-1,17504,0,2.6539106580183083e-11,False
0.5-1,17505,0,2.7681192844005485e-07,False
0.5-1,17506,0,1.0873230976181377e-10,False
0.5-1,17507,0,3.645579273828587e-12,False
0.5-1,17508,0,3.607727414397173e-09,False
0.5-1,17509,0,2.4640591481850522e-08,False
0.5-1,17510,0,3.8199684880945974e-05,False
0.5-1,17511,0,1.2061443200545212e-08,False
0.5-1,17512,0,5.996205012179896e-12,False
0.5-1,17513,0,2.5149245453919614e-08,False
0.5-1,17514,0,5.274231266381153e-10,False
0.5-1,17515,0,4.130686999354836e-09,False
0.5-1,17516,0,3.1417562151479386e-05,False
0.5-1,17517,0,2.42574580868913e-10,False
0.5-1,17518,0,9.628698286166774e-10,False
0.5-1,17519,0,1.292990438901041e-10,False
0.5-1,17520,0,2.1005186830297233e-07,False
0.5-1,17521,0,9.630863906274077e-08,False
0.5-1,17522,0,7.662871125707328e-09,False
0.5-1,17523,0,7.99759512481181e-09,False
0.5-1,17524,0,4.9567504904037356e-08,False
0.5-1,17525,0,5.933969983817226e-08,False
0.5-1,17526,0,2.149436033621461e-08,False
0.5-1,17527,0,1.0565428264716331e-08,False
0.5-1,17528,0,1.5312735224861897e-10,False
0.5-1,17529,0,1.9665760557738957e-09,False
0.5-1,17530,0,8.478224747667245e-12,False
0.5-1,17531,0,4.379643299062989e-09,False
0.5-1,17532,0,4.874267990317863e-07,False
0.5-1,17533,0,0.02004812972349827,False
0.5-1,17534,0,1.0580925824986687e-11,False
0.5-1,17535,0,4.690685553485401e-14,False
0.5-1,17536,0,5.281623334552456e-13,False
0.5-1,17537,0,1.931044709936352e-11,False
0.5-1,17538,0,1.2633559568743705e-05,False
0.5-1,17539,0,5.605487984791672e-09,False
0.5-1,17540,0,2.0302843379836898e-13,False
0.5-1,17541,0,5.424387770060556e-10,False
0.5-1,17542,0,1.7770738243284633e-11,False
0.5-1,17543,0,1.4180979865505514e-09,False
0.5-1,17544,0,2.3696763244047967e-06,False
0.5-1,17545,0,1.0051956696009277e-11,False
0.5-1,17546,0,5.723435767109973e-10,False
0.5-1,17547,0,5.115861824733502e-11,False
0.5-1,17548,0,1.3126577140499148e-08,False
0.5-1,17549,0,9.967851027307415e-10,False
0.5-1,17550,0,2.759116585871274e-10,False
0.5-1,17551,0,3.9936776670148065e-09,False
0.5-1,17552,0,1.8551103604315428e-09,False
0.5-1,17553,0,8.558235799219127e-09,False
0.5-1,17554,0,4.4558726430501596e-10,False
0.5-1,17555,0,6.528903075654134e-10,False
0.5-1,17556,0,1.2264015304588162e-09,False
0.5-1,17557,0,9.760497109936566e-11,False
0.5-1,17558,0,4.297992172067548e-13,False
0.5-1,17559,0,6.594620498333492e-08,False
0.5-1,17560,0,3.95446103084916e-14,False
0.5-1,17561,0,3.0931465438738523e-13,False
0.5-1,17562,0,0.8408025952387189,False
0.5-1,17563,0,1.794014715984416e-15,False
0.5-1,17564,0,6.3380705400227665e-15,False
0.5-1,17565,0,1.4382185692848782e-12,False
0.5-1,17566,0,7.260441532703042e-07,False
0.5-1,17567,0,3.796603866684305e-09,False
0.5-1,17568,0,3.149985847982303e-15,False
0.5-1,17569,0,3.151217510751282e-10,False
0.5-1,17570,0,9.319219060764673e-12,False
0.5-1,17571,0,2.6545045768391303e-10,False
0.5-1,17572,0,6.526123824038976e-08,False
0.5-1,17573,0,8.565092657803224e-11,False
0.5-1,17574,0,1.6225352847507585e-08,False
0.5-1,17575,0,5.652351679861496e-11,False
0.5-1,17576,0,3.127905762026908e-11,False
0.5-1,17577,0,8.394106112938146e-10,False
0.5-1,17578,0,6.938509521148243e-13,False
0.5-1,17579,0,1.4932906222921633e-08,False
0.5-1,17580,0,1.4020486560423046e-11,False
0.5-1,17581,0,6.398347910153207e-11,False
0.5-1,17582,0,1.2867154317325314e-12,False
0.5-1,17583,0,7.812254564029362e-12,False
0.5-1,17584,0,1.7886019320821725e-09,False
0.5-1,17585,0,4.83956608468233e-09,False
0.5-1,17586,0,3.0280081754877317e-11,False
0.5-1,17587,0,3.06313803194387e-08,False
0.5-1,17588,0,4.970488863184291e-13,False
0.5-1,17589,0,7.586332431921236e-14,False
0.5-1,17590,0,1.8986466387265592e-13,False
0.5-1,17591,0,3.2263426653802746e-16,False
0.5-1,17592,0,2.6558589303117115e-16,False
0.5-1,17593,0,6.420821662783719e-13,False
0.5-1,17594,0,4.147693317558276e-09,False
0.5-1,17595,0,3.4025429266294444e-11,False
0.5-1,17596,0,2.0991107964932886e-08,False
0.5-1,17597,0,1.4581203113022918e-11,False
0.5-1,17598,0,7.731889023010124e-12,False
0.5-1,17599,0,5.09908421024736e-10,False
0.5-1,17600,0,1.3132746261923268e-10,False
0.5-1,17601,0,2.3822526578142327e-10,False
0.5-1,17602,0,1.8800002359246545e-08,False
0.5-1,17603,0,9.580361995462537e-09,False
0.5-1,17604,0,3.1830414995310146e-15,False
0.5-1,17605,0,2.0484966882578804e-10,False
0.5-1,17606,0,1.5488412232258164e-17,False
0.5-1,17607,0,0.014017610271932256,False
0.5-1,17608,0,8.990492360309743e-14,False
0.5-1,17609,0,2.071843721427611e-13,False
0.5-1,17610,0,1.785935199017261e-14,False
0.5-1,17611,0,6.790267348284892e-15,False
0.5-1,17612,0,9.038161330223918e-05,False
0.5-1,17613,0,5.825954155979975e-10,False
0.5-1,17614,0,5.702658829401267e-09,False
0.5-1,17615,0,2.6634684018315624e-06,False
0.5-1,17616,0,5.4728957764993156e-15,False
0.5-1,17617,0,2.990824473753687e-16,False
0.5-1,17618,0,4.659272588063902e-10,False
0.5-1,17619,0,2.9607770500931547e-09,False
0.5-1,17620,0,1.839627810363313e-08,False
0.5-1,17621,0,1.6395390648861415e-14,False
0.5-1,17622,0,7.756080341017974e-13,False
0.5-1,17623,0,1.1876967870668125e-09,False
0.5-1,17624,0,1.434864262676279e-10,False
0.5-1,17625,0,4.312539370696672e-09,False
0.5-1,17626,0,4.601045449076765e-13,False
0.5-1,17627,0,1.7293392587465459e-09,False
0.5-1,17628,0,3.736962802491396e-15,False
0.5-1,17629,0,3.3534895087787453e-07,False
0.5-1,17630,0,6.893956773939914e-09,False
0.5-1,17631,0,4.992827693428645e-07,False
0.5-1,17632,0,1.005184164582802e-18,False
0.5-1,17633,0,9.692604986429176e-08,False
0.5-1,17634,0,1.0629096867743123e-23,False
0.5-1,17635,0,1.590984075851621e-06,False
0.5-1,17636,0,1.4046303185502747e-14,False
0.5-1,17637,0,5.649184754311154e-15,False
0.5-1,17638,0,3.5906155871164745e-11,False
0.5-1,17639,0,2.1690282590130744e-14,False
0.5-1,17640,0,9.079262368223762e-05,False
0.5-1,17641,0,3.112409109943675e-08,False
0.5-1,17642,0,8.978941879084542e-06,False
0.5-1,17643,0,1.6612325651511077e-05,False
0.5-1,17644,0,1.8439000830028707e-05,False
0.5-1,17645,0,8.195426566586783e-07,False
0.5-1,17646,0,0.005417177607321945,False
0.5-1,17647,0,0.010341456628884773,False
0.5-1,17648,0,8.6888530972827e-07,False
0.5-1,17649,0,3.386684086077901e-12,False
0.5-1,17650,0,3.404224012990628e-10,False
0.5-1,17651,0,2.389758913458596e-09,False
0.5-1,17652,0,1.9706342152014384e-08,False
0.5-1,17653,0,7.076766636791814e-12,False
0.5-1,17654,0,3.3641875059812313e-17,False
0.5-1,17655,0,8.467884641753261e-09,False
0.5-1,17656,0,1.1655753110949919e-07,False
0.5-1,17657,0,1.8219730746439981e-06,False
0.5-1,17658,0,9.507026357796653e-09,False
0.5-1,17659,0,2.5562449406154444e-08,False
0.5-1,17660,0,4.687899977796989e-21,False
0.5-1,17661,0,3.88673680998716e-05,False
0.5-1,17662,0,7.79114083721813e-07,False
0.5-1,17663,0,9.257815605559333e-06,False
0.5-1,17664,0,0.000631429434224437,False
0.5-1,17665,0,1.7128728508182212e-09,False
0.5-1,17666,0,4.595345309901466e-07,False
0.5-1,17667,0,1.0586104127763034e-11,False
0.5-1,17668,0,5.897903969814627e-12,False
0.5-1,17669,0,7.817402821635512e-12,False
0.5-1,17670,0,2.0209992562970734e-09,False
0.5-1,17671,0,1.1233546620982717e-11,False
0.5-1,17672,0,0.0004306082692114352,False
0.5-1,17673,0,0.0012195472773019597,False
0.5-1,17674,0,1.5426093763625972e-06,False
0.5-1,17675,0,0.020827817408525965,False
0.5-1,17676,0,2.3712331395803428e-07,False
0.5-1,17677,0,4.180825764163971e-09,False
0.5-1,17678,0,0.00023395271261166423,False
0.5-1,17679,0,1.6860150308303251e-06,False
0.5-1,17680,0,2.8237232316170214e-06,False
0.5-1,17681,0,3.857433417035402e-09,False
0.5-1,17682,0,0.016441623457540945,False
0.5-1,17683,0,2.220160293052498e-11,False
0.5-1,17684,0,4.936634167083693e-09,False
0.5-1,17685,0,1.1992335106805389e-08,False
0.5-1,17686,0,1.6756323854005457e-10,False
0.5-1,17687,0,7.999789818907575e-09,False
0.5-1,17688,0,1.325845890434023e-05,False
0.5-1,17689,0,1.0222653136093045e-10,False
0.5-1,17690,0,6.205938415080015e-08,False
0.5-1,17691,0,3.1268705943805756e-10,False
0.5-1,17692,0,7.008539345495085e-07,False
0.5-1,17693,0,2.0266325303787874e-07,False
0.5-1,17694,0,1.4738949711641886e-07,False
0.5-1,17695,0,1.895721394664288e-08,False
0.5-1,17696,0,1.0156678269573044e-08,False
0.5-1,17697,0,1.694089974004372e-10,False
0.5-1,17698,0,2.8126633458459336e-07,False
0.5-1,17699,0,2.424031424740539e-10,False
0.5-1,17700,0,3.9835943215351267e-10,False
0.5-1,17701,0,4.0647743732760733e-08,False
0.5-1,17702,0,8.342508929675692e-11,False
0.5-1,17703,0,4.553759267284029e-09,False
0.5-1,17704,0,1.494752222502231e-11,False
0.5-1,17705,0,1.059971573664427e-10,False
0.5-1,17706,0,2.666409006707253e-10,False
0.5-1,17707,0,2.419407967528677e-09,False
0.5-1,17708,0,5.004339273801052e-06,False
0.5-1,17709,0,6.779480709888364e-05,False
0.5-1,17710,0,1.488171907108015e-05,False
0.5-1,17711,0,6.619167925719353e-09,False
0.5-1,17712,0,4.9723189285240616e-11,False
0.5-1,17713,0,1.2883448877768247e-07,False
0.5-1,17714,0,2.2553380237445774e-10,False
0.5-1,17715,0,4.1911748551792355e-09,False
0.5-1,17716,0,1.7711044696782242e-05,False
0.5-1,17717,0,7.71258872141248e-11,False
0.5-1,17718,0,2.814643873352668e-09,False
0.5-1,17719,0,1.0973782563132309e-10,False
0.5-1,17720,0,2.4697445981103773e-06,False
0.5-1,17721,0,4.4981367999751167e-07,False
0.5-1,17722,0,2.52336424884185e-07,False
0.5-1,17723,0,1.9539107776471627e-07,False
0.5-1,17724,0,1.6106491146265693e-07,False
0.5-1,17725,0,2.712570283857009e-09,False
0.5-1,17726,0,8.730628106549669e-07,False
0.5-1,17727,0,2.211446263262956e-09,False
0.5-1,17728,0,3.652272813387599e-10,False
0.5-1,17729,0,4.692986729419062e-10,False
0.5-1,17730,0,4.640381602316981e-11,False
0.5-1,17731,0,1.5705221134127544e-09,False
0.5-1,17732,0,2.7010131582739934e-11,False
0.5-1,17733,0,8.058417556836759e-09,False
0.5-1,17734,0,2.6634591049664833e-10,False
0.5-1,17735,0,2.8399332360613035e-10,False
0.5-1,17736,0,1.3395495917459026e-11,False
0.5-1,17737,0,4.678678666771015e-11,False
0.5-1,17738,0,3.883954606696761e-05,False
0.5-1,17739,0,5.257230340937199e-08,False
0.5-1,17740,0,9.542708484241747e-12,False
0.5-1,17741,0,1.447832662686989e-07,False
0.5-1,17742,0,5.919174422787626e-10,False
0.5-1,17743,0,1.3620176910497065e-08,False
0.5-1,17744,0,5.158695479126217e-05,False
0.5-1,17745,0,3.4931237623078653e-10,False
0.5-1,17746,0,2.8820196951032535e-10,False
0.5-1,17747,0,7.364573202397556e-11,False
0.5-1,17748,0,9.039885741777359e-07,False
0.5-1,17749,0,1.0069077467455104e-07,False
0.5-1,17750,0,1.609561954987567e-07,False
0.5-1,17751,0,4.554824366140882e-08,False
0.5-1,17752,0,1.7229162718939131e-07,False
0.5-1,17753,0,1.3281187613966177e-08,False
0.5-1,17754,0,2.4586522812514225e-07,False
0.5-1,17755,0,3.87744520158099e-09,False
0.5-1,17756,0,2.5090454792570036e-10,False
0.5-1,17757,0,2.2179008662501514e-10,False
0.5-1,17758,0,2.1796959575554258e-11,False
0.5-1,17759,0,5.599144092721658e-10,False
0.5-1,17760,0,9.05237942522821e-13,False
0.5-1,17761,0,1.7397987882277776e-10,False
0.5-1,17762,0,7.826530402156993e-10,False
0.5-1,17763,0,1.057136419123416e-12,False
0.5-1,17764,0,3.8207811734684837e-11,False
0.5-1,17765,0,9.3480263683209e-12,False
0.5-1,17766,0,1.6621731119725924e-05,False
0.5-1,17767,0,1.2820200701450744e-08,False
0.5-1,17768,0,4.8634835568220665e-12,False
0.5-1,17769,0,4.1694969814994856e-08,False
0.5-1,17770,0,4.161401575662816e-10,False
0.5-1,17771,0,3.7903040811972405e-09,False
0.5-1,17772,0,7.562712072181522e-06,False
0.5-1,17773,0,5.804203643313929e-11,False
0.5-1,17774,0,2.361826445166837e-10,False
0.5-1,17775,0,5.182895343016789e-11,False
0.5-1,17776,0,1.9406870182644228e-07,False
0.5-1,17777,0,5.1479209592875237e-08,False
0.5-1,17778,0,8.538289854930275e-09,False
0.5-1,17779,0,7.843656958142976e-09,False
0.5-1,17780,0,4.462608606668316e-08,False
0.5-1,17781,0,1.4197490795505296e-08,False
0.5-1,17782,0,1.1592982965631624e-08,False
0.5-1,17783,0,1.994207853914928e-09,False
0.5-1,17784,0,5.918164258482045e-11,False
0.5-1,17785,0,6.386676338300073e-11,False
0.5-1,17786,0,1.496357332164078e-11,False
0.5-1,17787,0,1.5078879387764142e-10,False
0.5-1,17788,0,7.205360297420488e-13,False
0.5-1,17789,0,1.660680111028242e-11,False
0.5-1,17790,0,1.1239541543802496e-11,False
0.5-1,17791,0,4.839589116812888e-14,False
0.5-1,17792,0,2.630626938884896e-13,False
0.5-1,17793,0,3.3450666962842966e-10,False
0.5-1,17794,0,4.98697578792635e-06,False
0.5-1,17795,0,4.3511993503449974e-09,False
0.5-1,17796,0,4.651878836693672e-11,False
0.5-1,17797,0,2.637024487971223e-09,False
0.5-1,17798,0,2.4417038347079e-12,False
0.5-1,17799,0,3.3389874992795144e-08,False
0.5-1,17800,0,1.7689559504677473e-06,False
0.5-1,17801,0,1.0208312610554774e-09,False
0.5-1,17802,0,8.409736648408214e-10,False
0.5-1,17803,0,7.109031180642757e-11,False
0.5-1,17804,0,4.480155565492963e-09,False
0.5-1,17805,0,1.2616179270676242e-09,False
0.5-1,17806,0,2.709194366243201e-10,False
0.5-1,17807,0,1.872719554628907e-09,False
0.5-1,17808,0,7.562188782586265e-10,False
0.5-1,17809,0,5.3460317696277805e-09,False
0.5-1,17810,0,1.0406514198511408e-10,False
0.5-1,17811,0,4.2664411072738333e-10,False
0.5-1,17812,0,7.18919170447398e-11,False
0.5-1,17813,0,3.5274706834328294e-11,False
0.5-1,17814,0,5.100286130350915e-12,False
0.5-1,17815,0,8.946227425714895e-10,False
0.5-1,17816,0,3.8581452426298065e-13,False
0.5-1,17817,0,7.183125563995731e-13,False
0.5-1,17818,0,2.7116061223104927e-10,False
0.5-1,17819,0,3.669776600035933e-15,False
0.5-1,17820,0,1.2651822450576646e-10,False
0.5-1,17821,0,3.077360609650177e-12,False
0.5-1,17822,0,2.3665475186294263e-07,False
0.5-1,17823,0,2.5991766680432616e-09,False
0.5-1,17824,0,4.905825941294868e-15,False
0.5-1,17825,0,9.117684321515943e-09,False
0.5-1,17826,0,1.8731649037717744e-11,False
0.5-1,17827,0,2.2847987365437528e-09,False
0.5-1,17828,0,6.710220648110077e-08,False
0.5-1,17829,0,2.2569050099911638e-09,False
0.5-1,17830,0,4.227324967639932e-09,False
0.5-1,17831,0,3.3288335041315685e-11,False
0.5-1,17832,0,3.747674846207425e-11,False
0.5-1,17833,0,2.1019402623922305e-09,False
0.5-1,17834,0,4.222475500794472e-13,False
0.5-1,17835,0,5.76323985872115e-10,False
0.5-1,17836,0,7.961721690961053e-12,False
0.5-1,17837,0,1.5115466239905574e-10,False
0.5-1,17838,0,1.59116645134496e-12,False
0.5-1,17839,0,3.6258140221529043e-12,False
0.5-1,17840,0,7.929079115586839e-11,False
0.5-1,17841,0,1.2136128222524458e-11,False
0.5-1,17842,0,2.130019737111931e-10,False
0.5-1,17843,0,4.3074931562992105e-09,False
0.5-1,17844,0,1.9722391853550427e-14,False
0.5-1,17845,0,3.161442486738641e-14,False
0.5-1,17846,0,2.0410828709124346e-11,False
0.5-1,17847,0,1.2284866614964914e-17,False
0.5-1,17848,0,7.422629375412352e-14,False
0.5-1,17849,0,3.519822178565202e-14,False
0.5-1,17850,0,3.0367438746669485e-09,False
0.5-1,17851,0,4.590310506259694e-11,False
0.5-1,17852,0,3.7011784349751924e-12,False
0.5-1,17853,0,7.415142414833459e-10,False
0.5-1,17854,0,8.739554372564759e-11,False
0.5-1,17855,0,0.8799662081163865,False
0.5-1,17856,0,8.565110922442939e-11,False
0.5-1,17857,0,3.095139586320051e-09,False
0.5-1,17858,0,3.701468068475589e-08,False
0.5-1,17859,0,5.622883024975016e-09,False
0.5-1,17860,0,3.478841646118658e-15,False
0.5-1,17861,0,3.240085802667894e-10,False
0.5-1,17862,0,1.6412928276393453e-17,False
0.5-1,17863,0,1.6644604280430486e-10,False
0.5-1,17864,0,2.334553390206398e-14,False
0.5-1,17865,0,5.071954330462739e-13,False
0.5-1,17866,0,8.171630914284645e-14,False
0.5-1,17867,0,8.488939115216682e-15,False
0.5-1,17868,0,2.086820086190175e-07,False
0.5-1,17869,0,6.328416195712913e-11,False
0.5-1,17870,0,1.4199410134435044e-09,False
0.5-1,17871,0,4.059172888999578e-06,False
0.5-1,17872,0,6.58198998831361e-12,False
0.5-1,17873,0,5.6083847186203205e-12,False
0.5-1,17874,0,1.2778700667183367e-12,False
0.5-1,17875,0,1.7134119963233406e-13,False
0.5-1,17876,0,1.3852398740361421e-08,False
0.5-1,17877,0,1.0549596068952692e-13,False
0.5-1,17878,0,3.4463143890191663e-12,False
0.5-1,17879,0,4.567091175495851e-09,False
0.5-1,17880,0,3.761380012404456e-15,False
0.5-1,17881,0,2.1004348926264374e-07,False
0.5-1,17882,0,5.6623702939546564e-14,False
0.5-1,17883,0,3.4019237066471355e-07,False
0.5-1,17884,0,6.265607995133459e-15,False
0.5-1,17885,0,2.2767290585587863e-05,False
0.5-1,17886,0,1.5627669047278095e-07,False
0.5-1,17887,0,8.468319853189855e-06,False
0.5-1,17888,0,2.9416799500278696e-18,False
0.5-1,17889,0,6.135592870911276e-07,False
0.5-1,17890,0,7.658398794734184e-22,False
0.5-1,17891,0,1.6671676932577118e-06,False
0.5-1,17892,0,2.5805225051044544e-13,False
0.5-1,17893,0,5.686970884201915e-14,False
0.5-1,17894,0,9.923297875864904e-08,False
0.5-1,17895,0,1.2667180241259e-11,False
0.5-1,17896,0,1.8765191943679467e-05,False
0.5-1,17897,0,2.5542148535862393e-10,False
0.5-1,17898,0,6.208502526835328e-06,False
0.5-1,17899,0,3.832495943576276e-06,False
0.5-1,17900,0,3.40159816186954e-05,False
0.5-1,17901,0,1.946800110046177e-08,False
0.5-1,17902,0,0.010122456047800252,False
0.5-1,17903,0,0.01605141283190631,False
0.5-1,17904,0,1.0352020072198616e-06,False
0.5-1,17905,0,4.0463248476720144e-14,False
0.5-1,17906,0,4.0549211028366614e-07,False
0.5-1,17907,0,1.4982703688134985e-06,False
0.5-1,17908,0,1.0555426410744037e-06,False
0.5-1,17909,0,2.5471862320444116e-14,False
0.5-1,17910,0,1.208485836844394e-16,False
0.5-1,17911,0,3.2581821375930005e-07,False
0.5-1,17912,0,1.9900097149093897e-07,False
0.5-1,17913,0,1.3574623613418852e-06,False
0.5-1,17914,0,2.0220257927915637e-09,False
0.5-1,17915,0,1.1486301049899343e-07,False
0.5-1,17916,0,7.572468055258433e-21,False
0.5-1,17917,0,0.00023110243463134148,False
0.5-1,17918,0,1.5883461199912428e-05,False
0.5-1,17919,0,1.9362455436887556e-05,False
0.5-1,17920,0,1.15880356173672e-05,False
0.5-1,17921,0,5.778607800027257e-09,False
0.5-1,17922,0,3.848505309524916e-06,False
0.5-1,17923,0,2.053427299293743e-11,False
0.5-1,17924,0,8.109864996943818e-12,False
0.5-1,17925,0,1.5723614021459993e-11,False
0.5-1,17926,0,2.4232419615532107e-09,False
0.5-1,17927,0,3.3477279907528857e-12,False
0.5-1,17928,0,2.276090040325882e-06,False
0.5-1,17929,0,1.8558550727584588e-07,False
0.5-1,17930,0,7.222050625509714e-08,False
0.5-1,17931,0,0.00023518733564728756,False
0.5-1,17932,0,8.74498009396856e-05,False
0.5-1,17933,0,1.2295295221064518e-11,False
0.5-1,17934,0,6.382018387684851e-07,False
0.5-1,17935,0,2.3583382757366768e-07,False
0.5-1,17936,0,3.318543980345395e-07,False
0.5-1,17937,0,1.8237432668964732e-09,False
0.5-1,17938,0,3.8107873467625775e-07,False
0.5-1,17939,0,7.827994736541218e-11,False
0.5-1,17940,0,1.0237209995254554e-10,False
0.5-1,17941,0,1.817626055349815e-08,False
0.5-1,17942,0,1.0936330765019962e-10,False
0.5-1,17943,0,2.2465841105678805e-08,False
0.5-1,17944,0,2.10634441872246e-06,False
0.5-1,17945,0,1.92939102379638e-09,False
0.5-1,17946,0,9.874548239905068e-08,False
0.5-1,17947,0,2.2444523210478387e-08,False
0.5-1,17948,0,7.344348356888898e-07,False
0.5-1,17949,0,2.752494996823184e-07,False
0.5-1,17950,0,4.5689105526723623e-08,False
0.5-1,17951,0,1.71239361295101e-08,False
0.5-1,17952,0,3.730897062587492e-09,False
0.5-1,17953,0,5.5831306201018764e-11,False
0.5-1,17954,0,1.4138333813975533e-07,False
0.5-1,17955,0,1.1669931166545645e-10,False
0.5-1,17956,0,1.5083095493555756e-10,False
0.5-1,17957,0,1.947560654172121e-10,False
0.5-1,17958,0,5.652280370666702e-11,False
0.5-1,17959,0,1.9926547617935842e-09,False
0.5-1,17960,0,2.7529786242535686e-11,False
0.5-1,17961,0,5.869680623745725e-11,False
0.5-1,17962,0,5.766370617280129e-09,False
0.5-1,17963,0,1.4216273975132067e-10,False
0.5-1,17964,0,8.789057838965552e-11,False
0.5-1,17965,0,4.72585252307552e-12,False
0.5-1,17966,0,3.3733371869101605e-07,False
0.5-1,17967,0,5.524653854904519e-08,False
0.5-1,17968,0,7.513548449109081e-10,False
0.5-1,17969,0,1.655797044781002e-07,False
0.5-1,17970,0,2.754066826389307e-10,False
0.5-1,17971,0,4.5652669125508765e-09,False
0.5-1,17972,0,5.288266436101639e-06,False
0.5-1,17973,0,4.0344515616169593e-10,False
0.5-1,17974,0,4.177235107217431e-09,False
0.5-1,17975,0,7.074895803260067e-11,False
0.5-1,17976,0,1.0245175690534236e-06,False
0.5-1,17977,0,3.8190124362338624e-07,False
0.5-1,17978,0,6.889433944771777e-08,False
0.5-1,17979,0,8.481276238901701e-08,False
0.5-1,17980,0,5.977842644582036e-08,False
0.5-1,17981,0,1.2742244396069024e-09,False
0.5-1,17982,0,3.0380276613210716e-07,False
0.5-1,17983,0,3.0953107688956574e-10,False
0.5-1,17984,0,1.7780624576924636e-10,False
0.5-1,17985,0,1.7398086321336895e-10,False
0.5-1,17986,0,2.8747337083932736e-11,False
0.5-1,17987,0,2.2137608399389963e-09,False
0.5-1,17988,0,1.5329435132579526e-06,False
0.5-1,17989,0,1.4089581961294347e-09,False
0.5-1,17990,0,3.965247985806379e-11,False
0.5-1,17991,0,2.549732191276187e-07,False
0.5-1,17992,0,7.200188197995237e-10,False
0.5-1,17993,0,4.079557056447552e-09,False
0.5-1,17994,0,9.756641200491155e-07,False
0.5-1,17995,0,1.06098748031737e-07,False
0.5-1,17996,0,1.781196769170934e-11,False
0.5-1,17997,0,8.39083096797347e-09,False
0.5-1,17998,0,1.0669192965687902e-10,False
0.5-1,17999,0,5.05404887334983e-09,False
0.5-1,18000,0,6.1961011267319355e-06,False
0.5-1,18001,0,8.64617229457665e-11,False
0.5-1,18002,0,7.037920780798081e-10,False
0.5-1,18003,0,3.2078960506953466e-11,False
0.5-1,18004,0,4.123998738908967e-07,False
0.5-1,18005,0,9.76562124416012e-08,False
0.5-1,18006,0,1.9911921869323285e-08,False
0.5-1,18007,0,1.7133558306009054e-07,False
0.5-1,18008,0,4.489883159744461e-08,False
0.5-1,18009,0,7.98023465137773e-09,False
0.5-1,18010,0,1.744469169350135e-07,False
0.5-1,18011,0,5.177105421027245e-10,False
0.5-1,18012,0,1.6611348770925884e-10,False
0.5-1,18013,0,1.5534627582628158e-10,False
0.5-1,18014,0,1.748158402746023e-11,False
0.5-1,18015,0,7.030781314461803e-10,False
0.5-1,18016,0,2.7544810719582877e-12,False
0.5-1,18017,0,6.174413098391307e-08,False
0.5-1,18018,0,4.385938701571442e-09,False
0.5-1,18019,0,1.9158108641020277e-12,False
0.5-1,18020,0,3.3038771349212925e-12,False
0.5-1,18021,0,3.2600313861089785e-10,False
0.5-1,18022,0,1.5779131374444067e-06,False
0.5-1,18023,0,1.2004575773572682e-08,False
0.5-1,18024,0,6.468951511257663e-12,False
0.5-1,18025,0,1.2582350494447147e-08,False
0.5-1,18026,0,3.5038824231550403e-09,False
0.5-1,18027,0,1.1252293121781124e-09,False
0.5-1,18028,0,3.263801669384088e-06,False
0.5-1,18029,0,9.223738730226408e-11,False
0.5-1,18030,0,1.3831778434195552e-09,False
0.5-1,18031,0,2.981800310196999e-11,False
0.5-1,18032,0,1.029898952712861e-07,False
0.5-1,18033,0,8.624269162291586e-08,False
0.5-1,18034,0,1.980547140416531e-09,False
0.5-1,18035,0,2.607994687700279e-08,False
0.5-1,18036,0,7.030678260188463e-09,False
0.5-1,18037,0,1.0621505735915847e-08,False
0.5-1,18038,0,9.118520501231776e-09,False
0.5-1,18039,0,2.583911376022526e-10,False
0.5-1,18040,0,8.069010857514641e-11,False
0.5-1,18041,0,6.843008767790121e-11,False
0.5-1,18042,0,1.575441031395509e-11,False
0.5-1,18043,0,3.0687992082771623e-09,False
0.5-1,18044,0,7.712491787991113e-13,False
0.5-1,18045,0,1.7515527617361795e-11,False
0.5-1,18046,0,3.4403493319890374e-11,False
0.5-1,18047,0,4.3304164634201225e-11,False
0.5-1,18048,0,6.842319265312467e-13,False
0.5-1,18049,0,1.587152702188748e-11,False
0.5-1,18050,0,2.3150863693440976e-07,False
0.5-1,18051,0,9.62794433184477e-10,False
0.5-1,18052,0,1.0782095834850135e-13,False
0.5-1,18053,0,5.725854906703756e-10,False
0.5-1,18054,0,2.6284912889892085e-09,False
0.5-1,18055,0,2.3126747292168033e-09,False
0.5-1,18056,0,4.755367137791183e-07,False
0.5-1,18057,0,1.5198441302428787e-10,False
0.5-1,18058,0,9.851148341302397e-11,False
0.5-1,18059,0,8.220039452623321e-12,False
0.5-1,18060,0,2.6459710402894646e-09,False
0.5-1,18061,0,3.900850041220551e-09,False
0.5-1,18062,0,3.63118266627574e-11,False
0.5-1,18063,0,4.4294482756147736e-08,False
0.5-1,18064,0,3.4012816980874996e-10,False
0.5-1,18065,0,1.73780477746548e-09,False
0.5-1,18066,0,2.4935644541594523e-10,False
0.5-1,18067,0,6.389059688583636e-11,False
0.5-1,18068,0,1.56232361738135e-10,False
0.5-1,18069,0,1.5644780694249965e-10,False
0.5-1,18070,0,8.278146261612295e-11,False
0.5-1,18071,0,1.042075758557948e-08,False
0.5-1,18072,0,1.578239344230656e-13,False
0.5-1,18073,0,2.4658353047757564e-12,False
0.5-1,18074,0,9.400612787003227e-07,False
0.5-1,18075,0,2.4656536677398687e-13,False
0.5-1,18076,0,3.8010374383381904e-13,False
0.5-1,18077,0,1.2228611274264316e-11,False
0.5-1,18078,0,4.175059339302233e-08,False
0.5-1,18079,0,1.2729787779919955e-10,False
0.5-1,18080,0,6.267795599061603e-13,False
0.5-1,18081,0,3.7166837827368233e-09,False
0.5-1,18082,0,1.327544347754265e-10,False
0.5-1,18083,0,1.1616132561040024e-10,False
0.5-1,18084,0,2.9335742258059605e-08,False
0.5-1,18085,0,3.055756155659352e-11,False
0.5-1,18086,0,1.9971178533771338e-10,False
0.5-1,18087,0,1.2454986950415633e-12,False
0.5-1,18088,0,2.732165967054742e-11,False
0.5-1,18089,0,9.966332373801183e-09,False
0.5-1,18090,0,1.2349956354308907e-13,False
0.5-1,18091,0,3.6480867811675676e-09,False
0.5-1,18092,0,3.5128567579757948e-12,False
0.5-1,18093,0,5.468943452636678e-11,False
0.5-1,18094,0,1.200373988102428e-12,False
0.5-1,18095,0,1.695345491830454e-12,False
0.5-1,18096,0,6.643035190785826e-10,False
0.5-1,18097,0,1.6356496016272873e-10,False
0.5-1,18098,0,4.2901411613480177e-10,False
0.5-1,18099,0,7.090942803947622e-10,False
0.5-1,18100,0,3.91327466200106e-15,False
0.5-1,18101,0,6.047421386900489e-14,False
0.5-1,18102,0,6.77660364255998e-12,False
0.5-1,18103,0,2.3868990469282564e-12,False
0.5-1,18104,0,1.0882650588363655e-13,False
0.5-1,18105,0,2.5535149770833027e-13,False
0.5-1,18106,0,3.0931994019531235e-10,False
0.5-1,18107,0,1.492758923702215e-11,False
0.5-1,18108,0,6.549300765778764e-14,False
0.5-1,18109,0,5.6535372570295644e-11,False
0.5-1,18110,0,6.438166636364415e-12,False
0.5-1,18111,0,1.300996006797808e-10,False
0.5-1,18112,0,1.1903913738894252e-10,False
0.5-1,18113,0,6.101972597538608e-09,False
0.5-1,18114,0,1.2928223098377107e-11,False
0.5-1,18115,0,7.339799935725569e-12,False
0.5-1,18116,0,1.0274941511753491e-14,False
0.5-1,18117,0,4.539975379862981e-09,False
0.5-1,18118,0,1.7898402948110976e-17,False
0.5-1,18119,0,2.402034257917373e-09,False
0.5-1,18120,0,1.3269484154653227e-14,False
0.5-1,18121,0,6.097587132282761e-13,False
0.5-1,18122,0,9.951373557554421e-14,False
0.5-1,18123,0,1.2560748930327825e-14,False
0.5-1,18124,0,8.128369514927636e-06,False
0.5-1,18125,0,4.3048544245932933e-10,False
0.5-1,18126,0,2.1126105029995532e-05,False
0.5-1,18127,0,1.846221073649899e-08,False
0.5-1,18128,0,1.0875313611133043e-13,False
0.5-1,18129,0,1.865939844309101e-13,False
0.5-1,18130,0,8.480975133735949e-13,False
0.5-1,18131,0,3.3749557575077526e-07,False
0.5-1,18132,0,5.890087912447302e-12,False
0.5-1,18133,0,5.0092378791723213e-14,False
0.5-1,18134,0,4.4018741933534897e-13,False
0.5-1,18135,0,4.787275388999141e-10,False
0.5-1,18136,0,5.522158281168117e-11,False
0.5-1,18137,0,1.1759333397211359e-08,False
0.5-1,18138,0,7.551836094536814e-14,False
0.5-1,18139,0,1.8249131954821414e-09,False
0.5-1,18140,0,3.63657714436428e-14,False
0.5-1,18141,0,6.569625352926726e-05,False
0.5-1,18142,0,2.3768659774730247e-10,False
0.5-1,18143,0,1.4675398749769988e-07,False
0.5-1,18144,0,1.229631090434531e-18,False
0.5-1,18145,0,1.1741878750498046e-06,False
0.5-1,18146,0,3.2397938166281474e-22,False
0.5-1,18147,0,2.3222643385348907e-07,False
0.5-1,18148,0,1.5498661282602012e-13,False
0.5-1,18149,0,5.127903874421386e-14,False
0.5-1,18150,0,0.00012059929372392557,False
0.5-1,18151,0,3.997098059807877e-11,False
0.5-1,18152,0,3.173771092954466e-05,False
0.5-1,18153,0,7.725994690582806e-09,False
0.5-1,18154,0,0.0001965861304762919,False
0.5-1,18155,0,3.871249553061436e-08,False
0.5-1,18156,0,0.00011749399913195952,False
0.5-1,18157,0,1.4937518080049404e-07,False
0.5-1,18158,0,0.011538178882272019,False
0.5-1,18159,0,0.03571166241672501,False
0.5-1,18160,0,8.208275503137368e-06,False
0.5-1,18161,0,1.577222753961715e-11,False
0.5-1,18162,0,5.755359875501249e-09,False
0.5-1,18163,0,1.1879680927076994e-06,False
0.5-1,18164,0,1.5260581942982446e-08,False
0.5-1,18165,0,1.336679487427583e-15,False
0.5-1,18166,0,3.322472138422555e-16,False
0.5-1,18167,0,7.737519282232802e-09,False
0.5-1,18168,0,6.395851466580325e-08,False
0.5-1,18169,0,1.283847828677795e-06,False
0.5-1,18170,0,7.711889623752244e-12,False
0.5-1,18171,0,3.760544580079836e-09,False
0.5-1,18172,0,3.6853033931230307e-20,False
0.5-1,18173,0,0.002193622178181236,False
0.5-1,18174,0,4.690676642827558e-08,False
0.5-1,18175,0,2.71454286163359e-05,False
0.5-1,18176,0,1.6610829912286925e-09,False
0.5-1,18177,0,6.935156631025898e-09,False
0.5-1,18178,0,1.5744426518511587e-12,False
0.5-1,18179,0,1.1662458776781894e-11,False
0.5-1,18180,0,1.203035538870405e-08,False
0.5-1,18181,0,1.7138735399102314e-11,False
0.5-1,18182,0,3.9610657605161665e-09,False
0.5-1,18183,0,3.677302612754828e-14,False
0.5-1,18184,0,2.7005287443957337e-06,False
0.5-1,18185,0,1.570047383353449e-10,False
0.5-1,18186,0,1.899326797242509e-11,False
0.5-1,18187,0,0.0006416178341847697,False
0.5-1,18188,0,1.5806006541164623e-10,False
0.5-1,18189,0,1.4077137809779442e-09,False
0.5-1,18190,0,8.888399015915246e-10,False
0.5-1,18191,0,3.4016369837592234e-07,False
0.5-1,18192,0,0.7163471909046191,False
0.5-1,18193,0,0.15481074524872987,False
0.5-1,18194,0,0.007864173619318977,False
0.5-1,18195,0,0.09844313415572575,False
0.5-1,18196,0,6.83437862570503e-17,False
0.5-1,18197,0,6.820008501227802e-19,False
0.5-1,18198,0,5.269882318084989e-12,False
0.5-1,18199,0,4.405365264909125e-10,False
0.5-1,18200,1,0.9999381628105529,True
0.5-1,18201,0,6.753177954588636e-10,False
0.5-1,18202,0,1.7296095663721107e-15,False
0.5-1,18203,0,5.523249195168583e-10,False
0.5-1,18204,0,5.8105190120617866e-08,False
0.5-1,18205,0,2.3929680110402137e-10,False
0.5-1,18206,0,3.64463251365967e-11,False
0.5-1,18207,0,1.8165276328368351e-12,False
0.5-1,18208,0,3.9856255247123505e-08,False
0.5-1,18209,0,6.40767410730711e-08,False
0.5-1,18210,0,2.48149209549963e-11,False
0.5-1,18211,0,2.9550549435727445e-10,False
0.5-1,18212,0,3.417067805956591e-10,False
0.5-1,18213,0,2.41434631508545e-12,False
0.5-1,18214,0,6.703956183791061e-08,False
0.5-1,18215,0,4.455433673833646e-13,False
0.5-1,18216,0,7.184029254792455e-11,False
0.5-1,18217,0,3.8696506193394736e-11,False
0.5-1,18218,0,1.0407060043660439e-12,False
0.5-1,18219,0,2.648783445494056e-09,False
0.5-1,18220,0,4.843894125287772e-13,False
0.5-1,18221,0,1.3872769413819449e-08,False
0.5-1,18222,0,3.288412380930882e-11,False
0.5-1,18223,0,3.341970644215522e-10,False
0.5-1,18224,0,0.9366121102593783,False
0.5-1,18225,0,0.7594326148407076,False
0.5-1,18226,0,0.0708856640181387,False
0.5-1,18227,0,0.35545139407133874,False
0.5-1,18228,0,2.0031017594489093e-08,False
0.5-1,18229,0,9.431198269002894e-10,False
0.5-1,18230,0,5.221397786366479e-11,False
0.5-1,18231,0,5.257553978807831e-08,False
0.5-1,18232,0,5.655148772215532e-10,False
0.5-1,18233,0,2.388013283754343e-10,False
0.5-1,18234,0,3.824283934364571e-08,False
0.5-1,18235,0,1.6449989895079248e-09,False
0.5-1,18236,0,6.719969292659446e-07,False
0.5-1,18237,0,7.040214167226733e-10,False
0.5-1,18238,0,0.006137188810904355,False
0.5-1,18239,0,2.993872272196957e-13,False
0.5-1,18240,0,7.849211628960883e-08,False
0.5-1,18241,0,4.2028509736498236e-08,False
0.5-1,18242,0,3.027243667610657e-10,False
0.5-1,18243,0,2.4467593903755316e-10,False
0.5-1,18244,0,3.1080300580798785e-10,False
0.5-1,18245,0,1.7923403335806842e-10,False
0.5-1,18246,0,7.762830162294483e-08,False
0.5-1,18247,0,7.655361529668932e-12,False
0.5-1,18248,0,4.212051002301152e-09,False
0.5-1,18249,0,0.2075031864598193,False
0.5-1,18250,0,4.944450865349039e-13,False
0.5-1,18251,0,1.2615878675945189e-08,False
0.5-1,18252,0,0.023688715553927302,False
0.5-1,18253,0,2.145559017493169e-11,False
0.5-1,18254,0,3.2125691222025665e-09,False
0.5-1,18255,0,2.2060172938131656e-09,False
0.5-1,18256,0,0.9405594194041905,False
0.5-1,18257,0,0.9410703067812469,False
0.5-1,18258,0,0.3325418417580214,False
0.5-1,18259,0,0.7027815548169976,False
0.5-1,18260,0,2.291162506926525e-09,False
0.5-1,18261,0,1.1047944613385647e-07,False
0.5-1,18262,0,1.5077848014850014e-09,False
0.5-1,18263,0,1.8344442792779987e-07,False
0.5-1,18264,0,4.237178094325971e-10,False
0.5-1,18265,0,4.717951737216533e-11,False
0.5-1,18266,0,1.922656890261672e-10,False
0.5-1,18267,0,1.3606790606367198e-09,False
0.5-1,18268,0,1.0953659729484983e-06,False
0.5-1,18269,0,8.762964935394122e-10,False
0.5-1,18270,0,0.0039900709606312335,False
0.5-1,18271,0,5.046363063314628e-12,False
0.5-1,18272,0,7.672999265919125e-09,False
0.5-1,18273,0,2.3964469765604192e-08,False
0.5-1,18274,0,0.6620896329067715,False
0.5-1,18275,0,4.454635758995646e-10,False
0.5-1,18276,0,5.6242435504874263e-11,False
0.5-1,18277,0,5.140377031356504e-10,False
0.5-1,18278,0,3.08945851724985e-08,False
0.5-1,18279,0,1.117446197802598e-11,False
0.5-1,18280,0,1.1502457341339865e-10,False
0.5-1,18281,0,2.7379177050611046e-11,False
0.5-1,18282,0,4.924597851904903e-13,False
0.5-1,18283,0,4.419609167920977e-09,False
0.5-1,18284,0,6.60296421131397e-11,False
0.5-1,18285,0,3.283757486980207e-09,False
0.5-1,18286,0,4.212366584350892e-06,False
0.5-1,18287,0,8.214049232321449e-11,False
0.5-1,18288,0,0.8573323825064103,False
0.5-1,18289,0,0.9170640009654709,False
0.5-1,18290,0,0.5069742580038348,False
0.5-1,18291,0,0.635755778842691,False
0.5-1,18292,0,2.574258014894983e-11,False
0.5-1,18293,0,9.697894939757439e-11,False
0.5-1,18294,0,4.942194259310451e-09,False
0.5-1,18295,0,1.005585688227239e-08,False
0.5-1,18296,0,4.451432925495409e-09,False
0.5-1,18297,0,1.842313667977068e-10,False
0.5-1,18298,0,4.660865331128053e-09,False
0.5-1,18299,0,1.2917544631279926e-09,False
0.5-1,18300,0,3.1099509562540663e-07,False
0.5-1,18301,0,8.799752749908972e-10,False
0.5-1,18302,0,2.0571173209288288e-09,False
0.5-1,18303,0,3.994362888045984e-11,False
0.5-1,18304,0,6.962740341139845e-09,False
0.5-1,18305,0,1.6738730547745345e-08,False
0.5-1,18306,0,8.034647865867184e-12,False
0.5-1,18307,0,6.975571661582412e-12,False
0.5-1,18308,0,4.7315930717833044e-12,False
0.5-1,18309,0,6.343510685995015e-10,False
0.5-1,18310,0,3.679288925245606e-09,False
0.5-1,18311,0,3.8179507822637323e-13,False
0.5-1,18312,0,1.5924352195388555e-10,False
0.5-1,18313,0,4.099488239882415e-12,False
0.5-1,18314,0,1.8981213030592123e-13,False
0.5-1,18315,0,8.895816681770014e-10,False
0.5-1,18316,0,2.597672565188511e-12,False
0.5-1,18317,0,7.659355518210641e-10,False
0.5-1,18318,0,9.385121239713686e-10,False
0.5-1,18319,0,3.3955220506607546e-11,False
0.5-1,18320,0,0.3256203651558582,False
0.5-1,18321,0,0.603304807967705,False
0.5-1,18322,0,0.2948179782230604,False
0.5-1,18323,0,0.20988401404150914,False
0.5-1,18324,0,2.38805877051012e-09,False
0.5-1,18325,0,3.612123904180109e-10,False
0.5-1,18326,0,1.3463408853870407e-09,False
0.5-1,18327,0,7.1055556097331e-08,False
0.5-1,18328,0,3.2828070072520525e-12,False
0.5-1,18329,0,3.648177878821934e-12,False
0.5-1,18330,0,3.2301198226702403e-07,False
0.5-1,18331,0,3.6173751709079618e-09,False
0.5-1,18332,0,1.0136678259476049e-07,False
0.5-1,18333,0,6.445073252053993e-09,False
0.5-1,18334,0,1.7952331699334974e-09,False
0.5-1,18335,0,2.1538574475811816e-11,False
0.5-1,18336,0,5.67592113731396e-10,False
0.5-1,18337,0,9.855815215762447e-10,False
0.5-1,18338,0,3.89582619595778e-13,False
0.5-1,18339,0,1.787442544394076e-11,False
0.5-1,18340,0,9.624605367472083e-14,False
0.5-1,18341,0,2.994399184111193e-10,False
0.5-1,18342,0,4.192020593013188e-11,False
0.5-1,18343,0,1.2877899630240961e-14,False
0.5-1,18344,0,3.368041693562447e-11,False
0.5-1,18345,0,1.9281523310330613e-12,False
0.5-1,18346,0,5.309128491765302e-14,False
0.5-1,18347,0,1.78492953855344e-08,False
0.5-1,18348,0,6.840236671983886e-08,False
0.5-1,18349,0,2.1654742968280514e-08,False
0.5-1,18350,0,5.553491720649806e-09,False
0.5-1,18351,0,3.113325645238594e-10,False
0.5-1,18352,0,0.03781024004138471,False
0.5-1,18353,0,0.06961394046382814,False
0.5-1,18354,0,0.060621668091024365,False
0.5-1,18355,0,0.03386868427723933,False
0.5-1,18356,0,1.2832992267565292e-10,False
0.5-1,18357,0,1.2572794827863066e-10,False
0.5-1,18358,0,1.4740634294515547e-10,False
0.5-1,18359,0,7.161938771809075e-09,False
0.5-1,18360,0,7.314713286223308e-09,False
0.5-1,18361,0,1.5696685200981441e-12,False
0.5-1,18362,0,4.997687154586222e-06,False
0.5-1,18363,0,3.0416017348582393e-10,False
0.5-1,18364,0,4.801066958701261e-09,False
0.5-1,18365,0,1.5032592795762438e-10,False
0.5-1,18366,0,4.937754065275943e-10,False
0.5-1,18367,0,1.238072415862424e-10,False
0.5-1,18368,0,1.1911068640989538e-12,False
0.5-1,18369,0,1.1673878745927339e-09,False
0.5-1,18370,0,1.2157020509048926e-16,False
0.5-1,18371,0,1.5615769649037028e-13,False
0.5-1,18372,0,5.36000171888756e-16,False
0.5-1,18373,0,1.4920279816762394e-11,False
0.5-1,18374,0,5.795131840580205e-13,False
0.5-1,18375,0,1.7476486663275064e-17,False
0.5-1,18376,0,4.4711917933622086e-11,False
0.5-1,18377,0,2.7551874032380544e-13,False
0.5-1,18378,0,2.5181086212284286e-13,False
0.5-1,18379,0,5.381452547427409e-10,False
0.5-1,18380,0,8.885715800589568e-15,False
0.5-1,18381,0,3.648220389523414e-14,False
0.5-1,18382,0,7.778052429728591e-14,False
0.5-1,18383,0,1.291123464492799e-12,False
0.5-1,18384,0,0.0002721056449220389,False
0.5-1,18385,0,0.001117835632489468,False
0.5-1,18386,0,0.0041155059528839725,False
0.5-1,18387,0,0.0013291342819194364,False
0.5-1,18388,0,5.2782841253959443e-11,False
0.5-1,18389,0,2.8312113588783762e-09,False
0.5-1,18390,0,2.895352289997944e-12,False
0.5-1,18391,0,5.237593734344558e-09,False
0.5-1,18392,0,1.701421107643211e-13,False
0.5-1,18393,0,9.996592053877248e-16,False
0.5-1,18394,0,2.950469259010748e-10,False
0.5-1,18395,0,1.7835365278222386e-11,False
0.5-1,18396,0,2.3542651771808473e-11,False
0.5-1,18397,0,1.221173666141533e-09,False
0.5-1,18398,0,6.208380456277714e-10,False
0.5-1,18399,0,1.8371101172563585e-12,False
0.5-1,18400,0,1.8290260174320838e-15,False
0.5-1,18401,0,1.9930478545894366e-11,False
0.5-1,18402,0,8.67028654945165e-20,False
0.5-1,18403,0,1.1162644734017367e-14,False
0.5-1,18404,0,5.608187441977006e-19,False
0.5-1,18405,0,2.647415054307159e-13,False
0.5-1,18406,0,9.922768479547822e-14,False
0.5-1,18407,0,3.173913219932618e-19,False
0.5-1,18408,0,1.964636179633085e-09,False
0.5-1,18409,0,3.696902025229226e-15,False
0.5-1,18410,0,2.0840052807693327e-14,False
0.5-1,18411,0,3.229570005902728e-10,False
0.5-1,18412,0,1.0938652835102329e-09,False
0.5-1,18413,0,8.98618736818028e-11,False
0.5-1,18414,0,4.9893093469888184e-11,False
0.5-1,18415,0,5.702295320651015e-10,False
0.5-1,18416,0,5.210081920197001e-07,False
0.5-1,18417,0,8.879647081968014e-06,False
0.5-1,18418,0,4.991989517579586e-05,False
0.5-1,18419,0,1.0857675952090324e-05,False
0.5-1,18420,0,5.625519844428395e-11,False
0.5-1,18421,0,2.0745955421239727e-15,False
0.5-1,18422,0,4.282802393803007e-15,False
0.5-1,18423,0,6.606712213890714e-07,False
0.5-1,18424,0,2.162556853327418e-13,False
0.5-1,18425,0,1.47368365357712e-15,False
0.5-1,18426,0,2.574285652844145e-14,False
0.5-1,18427,0,5.480716052783935e-11,False
0.5-1,18428,0,9.780547561872676e-15,False
0.5-1,18429,0,2.1569189793413963e-05,False
0.5-1,18430,0,3.81072142317332e-11,False
0.5-1,18431,0,6.984946349498059e-11,False
0.5-1,18432,0,1.0525570533773114e-17,False
0.5-1,18433,0,3.953264218183117e-08,False
0.5-1,18434,0,1.4293930658721273e-21,False
0.5-1,18435,0,8.153496916040822e-14,False
0.5-1,18436,0,3.955687039638795e-18,False
0.5-1,18437,0,1.2171259679001038e-13,False
0.5-1,18438,0,8.976998351137408e-06,False
0.5-1,18439,0,1.082195654780398e-12,False
0.5-1,18440,0,3.582229576788406e-06,False
0.5-1,18441,0,4.693948116165679e-14,False
0.5-1,18442,0,9.159009778239491e-09,False
0.5-1,18443,0,4.502857525590733e-08,False
0.5-1,18444,0,0.00015626678124201619,False
0.5-1,18445,0,9.365199646673311e-12,False
0.5-1,18446,0,0.0006400439803090235,False
0.5-1,18447,0,1.951753789273536e-05,False
0.5-1,18448,0,9.378575990162503e-07,False
0.5-1,18449,0,4.248681381389542e-23,False
0.5-1,18450,0,7.298339250473363e-07,False
0.5-1,18451,0,9.458782803099813e-07,False
0.5-1,18452,0,1.1163179211783967e-10,False
0.5-1,18453,0,3.350984148185457e-08,False
0.5-1,18454,0,1.5917745167746758e-06,False
0.5-1,18455,0,6.533817955309892e-07,False
0.5-1,18456,0,2.464012905999451e-05,False
0.5-1,18457,0,1.0231262343111734e-17,False
0.5-1,18458,0,5.461819023649231e-18,False
0.5-1,18459,0,8.65301357969867e-08,False
0.5-1,18460,0,3.779693525665261e-08,False
0.5-1,18461,0,3.088846553974852e-14,False
0.5-1,18462,0,6.978417193312792e-13,False
0.5-1,18463,0,1.4911945403371584e-10,False
0.5-1,18464,0,2.315974144404475e-19,False
0.5-1,18465,0,0.0008862755039460704,False
0.5-1,18466,0,1.0081627666723214e-09,False
0.5-1,18467,0,4.389735404491468e-09,False
