node_id,degree,peak_local_diameter_original_voxels,robust_local_diameter_original_voxels,incident_edge_diameter_contrast,node_to_strut_diameter_ratio,incident_edge_count_with_diameter
1,3,58.78775405883789,40.0,1.118075174919498,1.5590375874597489,2
2,3,58.24087905883789,40.79215621948242,0.10526315789473684,1.0734777952495373,2
3,4,58.78775405883789,40.79215621948242,0.22836035883378367,1.0,3
4,3,61.44916534423828,41.569217681884766,0.18321599960327148,1.0392304420471192,3
5,3,58.24087905883789,40.79215621948242,,1.0198039054870605,1
6,3,58.24087905883789,40.0,0.0,1.0,2
7,4,60.39867401123047,41.569217681884766,0.6198039054870605,1.0392304420471192,3
8,3,51.22499465942383,32.98484420776367,,4.123105525970459,1
9,3,72.88346862792969,53.06599807739258,0.9822092921129777,1.1375929885139435,3
10,3,58.78775405883789,40.79215621948242,0.009853169932009905,1.0147797548980149,2
11,3,58.24087905883789,40.0,0.7954752591290026,0.9805806730288975,3
12,3,70.19971466064453,50.59644317626953,0.1741502239097657,1.0397504703100653,3
13,3,64.9923095703125,48.0,0.4258807136559822,1.1805894647580133,2
14,3,72.44308471679688,53.66563034057617,0.3111114677006019,1.1259078142625294,3
15,3,73.75635528564453,56.0,0.9454123741882893,2.1759476494179717,3
16,3,60.39867401123047,40.79215621948242,0.009853169932009905,1.0147797548980149,2
17,3,73.75635528564453,56.0,0.039750470310065206,1.1507928755883874,3
18,5,72.0,51.22499465942383,0.040936095987849204,1.052948220909118,4
19,3,72.44308471679688,56.0,1.2800761990058678,2.336953751878917,3
20,3,72.44308471679688,53.06599807739258,0.02000200629031021,0.938130086852139,2
21,3,57.13142776489258,40.0,,0.8111071153884681,1
22,3,64.49806213378906,43.817806243896484,0.10660607952655637,0.9534626284352217,3
23,6,65.96968841552734,48.66210174560547,4.0961941563730715,4.301162839999686,5
24,3,58.24087905883789,40.0,,2.5,1
25,3,56.56854248046875,40.0,,1.5811388109099567,1
26,3,58.24087905883789,40.0,,,0
27,3,72.88346862792969,53.66563034057617,0.09220477013628689,1.018328246170232,2
28,3,72.44308471679688,56.0,5.029437300447647,5.79898993135999,3
29,3,74.18894958496094,57.13142776489258,0.010101267511168055,1.0150513901306875,2
30,3,62.992061614990234,43.817806243896484,,1.0540926360274425,1
31,3,72.44308471679688,54.25864028930664,0.10245298858646323,1.0287593960082746,3
32,4,60.39867401123047,41.569217681884766,0.1582133490618396,0.9486832236763352,3
33,3,65.96968841552734,48.0,1.0365786841655638,1.3093073119648613,3
34,3,66.45298767089844,48.0,0.06245307290380707,1.0612381183913313,2
35,3,72.44308471679688,56.0,0.2553278706446251,1.1067971676369697,3
36,4,68.818603515625,49.315311431884766,1.337652466239476,1.6912275150431857,2
37,4,60.39867401123047,40.79215621948242,0.55278639793396,1.0198039054870605,3
38,4,66.45298767089844,48.66210174560547,0.08658170828806741,0.9567091458559663,2
39,3,56.56854248046875,40.0,0.3395186185836792,1.0,3
40,5,70.19971466064453,50.59644317626953,0.37589961753764206,0.9749638699384308,4
41,3,72.88346862792969,56.0,1.061252476211084,1.6977494162855324,3
42,3,70.19971466064453,50.59644317626953,0.13825981078229643,0.9812232467992794,2
43,3,72.44308471679688,56.0,,2.3333333333333335,1
44,5,64.49806213378906,48.0,1.3237898785861526,2.683281533603256,3
45,3,73.75635528564453,54.25864028930664,0.15384615384615385,1.043435390178974,2
46,3,64.9923095703125,48.0,,1.1547005855950392,1
47,3,72.44308471679688,56.0,0.12785276354719768,1.0710678120135344,3
48,3,75.89466094970703,56.56854248046875,,1.0101525442940849,1
49,3,65.96968841552734,48.66210174560547,,1.0137937863667805,1
50,3,64.0,43.08131790161133,0.2,1.0770329475402831,3
51,3,65.96968841552734,48.66210174560547,1.8695113548725955,2.7202941458397065,3
52,3,74.18894958496094,56.56854248046875,0.059925107034427647,1.040419293963046,2
53,3,67.88224792480469,49.315311431884766,0.09744374583642915,1.0134233759506346,3
54,3,64.49806213378906,48.0,0.14359358012827325,1.0717967900641365,2
55,3,66.45298767089844,48.0,0.027402321497599285,1.0,3
56,3,60.39867401123047,41.569217681884766,0.18181818181818182,0.9447549473155629,2
57,5,56.56854248046875,40.0,1.483854120644701,1.317049823768646,4
58,3,72.0,56.0,0.45029647235536563,3.17728360345244,2
59,3,70.19971466064453,49.315311431884766,0.13517188061748922,1.0203649732688909,3
60,3,64.49806213378906,48.0,0.5354923804601034,1.0,3
61,3,64.9923095703125,48.0,0.06702426014823114,1.0335121300741155,2
62,3,67.88224792480469,48.66210174560547,0.7778389558045037,1.0960901011417994,3
63,3,62.992061614990234,43.08131790161133,0.10800638839464256,0.9459968058026788,2
64,3,72.0,56.0,0.010526698005569293,1.0052633490027847,2
65,3,72.0,51.22499465942383,0.09595322594344001,0.9823474360569698,3
66,5,70.19971466064453,51.22499465942383,0.9402951288749136,1.052667123323538,5
67,3,72.0,51.22499465942383,,0.9823474360569698,1
68,3,72.0,51.22499465942383,0.6902318328771743,0.9712406039917254,3
69,5,70.19971466064453,51.22499465942383,1.2495353079821636,1.698936758979856,2
70,3,72.0,56.0,0.07128366434162091,1.0356418321708105,2
71,3,66.45298767089844,48.0,1.0102394096036396,1.4846408855945408,2
72,3,68.3520278930664,48.66210174560547,0.0,1.0137937863667805,2
73,3,66.45298767089844,48.66210174560547,0.02703195237278585,1.000091373692334,2
74,4,68.818603515625,49.315311431884766,0.7821743786334991,1.0274023214975994,3
75,3,64.9923095703125,48.66210174560547,,1.258291555430174,1
76,3,68.3520278930664,48.66210174560547,0.6218112083915325,1.0,3
77,3,65.96968841552734,48.0,1.3300464068256372,1.6650232034128185,2
78,7,68.818603515625,50.59644317626953,2.8867513977602113,3.651483826519779,5
79,3,60.39867401123047,40.79215621948242,0.1961161346057795,1.0,3
80,3,65.96968841552734,48.66210174560547,0.7642977436383566,1.0137937863667805,3
81,3,64.49806213378906,48.0,0.013606106638525147,0.9863938933614749,3
82,3,70.19971466064453,50.59644317626953,0.013699303732252434,1.04687239905933,2
83,4,70.19971466064453,51.22499465942383,1.435248622727239,1.8080866427937143,2
84,3,56.56854248046875,40.0,0.5669761325498028,0.9901951345706083,3
85,7,65.96968841552734,48.66210174560547,1.4638994410972475,1.780910588700231,6
86,3,66.45298767089844,48.0,0.0,1.0,2
87,3,66.45298767089844,48.0,,,0
88,5,64.49806213378906,48.0,0.9171572923660278,1.2,4
89,3,64.0,48.0,0.0,1.0,2
90,3,64.0,48.0,0.1748560872372964,1.0950863476576222,2
91,6,64.49806213378906,48.0,1.4924085934956868,2.0,4
92,4,67.88224792480469,48.66210174560547,0.9117051516445542,1.2093206154657645,3
93,6,65.96968841552734,48.0,0.7113248705863953,1.0,4
94,3,56.0,40.0,0.0,1.0,3
95,3,56.56854248046875,40.0,0.09109773722273941,0.9544511313886302,2
96,3,64.49806213378906,48.0,0.0,1.2,2
97,6,65.96968841552734,48.0,1.4717401274108246,1.8424029785405882,4
98,3,58.78775405883789,40.0,,3.5355339664408243,1
99,3,65.96968841552734,45.95650100708008,,0.9574271043141683,1
100,4,58.78775405883789,40.79215621948242,,1.0198039054870605,1
101,3,58.78775405883789,40.0,0.0,1.0,2
102,3,56.0,40.0,0.0,1.0,2
103,4,57.13142776489258,40.0,0.1678404698724863,0.9160797650637569,2
104,3,60.39867401123047,41.569217681884766,,1.0392304420471192,1
105,3,58.78775405883789,40.79215621948242,,1.0198039054870605,1
106,4,58.78775405883789,40.79215621948242,0.7171572923660279,1.0198039054870605,3
107,3,56.0,40.0,0.0,1.0,2
108,4,58.78775405883789,40.79215621948242,0.1678404698724863,0.9342217221496881,2
109,3,58.78775405883789,41.569217681884766,1.9726618798449964,1.925090570513079,3
110,3,62.992061614990234,43.08131790161133,0.83669414076868,0.9831920306967046,3
111,3,49.315311431884766,32.0,3.954655385022847,2.8284271731526593,3
112,3,58.24087905883789,40.79215621948242,3.3296442565473456,2.9869365055406334,3
113,3,64.49806213378906,46.647613525390625,0.9241393470831055,0.9586025233610719,3
114,3,57.13142776489258,40.79215621948242,1.0768016954215982,1.2896008486454307,2
115,4,66.45298767089844,48.66210174560547,2.5612883445329437,2.7202941458397065,3
116,4,58.24087905883789,40.0,5.0877259807491555,4.142135665257136,3
117,4,70.19971466064453,50.59644317626953,1.0775780307775729,1.279026957937629,4
118,4,66.45298767089844,48.66210174560547,1.134976399328553,1.4414595802041883,4
119,3,66.45298767089844,49.315311431884766,0.9269989924243491,2.1023098174279102,2
120,3,68.818603515625,51.22499465942383,1.358916136990248,1.7003217062051985,2
121,3,64.9923095703125,48.66210174560547,0.14525836916073978,0.9273708154196301,2
122,3,49.315311431884766,32.0,,1.0,1
123,3,72.0,53.06599807739258,1.0525425395901675,1.8407524606483054,2
124,4,49.315311431884766,32.98484420776367,0.44948974298954053,2.6209530501109053,3
125,3,65.96968841552734,48.66210174560547,,0.8645772730698473,1
126,3,70.19971466064453,50.59644317626953,0.15384615384615385,0.9730085226205679,2
127,4,64.49806213378906,45.95650100708008,1.7559830745061238,1.9148542086283367,3
128,4,50.59644317626953,32.98484420776367,3.038304499363555,2.5482193284001764,3
129,3,70.19971466064453,49.315311431884766,0.8205108856130539,0.9936738740367421,3
130,5,64.49806213378906,48.0,0.7572829029280959,0.9467089708017277,4
131,3,70.19971466064453,49.315311431884766,0.08906515417870445,0.9198473096412605,2
132,4,68.3520278930664,50.59644317626953,0.2540333396891693,3.187684510883876,2
133,3,72.0,50.59644317626953,,2.236068042884925,1
134,3,70.19971466064453,51.22499465942383,0.09483315578062546,0.9545214382899553,3
135,3,72.88346862792969,51.22499465942383,0.07001577906585767,0.9372395202172881,2
136,3,70.19971466064453,51.22499465942383,0.7238691588697131,1.052667123323538,3
137,3,72.44308471679688,50.59644317626953,0.8873838272859484,1.2912773189780666,2
138,3,66.45298767089844,48.66210174560547,,0.93319855279174,1
139,5,56.56854248046875,40.0,3.9833091733544586,3.5355339664408243,5
140,4,65.96968841552734,48.66210174560547,0.112909586412069,2.909340498079884,3
141,3,67.88224792480469,49.315311431884766,0.8767987925792684,1.3847754336155593,2
142,3,72.0,51.22499465942383,,0.9147320474897113,1
143,3,56.56854248046875,40.0,2.2080538868904114,2.5,3
144,3,72.44308471679688,56.0,0.6907142571040562,1.0,3
145,3,74.18894958496094,56.56854248046875,0.0,1.0101525442940849,2
146,3,70.19971466064453,48.66210174560547,,0.9867544243904548,1
147,3,73.32121276855469,56.0,0.020627417172988133,1.0001595445097076,2
148,4,72.44308471679688,51.22499465942383,0.010152544294084822,0.9147320474897113,3
149,4,62.992061614990234,45.95650100708008,1.3548836358151901,1.6671590244821521,4
150,3,72.0,50.59644317626953,,0.987729593973932,1
151,3,72.88346862792969,56.0,0.0,1.1507928755883874,2
152,3,72.44308471679688,56.0,0.08906515417870445,1.0445325770893523,2
153,3,73.75635528564453,56.56854248046875,,1.0600146052104116,1
154,3,62.992061614990234,43.817806243896484,3.3011628399996864,3.872983557755471,3
155,3,74.18894958496094,56.56854248046875,0.9819116799858516,1.490955839992926,2
156,3,74.18894958496094,57.13142776489258,0.005063420496824015,1.0176212061377463,2
157,4,62.992061614990234,43.08131790161133,2.0121775397589463,2.056949881887349,3
158,3,73.75635528564453,56.56854248046875,,1.1624763512311156,1
159,4,66.45298767089844,49.315311431884766,1.070837417818229,1.3521366394320606,2
160,3,75.89466094970703,57.13142776489258,0.6580669267665865,1.0310002715412048,3
161,3,57.13142776489258,40.0,2.2730805569058306,2.23606794466938,3
162,4,68.818603515625,50.59644317626953,0.020899241387900638,0.9037736270750901,2
163,3,70.19971466064453,51.22499465942383,,1.0124228393083785,1
164,4,72.0,54.25864028930664,0.704743119309502,1.1226455727624067,3
165,5,58.78775405883789,40.79215621948242,2.8349872449111273,2.943920349606094,5
166,3,72.44308471679688,56.0,0.7979694945471627,1.0,3
167,3,75.47184753417969,56.56854248046875,0.8207854810996704,1.3897176376249754,2
168,5,73.75635528564453,56.0,1.0675008310205092,1.4244395253949267,4
169,3,72.44308471679688,51.22499465942383,0.15797129534386048,0.9823474360569698,3
170,5,74.18894958496094,56.56854248046875,0.024773411265190858,0.9976400820838967,2
171,3,53.06599807739258,35.7770881652832,0.8392304420471192,0.8944272041320801,3
172,3,72.88346862792969,54.25864028930664,0.010152544294084822,0.9689042908804757,3
173,3,64.9923095703125,48.66210174560547,1.232683178331821,1.6501772999329187,2
174,3,58.24087905883789,40.79215621948242,1.3449890091737045,1.3834376206174002,2
175,3,74.18894958496094,51.22499465942383,,0.8838053176965621,1
176,3,72.88346862792969,56.0,0.7552878233278861,1.377643911663943,2
177,5,66.45298767089844,48.66210174560547,0.8057124316692352,1.0137937863667805,4
178,3,72.44308471679688,56.0,0.6977456979928621,1.093216317001562,3
179,5,64.9923095703125,48.0,0.7979694945471627,0.8571428571428571,5
180,3,73.75635528564453,56.0,0.6856379849570138,1.0,3
181,3,68.818603515625,49.315311431884766,0.043562599675227395,0.8998118395851419,2
182,4,58.24087905883789,40.79215621948242,1.3853794365561622,1.3678370667114066,4
183,3,67.88224792480469,48.66210174560547,0.013699303732252434,1.0068496518661263,2
184,3,72.44308471679688,56.0,,1.483240541111677,1
185,4,70.19971466064453,51.22499465942383,0.6595441066491233,4.2915528736307405,2
186,3,72.44308471679688,54.25864028930664,0.059746989585567796,0.9949689407473269,3
187,3,70.19971466064453,51.22499465942383,,1.0254047656419218,1
188,3,72.0,53.06599807739258,0.0,0.9476071085248675,2
189,3,72.44308471679688,56.0,0.4317736297217912,1.0377647154465797,3
190,3,73.32121276855469,56.0,0.03158681634607903,1.0157934081730395,2
191,3,68.818603515625,49.315311431884766,0.10185823622827121,0.9627196988455373,3
192,3,72.0,54.25864028930664,0.06714878380770574,1.0632993671446274,2
193,3,64.49806213378906,48.0,0.2383645421536583,1.0364554097319214,2
194,3,66.45298767089844,48.66210174560547,1.3717901113470952,1.582814291067087,2
195,3,66.45298767089844,48.66210174560547,,1.0,1
196,3,72.0,49.315311431884766,0.09650228155782646,0.9627196988455373,3
197,3,65.96968841552734,48.66210174560547,1.2454485702989202,1.62272428514946,2
198,5,72.44308471679688,54.25864028930664,,2.6783834992810482,1
199,3,70.19971466064453,50.59644317626953,0.01098937144109403,0.9376286331326855,2
200,3,57.13142776489258,40.79215621948242,0.8690834084021606,1.0408329646809076,3
201,3,72.0,51.22499465942383,0.7757217075671179,1.0456490531471285,3
202,3,64.49806213378906,48.0,0.01736368807224072,0.9021924871927994,2
203,4,64.0,43.817806243896484,0.9259929424485213,0.8885233606284422,3
204,3,72.0,54.25864028930664,,1.0054946857205471,1
205,3,60.39867401123047,40.79215621948242,1.2370257312448822,1.3754714512023496,2
206,4,68.3520278930664,48.66210174560547,0.6905872985455302,1.3274744605242819,2
207,6,56.0,40.0,1.4938543336781513,1.4462960891784842,4
208,3,70.19971466064453,50.59644317626953,0.11924669555891958,0.9777570664149113,2
209,4,66.45298767089844,48.66210174560547,0.7799782819281338,0.9867544243904548,3
210,4,56.0,40.0,3.966528363185806,3.5355339664408243,3
211,3,65.96968841552734,48.66210174560547,0.006689239929717177,0.9966553800351414,2
212,4,72.0,53.66563034057617,1.1871764851019313,1.4639678749898084,4
213,6,66.45298767089844,48.66210174560547,,4.301162839999686,1
214,3,66.45298767089844,48.0,,3.8140470093750647,1
215,3,64.0,48.0,,0.8802009947397077,1
216,5,64.9923095703125,48.0,0.8333333333333334,1.0,5
217,3,64.9923095703125,48.0,,1.8090680186584178,1
218,3,64.49806213378906,48.0,0.9663430177386646,1.4831715088693322,2
219,3,64.9923095703125,48.0,1.0670374747731213,1.5335187373865606,2
220,4,64.9923095703125,48.0,1.4285714285714286,1.7142857142857142,2
221,3,64.9923095703125,48.0,0.0,1.0,2
222,3,64.49806213378906,48.0,0.0,1.0,3
223,3,65.96968841552734,48.0,0.488931614231693,1.2444658071158465,2
224,3,65.96968841552734,48.66210174560547,,2.7202941458397065,1
225,4,57.13142776489258,40.0,1.2110673276430688,1.3204576114952207,4
226,3,64.49806213378906,48.0,,6.0,1
227,3,64.9923095703125,48.0,0.7642977436383566,1.0,3
228,3,64.0,48.0,,0.9100937794441771,1
229,4,57.13142776489258,40.0,0.772108925360813,1.9745304968940824,3
230,3,64.49806213378906,48.0,0.0,1.0,2
231,5,65.96968841552734,48.66210174560547,1.2593511519451641,1.6408382863227229,4
232,3,65.96968841552734,48.0,0.0,1.0,2
233,3,58.24087905883789,40.79215621948242,2.3644154513768614,2.1120830642432353,3
234,3,53.06599807739258,33.941123962402344,0.05458607041420248,0.8093410775711823,2
235,3,60.39867401123047,41.569217681884766,0.013699303732252434,0.8600933960920133,2
236,3,64.49806213378906,48.0,,2.369436596272899,1
237,4,58.24087905883789,40.0,1.8721394153440196,2.0412413780349343,3
238,3,64.49806213378906,48.0,0.5501378575960795,1.0,3
239,4,64.9923095703125,48.0,1.293317942300215,1.551981530760258,4
240,3,64.0,48.0,0.0,1.0,3
241,3,64.49806213378906,48.0,0.5760401765172068,1.2880200882586035,2
242,3,64.49806213378906,48.0,0.5841413509520244,4.247575947143927,2
243,3,62.992061614990234,43.817806243896484,1.435248622727239,1.54663540158197,2
244,3,64.9923095703125,48.0,,0.8571428571428571,1
245,3,64.9923095703125,48.0,0.8135400170907392,0.9370425574299103,3
246,3,62.992061614990234,43.08131790161133,,0.8975274562835693,1
247,3,62.992061614990234,41.569217681884766,,5.196152210235596,1
248,3,62.992061614990234,43.08131790161133,,0.8975274562835693,1
249,4,64.49806213378906,45.95650100708008,0.8333333333333334,0.9574271043141683,3
250,3,61.44916534423828,41.569217681884766,1.280954560026161,1.3887300525199717,3
251,4,57.13142776489258,40.0,5.0,5.0,3
252,3,57.13142776489258,40.0,,0.8333333333333334,1
253,3,61.44916534423828,43.08131790161133,,0.8735890872577384,1
254,3,58.78775405883789,40.79215621948242,1.4144300558498861,1.4929162899503152,2
255,3,51.22499465942383,32.98484420776367,,0.8246211051940918,1
256,3,51.22499465942383,32.98484420776367,1.1248303975160028,1.275767953979851,2
257,3,60.39867401123047,41.569217681884766,0.013699303732252434,0.8600933960920133,2
258,3,60.926185607910156,41.569217681884766,1.4285714285714286,1.4846149172101701,2
259,3,61.44916534423828,41.569217681884766,1.4285714285714286,1.4846149172101701,2
260,3,58.78775405883789,40.79215621948242,1.4285714285714286,1.4568627221243722,2
261,3,58.78775405883789,40.79215621948242,0.9399636940252691,1.0,3
262,5,50.59644317626953,32.98484420776367,5.0,4.123105525970459,5
263,3,53.06599807739258,33.941123962402344,,0.8485280990600585,1
264,3,58.78775405883789,40.79215621948242,,3.6055513469585105,1
265,3,53.06599807739258,33.941123962402344,,0.8320502544602433,1
266,3,58.78775405883789,40.79215621948242,,5.099019527435303,1
267,3,57.13142776489258,40.0,4.142135665257136,4.142135665257136,3
268,3,51.22499465942383,32.98484420776367,0.871819330326356,0.8197190558457004,3
269,3,51.22499465942383,32.98484420776367,1.4285714285714286,1.178030150277274,2
270,4,49.315311431884766,32.0,1.653026508028086,1.3224212064224687,4
271,3,51.22499465942383,33.941123962402344,,0.8485280990600585,1
272,3,51.22499465942383,32.0,1.3387893967887656,1.3224212064224687,2
273,3,51.22499465942383,32.98484420776367,,0.692023807603981,1
274,3,51.22499465942383,32.98484420776367,0.0,0.8246211051940918,2
275,3,53.06599807739258,33.941123962402344,,0.8402083952357171,1
276,3,51.22499465942383,32.98484420776367,0.0,0.8246211051940918,2
277,3,51.22499465942383,33.941123962402344,0.019609730858783526,0.8402083952357171,2
278,3,51.22499465942383,32.98484420776367,,0.8246211051940918,1
279,3,40.79215621948242,25.298221588134766,1.2574233709542633,0.8302259348011928,2
280,3,49.315311431884766,32.98484420776367,0.38605414259207527,2.352710147262244,2
281,3,58.78775405883789,41.569217681884766,1.2495353079821636,1.3786916412844736,2
282,3,58.24087905883789,40.79215621948242,0.3431457338971457,4.224166128486471,2
283,3,58.24087905883789,40.79215621948242,1.9515684874389965,2.280350822908258,3
284,4,64.49806213378906,48.0,0.030154252469899306,0.9343798688777335,2
285,3,64.9923095703125,48.0,0.8341624157110952,0.9671711395281912,3
286,3,64.9923095703125,48.0,0.9121753727808675,0.9798176629351495,3
287,3,64.9923095703125,48.0,1.3277025681582784,1.426158243496405,2
288,3,65.96968841552734,48.66210174560547,0.8488790507898534,1.2377896627719622,2
289,3,66.45298767089844,48.66210174560547,0.6602254254477364,0.8689661026000977,3
290,3,61.44916534423828,40.79215621948242,4.000000084293698,3.6055513469585105,3
291,3,65.96968841552734,48.66210174560547,1.1166312213553857,1.354123442831486,2
292,3,64.9923095703125,48.0,1.038987695685399,1.2893332848664407,2
293,3,65.96968841552734,48.66210174560547,1.122270451936428,1.3191672598181259,3
294,3,64.49806213378906,48.0,0.7576404469353812,0.8571428571428571,3
295,3,65.96968841552734,48.66210174560547,1.2980109627442165,1.574080179820446,3
296,3,66.45298767089844,48.66210174560547,1.3258707821369171,1.520690679550171,3
297,3,60.926185607910156,43.08131790161133,1.6232632653204007,1.9039432845022748,3
298,3,68.818603515625,49.315311431884766,0.0,0.871779778468072,2
299,3,58.24087905883789,40.0,1.435248622727239,1.4118784431819023,2
300,3,57.13142776489258,40.79215621948242,0.0,3.6055513469585105,2
301,4,64.49806213378906,48.0,2.993413968014717,3.2153903359570415,3
302,4,65.96968841552734,48.0,1.0158148175332045,1.2699098272436722,4
303,3,66.45298767089844,48.66210174560547,0.8510017491106122,0.9867544243904548,3
304,3,66.45298767089844,48.66210174560547,1.4145851770993476,1.6256866710858642,3
305,3,64.9923095703125,48.66210174560547,,0.9499679222836802,1
306,3,60.39867401123047,40.79215621948242,1.168033616727322,1.4998487569165024,2
307,3,70.19971466064453,51.22499465942383,2.7961620433395256,3.431424016403384,3
308,3,65.96968841552734,48.66210174560547,0.7561276044164386,0.8689661026000977,3
309,4,64.0,48.0,2.782602984675651,3.514718650677141,3
310,3,69.28203582763672,50.59644317626953,2.5957647264003754,3.1622776985168457,3
311,3,64.49806213378906,48.0,0.9646865486426685,1.3890187327590902,2
312,3,58.24087905883789,40.79215621948242,1.5,1.2747548818588257,2
313,4,64.9923095703125,48.66210174560547,0.13505100926358835,3.0658168492419846,3
314,3,64.0,48.0,1.4490697728183155,1.5874558445147848,3
315,3,64.49806213378906,48.0,1.6843043363291594,2.1213203798644944,3
316,3,64.9923095703125,48.66210174560547,1.2372224485383974,1.358964458561117,2
317,5,56.0,40.0,3.5507420249584944,3.1783725078125538,5
318,3,61.44916534423828,43.08131790161133,0.7734813096288927,0.8623873751506561,3
319,3,64.9923095703125,48.0,1.2065777807217393,1.3742476203093168,2
320,3,64.9923095703125,48.66210174560547,0.6137175869161792,0.9067647475075389,3
321,3,64.0,43.817806243896484,1.276370774000225,1.4013020471042232,2
322,3,50.59644317626953,32.98484420776367,5.0,4.123105525970459,3
323,3,50.59644317626953,32.98484420776367,0.0,2.9154759268576833,2
324,8,64.0,48.0,2.5288390268155303,2.9547852958365763,6
325,3,64.0,47.32863998413086,1.4759767954755363,1.5500815993918073,2
326,5,64.0,48.0,3.434628366896429,3.8140470093750647,5
327,3,64.9923095703125,48.0,1.493103997846392,1.5206880064608241,2
328,4,56.0,40.0,2.7621955543675076,2.674258485425144,4
329,4,64.49806213378906,48.0,1.402348539333712,1.5674196413485715,4
330,3,57.13142776489258,40.0,2.934534476249863,2.8867513977602113,3
331,3,61.44916534423828,41.569217681884766,1.178080586056859,1.357425172293344,2
332,3,57.13142776489258,40.79215621948242,0.8920523850705501,0.838273620665516,3
333,3,60.926185607910156,43.817806243896484,0.770584267302345,0.8885233606284422,3
334,3,58.78775405883789,40.79215621948242,1.2370257312448822,1.3754714512023496,2
335,3,64.0,45.95650100708008,1.2327510625632967,1.3932611207017087,3
336,3,58.78775405883789,41.569217681884766,0.8471271197001139,0.8660253683725992,3
337,3,60.39867401123047,40.79215621948242,1.4285714285714286,1.4568627221243722,2
338,3,57.13142776489258,40.0,1.2370257312448822,1.3487607213520343,2
339,3,58.24087905883789,40.79215621948242,0.798815538485845,0.8498365879058838,3
340,3,57.13142776489258,40.0,0.8333333333333334,0.8333333333333334,3
341,3,57.13142776489258,40.0,1.8524193409124505,1.8524193409124505,3
342,3,58.24087905883789,40.79215621948242,1.2454485702989202,1.3602869618540991,2
343,3,57.13142776489258,40.0,1.4285714285714286,1.4285714285714286,2
344,4,53.06599807739258,33.941123962402344,3.8205859204404042,2.9999999157063018,3
345,3,41.569217681884766,24.0,1.3333333333333333,1.0,2
346,5,35.7770881652832,17.8885440826416,0.0,2.2360680103302,4
347,3,43.817806243896484,25.298221588134766,1.435248622727239,0.8929503427781627,2
348,4,24.0,11.313708305358887,0.0,1.4142135381698608,3
349,3,41.569217681884766,25.298221588134766,3.3549124639444243,2.236068042884925,3
350,3,51.22499465942383,32.98484420776367,2.695388174193253,2.3804761280416145,3
351,4,17.8885440826416,8.0,4.0,1.0,4
352,3,33.941123962402344,17.8885440826416,,0.55901700258255,1
353,3,41.569217681884766,25.298221588134766,4.210698546619671,2.619716647694776,3
354,3,40.0,24.0,3.354723763820376,2.4852813991542813,3
355,3,41.569217681884766,24.0,0.1876726327750761,2.7184910508373856,2
356,3,48.0,32.0,0.3353738011689465,2.3541369869577866,2
357,3,48.66210174560547,32.0,3.914213628723179,2.8284271731526593,3
358,3,50.59644317626953,32.98484420776367,6.0,4.123105525970459,3
359,3,49.315311431884766,32.0,0.3431457338971457,3.3137085322057085,2
360,3,48.66210174560547,32.0,3.358898965825902,2.8284271731526593,3
361,5,27.712812423706055,13.856406211853027,4.610894203186035,1.7320507764816284,5
362,3,41.569217681884766,25.298221588134766,0.0,3.1622776985168457,2
363,3,48.66210174560547,32.0,0.1876726327750761,3.6246547344498476,2
364,3,49.315311431884766,32.0,0.5358983682026388,2.9282032635947224,2
365,5,32.98484420776367,17.8885440826416,5.0,2.2360680103302,5
366,3,48.66210174560547,32.0,5.0,4.0,3
367,3,41.569217681884766,24.0,0.0,3.0,2
368,3,43.08131790161133,25.298221588134766,0.0,3.1622776985168457,2
369,5,27.712812423706055,11.313708305358887,4.099019527435303,1.4142135381698608,5
370,3,43.817806243896484,25.298221588134766,3.5355339664408243,2.236068042884925,3
371,4,41.569217681884766,25.298221588134766,3.5355339664408243,2.236068042884925,3
372,5,34.871192932128906,17.8885440826416,5.0,2.2360680103302,5
373,4,25.298221588134766,8.0,4.049509763717651,1.0,4
374,4,17.8885440826416,8.0,4.0,1.0,4
375,5,29.933259963989258,14.928203582763672,4.0,1.866025447845459,5
376,3,43.08131790161133,25.298221588134766,2.8984445536703456,2.236068042884925,3
377,5,32.98484420776367,17.8885440826416,0.0,2.2360680103302,4
378,5,29.933259963989258,16.0,4.0,2.0,5
379,5,24.0,11.313708305358887,4.0,1.4142135381698608,5
380,5,29.933259963989258,13.856406211853027,0.0,1.7320507764816284,4
381,5,29.933259963989258,14.928203582763672,0.0,1.866025447845459,4
382,5,26.53299903869629,11.313708305358887,4.049509763717651,1.4142135381698608,5
383,5,28.844409942626953,13.856406211853027,4.0,1.7320507764816284,5
384,5,22.627416610717773,11.313708305358887,0.0,1.4142135381698608,4
385,5,28.844409942626953,11.313708305358887,4.0,1.4142135381698608,5
386,5,28.844409942626953,11.313708305358887,4.049509763717651,1.4142135381698608,5
387,5,28.844409942626953,12.585057258605957,4.916079998016357,1.5731321573257446,5
388,5,28.844409942626953,11.313708305358887,4.0,1.4142135381698608,5
389,5,22.627416610717773,11.313708305358887,4.0,1.4142135381698608,5
390,5,22.627416610717773,11.313708305358887,4.0,1.4142135381698608,5
391,5,22.627416610717773,11.313708305358887,4.0,1.4142135381698608,5
392,3,16.0,8.0,4.099019527435303,1.0,3
393,4,26.53299903869629,11.313708305358887,4.210698546619671,1.1715728669485728,4
394,4,17.8885440826416,8.0,4.099019527435303,1.0,4
395,3,33.941123962402344,17.8885440826416,4.4772257804870605,2.2360680103302,3
396,6,17.8885440826416,8.0,1.8830815928927371,0.3704838681824901,3
397,3,33.941123962402344,17.8885440826416,3.3957389954350434,1.8524194111058567,3
398,3,32.0,16.0,4.0,2.0,3
399,3,24.0,11.313708305358887,0.3431457338971457,1.1715728669485728,2
400,3,40.79215621948242,24.0,4.121320422011344,2.1213203798644944,3
401,3,40.0,24.0,0.3431457338971457,2.4852813991542813,2
402,3,29.933259963989258,13.856406211853027,0.0,1.7320507764816284,2
403,3,40.79215621948242,24.0,5.162277698516846,3.0,3
404,3,48.66210174560547,32.0,0.0,2.8284271731526593,2
405,3,48.66210174560547,32.0,0.0,2.8284271731526593,2
406,4,19.595918655395508,8.0,4.196152210235596,1.0,4
407,4,16.0,8.0,4.0,1.0,4
408,4,17.8885440826416,8.0,1.2360680103302002,1.0,3
409,3,48.66210174560547,32.0,4.0961941563730715,2.8284271731526593,3
410,3,50.59644317626953,32.98484420776367,0.15801714007383205,3.1458235108157613,2
411,4,24.0,11.313708305358887,3.476206345372884,1.1715728669485728,4
412,3,48.66210174560547,32.0,0.0,3.3137085322057085,2
413,4,17.8885440826416,8.0,3.3137085322057085,0.8284271330514271,4
414,3,32.0,16.0,2.8284271731526593,1.4142135865763297,3
415,3,26.53299903869629,11.313708305358887,4.0,1.4142135381698608,3
416,3,24.0,11.313708305358887,4.196152210235596,1.4142135381698608,3
417,3,32.98484420776367,16.0,3.5355339664408243,1.4142135865763297,3
418,3,41.569217681884766,24.0,,3.0,1
419,4,17.8885440826416,8.0,4.0,1.0,4
420,3,25.298221588134766,11.313708305358887,0.0,1.4142135381698608,2
421,3,40.79215621948242,24.0,4.036309679200943,2.1213203798644944,3
422,3,48.66210174560547,32.0,3.651792172537737,2.8284271731526593,3
423,3,32.98484420776367,16.0,4.549509763717651,2.0,3
424,3,40.79215621948242,24.0,3.5355339664408243,2.1213203798644944,3
425,3,25.298221588134766,12.585057258605957,0.1876726327750761,1.4255152304915157,2
426,3,28.844409942626953,11.313708305358887,5.0,1.4142135381698608,3
427,4,17.8885440826416,8.0,3.3957389954350434,0.8284271330514271,4
428,3,25.298221588134766,11.313708305358887,0.0,1.4142135381698608,2
429,3,32.0,16.0,0.0,2.0,2
430,3,32.0,16.0,0.0,2.0,2
431,4,29.933259963989258,13.856406211853027,0.0,1.7320507764816284,3
432,3,40.0,22.627416610717773,0.3431457338971457,2.3431457338971455,2
433,3,32.0,16.0,3.5940560467115215,1.4142135865763297,3
434,3,32.98484420776367,17.8885440826416,0.0,2.2360680103302,2
435,4,19.595918655395508,8.0,4.830951690673828,1.0,4
436,3,11.313708305358887,8.0,2.8284271731526593,0.7071067932881648,3
437,3,29.933259963989258,16.0,0.0,2.0,2
438,4,32.0,16.0,0.41421353816986084,2.0,3
439,3,32.0,16.0,0.3431457338971457,1.6568542661028542,2
440,3,32.0,16.0,0.3431457338971457,1.6568542661028542,2
441,3,33.941123962402344,17.8885440826416,0.0,2.2360680103302,2
442,3,29.933259963989258,16.0,0.0,2.0,2
443,3,24.0,11.313708305358887,4.029900789260864,1.4142135381698608,3
444,4,29.933259963989258,16.0,0.41421353816986084,2.0,3
445,4,29.933259963989258,16.0,0.0,2.0,3
446,5,24.0,11.313708305358887,0.41421353816986084,1.4142135381698608,4
447,3,24.0,11.313708305358887,0.0,1.4142135381698608,2
448,4,25.298221588134766,8.0,4.0,1.0,4
449,4,17.8885440826416,8.0,4.0,1.0,4
450,5,24.0,11.313708305358887,4.0,1.4142135381698608,5
451,5,24.0,11.313708305358887,4.0,1.4142135381698608,5
452,5,24.0,9.656854629516602,4.0,1.2071068286895752,5
453,5,17.8885440826416,8.0,4.0,1.0,5
454,5,17.8885440826416,8.0,4.0,1.0,5
455,5,17.8885440826416,8.0,2.8284271731526593,0.7071067932881648,5
456,2,19.595918655395508,8.0,1.435248622727239,0.28237568863638046,2
457,3,16.0,8.0,5.0,1.0,3
458,3,22.627416610717773,8.0,0.0,1.0,2
459,3,22.627416610717773,8.0,1.232683178331821,0.27128746860292635,2
460,3,26.53299903869629,11.313708305358887,,,0
461,3,24.0,8.0,0.8,0.2,3
462,4,17.8885440826416,8.0,4.915475845336914,1.0,4
463,3,40.0,24.0,3.863362822921783,2.1213203798644944,3
464,3,22.627416610717773,8.0,3.582575798034668,1.0,3
465,3,40.0,24.0,0.15801714007383205,2.288922869667756,2
466,4,17.8885440826416,8.0,4.958039999008179,1.0,4
467,3,32.0,16.944271087646484,3.5940560467115215,1.497676149173884,3
468,4,17.8885440826416,8.0,3.898979663848877,1.0,3
469,3,32.0,16.0,0.0,2.0,2
470,3,32.0,16.0,0.3431457338971457,1.6568542661028542,2
471,3,29.933259963989258,16.0,5.0,2.0,3
472,3,32.0,16.0,3.3384791573290613,1.6568542661028542,3
473,3,29.933259963989258,16.0,5.0,2.0,3
474,3,29.933259963989258,13.856406211853027,0.0,1.7320507764816284,2
475,3,24.0,11.313708305358887,0.0,1.4142135381698608,2
476,3,24.0,11.313708305358887,0.0,1.4142135381698608,2
477,3,24.0,11.313708305358887,0.0,1.4142135381698608,2
478,3,13.856406211853027,8.0,0.8285909870475919,0.1715171337041499,3
479,3,16.0,8.0,,0.8284271330514271,1
480,3,17.8885440826416,8.0,1.4142135865763297,0.7071067932881648,3
481,3,13.856406211853027,8.0,0.5976362588530972,0.5479029421228675,3
482,3,11.313708305358887,8.0,0.4370160125360153,0.6180339824798444,3
483,3,13.856406211853027,8.0,1.3966952308884693,0.4472135889338759,3
484,3,11.313708305358887,8.0,0.36754448807618156,0.4472135889338759,3
485,3,17.8885440826416,8.0,1.3441568793136758,0.32792156034316217,2
486,3,8.0,8.0,,,0
487,3,17.8885440826416,8.0,0.233926208189499,0.3949060993788165,2
488,3,17.8885440826416,8.0,0.16560477859340644,0.20107135845186466,2
489,3,13.856406211853027,8.0,0.4076759630666564,0.4012793271777761,2
490,3,11.313708305358887,8.0,0.5841413509520244,0.7079293245239878,2
491,4,17.8885440826416,8.0,1.3014310528813666,0.49246421597276274,4
492,3,17.8885440826416,8.0,0.233926208189499,0.3949060993788165,2
493,3,13.856406211853027,8.0,0.09109772145787536,0.4268435194554384,2
494,3,13.856406211853027,8.0,0.39512383895075515,0.2537531984939139,2
495,3,13.856406211853027,8.0,0.3539878221506809,0.2854629607856836,2
496,3,13.856406211853027,8.0,0.11145616536507397,0.4222912330730148,2
497,2,11.313708305358887,8.0,,0.5773502795520422,1
498,6,11.313708305358887,8.0,0.0,1.0,6
499,12,16.0,8.0,0.0,1.0,12
500,12,16.0,8.0,0.9840593934059143,1.0,12
501,12,16.0,8.0,0.41421353816986084,1.0,11
502,12,16.0,8.0,0.41421353816986084,1.0,12
503,12,16.0,8.0,5.0,1.0,12
504,14,16.0,8.0,0.20710676908493042,1.0,12
505,12,16.0,8.0,0.41421353816986084,1.0,12
506,12,16.0,8.0,1.2360680103302002,1.0,12
507,8,13.856406211853027,8.0,0.41421353816986084,1.0,8
508,8,13.856406211853027,8.0,3.5495097637176514,1.0,8
509,8,13.856406211853027,8.0,5.0,1.0,7
510,8,13.856406211853027,8.0,0.0,1.0,8
511,8,16.0,8.0,0.0,1.0,8
512,8,11.313708305358887,8.0,0.41421353816986084,1.0,8
513,7,13.856406211853027,8.0,4.5,1.0,7
514,7,13.856406211853027,8.0,3.0,1.0,6
515,10,16.0,8.0,0.41421353816986084,1.0,10
516,12,16.0,8.0,0.41421353816986084,1.0,12
517,12,16.0,8.0,0.41421353816986084,1.0,12
518,12,16.0,8.0,1.9953523874282837,1.0,12
519,12,16.0,8.0,2.2169891595840454,1.0,12
520,12,16.0,8.0,0.41421353816986084,1.0,12
521,9,16.0,8.0,5.082762718200684,1.0,9
522,7,11.313708305358887,8.0,0.0,1.0,6
523,10,16.0,8.0,0.5,1.0,10
524,11,16.0,8.0,1.2360680103302002,1.0,11
525,12,16.0,8.0,0.20710676908493042,1.0,12
526,12,16.0,8.0,1.0,1.0,12
527,12,16.0,8.0,4.385164737701416,1.0,12
528,11,16.0,8.0,2.1622776985168457,1.0,11
529,10,16.0,8.0,0.7320507764816284,1.0,9
530,11,16.0,8.0,0.0,1.0,11
531,12,16.0,8.0,1.4494898319244385,1.0,11
532,11,16.0,8.0,2.0,1.0,11
533,12,16.0,8.0,3.611062526702881,1.0,12
534,11,16.0,8.0,5.164413928985596,1.0,11
535,11,16.0,8.0,1.2360680103302002,1.0,11
536,9,16.0,8.0,0.41421353816986084,1.0,9
537,8,11.313708305358887,8.0,0.0,1.0,8
538,12,16.0,8.0,2.1622776985168457,1.0,12
539,12,16.0,8.0,0.41421353816986084,1.0,12
540,8,11.313708305358887,8.0,0.20710676908493042,1.0,8
541,12,16.0,8.0,1.8284270763397217,1.0,12
542,12,16.0,8.0,1.2360680103302002,1.0,12
543,11,16.0,8.0,1.4142135381698608,1.0,10
544,10,16.0,8.0,5.701562166213989,1.0,10
545,11,16.0,8.0,0.41421353816986084,1.0,11
546,12,16.0,8.0,0.7071067690849304,1.0,12
547,12,16.0,8.0,0.41421353816986084,1.0,11
548,12,16.0,8.0,1.5,1.0,12
549,12,16.0,8.0,0.41421353816986084,1.0,12
550,8,11.313708305358887,8.0,0.41421353816986084,1.0,8
551,12,16.0,8.0,2.7796326875686646,1.0,12
552,12,16.0,8.0,0.41421353816986084,1.0,12
553,12,16.0,8.0,1.6180340051651,1.0,12
554,12,16.0,8.0,0.8660253882408142,1.0,11
555,9,16.0,8.0,1.2360680103302002,1.0,9
556,11,16.0,8.0,2.0,1.0,11
557,8,11.313708305358887,8.0,0.0,1.0,8
558,12,16.0,8.0,1.0,1.0,12
559,12,13.856406211853027,8.0,5.082762718200684,1.0,11
560,12,16.0,8.0,0.41421353816986084,1.0,12
561,12,16.0,8.0,0.41421353816986084,1.0,12
562,12,16.0,8.0,1.532247543334961,1.0,12
563,12,16.0,8.0,2.7796326875686646,1.0,11
564,10,16.0,8.0,1.0,1.0,10
565,12,16.0,8.0,0.8251407742500305,1.0,12
566,9,16.0,8.0,1.8284270763397217,1.0,9
567,11,16.0,8.0,1.532247543334961,1.0,11
568,7,11.313708305358887,8.0,0.0,1.0,6
569,8,13.856406211853027,8.0,0.0,1.0,8
570,12,16.0,8.0,5.0,1.0,12
571,12,16.0,8.0,0.9840593934059143,1.0,12
572,10,16.0,8.0,5.164413928985596,1.0,9
573,10,16.0,8.0,1.2360680103302002,1.0,10
574,12,16.0,8.0,0.9840593934059143,1.0,11
575,11,16.0,8.0,0.7320507764816284,1.0,11
576,12,16.0,8.0,0.0,1.0,12
577,12,16.0,8.0,0.41421353816986084,1.0,12
578,12,16.0,8.0,1.532247543334961,1.0,12
579,12,16.0,8.0,0.41421353816986084,1.0,12
580,12,16.0,8.0,0.41421353816986084,1.0,11
581,12,16.0,8.0,0.7320507764816284,1.0,12
582,11,16.0,8.0,2.0,1.0,11
583,11,16.0,8.0,2.0,1.0,11
584,8,11.313708305358887,8.0,0.0,1.0,8
585,12,16.0,8.0,5.0,1.0,12
586,11,16.0,8.0,0.41421353816986084,1.0,11
587,12,16.0,8.0,3.123105525970459,1.0,12
588,12,16.0,8.0,0.0,1.0,12
589,12,16.0,8.0,1.8284270763397217,1.0,12
590,11,16.0,8.0,0.7320507764816284,1.0,10
591,12,16.0,8.0,2.316624879837036,1.0,12
592,8,13.856406211853027,8.0,0.0,1.0,8
593,11,16.0,8.0,0.41421353816986084,1.0,11
594,12,16.0,8.0,0.20710676908493042,1.0,12
595,12,16.0,8.0,1.532247543334961,1.0,12
596,12,16.0,8.0,1.699172854423523,1.0,12
597,12,16.0,8.0,2.316624879837036,1.0,12
598,12,16.0,8.0,0.5731321573257446,1.0,12
599,12,16.0,8.0,1.0907703042030334,1.0,12
600,11,16.0,8.0,1.699172854423523,1.0,11
601,12,16.0,8.0,0.0,1.0,12
602,12,16.0,8.0,0.20710676908493042,1.0,12
603,11,16.0,8.0,2.1622776985168457,1.0,11
604,6,11.313708305358887,8.0,0.41421353816986084,1.0,6
605,7,13.856406211853027,8.0,0.0,1.0,7
606,12,16.0,8.0,1.532247543334961,1.0,12
607,12,16.0,8.0,0.7320507764816284,1.0,11
608,12,16.0,8.0,0.41421353816986084,1.0,12
609,12,16.0,8.0,0.41421353816986084,1.0,11
610,12,16.0,8.0,2.0,1.0,12
611,12,16.0,8.0,0.41421353816986084,1.0,12
612,12,16.0,8.0,0.41421353816986084,1.0,12
613,12,16.0,8.0,0.41421353816986084,1.0,12
614,11,13.856406211853027,8.0,0.0,1.0,11
615,12,16.0,8.0,1.0,1.0,12
616,10,16.0,8.0,5.0,1.0,10
617,12,16.0,8.0,0.8251407742500305,1.0,12
618,12,16.0,8.0,2.7416574954986572,1.0,12
619,12,16.0,8.0,0.41421353816986084,1.0,12
620,12,16.0,8.0,0.41421353816986084,1.0,12
621,12,16.0,8.0,5.0,1.0,12
622,8,13.856406211853027,8.0,0.0,1.0,7
623,8,11.313708305358887,8.0,0.0,1.0,8
624,12,16.0,8.0,0.41421353816986084,1.0,12
625,10,16.0,8.0,0.41421353816986084,1.0,10
626,11,16.0,8.0,3.834144115447998,1.0,11
627,12,16.0,8.0,0.7320507764816284,1.0,12
628,12,16.0,8.0,0.41421353816986084,1.0,12
629,10,16.0,8.0,0.41421353816986084,1.0,10
630,11,16.0,8.0,0.41421353816986084,1.0,11
631,12,16.0,8.0,0.41421353816986084,1.0,12
632,12,16.0,8.0,0.0,1.0,12
633,12,16.0,8.0,0.41421353816986084,1.0,12
634,12,16.0,8.0,4.099019527435303,1.0,12
635,12,16.0,8.0,0.20710676908493042,1.0,12
636,11,16.0,8.0,0.0,1.0,11
637,11,16.0,8.0,0.41421353816986084,1.0,11
638,11,16.0,8.0,0.0,1.0,10
639,8,11.313708305358887,8.0,0.0,1.0,8
640,12,16.0,8.0,0.0,1.0,12
641,12,16.0,8.0,0.20710676908493042,1.0,12
642,10,16.0,8.0,0.0,1.0,10
643,8,13.856406211853027,8.0,0.0,1.0,8
644,12,16.0,8.0,0.41421353816986084,1.0,12
645,12,16.0,8.0,0.0,1.0,12
646,11,16.0,8.0,0.0,1.0,11
647,12,13.856406211853027,8.0,0.41421353816986084,1.0,12
648,11,16.0,8.0,0.0,1.0,11
649,12,16.0,8.0,0.41421353816986084,1.0,12
650,12,16.0,8.0,0.0,1.0,12
651,12,16.0,8.0,0.0,1.0,12
652,12,16.0,8.0,0.0,1.0,12
653,10,16.0,8.0,0.20710676908493042,1.0,10
654,12,13.856406211853027,8.0,0.0,1.0,12
655,10,16.0,8.0,0.0,1.0,10
656,12,16.0,8.0,0.41421353816986084,1.0,12
657,12,16.0,8.0,0.41421353816986084,1.0,12
658,7,11.313708305358887,8.0,0.0,1.0,7
659,12,16.0,8.0,0.0,1.0,12
660,11,13.856406211853027,8.0,0.0,1.0,11
661,11,16.0,8.0,0.41421353816986084,1.0,11
662,12,16.0,8.0,0.0,1.0,12
663,7,11.313708305358887,8.0,0.0,1.0,7
664,12,16.0,8.0,0.0,1.0,12
665,3,11.313708305358887,8.0,0.0,1.0,3
666,9,16.0,8.0,1.0,1.0,9
667,10,16.0,8.0,0.41421353816986084,1.0,10
668,10,16.0,8.0,0.0,1.0,10
669,2,11.313708305358887,8.0,,1.0,1
670,8,13.856406211853027,8.0,0.0,1.0,8
671,8,13.856406211853027,8.0,0.41421353816986084,1.0,7
672,7,13.856406211853027,8.0,0.0,1.0,7
673,11,13.856406211853027,8.0,0.41421353816986084,1.0,11
674,11,16.0,8.0,0.41421353816986084,1.0,11
675,7,11.313708305358887,8.0,0.20710676908493042,1.0,6
676,11,16.0,8.0,0.0,1.0,11
677,11,16.0,8.0,0.0,1.0,11
678,12,16.0,8.0,0.0,1.0,12
679,12,13.856406211853027,8.0,0.0,1.0,12
680,11,13.856406211853027,8.0,0.0,1.0,11
681,11,16.0,8.0,0.0,1.0,11
682,10,16.0,8.0,0.0,1.0,8
683,12,13.856406211853027,8.0,0.0,1.0,12
684,12,16.0,8.0,0.41421353816986084,1.0,12
685,11,16.0,8.0,0.0,1.0,10
686,11,13.856406211853027,8.0,0.0,1.0,11
687,12,16.0,8.0,0.0,1.0,12
688,6,11.313708305358887,8.0,0.0,1.0,6
689,6,11.313708305358887,8.0,0.0,1.0,6
690,7,13.856406211853027,8.0,0.0,1.0,7
691,6,13.856406211853027,8.0,0.0,1.0,5
692,4,8.0,8.0,0.0,1.0,4
693,8,13.856406211853027,8.0,0.0,1.0,8
694,12,16.0,8.0,0.0,1.0,12
695,12,16.0,8.0,0.0,1.0,12
696,12,16.0,8.0,0.0,1.0,12
697,11,13.856406211853027,8.0,0.0,1.0,11
698,9,16.0,8.0,0.0,1.0,9
699,12,16.0,8.0,0.0,1.0,12
700,10,13.856406211853027,8.0,0.0,1.0,10
701,10,16.0,8.0,0.41421353816986084,1.0,10
702,12,16.0,8.0,0.41421353816986084,1.0,11
703,12,16.0,8.0,0.0,1.0,12
704,12,13.856406211853027,8.0,0.0,1.0,12
705,11,16.0,8.0,0.0,1.0,11
706,11,16.0,8.0,0.0,1.0,11
707,9,13.856406211853027,8.0,0.0,1.0,9
708,8,13.856406211853027,8.0,0.0,1.0,8
709,11,16.0,8.0,0.20710676908493042,1.0,11
710,8,16.0,8.0,0.0,1.0,8
711,11,16.0,8.0,0.0,1.0,11
712,12,13.856406211853027,8.0,0.0,1.0,12
713,10,13.856406211853027,8.0,0.0,1.0,10
714,7,16.0,8.0,0.0,1.0,7
715,9,13.856406211853027,8.0,0.0,1.0,8
716,10,16.0,8.0,0.0,1.0,10
717,9,16.0,8.0,0.0,1.0,9
718,8,8.0,8.0,0.0,1.0,8
719,11,13.856406211853027,8.0,0.0,1.0,11
720,11,13.856406211853027,8.0,0.0,1.0,11
721,11,13.856406211853027,8.0,0.0,1.0,10
722,9,13.856406211853027,8.0,0.0,1.0,9
723,11,13.856406211853027,8.0,0.0,1.0,11
724,9,16.0,8.0,0.0,1.0,9
725,9,16.0,8.0,0.0,1.0,9
726,12,16.0,8.0,0.0,1.0,12
727,10,13.856406211853027,8.0,0.0,1.0,10
728,10,16.0,8.0,0.0,1.0,10
729,10,16.0,8.0,0.0,1.0,10
730,9,16.0,8.0,0.0,1.0,9
731,10,16.0,8.0,0.0,1.0,10
732,7,8.0,8.0,0.0,1.0,7
733,8,16.0,8.0,0.0,1.0,8
734,11,16.0,8.0,0.0,1.0,11
735,10,16.0,8.0,0.0,1.0,10
736,10,16.0,8.0,0.0,1.0,9
737,8,11.313708305358887,8.0,0.0,1.0,8
738,11,16.0,8.0,0.0,1.0,11
739,11,13.856406211853027,8.0,0.0,1.0,11
740,8,16.0,8.0,0.0,1.0,8
741,9,16.0,8.0,0.41421353816986084,1.0,9
742,12,16.0,8.0,0.0,1.0,12
743,12,16.0,8.0,0.0,1.0,12
744,11,16.0,8.0,0.0,1.0,11
745,12,16.0,8.0,0.20710676908493042,1.0,11
746,10,16.0,8.0,0.0,1.0,9
747,11,16.0,8.0,0.0,1.0,11
748,8,13.856406211853027,8.0,0.0,1.0,8
749,8,16.0,8.0,0.0,1.0,8
750,8,11.313708305358887,8.0,0.0,1.0,8
751,11,16.0,8.0,0.0,1.0,11
752,10,16.0,8.0,0.41421353816986084,1.0,10
753,10,13.856406211853027,8.0,0.0,1.0,10
754,11,16.0,8.0,0.0,1.0,11
755,9,13.856406211853027,8.0,0.0,1.0,9
756,10,13.856406211853027,8.0,0.0,1.0,10
757,4,11.313708305358887,8.0,0.0,1.0,4
758,11,16.0,8.0,0.0,1.0,11
759,9,16.0,8.0,0.0,1.0,9
760,10,16.0,8.0,0.0,1.0,10
761,12,16.0,8.0,0.0,1.0,12
762,11,11.313708305358887,8.0,0.0,1.0,11
763,10,13.856406211853027,8.0,0.0,1.0,10
764,12,13.856406211853027,8.0,0.0,1.0,12
765,9,13.856406211853027,8.0,0.0,1.0,9
766,10,13.856406211853027,8.0,0.0,1.0,8
767,7,11.313708305358887,8.0,0.20710676908493042,1.0,7
768,10,16.0,8.0,0.20710676908493042,1.0,10
769,8,16.0,8.0,0.0,1.0,8
770,8,13.856406211853027,8.0,0.0,1.0,8
771,11,13.856406211853027,8.0,0.0,1.0,11
772,12,16.0,8.0,0.0,1.0,12
773,11,13.856406211853027,8.0,0.0,1.0,11
774,12,16.0,8.0,0.0,1.0,12
775,9,13.856406211853027,8.0,0.0,1.0,9
776,9,13.856406211853027,8.0,0.0,1.0,9
777,8,16.0,8.0,0.0,1.0,8
778,10,13.856406211853027,8.0,0.0,1.0,10
779,10,16.0,8.0,0.0,1.0,10
780,12,16.0,8.0,0.41421353816986084,1.0,12
781,12,16.0,8.0,0.0,1.0,12
782,12,13.856406211853027,8.0,0.0,1.0,12
783,7,16.0,8.0,0.0,1.0,7
784,9,16.0,8.0,0.0,1.0,9
785,12,16.0,8.0,0.41421353816986084,1.0,11
786,10,16.0,8.0,0.20710676908493042,1.0,10
787,12,16.0,8.0,0.41421353816986084,1.0,12
788,10,16.0,8.0,0.0,1.0,9
789,10,16.0,8.0,0.0,1.0,10
790,12,16.0,8.0,0.0,1.0,12
791,7,13.856406211853027,8.0,0.0,1.0,7
792,8,13.856406211853027,8.0,0.0,1.0,8
793,8,16.0,8.0,0.0,1.0,8
794,11,16.0,8.0,0.41421353816986084,1.0,11
795,11,16.0,8.0,0.0,1.0,11
796,10,16.0,8.0,0.0,1.0,10
797,9,16.0,8.0,0.0,1.0,9
798,10,16.0,8.0,0.41421353816986084,1.0,10
799,12,13.856406211853027,8.0,0.0,1.0,11
800,10,16.0,8.0,0.0,1.0,10
801,11,16.0,8.0,0.0,1.0,10
802,12,16.0,8.0,0.41421353816986084,1.0,12
803,12,16.0,8.0,0.0,1.0,12
804,12,16.0,8.0,0.0,1.0,12
805,11,16.0,8.0,0.0,1.0,11
806,12,16.0,8.0,0.0,1.0,12
807,9,13.856406211853027,8.0,0.0,1.0,9
808,7,13.856406211853027,8.0,0.0,1.0,6
809,7,11.313708305358887,8.0,0.0,1.0,7
810,12,16.0,8.0,0.41421353816986084,1.0,12
811,9,16.0,8.0,0.0,1.0,8
812,12,16.0,8.0,0.0,1.0,12
813,12,16.0,8.0,0.20710676908493042,1.0,12
814,12,16.0,8.0,0.0,1.0,12
815,12,16.0,8.0,0.0,1.0,12
816,12,13.856406211853027,8.0,0.0,1.0,12
817,9,16.0,8.0,0.0,1.0,8
818,12,16.0,8.0,0.0,1.0,12
819,10,16.0,8.0,0.0,1.0,10
820,9,16.0,8.0,0.20710676908493042,1.0,9
821,12,16.0,8.0,0.0,1.0,12
822,12,13.856406211853027,8.0,0.0,1.0,12
823,11,16.0,8.0,0.0,1.0,11
824,12,13.856406211853027,8.0,0.0,1.0,12
825,7,11.313708305358887,8.0,0.0,1.0,7
826,7,11.313708305358887,8.0,0.0,1.0,6
827,11,13.856406211853027,8.0,0.0,1.0,11
828,11,16.0,8.0,0.0,1.0,11
829,12,16.0,8.0,0.41421353816986084,1.0,12
830,12,16.0,8.0,0.0,1.0,12
831,11,13.856406211853027,8.0,0.0,1.0,11
832,8,16.0,8.0,0.0,1.0,8
833,11,13.856406211853027,8.0,0.0,1.0,11
834,11,13.856406211853027,8.0,0.0,1.0,11
835,12,13.856406211853027,8.0,0.0,1.0,12
836,3,11.313708305358887,8.0,0.0,1.0,2
837,7,8.0,8.0,0.0,1.0,6
838,6,8.0,8.0,0.0,1.0,6
839,4,13.856406211853027,8.0,0.0,1.0,4
840,5,11.313708305358887,8.0,0.0,1.0,5
841,4,8.0,8.0,,1.0,1
842,7,11.313708305358887,8.0,0.0,1.0,7
843,7,13.856406211853027,8.0,0.0,1.0,7
844,6,13.856406211853027,8.0,0.0,1.0,5
845,8,13.856406211853027,8.0,0.0,1.0,8
846,8,13.856406211853027,8.0,0.0,1.0,8
847,9,16.0,8.0,0.0,1.0,9
848,6,11.313708305358887,8.0,0.0,1.0,6
849,12,16.0,8.0,0.0,1.0,12
850,9,16.0,8.0,0.20710676908493042,1.0,9
851,10,16.0,8.0,0.0,1.0,9
852,11,16.0,8.0,0.0,1.0,10
853,9,13.856406211853027,8.0,0.0,1.0,9
854,10,16.0,8.0,0.0,1.0,10
855,12,16.0,8.0,0.0,1.0,12
856,7,13.856406211853027,8.0,0.0,1.0,6
857,12,16.0,8.0,0.0,1.0,11
858,11,16.0,8.0,0.0,1.0,11
859,11,16.0,8.0,0.0,1.0,11
860,10,16.0,8.0,0.0,1.0,10
861,10,13.856406211853027,8.0,0.0,1.0,10
862,10,16.0,8.0,0.0,1.0,10
863,10,16.0,8.0,0.0,1.0,9
864,12,16.0,8.0,0.41421353816986084,1.0,12
865,12,16.0,8.0,0.0,1.0,12
866,12,13.856406211853027,8.0,0.0,1.0,12
867,10,13.856406211853027,8.0,0.0,1.0,10
868,11,16.0,8.0,0.0,1.0,11
869,6,11.313708305358887,8.0,0.0,1.0,6
870,9,13.856406211853027,8.0,0.0,1.0,9
871,9,16.0,8.0,0.0,1.0,9
872,11,16.0,8.0,0.0,1.0,11
873,10,16.0,8.0,0.0,1.0,10
874,11,16.0,8.0,0.41421353816986084,1.0,11
875,11,16.0,8.0,0.0,1.0,11
876,5,13.856406211853027,8.0,0.0,1.0,5
877,10,16.0,8.0,0.0,1.0,10
878,11,16.0,8.0,0.0,1.0,11
879,9,16.0,8.0,0.0,1.0,9
880,11,16.0,8.0,0.0,1.0,11
881,11,16.0,8.0,0.0,1.0,11
882,11,16.0,8.0,0.0,1.0,11
883,10,16.0,8.0,0.0,1.0,9
884,10,16.0,8.0,0.0,1.0,9
885,11,16.0,8.0,0.0,1.0,10
886,9,13.856406211853027,8.0,0.0,1.0,9
887,8,11.313708305358887,8.0,0.0,1.0,8
888,8,11.313708305358887,8.0,0.0,1.0,8
889,8,11.313708305358887,8.0,0.0,1.0,8
890,7,13.856406211853027,8.0,0.0,1.0,7
891,8,13.856406211853027,8.0,0.0,1.0,7
892,8,11.313708305358887,8.0,0.0,1.0,8
893,11,16.0,8.0,0.0,1.0,10
894,11,13.856406211853027,8.0,0.0,1.0,11
895,10,16.0,8.0,0.0,1.0,10
896,11,13.856406211853027,8.0,0.0,1.0,11
897,10,13.856406211853027,8.0,0.0,1.0,10
898,9,16.0,8.0,0.0,1.0,9
899,9,16.0,8.0,0.0,1.0,9
900,11,16.0,8.0,0.0,1.0,11
901,12,16.0,8.0,0.0,1.0,12
902,12,13.856406211853027,8.0,0.0,1.0,11
903,10,16.0,8.0,0.0,1.0,10
904,11,16.0,8.0,0.20710676908493042,1.0,11
905,9,16.0,8.0,0.0,1.0,9
906,8,8.0,8.0,0.0,1.0,8
907,9,13.856406211853027,8.0,0.0,1.0,9
908,12,13.856406211853027,8.0,0.0,1.0,12
909,12,16.0,8.0,0.0,1.0,12
910,11,13.856406211853027,8.0,0.0,1.0,10
911,5,8.0,8.0,0.0,1.0,5
912,11,16.0,8.0,0.0,1.0,11
913,11,16.0,8.0,0.0,1.0,11
914,12,13.856406211853027,8.0,0.0,1.0,12
915,10,16.0,8.0,0.0,1.0,10
916,11,16.0,8.0,0.0,1.0,11
917,11,13.856406211853027,8.0,0.0,1.0,11
918,10,13.856406211853027,8.0,0.0,1.0,10
919,7,11.313708305358887,8.0,0.0,1.0,7
920,12,16.0,8.0,0.0,1.0,12
921,11,16.0,8.0,0.0,1.0,11
922,8,13.856406211853027,8.0,0.0,1.0,8
923,7,8.0,8.0,0.0,1.0,7
924,8,13.856406211853027,8.0,0.0,1.0,8
925,11,16.0,8.0,0.0,1.0,11
926,12,13.856406211853027,8.0,0.0,1.0,12
927,11,16.0,8.0,0.0,1.0,11
928,9,13.856406211853027,8.0,0.0,1.0,8
929,12,16.0,8.0,0.0,1.0,11
930,10,16.0,8.0,0.0,1.0,9
931,9,13.856406211853027,8.0,0.0,1.0,9
932,10,13.856406211853027,8.0,0.0,1.0,10
933,10,16.0,8.0,0.0,1.0,10
934,9,13.856406211853027,8.0,0.0,1.0,9
935,8,16.0,8.0,0.0,1.0,8
936,10,13.856406211853027,8.0,0.0,1.0,9
937,11,16.0,8.0,0.41421353816986084,1.0,11
938,7,8.0,8.0,0.0,1.0,7
939,11,16.0,8.0,0.0,1.0,11
940,11,13.856406211853027,8.0,0.0,1.0,11
941,10,13.856406211853027,8.0,0.0,1.0,10
942,7,8.0,8.0,0.0,1.0,7
943,9,16.0,8.0,0.0,1.0,9
944,11,16.0,8.0,0.0,1.0,11
945,10,13.856406211853027,8.0,0.0,1.0,10
946,10,16.0,8.0,0.0,1.0,10
947,12,16.0,8.0,0.0,1.0,12
948,11,13.856406211853027,8.0,0.0,1.0,11
949,11,16.0,8.0,0.0,1.0,11
950,12,16.0,8.0,0.0,1.0,12
951,6,11.313708305358887,8.0,0.0,1.0,6
952,8,13.856406211853027,8.0,0.0,1.0,8
953,11,16.0,8.0,0.0,1.0,11
954,12,13.856406211853027,8.0,0.0,1.0,12
955,10,13.856406211853027,8.0,0.0,1.0,10
956,6,11.313708305358887,8.0,0.0,1.0,6
957,9,16.0,8.0,0.0,1.0,9
958,10,16.0,8.0,0.0,1.0,10
959,11,16.0,8.0,0.0,1.0,11
960,11,13.856406211853027,8.0,0.0,1.0,11
961,12,16.0,8.0,0.0,1.0,11
962,11,13.856406211853027,8.0,0.0,1.0,11
963,11,13.856406211853027,8.0,0.0,1.0,11
964,12,16.0,8.0,0.0,1.0,12
965,9,16.0,8.0,0.0,1.0,9
966,9,11.313708305358887,8.0,0.0,1.0,9
967,12,13.856406211853027,8.0,0.0,1.0,11
968,6,11.313708305358887,8.0,0.0,1.0,6
969,12,13.856406211853027,8.0,0.0,1.0,12
970,10,13.856406211853027,8.0,0.0,1.0,10
971,11,13.856406211853027,8.0,0.0,1.0,11
972,11,16.0,8.0,0.0,1.0,11
973,10,16.0,8.0,0.41421353816986084,1.0,10
974,11,13.856406211853027,8.0,0.0,1.0,10
975,9,16.0,8.0,0.0,1.0,9
976,11,16.0,8.0,0.0,1.0,11
977,7,13.856406211853027,8.0,0.0,1.0,7
978,11,16.0,8.0,0.0,1.0,11
979,7,13.856406211853027,8.0,0.0,1.0,7
980,12,16.0,8.0,0.0,1.0,12
981,10,16.0,8.0,0.0,1.0,10
982,12,16.0,8.0,0.0,1.0,12
983,10,13.856406211853027,8.0,0.0,1.0,10
984,12,16.0,8.0,0.0,1.0,12
985,11,16.0,8.0,0.0,1.0,11
986,11,16.0,8.0,0.0,1.0,11
987,12,16.0,8.0,0.0,1.0,12
988,10,16.0,8.0,0.0,1.0,10
989,11,13.856406211853027,8.0,0.0,1.0,11
990,11,16.0,8.0,0.0,1.0,11
991,11,13.856406211853027,8.0,0.0,1.0,10
992,10,16.0,8.0,0.41421353816986084,1.0,10
993,11,16.0,8.0,0.0,1.0,11
994,7,11.313708305358887,8.0,0.0,1.0,7
995,10,13.856406211853027,8.0,0.0,1.0,10
996,12,16.0,8.0,0.0,1.0,12
997,11,16.0,8.0,0.0,1.0,11
998,4,11.313708305358887,8.0,0.0,1.0,4
999,10,16.0,8.0,0.0,1.0,10
1000,11,13.856406211853027,8.0,0.0,1.0,11
1001,11,16.0,8.0,0.0,1.0,11
1002,11,16.0,8.0,0.0,1.0,11
1003,12,13.856406211853027,8.0,0.0,1.0,12
1004,8,13.856406211853027,8.0,0.0,1.0,8
1005,11,13.856406211853027,8.0,0.0,1.0,11
1006,12,16.0,8.0,0.0,1.0,12
1007,10,13.856406211853027,8.0,0.0,1.0,9
1008,8,8.0,8.0,0.0,1.0,8
1009,11,13.856406211853027,8.0,0.0,1.0,11
1010,12,16.0,8.0,0.0,1.0,12
1011,9,16.0,8.0,0.0,1.0,9
1012,4,11.313708305358887,8.0,0.0,1.0,4
1013,10,13.856406211853027,8.0,0.0,1.0,10
1014,4,11.313708305358887,8.0,0.0,1.0,3
1015,8,13.856406211853027,8.0,0.0,1.0,8
1016,5,11.313708305358887,8.0,0.0,1.0,4
1017,8,13.856406211853027,8.0,0.0,1.0,8
1018,8,11.313708305358887,8.0,0.0,1.0,8
1019,6,11.313708305358887,8.0,0.0,1.0,6
1020,12,16.0,8.0,0.0,1.0,12
1021,11,16.0,8.0,0.0,1.0,11
1022,8,16.0,8.0,0.0,1.0,8
1023,9,16.0,8.0,0.0,1.0,8
1024,8,16.0,8.0,0.0,1.0,7
1025,7,13.856406211853027,8.0,0.0,1.0,7
1026,11,16.0,8.0,0.0,1.0,10
1027,8,16.0,8.0,0.0,1.0,8
1028,9,16.0,8.0,0.0,1.0,8
1029,9,13.856406211853027,8.0,0.0,1.0,9
1030,6,11.313708305358887,8.0,0.0,1.0,6
1031,12,16.0,8.0,0.0,1.0,12
1032,6,13.856406211853027,8.0,0.0,1.0,6
1033,9,13.856406211853027,8.0,0.0,1.0,9
1034,11,13.856406211853027,8.0,0.0,1.0,11
1035,11,13.856406211853027,8.0,0.0,1.0,11
1036,8,16.0,8.0,0.0,1.0,8
1037,11,16.0,8.0,0.0,1.0,11
1038,11,13.856406211853027,8.0,0.0,1.0,11
1039,6,16.0,8.0,0.0,1.0,6
1040,12,16.0,8.0,0.0,1.0,11
1041,8,16.0,8.0,0.0,1.0,7
1042,8,13.856406211853027,8.0,0.0,1.0,8
1043,8,16.0,8.0,0.0,1.0,8
1044,10,16.0,8.0,0.41421353816986084,1.0,10
1045,6,11.313708305358887,8.0,0.0,1.0,6
1046,11,16.0,8.0,0.0,1.0,11
1047,9,16.0,8.0,0.0,1.0,9
1048,7,13.856406211853027,8.0,0.0,1.0,7
1049,9,13.856406211853027,8.0,0.0,1.0,9
1050,11,16.0,8.0,0.0,1.0,10
1051,9,16.0,8.0,0.0,1.0,7
1052,8,16.0,8.0,0.0,1.0,8
1053,11,16.0,8.0,0.0,1.0,11
1054,10,16.0,8.0,0.0,1.0,10
1055,8,16.0,8.0,0.20710676908493042,1.0,7
1056,8,16.0,8.0,0.0,1.0,8
1057,10,13.856406211853027,8.0,0.0,1.0,10
1058,9,16.0,8.0,0.0,1.0,9
1059,11,16.0,8.0,0.0,1.0,11
1060,8,13.856406211853027,8.0,0.0,1.0,8
1061,8,13.856406211853027,8.0,0.0,1.0,8
1062,10,16.0,8.0,0.0,1.0,10
1063,7,13.856406211853027,8.0,0.0,1.0,7
1064,11,13.856406211853027,8.0,0.0,1.0,11
1065,10,13.856406211853027,8.0,0.0,1.0,10
1066,9,13.856406211853027,8.0,0.0,1.0,9
1067,10,13.856406211853027,8.0,0.0,1.0,10
1068,9,16.0,8.0,0.0,1.0,9
1069,8,13.856406211853027,8.0,0.0,1.0,8
1070,10,13.856406211853027,8.0,0.0,1.0,10
1071,12,16.0,8.0,0.0,1.0,12
1072,10,16.0,8.0,0.0,1.0,10
1073,8,16.0,8.0,0.0,1.0,8
1074,8,11.313708305358887,8.0,0.0,1.0,8
1075,6,11.313708305358887,8.0,0.0,1.0,6
1076,10,13.856406211853027,8.0,0.0,1.0,10
1077,8,16.0,8.0,0.0,1.0,8
1078,10,16.0,8.0,0.41421353816986084,1.0,10
1079,8,16.0,8.0,0.0,1.0,8
1080,11,13.856406211853027,8.0,0.0,1.0,11
1081,9,16.0,8.0,0.0,1.0,9
1082,8,16.0,8.0,0.0,1.0,8
1083,10,16.0,8.0,0.0,1.0,10
1084,8,13.856406211853027,8.0,0.0,1.0,8
1085,7,11.313708305358887,8.0,0.0,1.0,7
1086,10,13.856406211853027,8.0,0.0,1.0,10
1087,11,16.0,8.0,0.0,1.0,11
1088,10,13.856406211853027,8.0,0.0,1.0,8
1089,12,16.0,8.0,0.0,1.0,11
1090,10,13.856406211853027,8.0,0.0,1.0,10
1091,12,13.856406211853027,8.0,0.0,1.0,12
1092,11,16.0,8.0,0.0,1.0,11
1093,8,13.856406211853027,8.0,0.0,1.0,8
1094,11,13.856406211853027,8.0,0.0,1.0,11
1095,8,13.856406211853027,8.0,0.0,1.0,8
1096,10,13.856406211853027,8.0,0.0,1.0,10
1097,11,16.0,8.0,0.0,1.0,11
1098,10,13.856406211853027,8.0,0.0,1.0,10
1099,12,13.856406211853027,8.0,0.0,1.0,11
1100,12,13.856406211853027,8.0,0.0,1.0,11
1101,9,13.856406211853027,8.0,0.0,1.0,9
1102,7,13.856406211853027,8.0,0.0,1.0,7
1103,6,11.313708305358887,8.0,0.0,1.0,6
1104,5,8.0,8.0,0.0,1.0,5
1105,6,13.856406211853027,8.0,0.0,1.0,5
1106,10,13.856406211853027,8.0,0.0,1.0,10
1107,11,13.856406211853027,8.0,0.0,1.0,10
1108,11,13.856406211853027,8.0,0.0,1.0,11
1109,7,11.313708305358887,8.0,0.0,1.0,6
1110,9,16.0,8.0,0.0,1.0,9
1111,10,13.856406211853027,8.0,0.0,1.0,10
1112,8,13.856406211853027,8.0,0.0,1.0,8
1113,11,16.0,8.0,0.0,1.0,11
1114,12,13.856406211853027,8.0,0.0,1.0,12
1115,7,16.0,8.0,0.0,1.0,6
1116,10,13.856406211853027,8.0,0.0,1.0,10
1117,10,16.0,8.0,0.0,1.0,10
1118,9,16.0,8.0,0.0,1.0,9
1119,8,11.313708305358887,8.0,0.0,1.0,8
1120,7,8.0,8.0,0.0,1.0,7
1121,7,13.856406211853027,8.0,0.0,1.0,7
1122,9,16.0,8.0,0.0,1.0,9
1123,9,13.856406211853027,8.0,0.0,1.0,9
1124,11,13.856406211853027,8.0,0.0,1.0,11
1125,10,16.0,8.0,0.0,1.0,10
1126,11,13.856406211853027,8.0,0.0,1.0,11
1127,12,16.0,8.0,0.0,1.0,12
1128,12,13.856406211853027,8.0,0.0,1.0,12
1129,8,11.313708305358887,8.0,0.0,1.0,8
1130,11,16.0,8.0,0.0,1.0,11
1131,11,13.856406211853027,8.0,0.0,1.0,11
1132,12,13.856406211853027,8.0,0.0,1.0,12
1133,12,13.856406211853027,8.0,0.0,1.0,12
1134,10,13.856406211853027,8.0,0.0,1.0,9
1135,10,13.856406211853027,8.0,0.0,1.0,9
1136,10,13.856406211853027,8.0,0.0,1.0,10
1137,11,16.0,8.0,0.0,1.0,11
1138,7,8.0,8.0,0.0,1.0,7
1139,11,16.0,8.0,0.0,1.0,11
1140,10,13.856406211853027,8.0,0.0,1.0,10
1141,11,13.856406211853027,8.0,0.0,1.0,11
1142,6,11.313708305358887,8.0,0.0,1.0,6
1143,11,16.0,8.0,0.0,1.0,11
1144,12,13.856406211853027,8.0,0.0,1.0,12
1145,11,13.856406211853027,8.0,0.0,1.0,11
1146,12,13.856406211853027,8.0,0.0,1.0,12
1147,9,13.856406211853027,8.0,0.0,1.0,9
1148,11,16.0,8.0,0.0,1.0,11
1149,11,16.0,8.0,0.0,1.0,11
1150,4,11.313708305358887,8.0,0.0,1.0,4
1151,6,11.313708305358887,8.0,0.0,1.0,6
1152,5,13.856406211853027,8.0,0.0,1.0,5
1153,9,13.856406211853027,8.0,0.0,1.0,9
1154,12,16.0,8.0,0.0,1.0,11
1155,12,13.856406211853027,8.0,0.0,1.0,11
1156,12,16.0,8.0,0.0,1.0,12
1157,8,16.0,8.0,0.0,1.0,8
1158,11,16.0,8.0,0.0,1.0,11
1159,12,16.0,8.0,0.0,1.0,12
1160,10,16.0,8.0,0.0,1.0,10
1161,12,13.856406211853027,8.0,0.0,1.0,12
1162,9,16.0,8.0,0.0,1.0,9
1163,11,16.0,8.0,0.0,1.0,11
1164,11,16.0,8.0,0.0,1.0,11
1165,12,13.856406211853027,8.0,0.0,1.0,12
1166,12,16.0,8.0,0.0,1.0,12
1167,10,16.0,8.0,0.0,1.0,10
1168,8,11.313708305358887,8.0,0.0,1.0,8
1169,10,16.0,8.0,0.0,1.0,10
1170,12,13.856406211853027,8.0,0.0,1.0,12
1171,10,16.0,8.0,0.0,1.0,10
1172,9,13.856406211853027,8.0,0.0,1.0,9
1173,11,13.856406211853027,8.0,0.0,1.0,11
1174,9,13.856406211853027,8.0,0.0,1.0,9
1175,12,16.0,8.0,0.0,1.0,12
1176,7,8.0,8.0,0.0,1.0,7
1177,7,13.856406211853027,8.0,0.0,1.0,7
1178,11,16.0,8.0,0.0,1.0,11
1179,10,16.0,8.0,0.0,1.0,10
1180,11,16.0,8.0,0.0,1.0,10
1181,7,16.0,8.0,0.0,1.0,7
1182,3,11.313708305358887,8.0,0.0,1.0,3
1183,4,13.856406211853027,8.0,0.0,1.0,4
1184,9,13.856406211853027,8.0,0.0,1.0,7
1185,7,13.856406211853027,8.0,0.0,1.0,6
1186,6,11.313708305358887,8.0,0.0,1.0,6
1187,4,13.856406211853027,8.0,0.0,1.0,3
1188,4,11.313708305358887,8.0,0.0,1.0,3
1189,5,11.313708305358887,8.0,0.0,1.0,5
1190,6,11.313708305358887,8.0,0.0,1.0,6
1191,6,11.313708305358887,8.0,0.0,1.0,6
1192,10,16.0,8.0,0.0,1.0,10
1193,10,16.0,8.0,0.0,1.0,10
1194,10,13.856406211853027,8.0,0.0,1.0,10
1195,8,16.0,8.0,0.0,1.0,8
1196,9,16.0,8.0,0.0,1.0,9
1197,10,13.856406211853027,8.0,0.0,1.0,9
1198,7,11.313708305358887,8.0,0.0,1.0,6
1199,11,13.856406211853027,8.0,0.0,1.0,11
1200,4,13.856406211853027,8.0,0.0,1.0,4
1201,11,16.0,8.0,0.0,1.0,11
1202,11,16.0,8.0,0.0,1.0,10
1203,10,16.0,8.0,0.0,1.0,10
1204,8,16.0,8.0,0.0,1.0,8
1205,8,13.856406211853027,8.0,0.0,1.0,7
1206,10,16.0,8.0,0.0,1.0,10
1207,8,16.0,8.0,0.0,1.0,7
1208,6,8.0,8.0,0.0,1.0,6
1209,11,16.0,8.0,0.0,1.0,10
1210,6,13.856406211853027,8.0,0.0,1.0,6
1211,8,11.313708305358887,8.0,0.0,1.0,8
1212,10,13.856406211853027,8.0,0.0,1.0,10
1213,4,13.856406211853027,8.0,0.0,1.0,3
1214,10,13.856406211853027,8.0,0.0,1.0,10
1215,12,13.856406211853027,8.0,0.0,1.0,10
1216,11,16.0,8.0,0.0,1.0,11
1217,8,13.856406211853027,8.0,0.0,1.0,8
1218,12,16.0,8.0,0.0,1.0,11
1219,6,13.856406211853027,8.0,0.0,1.0,5
1220,12,13.856406211853027,8.0,0.0,1.0,11
1221,10,13.856406211853027,8.0,0.0,1.0,10
1222,10,16.0,8.0,0.0,1.0,10
1223,9,16.0,8.0,0.0,1.0,9
1224,9,13.856406211853027,8.0,0.0,1.0,9
1225,9,13.856406211853027,8.0,0.0,1.0,9
1226,10,13.856406211853027,8.0,0.0,1.0,9
1227,8,13.856406211853027,8.0,0.0,1.0,8
1228,11,13.856406211853027,8.0,0.0,1.0,11
1229,9,13.856406211853027,8.0,0.0,1.0,9
1230,10,16.0,8.0,0.0,1.0,10
1231,9,13.856406211853027,8.0,0.0,1.0,9
1232,8,13.856406211853027,8.0,0.0,1.0,8
1233,8,13.856406211853027,8.0,0.0,1.0,8
1234,7,16.0,8.0,0.41421353816986084,1.0,7
1235,11,13.856406211853027,8.0,0.0,1.0,11
1236,12,16.0,8.0,0.0,1.0,12
1237,7,8.0,8.0,0.0,1.0,7
1238,11,16.0,8.0,0.0,1.0,11
1239,6,11.313708305358887,8.0,0.0,1.0,6
1240,8,16.0,8.0,0.0,1.0,8
1241,8,13.856406211853027,8.0,0.0,1.0,8
1242,8,13.856406211853027,8.0,0.0,1.0,7
1243,11,13.856406211853027,8.0,0.0,1.0,11
1244,10,13.856406211853027,8.0,0.0,1.0,10
1245,10,16.0,8.0,0.20710676908493042,1.0,10
1246,8,13.856406211853027,8.0,0.0,1.0,8
1247,9,16.0,8.0,0.0,1.0,9
1248,11,13.856406211853027,8.0,0.0,1.0,11
1249,9,13.856406211853027,8.0,0.0,1.0,9
1250,10,13.856406211853027,8.0,0.0,1.0,10
1251,8,11.313708305358887,8.0,0.0,1.0,8
1252,2,13.856406211853027,8.0,0.0,1.0,2
1253,11,13.856406211853027,8.0,0.0,1.0,11
1254,6,13.856406211853027,8.0,0.0,1.0,6
1255,10,16.0,8.0,0.0,1.0,10
1256,10,16.0,8.0,0.41421353816986084,1.0,9
1257,11,13.856406211853027,8.0,0.0,1.0,11
1258,8,13.856406211853027,8.0,0.0,1.0,8
1259,9,13.856406211853027,8.0,0.0,1.0,8
1260,10,13.856406211853027,8.0,0.0,1.0,10
1261,11,13.856406211853027,8.0,0.0,1.0,11
1262,8,13.856406211853027,8.0,0.0,1.0,7
1263,11,16.0,8.0,0.0,1.0,11
1264,10,16.0,8.0,0.0,1.0,10
1265,7,11.313708305358887,8.0,0.0,1.0,7
1266,8,13.856406211853027,8.0,0.0,1.0,8
1267,9,13.856406211853027,8.0,0.0,1.0,8
1268,8,13.856406211853027,8.0,0.0,1.0,8
1269,12,16.0,8.0,0.0,1.0,12
1270,11,16.0,8.0,0.0,1.0,11
1271,9,16.0,8.0,0.0,1.0,8
1272,9,16.0,8.0,0.0,1.0,9
1273,8,13.856406211853027,8.0,0.0,1.0,8
1274,8,16.0,8.0,0.0,1.0,8
1275,9,13.856406211853027,8.0,0.0,1.0,9
1276,12,16.0,8.0,0.0,1.0,12
1277,11,13.856406211853027,8.0,0.0,1.0,11
1278,12,16.0,8.0,0.0,1.0,12
1279,11,16.0,8.0,0.41421353816986084,1.0,11
1280,10,16.0,8.0,0.0,1.0,10
1281,8,16.0,8.0,0.0,1.0,8
1282,9,16.0,8.0,0.0,1.0,9
1283,7,13.856406211853027,8.0,0.0,1.0,7
1284,10,13.856406211853027,8.0,0.0,1.0,10
1285,12,16.0,8.0,0.0,1.0,12
1286,11,16.0,8.0,0.0,1.0,11
1287,11,16.0,8.0,0.0,1.0,11
1288,10,16.0,8.0,0.0,1.0,10
1289,7,13.856406211853027,8.0,0.0,1.0,7
1290,7,13.856406211853027,8.0,0.0,1.0,7
1291,11,13.856406211853027,8.0,0.0,1.0,10
1292,11,16.0,8.0,0.0,1.0,11
1293,10,16.0,8.0,0.0,1.0,9
1294,11,16.0,8.0,0.0,1.0,10
1295,7,11.313708305358887,8.0,0.0,1.0,7
1296,11,13.856406211853027,8.0,0.0,1.0,10
1297,10,13.856406211853027,8.0,0.0,1.0,10
1298,11,16.0,8.0,0.41421353816986084,1.0,11
1299,9,16.0,8.0,0.0,1.0,9
1300,11,16.0,8.0,0.0,1.0,11
1301,8,13.856406211853027,8.0,0.0,1.0,8
1302,9,13.856406211853027,8.0,0.0,1.0,8
1303,9,13.856406211853027,8.0,0.0,1.0,9
1304,7,16.0,8.0,0.0,1.0,6
1305,12,16.0,8.0,0.0,1.0,12
1306,10,13.856406211853027,8.0,0.0,1.0,10
1307,5,11.313708305358887,8.0,0.0,1.0,4
1308,10,13.856406211853027,8.0,0.0,1.0,10
1309,7,11.313708305358887,8.0,0.0,1.0,7
1310,4,11.313708305358887,8.0,0.0,1.0,3
1311,7,11.313708305358887,8.0,0.0,1.0,7
1312,9,13.856406211853027,8.0,0.0,1.0,8
1313,10,13.856406211853027,8.0,0.0,1.0,10
1314,11,16.0,8.0,0.0,1.0,10
1315,11,16.0,8.0,0.0,1.0,9
1316,9,13.856406211853027,8.0,0.0,1.0,9
1317,10,13.856406211853027,8.0,0.0,1.0,10
1318,7,13.856406211853027,8.0,0.0,1.0,7
1319,8,8.0,8.0,0.0,1.0,8
1320,10,13.856406211853027,8.0,0.0,1.0,10
1321,8,11.313708305358887,8.0,0.0,1.0,8
1322,10,16.0,8.0,0.0,1.0,10
1323,9,13.856406211853027,8.0,0.0,1.0,9
1324,8,8.0,8.0,0.0,1.0,8
1325,10,13.856406211853027,8.0,0.0,1.0,10
1326,12,13.856406211853027,8.0,0.0,1.0,12
1327,9,13.856406211853027,8.0,0.0,1.0,8
1328,10,16.0,8.0,0.0,1.0,10
1329,5,13.856406211853027,8.0,0.0,1.0,4
1330,12,16.0,8.0,0.0,1.0,12
1331,7,13.856406211853027,8.0,0.0,1.0,7
1332,5,13.856406211853027,8.0,0.0,1.0,5
1333,11,16.0,8.0,0.0,1.0,10
1334,5,11.313708305358887,8.0,0.0,1.0,5
1335,11,16.0,8.0,0.0,1.0,11
1336,12,13.856406211853027,8.0,0.0,1.0,12
1337,8,16.0,8.0,0.0,1.0,8
1338,6,11.313708305358887,8.0,0.0,1.0,6
1339,11,13.856406211853027,8.0,0.0,1.0,11
1340,9,13.856406211853027,8.0,0.0,1.0,9
1341,12,16.0,8.0,0.0,1.0,12
1342,9,13.856406211853027,8.0,0.0,1.0,9
1343,6,13.856406211853027,8.0,0.0,1.0,6
1344,10,16.0,8.0,0.0,1.0,10
1345,10,16.0,8.0,0.0,1.0,10
1346,6,11.313708305358887,8.0,0.0,1.0,6
1347,11,16.0,8.0,0.0,1.0,10
1348,10,13.856406211853027,8.0,0.0,1.0,10
1349,9,16.0,8.0,0.0,1.0,9
1350,7,8.0,8.0,0.0,1.0,7
1351,8,13.856406211853027,8.0,0.0,1.0,8
1352,8,13.856406211853027,8.0,0.0,1.0,8
1353,5,13.856406211853027,8.0,0.0,1.0,5
1354,3,11.313708305358887,8.0,,1.0,1
1355,7,11.313708305358887,8.0,0.0,1.0,7
1356,3,11.313708305358887,8.0,0.0,1.0,2
1357,3,13.856406211853027,8.0,0.0,1.0,2
1358,2,8.0,8.0,0.0,1.0,2
1359,12,13.856406211853027,8.0,0.0,1.0,11
1360,10,13.856406211853027,8.0,0.0,1.0,10
1361,6,11.313708305358887,8.0,0.0,1.0,6
1362,8,13.856406211853027,8.0,0.0,1.0,8
1363,7,13.856406211853027,8.0,0.0,1.0,6
1364,7,13.856406211853027,8.0,0.0,1.0,7
1365,8,11.313708305358887,8.0,0.0,1.0,8
1366,8,11.313708305358887,8.0,0.0,1.0,8
1367,6,11.313708305358887,8.0,0.0,1.0,4
1368,10,16.0,8.0,0.0,1.0,10
1369,10,16.0,8.0,0.0,1.0,10
1370,10,16.0,8.0,0.0,1.0,10
1371,8,13.856406211853027,8.0,0.0,1.0,8
1372,10,16.0,8.0,0.0,1.0,10
1373,8,13.856406211853027,8.0,0.0,1.0,8
1374,9,16.0,8.0,0.0,1.0,9
1375,10,11.313708305358887,8.0,0.0,1.0,10
1376,9,13.856406211853027,8.0,0.0,1.0,8
1377,6,16.0,8.0,0.0,1.0,5
1378,12,16.0,8.0,0.0,1.0,12
1379,10,13.856406211853027,8.0,0.0,1.0,10
1380,12,16.0,8.0,0.0,1.0,11
1381,9,16.0,8.0,0.0,1.0,8
1382,12,16.0,8.0,0.0,1.0,12
1383,4,11.313708305358887,8.0,0.0,1.0,4
1384,8,13.856406211853027,8.0,0.0,1.0,7
1385,9,16.0,8.0,0.0,1.0,9
1386,12,13.856406211853027,8.0,0.0,1.0,12
1387,11,13.856406211853027,8.0,0.0,1.0,10
1388,9,13.856406211853027,8.0,0.0,1.0,9
1389,12,13.856406211853027,8.0,0.0,1.0,12
1390,8,13.856406211853027,8.0,0.0,1.0,8
1391,9,13.856406211853027,8.0,0.0,1.0,8
1392,9,13.856406211853027,8.0,0.0,1.0,9
1393,9,16.0,8.0,0.0,1.0,9
1394,9,16.0,8.0,0.0,1.0,9
1395,8,8.0,8.0,0.0,1.0,8
1396,12,13.856406211853027,8.0,0.0,1.0,12
1397,11,13.856406211853027,8.0,0.0,1.0,11
1398,8,8.0,8.0,0.0,1.0,8
1399,7,13.856406211853027,8.0,0.0,1.0,7
1400,9,13.856406211853027,8.0,0.0,1.0,8
1401,11,16.0,8.0,0.0,1.0,10
1402,9,16.0,8.0,0.0,1.0,8
1403,10,16.0,8.0,0.0,1.0,9
1404,8,16.0,8.0,0.0,1.0,8
1405,11,13.856406211853027,8.0,0.0,1.0,11
1406,12,13.856406211853027,8.0,0.0,1.0,12
1407,10,13.856406211853027,8.0,0.0,1.0,10
1408,8,13.856406211853027,8.0,0.0,1.0,7
1409,8,13.856406211853027,8.0,0.0,1.0,8
1410,8,13.856406211853027,8.0,0.0,1.0,8
1411,11,16.0,8.0,0.0,1.0,11
1412,11,11.313708305358887,8.0,0.0,1.0,11
1413,9,16.0,8.0,0.0,1.0,9
1414,9,16.0,8.0,0.0,1.0,9
1415,7,16.0,8.0,0.0,1.0,7
1416,7,11.313708305358887,8.0,0.0,1.0,7
1417,10,16.0,8.0,0.0,1.0,10
1418,8,13.856406211853027,8.0,0.0,1.0,8
1419,8,16.0,8.0,0.0,1.0,8
1420,11,16.0,8.0,0.20710676908493042,1.0,11
1421,12,16.0,8.0,0.0,1.0,12
1422,10,16.0,8.0,0.0,1.0,10
1423,9,13.856406211853027,8.0,0.0,1.0,9
1424,5,16.0,8.0,0.0,1.0,5
1425,9,13.856406211853027,8.0,0.0,1.0,9
1426,9,13.856406211853027,8.0,0.0,1.0,9
1427,9,16.0,8.0,0.0,1.0,9
1428,7,11.313708305358887,8.0,0.0,1.0,7
1429,9,16.0,8.0,0.0,1.0,9
1430,11,16.0,8.0,0.0,1.0,11
1431,10,16.0,8.0,0.0,1.0,10
1432,10,16.0,8.0,0.0,1.0,10
1433,7,8.0,8.0,0.0,1.0,7
1434,9,13.856406211853027,8.0,0.0,1.0,9
1435,8,16.0,8.0,0.0,1.0,8
1436,10,16.0,8.0,0.0,1.0,10
1437,12,13.856406211853027,8.0,0.0,1.0,12
1438,12,13.856406211853027,8.0,0.0,1.0,11
1439,11,13.856406211853027,8.0,0.0,1.0,11
1440,11,13.856406211853027,8.0,0.0,1.0,11
1441,10,13.856406211853027,8.0,0.0,1.0,10
1442,6,13.856406211853027,8.0,0.0,1.0,5
1443,8,13.856406211853027,8.0,0.0,1.0,8
1444,9,16.0,8.0,0.0,1.0,9
1445,8,16.0,8.0,0.0,1.0,8
1446,9,16.0,8.0,0.41421353816986084,1.0,9
1447,7,11.313708305358887,8.0,0.0,1.0,7
1448,12,13.856406211853027,8.0,0.0,1.0,12
1449,8,11.313708305358887,8.0,0.0,1.0,8
1450,7,13.856406211853027,8.0,0.0,1.0,7
1451,12,13.856406211853027,8.0,0.0,1.0,12
1452,10,13.856406211853027,8.0,0.0,1.0,10
1453,11,13.856406211853027,8.0,0.0,1.0,11
1454,9,16.0,8.0,0.0,1.0,9
1455,10,13.856406211853027,8.0,0.0,1.0,10
1456,11,13.856406211853027,8.0,0.0,1.0,11
1457,11,13.856406211853027,8.0,0.0,1.0,11
1458,9,13.856406211853027,8.0,0.0,1.0,8
1459,8,16.0,8.0,0.0,1.0,8
1460,11,16.0,8.0,0.0,1.0,11
1461,9,16.0,8.0,0.0,1.0,9
1462,6,11.313708305358887,8.0,0.0,1.0,6
1463,8,11.313708305358887,8.0,0.0,1.0,8
1464,10,16.0,8.0,0.0,1.0,10
1465,9,16.0,8.0,0.0,1.0,9
1466,6,13.856406211853027,8.0,0.0,1.0,6
1467,10,16.0,8.0,0.0,1.0,10
1468,8,16.0,8.0,0.0,1.0,8
1469,12,16.0,8.0,0.0,1.0,12
1470,12,16.0,8.0,0.0,1.0,12
1471,10,16.0,8.0,0.0,1.0,9
1472,10,16.0,8.0,0.0,1.0,10
1473,9,16.0,8.0,0.0,1.0,9
1474,8,13.856406211853027,8.0,0.0,1.0,8
1475,10,16.0,8.0,0.0,1.0,10
1476,12,16.0,8.0,0.0,1.0,12
1477,10,16.0,8.0,0.0,1.0,10
1478,10,13.856406211853027,8.0,0.0,1.0,10
1479,10,13.856406211853027,8.0,0.0,1.0,10
1480,11,13.856406211853027,8.0,0.0,1.0,11
1481,8,11.313708305358887,8.0,0.0,1.0,8
1482,8,16.0,8.0,0.0,1.0,8
1483,11,16.0,8.0,0.0,1.0,11
1484,12,16.0,8.0,0.0,1.0,11
1485,11,16.0,8.0,0.0,1.0,10
1486,12,16.0,8.0,0.0,1.0,12
1487,7,13.856406211853027,8.0,0.0,1.0,7
1488,11,13.856406211853027,8.0,0.0,1.0,11
1489,9,13.856406211853027,8.0,0.0,1.0,9
1490,8,16.0,8.0,0.0,1.0,8
1491,11,16.0,8.0,0.0,1.0,11
1492,12,16.0,8.0,0.41421353816986084,1.0,11
1493,8,16.0,8.0,0.0,1.0,8
1494,8,11.313708305358887,8.0,0.0,1.0,8
1495,11,13.856406211853027,8.0,0.0,1.0,11
1496,11,13.856406211853027,8.0,0.0,1.0,11
1497,9,13.856406211853027,8.0,0.0,1.0,9
1498,10,13.856406211853027,8.0,0.0,1.0,10
1499,9,13.856406211853027,8.0,0.0,1.0,9
1500,8,16.0,8.0,0.0,1.0,8
1501,8,11.313708305358887,8.0,0.0,1.0,7
1502,11,16.0,8.0,0.0,1.0,11
1503,8,16.0,8.0,0.0,1.0,8
1504,10,16.0,8.0,0.0,1.0,10
1505,10,16.0,8.0,0.0,1.0,10
1506,11,16.0,8.0,0.0,1.0,10
1507,11,13.856406211853027,8.0,0.0,1.0,11
1508,12,13.856406211853027,8.0,0.0,1.0,12
1509,8,13.856406211853027,8.0,0.0,1.0,8
1510,9,13.856406211853027,8.0,0.0,1.0,8
1511,4,8.0,8.0,0.0,1.0,4
1512,4,8.0,8.0,0.0,1.0,4
1513,10,13.856406211853027,8.0,0.0,1.0,9
1514,7,8.0,8.0,0.0,1.0,7
1515,5,16.0,8.0,0.0,1.0,5
1516,8,8.0,8.0,0.0,1.0,8
1517,11,16.0,8.0,0.0,1.0,11
1518,4,13.856406211853027,8.0,0.0,1.0,4
1519,4,16.0,8.0,0.0,1.0,4
1520,7,16.0,8.0,0.0,1.0,6
1521,8,13.856406211853027,8.0,0.0,1.0,8
1522,9,16.0,8.0,0.0,1.0,9
1523,10,16.0,8.0,0.0,1.0,10
1524,10,16.0,8.0,0.0,1.0,9
1525,4,16.0,8.0,0.0,1.0,4
1526,7,13.856406211853027,8.0,0.0,1.0,6
1527,4,11.313708305358887,8.0,0.0,1.0,4
1528,4,11.313708305358887,8.0,0.0,1.0,4
1529,2,8.0,8.0,,1.0,1
1530,8,13.856406211853027,8.0,0.0,1.0,8
1531,6,11.313708305358887,8.0,0.0,1.0,6
1532,10,16.0,8.0,0.0,1.0,10
1533,11,16.0,8.0,0.0,1.0,10
1534,12,13.856406211853027,8.0,0.0,1.0,12
1535,12,16.0,8.0,0.0,1.0,12
1536,12,16.0,8.0,0.0,1.0,12
1537,9,16.0,8.0,0.0,1.0,7
1538,12,16.0,8.0,0.0,1.0,12
1539,12,16.0,8.0,0.0,1.0,12
1540,12,16.0,8.0,0.0,1.0,12
1541,7,13.856406211853027,8.0,0.0,1.0,7
1542,8,11.313708305358887,8.0,0.0,1.0,8
1543,7,11.313708305358887,8.0,0.0,1.0,7
1544,8,11.313708305358887,8.0,0.0,1.0,7
1545,6,11.313708305358887,8.0,0.0,1.0,6
1546,8,13.856406211853027,8.0,0.0,1.0,7
1547,8,11.313708305358887,8.0,0.0,1.0,7
1548,6,11.313708305358887,8.0,0.0,1.0,6
1549,7,11.313708305358887,8.0,0.0,1.0,7
1550,10,13.856406211853027,8.0,0.0,1.0,9
1551,11,16.0,8.0,0.0,1.0,11
1552,10,13.856406211853027,8.0,0.0,1.0,8
1553,6,11.313708305358887,8.0,0.0,1.0,5
1554,7,11.313708305358887,8.0,0.0,1.0,7
1555,10,16.0,8.0,0.0,1.0,10
1556,10,13.856406211853027,8.0,0.0,1.0,10
1557,9,13.856406211853027,8.0,0.0,1.0,9
1558,8,16.0,8.0,0.0,1.0,8
1559,7,16.0,8.0,0.0,1.0,7
1560,12,16.0,8.0,0.0,1.0,12
1561,12,13.856406211853027,8.0,0.0,1.0,12
1562,11,16.0,8.0,0.0,1.0,11
1563,11,13.856406211853027,8.0,0.0,1.0,10
1564,9,16.0,8.0,0.0,1.0,9
1565,9,13.856406211853027,8.0,0.0,1.0,9
1566,11,13.856406211853027,8.0,0.0,1.0,11
1567,8,16.0,8.0,0.0,1.0,8
1568,11,16.0,8.0,0.0,1.0,9
1569,12,13.856406211853027,8.0,0.0,1.0,12
1570,10,16.0,8.0,0.0,1.0,10
1571,12,13.856406211853027,8.0,0.0,1.0,12
1572,7,11.313708305358887,8.0,0.0,1.0,6
1573,10,13.856406211853027,8.0,0.0,1.0,10
1574,4,13.856406211853027,8.0,0.0,1.0,4
1575,7,16.0,8.0,0.0,1.0,7
1576,9,13.856406211853027,8.0,0.0,1.0,9
1577,10,16.0,8.0,0.41421353816986084,1.0,10
1578,12,13.856406211853027,8.0,0.0,1.0,12
1579,12,13.856406211853027,8.0,0.0,1.0,12
1580,12,13.856406211853027,8.0,0.0,1.0,11
1581,10,13.856406211853027,8.0,0.0,1.0,10
1582,11,13.856406211853027,8.0,0.0,1.0,11
1583,11,16.0,8.0,0.0,1.0,10
1584,11,16.0,8.0,0.0,1.0,11
1585,9,13.856406211853027,8.0,0.0,1.0,9
1586,6,8.0,8.0,0.0,1.0,6
1587,6,8.0,8.0,0.0,1.0,6
1588,12,13.856406211853027,8.0,0.0,1.0,12
1589,10,16.0,8.0,0.0,1.0,9
1590,6,13.856406211853027,8.0,0.0,1.0,6
1591,9,16.0,8.0,0.0,1.0,9
1592,9,16.0,8.0,0.0,1.0,9
1593,9,16.0,8.0,0.0,1.0,9
1594,5,16.0,8.0,0.0,1.0,5
1595,11,13.856406211853027,8.0,0.0,1.0,11
1596,8,13.856406211853027,8.0,0.0,1.0,8
1597,9,13.856406211853027,8.0,0.0,1.0,9
1598,8,16.0,8.0,0.0,1.0,8
1599,7,11.313708305358887,8.0,0.0,1.0,7
1600,10,13.856406211853027,8.0,0.0,1.0,10
1601,12,16.0,8.0,0.0,1.0,11
1602,10,16.0,8.0,0.0,1.0,10
1603,8,13.856406211853027,8.0,0.0,1.0,8
1604,10,13.856406211853027,8.0,0.0,1.0,10
1605,6,8.0,8.0,0.0,1.0,6
1606,10,13.856406211853027,8.0,0.0,1.0,10
1607,8,16.0,8.0,0.0,1.0,8
1608,7,13.856406211853027,8.0,0.0,1.0,6
1609,12,16.0,8.0,0.0,1.0,11
1610,11,16.0,8.0,0.0,1.0,11
1611,11,16.0,8.0,0.0,1.0,11
1612,9,13.856406211853027,8.0,0.0,1.0,9
1613,11,13.856406211853027,8.0,0.0,1.0,11
1614,10,13.856406211853027,8.0,0.0,1.0,10
1615,9,13.856406211853027,8.0,0.0,1.0,9
1616,9,16.0,8.0,0.0,1.0,9
1617,11,16.0,8.0,0.0,1.0,10
1618,8,8.0,8.0,0.0,1.0,8
1619,12,13.856406211853027,8.0,0.0,1.0,12
1620,12,13.856406211853027,8.0,0.0,1.0,11
1621,9,13.856406211853027,8.0,0.0,1.0,9
1622,11,13.856406211853027,8.0,0.0,1.0,11
1623,6,11.313708305358887,8.0,0.0,1.0,6
1624,10,13.856406211853027,8.0,0.0,1.0,9
1625,9,16.0,8.0,0.0,1.0,9
1626,12,16.0,8.0,0.0,1.0,12
1627,10,16.0,8.0,0.0,1.0,10
1628,9,13.856406211853027,8.0,0.0,1.0,8
1629,11,13.856406211853027,8.0,0.0,1.0,11
1630,12,13.856406211853027,8.0,0.0,1.0,12
1631,11,13.856406211853027,8.0,0.0,1.0,11
1632,11,13.856406211853027,8.0,0.0,1.0,10
1633,7,13.856406211853027,8.0,0.0,1.0,7
1634,7,11.313708305358887,8.0,0.0,1.0,7
1635,10,16.0,8.0,0.0,1.0,10
1636,11,16.0,8.0,0.0,1.0,11
1637,10,16.0,8.0,0.0,1.0,10
1638,7,13.856406211853027,8.0,0.0,1.0,7
1639,7,11.313708305358887,8.0,0.0,1.0,7
1640,11,13.856406211853027,8.0,0.0,1.0,11
1641,12,16.0,8.0,0.0,1.0,12
1642,9,13.856406211853027,8.0,0.0,1.0,9
1643,9,13.856406211853027,8.0,0.0,1.0,9
1644,9,16.0,8.0,0.0,1.0,9
1645,12,16.0,8.0,0.0,1.0,12
1646,11,13.856406211853027,8.0,0.0,1.0,11
1647,11,16.0,8.0,0.0,1.0,11
1648,11,13.856406211853027,8.0,0.0,1.0,11
1649,12,13.856406211853027,8.0,0.0,1.0,12
1650,9,13.856406211853027,8.0,0.0,1.0,8
1651,5,11.313708305358887,8.0,0.0,1.0,4
1652,7,8.0,8.0,0.0,1.0,7
1653,11,16.0,8.0,0.0,1.0,11
1654,11,16.0,8.0,0.0,1.0,11
1655,9,13.856406211853027,8.0,0.0,1.0,8
1656,11,13.856406211853027,8.0,0.0,1.0,11
1657,8,13.856406211853027,8.0,0.0,1.0,8
1658,8,13.856406211853027,8.0,0.0,1.0,8
1659,10,13.856406211853027,8.0,0.41421353816986084,1.0,10
1660,10,13.856406211853027,8.0,0.0,1.0,10
1661,11,16.0,8.0,0.0,1.0,10
1662,10,13.856406211853027,8.0,0.0,1.0,9
1663,12,16.0,8.0,0.0,1.0,12
1664,12,16.0,8.0,0.0,1.0,12
1665,12,16.0,8.0,0.0,1.0,11
1666,11,13.856406211853027,8.0,0.0,1.0,10
1667,12,13.856406211853027,8.0,0.0,1.0,12
1668,10,13.856406211853027,8.0,0.0,1.0,10
1669,9,16.0,8.0,0.0,1.0,9
1670,9,16.0,8.0,0.0,1.0,9
1671,12,16.0,8.0,0.0,1.0,12
1672,12,13.856406211853027,8.0,0.0,1.0,12
1673,12,13.856406211853027,8.0,0.0,1.0,12
1674,10,13.856406211853027,8.0,0.0,1.0,10
1675,12,13.856406211853027,8.0,0.0,1.0,11
1676,9,13.856406211853027,8.0,0.0,1.0,9
1677,10,13.856406211853027,8.0,0.0,1.0,10
1678,11,16.0,8.0,0.0,1.0,11
1679,9,16.0,8.0,0.0,1.0,9
1680,9,13.856406211853027,8.0,0.0,1.0,9
1681,11,16.0,8.0,0.0,1.0,10
1682,10,13.856406211853027,8.0,0.0,1.0,10
1683,10,13.856406211853027,8.0,0.0,1.0,10
1684,11,13.856406211853027,8.0,0.0,1.0,11
1685,10,13.856406211853027,8.0,0.0,1.0,9
1686,10,16.0,8.0,0.0,1.0,9
1687,11,16.0,8.0,0.0,1.0,11
1688,11,13.856406211853027,8.0,0.0,1.0,11
1689,6,13.856406211853027,8.0,0.0,1.0,5
1690,11,13.856406211853027,8.0,0.0,1.0,10
1691,12,13.856406211853027,8.0,0.0,1.0,12
1692,11,13.856406211853027,8.0,0.0,1.0,11
1693,10,13.856406211853027,8.0,0.0,1.0,10
1694,6,11.313708305358887,8.0,0.0,1.0,5
1695,6,11.313708305358887,8.0,0.0,1.0,6
1696,6,8.0,8.0,0.0,1.0,5
1697,8,13.856406211853027,8.0,0.0,1.0,8
1698,11,13.856406211853027,8.0,0.0,1.0,10
1699,5,11.313708305358887,8.0,0.0,1.0,5
1700,4,8.0,8.0,0.0,1.0,4
1701,7,13.856406211853027,8.0,0.0,1.0,7
1702,6,8.0,8.0,0.0,1.0,6
1703,4,11.313708305358887,8.0,0.0,1.0,2
1704,9,16.0,8.0,0.0,1.0,9
1705,9,11.313708305358887,8.0,0.0,1.0,9
1706,9,13.856406211853027,8.0,0.0,1.0,8
1707,10,16.0,8.0,0.0,1.0,9
1708,9,16.0,8.0,0.0,1.0,9
1709,11,13.856406211853027,8.0,0.0,1.0,11
1710,8,13.856406211853027,8.0,0.0,1.0,8
1711,11,13.856406211853027,8.0,0.0,1.0,11
1712,11,16.0,8.0,0.0,1.0,11
1713,10,16.0,8.0,0.0,1.0,10
1714,11,13.856406211853027,8.0,0.0,1.0,11
1715,12,16.0,8.0,0.41421353816986084,1.0,12
1716,9,11.313708305358887,8.0,0.0,1.0,9
1717,11,16.0,8.0,0.0,1.0,11
1718,11,13.856406211853027,8.0,0.0,1.0,11
1719,8,13.856406211853027,8.0,0.0,1.0,7
1720,12,13.856406211853027,8.0,0.0,1.0,12
1721,12,16.0,8.0,0.0,1.0,11
1722,12,13.856406211853027,8.0,0.0,1.0,12
1723,10,11.313708305358887,8.0,0.0,1.0,10
1724,11,13.856406211853027,8.0,0.0,1.0,11
1725,10,16.0,8.0,0.0,1.0,10
1726,11,16.0,8.0,0.0,1.0,11
1727,8,16.0,8.0,0.0,1.0,8
1728,11,16.0,8.0,0.0,1.0,11
1729,12,16.0,8.0,0.41421353816986084,1.0,12
1730,11,16.0,8.0,0.0,1.0,11
1731,12,13.856406211853027,8.0,0.0,1.0,12
1732,11,16.0,8.0,0.0,1.0,11
1733,10,16.0,8.0,0.0,1.0,10
1734,9,13.856406211853027,8.0,0.0,1.0,9
1735,9,16.0,8.0,0.0,1.0,9
1736,12,16.0,8.0,0.0,1.0,12
1737,10,13.856406211853027,8.0,0.0,1.0,10
1738,12,13.856406211853027,8.0,0.0,1.0,11
1739,10,16.0,8.0,0.0,1.0,10
1740,12,13.856406211853027,8.0,0.0,1.0,12
1741,3,11.313708305358887,8.0,0.0,1.0,3
1742,7,11.313708305358887,8.0,0.0,1.0,5
1743,7,11.313708305358887,8.0,0.0,1.0,6
1744,4,11.313708305358887,8.0,0.0,1.0,4
1745,4,8.0,8.0,0.0,1.0,4
1746,8,13.856406211853027,8.0,0.0,1.0,8
1747,7,16.0,8.0,0.0,1.0,6
1748,7,13.856406211853027,8.0,0.0,1.0,7
1749,12,13.856406211853027,8.0,0.0,1.0,12
1750,12,16.0,8.0,0.0,1.0,12
1751,8,13.856406211853027,8.0,0.0,1.0,8
1752,9,16.0,8.0,0.0,1.0,9
1753,7,13.856406211853027,8.0,0.0,1.0,7
1754,8,16.0,8.0,0.0,1.0,8
1755,10,16.0,8.0,0.0,1.0,10
1756,11,13.856406211853027,8.0,0.0,1.0,11
1757,10,13.856406211853027,8.0,0.0,1.0,10
1758,9,13.856406211853027,8.0,0.0,1.0,9
1759,6,11.313708305358887,8.0,0.0,1.0,6
1760,10,16.0,8.0,0.0,1.0,10
1761,12,13.856406211853027,8.0,0.0,1.0,12
1762,11,16.0,8.0,0.0,1.0,8
1763,11,16.0,8.0,0.0,1.0,10
1764,8,13.856406211853027,8.0,0.0,1.0,7
1765,11,13.856406211853027,8.0,0.0,1.0,10
1766,12,13.856406211853027,8.0,0.0,1.0,12
1767,11,13.856406211853027,8.0,0.0,1.0,11
1768,10,13.856406211853027,8.0,0.0,1.0,10
1769,11,16.0,8.0,0.41421353816986084,1.0,11
1770,10,13.856406211853027,8.0,0.0,1.0,10
1771,11,13.856406211853027,8.0,0.0,1.0,11
1772,11,13.856406211853027,8.0,0.0,1.0,11
1773,11,13.856406211853027,8.0,0.0,1.0,11
1774,6,8.0,8.0,0.0,1.0,5
1775,9,13.856406211853027,8.0,0.0,1.0,9
1776,12,16.0,8.0,0.0,1.0,12
1777,9,16.0,8.0,0.0,1.0,9
1778,10,13.856406211853027,8.0,0.0,1.0,10
1779,9,16.0,8.0,0.0,1.0,9
1780,12,13.856406211853027,8.0,0.0,1.0,12
1781,11,13.856406211853027,8.0,0.0,1.0,11
1782,7,13.856406211853027,8.0,0.0,1.0,7
1783,8,8.0,8.0,0.0,1.0,8
1784,12,16.0,8.0,0.0,1.0,11
1785,11,16.0,8.0,0.0,1.0,11
1786,12,13.856406211853027,8.0,0.0,1.0,12
1787,8,8.0,8.0,0.0,1.0,8
1788,10,16.0,8.0,0.0,1.0,10
1789,9,13.856406211853027,8.0,0.0,1.0,9
1790,10,16.0,8.0,0.0,1.0,9
1791,9,13.856406211853027,8.0,0.0,1.0,8
1792,11,16.0,8.0,0.0,1.0,11
1793,9,16.0,8.0,0.0,1.0,9
1794,12,13.856406211853027,8.0,0.0,1.0,12
1795,9,16.0,8.0,0.0,1.0,9
1796,8,13.856406211853027,8.0,0.0,1.0,7
1797,12,13.856406211853027,8.0,0.0,1.0,12
1798,9,13.856406211853027,8.0,0.0,1.0,9
1799,7,8.0,8.0,0.0,1.0,7
1800,7,8.0,8.0,0.0,1.0,7
1801,10,13.856406211853027,8.0,0.0,1.0,10
1802,10,11.313708305358887,8.0,0.0,1.0,10
1803,11,16.0,8.0,0.0,1.0,10
1804,10,16.0,8.0,0.0,1.0,10
1805,10,13.856406211853027,8.0,0.0,1.0,10
1806,9,13.856406211853027,8.0,0.0,1.0,9
1807,10,13.856406211853027,8.0,0.0,1.0,10
1808,11,13.856406211853027,8.0,0.0,1.0,11
1809,11,13.856406211853027,8.0,0.0,1.0,11
1810,10,13.856406211853027,8.0,0.0,1.0,9
1811,10,16.0,8.0,0.0,1.0,10
1812,10,16.0,8.0,0.0,1.0,10
1813,10,13.856406211853027,8.0,0.0,1.0,10
1814,12,13.856406211853027,8.0,0.0,1.0,12
1815,8,11.313708305358887,8.0,0.0,1.0,8
1816,8,13.856406211853027,8.0,0.0,1.0,7
1817,10,13.856406211853027,8.0,0.0,1.0,10
1818,11,13.856406211853027,8.0,0.0,1.0,11
1819,8,11.313708305358887,8.0,0.0,1.0,7
1820,11,13.856406211853027,8.0,0.0,1.0,11
1821,9,13.856406211853027,8.0,0.0,1.0,9
1822,10,16.0,8.0,0.0,1.0,9
1823,10,13.856406211853027,8.0,0.0,1.0,10
1824,11,13.856406211853027,8.0,0.0,1.0,11
1825,11,13.856406211853027,8.0,0.0,1.0,10
1826,11,16.0,8.0,0.0,1.0,11
1827,10,16.0,8.0,0.0,1.0,10
1828,6,11.313708305358887,8.0,0.0,1.0,6
1829,12,16.0,8.0,0.0,1.0,12
1830,11,16.0,8.0,0.0,1.0,11
1831,12,16.0,8.0,0.0,1.0,12
1832,12,13.856406211853027,8.0,0.0,1.0,12
1833,7,11.313708305358887,8.0,0.0,1.0,7
1834,9,16.0,8.0,0.0,1.0,9
1835,11,16.0,8.0,0.0,1.0,11
1836,12,13.856406211853027,8.0,0.0,1.0,12
1837,11,13.856406211853027,8.0,0.0,1.0,11
1838,11,16.0,8.0,0.0,1.0,11
1839,10,13.856406211853027,8.0,0.0,1.0,10
1840,12,16.0,8.0,0.0,1.0,12
1841,11,16.0,8.0,0.0,1.0,11
1842,11,13.856406211853027,8.0,0.0,1.0,11
1843,12,16.0,8.0,0.0,1.0,12
1844,12,16.0,8.0,0.0,1.0,12
1845,12,13.856406211853027,8.0,0.0,1.0,12
1846,6,11.313708305358887,8.0,0.0,1.0,6
1847,6,11.313708305358887,8.0,0.0,1.0,6
1848,11,16.0,8.0,0.0,1.0,11
1849,12,16.0,8.0,0.0,1.0,11
1850,12,16.0,8.0,0.0,1.0,12
1851,12,16.0,8.0,0.0,1.0,11
1852,12,16.0,8.0,0.0,1.0,12
1853,12,13.856406211853027,8.0,0.0,1.0,12
1854,9,16.0,8.0,0.0,1.0,9
1855,10,13.856406211853027,8.0,0.0,1.0,10
1856,7,11.313708305358887,8.0,0.0,1.0,7
1857,11,16.0,8.0,0.0,1.0,11
1858,11,13.856406211853027,8.0,0.0,1.0,11
1859,10,13.856406211853027,8.0,0.0,1.0,10
1860,4,11.313708305358887,8.0,0.0,1.0,4
1861,11,16.0,8.0,0.0,1.0,11
1862,11,16.0,8.0,0.0,1.0,11
1863,9,16.0,8.0,0.0,1.0,9
1864,11,16.0,8.0,0.0,1.0,11
1865,8,13.856406211853027,8.0,0.0,1.0,8
1866,9,13.856406211853027,8.0,0.0,1.0,9
1867,9,13.856406211853027,8.0,0.0,1.0,8
1868,3,8.0,8.0,0.0,1.0,3
1869,6,8.0,8.0,0.0,1.0,5
1870,5,13.856406211853027,8.0,0.0,1.0,5
1871,2,11.313708305358887,8.0,0.0,1.0,2
1872,7,11.313708305358887,8.0,0.0,1.0,7
1873,6,11.313708305358887,8.0,0.0,1.0,5
1874,4,11.313708305358887,8.0,0.0,1.0,4
1875,8,16.0,8.0,0.0,1.0,8
1876,8,11.313708305358887,8.0,0.0,1.0,7
1877,8,13.856406211853027,8.0,0.0,1.0,8
1878,9,16.0,8.0,0.0,1.0,9
1879,8,16.0,8.0,0.0,1.0,8
1880,7,16.0,8.0,0.0,1.0,7
1881,9,13.856406211853027,8.0,0.0,1.0,9
1882,7,13.856406211853027,8.0,0.0,1.0,6
1883,11,13.856406211853027,8.0,0.0,1.0,11
1884,6,13.856406211853027,8.0,0.0,1.0,5
1885,10,16.0,8.0,0.0,1.0,10
1886,9,16.0,8.0,0.0,1.0,9
1887,10,13.856406211853027,8.0,0.0,1.0,10
1888,10,13.856406211853027,8.0,0.0,1.0,10
1889,11,13.856406211853027,8.0,0.0,1.0,11
1890,8,13.856406211853027,8.0,0.0,1.0,8
1891,9,13.856406211853027,8.0,0.0,1.0,9
1892,10,16.0,8.0,0.0,1.0,9
1893,8,13.856406211853027,8.0,0.0,1.0,8
1894,7,8.0,8.0,0.0,1.0,7
1895,9,16.0,8.0,0.41421353816986084,1.0,9
1896,8,16.0,8.0,0.0,1.0,8
1897,9,13.856406211853027,8.0,0.0,1.0,9
1898,9,13.856406211853027,8.0,0.0,1.0,9
1899,8,13.856406211853027,8.0,0.0,1.0,8
1900,7,16.0,8.0,0.0,1.0,7
1901,8,16.0,8.0,0.0,1.0,8
1902,4,16.0,8.0,0.0,1.0,4
1903,9,13.856406211853027,8.0,0.0,1.0,9
1904,8,13.856406211853027,8.0,0.0,1.0,8
1905,10,13.856406211853027,8.0,0.0,1.0,10
1906,11,13.856406211853027,8.0,0.0,1.0,11
1907,6,13.856406211853027,8.0,0.0,1.0,6
1908,12,16.0,8.0,0.0,1.0,12
1909,9,13.856406211853027,8.0,0.0,1.0,9
1910,10,13.856406211853027,8.0,0.0,1.0,10
1911,10,16.0,8.0,0.0,1.0,10
1912,7,13.856406211853027,8.0,0.0,1.0,7
1913,11,13.856406211853027,8.0,0.0,1.0,10
1914,10,16.0,8.0,0.0,1.0,10
1915,8,16.0,8.0,0.0,1.0,8
1916,9,13.856406211853027,8.0,0.0,1.0,9
1917,10,16.0,8.0,0.0,1.0,10
1918,8,13.856406211853027,8.0,0.0,1.0,8
1919,11,16.0,8.0,0.20710676908493042,1.0,9
1920,12,13.856406211853027,8.0,0.0,1.0,11
1921,12,13.856406211853027,8.0,0.0,1.0,12
1922,9,16.0,8.0,0.0,1.0,9
1923,9,13.856406211853027,8.0,0.0,1.0,9
1924,9,13.856406211853027,8.0,0.0,1.0,9
1925,11,16.0,8.0,0.0,1.0,11
1926,8,16.0,8.0,0.0,1.0,8
1927,8,16.0,8.0,0.0,1.0,8
1928,10,13.856406211853027,8.0,0.0,1.0,10
1929,5,13.856406211853027,8.0,0.0,1.0,5
1930,12,13.856406211853027,8.0,0.0,1.0,12
1931,9,11.313708305358887,8.0,0.0,1.0,9
1932,9,13.856406211853027,8.0,0.0,1.0,9
1933,4,13.856406211853027,8.0,0.0,1.0,4
1934,11,13.856406211853027,8.0,0.0,1.0,10
1935,11,13.856406211853027,8.0,0.0,1.0,11
1936,6,13.856406211853027,8.0,0.0,1.0,6
1937,10,13.856406211853027,8.0,0.0,1.0,10
1938,9,13.856406211853027,8.0,0.0,1.0,9
1939,2,13.856406211853027,8.0,,1.0,1
1940,7,11.313708305358887,8.0,0.0,1.0,7
1941,7,11.313708305358887,8.0,0.0,1.0,7
1942,8,13.856406211853027,8.0,0.0,1.0,8
1943,6,13.856406211853027,8.0,0.0,1.0,6
1944,8,11.313708305358887,8.0,0.0,1.0,7
1945,9,16.0,8.0,0.0,1.0,9
1946,10,16.0,8.0,0.0,1.0,10
1947,11,13.856406211853027,8.0,0.0,1.0,11
1948,7,16.0,8.0,0.0,1.0,7
1949,10,13.856406211853027,8.0,0.0,1.0,10
1950,8,13.856406211853027,8.0,0.0,1.0,8
1951,6,8.0,8.0,0.0,1.0,6
1952,8,16.0,8.0,0.0,1.0,8
1953,11,13.856406211853027,8.0,0.0,1.0,10
1954,11,13.856406211853027,8.0,0.0,1.0,11
1955,12,13.856406211853027,8.0,0.0,1.0,12
1956,12,13.856406211853027,8.0,0.0,1.0,11
1957,11,16.0,8.0,0.0,1.0,10
1958,9,13.856406211853027,8.0,0.0,1.0,9
1959,6,8.0,8.0,0.0,1.0,6
1960,11,13.856406211853027,8.0,0.0,1.0,11
1961,7,13.856406211853027,8.0,0.0,1.0,7
1962,11,13.856406211853027,8.0,0.0,1.0,11
1963,8,13.856406211853027,8.0,0.0,1.0,8
1964,2,11.313708305358887,8.0,0.0,1.0,2
1965,12,16.0,8.0,0.0,1.0,12
1966,11,13.856406211853027,8.0,0.0,1.0,11
1967,8,13.856406211853027,8.0,0.0,1.0,7
1968,11,13.856406211853027,8.0,0.0,1.0,11
1969,9,13.856406211853027,8.0,0.0,1.0,9
1970,8,11.313708305358887,8.0,0.0,1.0,8
1971,8,16.0,8.0,0.0,1.0,7
1972,11,13.856406211853027,8.0,0.0,1.0,10
1973,11,13.856406211853027,8.0,0.0,1.0,11
1974,5,11.313708305358887,8.0,0.0,1.0,5
1975,6,13.856406211853027,8.0,0.0,1.0,5
1976,9,16.0,8.0,0.0,1.0,9
1977,3,8.0,8.0,0.0,1.0,3
1978,10,16.0,8.0,0.0,1.0,10
1979,9,13.856406211853027,8.0,0.0,1.0,9
1980,9,13.856406211853027,8.0,0.0,1.0,9
1981,10,13.856406211853027,8.0,0.0,1.0,9
1982,7,8.0,8.0,0.0,1.0,7
1983,11,13.856406211853027,8.0,0.0,1.0,11
1984,12,13.856406211853027,8.0,0.0,1.0,12
1985,10,16.0,8.0,0.0,1.0,9
1986,8,16.0,8.0,0.0,1.0,7
1987,10,16.0,8.0,0.0,1.0,10
1988,12,13.856406211853027,8.0,0.0,1.0,12
1989,12,13.856406211853027,8.0,0.0,1.0,12
1990,11,13.856406211853027,8.0,0.0,1.0,11
1991,8,16.0,8.0,0.0,1.0,8
1992,5,13.856406211853027,8.0,0.0,1.0,5
1993,12,16.0,8.0,0.0,1.0,11
1994,10,13.856406211853027,8.0,0.0,1.0,10
1995,8,13.856406211853027,8.0,0.0,1.0,8
1996,6,11.313708305358887,8.0,0.0,1.0,6
1997,8,8.0,8.0,0.0,1.0,8
1998,10,11.313708305358887,8.0,0.0,1.0,10
1999,12,13.856406211853027,8.0,0.0,1.0,12
2000,5,13.856406211853027,8.0,0.0,1.0,5
2001,7,13.856406211853027,8.0,0.0,1.0,7
2002,9,13.856406211853027,8.0,0.0,1.0,9
2003,10,16.0,8.0,0.0,1.0,7
2004,11,13.856406211853027,8.0,0.0,1.0,11
2005,12,13.856406211853027,8.0,0.0,1.0,12
2006,6,11.313708305358887,8.0,0.0,1.0,6
2007,7,13.856406211853027,8.0,0.0,1.0,6
2008,9,13.856406211853027,8.0,0.0,1.0,8
2009,12,16.0,8.0,0.0,1.0,12
2010,9,16.0,8.0,0.0,1.0,9
2011,11,13.856406211853027,8.0,0.0,1.0,11
2012,11,13.856406211853027,8.0,0.0,1.0,11
2013,10,13.856406211853027,8.0,0.0,1.0,10
2014,9,13.856406211853027,8.0,0.0,1.0,9
2015,10,16.0,8.0,0.0,1.0,10
2016,6,8.0,8.0,0.0,1.0,6
2017,11,16.0,8.0,0.0,1.0,11
2018,9,13.856406211853027,8.0,0.0,1.0,9
2019,12,13.856406211853027,8.0,0.0,1.0,12
2020,6,8.0,8.0,0.0,1.0,6
2021,9,11.313708305358887,8.0,0.0,1.0,8
2022,10,13.856406211853027,8.0,0.0,1.0,10
2023,9,13.856406211853027,8.0,0.0,1.0,9
2024,8,13.856406211853027,8.0,0.0,1.0,8
2025,8,13.856406211853027,8.0,0.0,1.0,8
2026,10,16.0,8.0,0.0,1.0,10
2027,8,8.0,8.0,0.0,1.0,7
2028,12,13.856406211853027,8.0,0.0,1.0,12
2029,10,13.856406211853027,8.0,0.0,1.0,10
2030,5,11.313708305358887,8.0,0.0,1.0,5
2031,6,13.856406211853027,8.0,0.0,1.0,6
2032,9,11.313708305358887,8.0,0.0,1.0,9
2033,11,16.0,8.0,0.0,1.0,10
2034,11,13.856406211853027,8.0,0.0,1.0,11
2035,8,11.313708305358887,8.0,0.0,1.0,8
2036,8,16.0,8.0,0.0,1.0,8
2037,7,8.0,8.0,0.0,1.0,6
2038,9,13.856406211853027,8.0,0.0,1.0,9
2039,8,13.856406211853027,8.0,0.0,1.0,8
2040,5,8.0,8.0,0.0,1.0,4
2041,4,11.313708305358887,8.0,0.0,1.0,4
2042,4,11.313708305358887,8.0,0.0,1.0,4
2043,10,13.856406211853027,8.0,0.0,1.0,10
2044,4,11.313708305358887,8.0,0.0,1.0,4
2045,4,11.313708305358887,8.0,0.0,1.0,4
2046,8,11.313708305358887,8.0,0.0,1.0,8
2047,6,11.313708305358887,8.0,0.0,1.0,6
2048,5,13.856406211853027,8.0,0.0,1.0,5
2049,5,13.856406211853027,8.0,0.0,1.0,4
2050,12,16.0,8.0,0.0,1.0,11
2051,11,16.0,8.0,0.0,1.0,10
2052,8,16.0,8.0,0.0,1.0,8
2053,9,16.0,8.0,0.0,1.0,6
2054,7,13.856406211853027,8.0,0.0,1.0,7
2055,12,13.856406211853027,8.0,0.0,1.0,12
2056,10,16.0,8.0,0.0,1.0,10
2057,8,16.0,8.0,0.0,1.0,8
2058,6,13.856406211853027,8.0,0.0,1.0,6
2059,8,11.313708305358887,8.0,0.0,1.0,7
2060,7,16.0,8.0,0.0,1.0,7
2061,11,13.856406211853027,8.0,0.0,1.0,11
2062,10,16.0,8.0,0.0,1.0,10
2063,6,13.856406211853027,8.0,0.0,1.0,5
2064,8,13.856406211853027,8.0,0.0,1.0,8
2065,9,13.856406211853027,8.0,0.0,1.0,9
2066,6,13.856406211853027,8.0,0.0,1.0,5
2067,9,16.0,8.0,0.0,1.0,9
2068,3,8.0,8.0,,1.0,1
2069,3,16.0,8.0,0.0,1.0,3
2070,8,13.856406211853027,8.0,0.0,1.0,8
2071,9,13.856406211853027,8.0,0.0,1.0,9
2072,8,16.0,8.0,0.0,1.0,8
2073,8,16.0,8.0,0.0,1.0,8
2074,8,13.856406211853027,8.0,0.0,1.0,6
2075,8,13.856406211853027,8.0,0.0,1.0,8
2076,9,13.856406211853027,8.0,0.0,1.0,9
2077,8,13.856406211853027,8.0,0.0,1.0,6
2078,10,13.856406211853027,8.0,0.0,1.0,10
2079,8,16.0,8.0,0.0,1.0,8
2080,8,16.0,8.0,0.0,1.0,8
2081,10,13.856406211853027,8.0,0.0,1.0,10
2082,11,16.0,8.0,0.0,1.0,11
2083,7,13.856406211853027,8.0,0.0,1.0,7
2084,5,8.0,8.0,0.0,1.0,5
2085,12,16.0,8.0,0.0,1.0,12
2086,8,16.0,8.0,0.0,1.0,8
2087,9,16.0,8.0,0.0,1.0,8
2088,8,13.856406211853027,8.0,0.0,1.0,8
2089,11,16.0,8.0,0.0,1.0,11
2090,10,16.0,8.0,0.0,1.0,10
2091,9,13.856406211853027,8.0,0.0,1.0,9
2092,9,16.0,8.0,0.0,1.0,9
2093,8,8.0,8.0,0.0,1.0,8
2094,9,16.0,8.0,0.0,1.0,9
2095,8,16.0,8.0,0.0,1.0,8
2096,8,16.0,8.0,0.0,1.0,8
2097,10,13.856406211853027,8.0,0.0,1.0,9
2098,7,13.856406211853027,8.0,0.0,1.0,6
2099,10,13.856406211853027,8.0,0.0,1.0,10
2100,4,13.856406211853027,8.0,0.0,1.0,4
2101,8,13.856406211853027,8.0,0.0,1.0,8
2102,10,13.856406211853027,8.0,0.0,1.0,10
2103,10,13.856406211853027,8.0,0.0,1.0,10
2104,6,13.856406211853027,8.0,0.0,1.0,5
2105,9,13.856406211853027,8.0,0.0,1.0,9
2106,8,13.856406211853027,8.0,0.0,1.0,8
2107,9,13.856406211853027,8.0,0.0,1.0,9
2108,8,16.0,8.0,0.0,1.0,8
2109,9,13.856406211853027,8.0,0.0,1.0,9
2110,9,13.856406211853027,8.0,0.0,1.0,9
2111,8,13.856406211853027,8.0,0.0,1.0,8
2112,12,16.0,8.0,0.0,1.0,12
2113,11,16.0,8.0,0.0,1.0,11
2114,10,16.0,8.0,0.0,1.0,9
2115,8,16.0,8.0,0.0,1.0,8
2116,10,16.0,8.0,0.0,1.0,8
2117,6,11.313708305358887,8.0,0.0,1.0,6
2118,8,13.856406211853027,8.0,0.0,1.0,8
2119,11,16.0,8.0,0.0,1.0,11
2120,10,16.0,8.0,0.0,1.0,9
2121,10,16.0,8.0,0.0,1.0,10
2122,8,16.0,8.0,0.20710676908493042,1.0,8
2123,9,16.0,8.0,0.0,1.0,9
2124,7,16.0,8.0,0.0,1.0,7
2125,12,13.856406211853027,8.0,0.0,1.0,12
2126,10,16.0,8.0,0.0,1.0,10
2127,11,13.856406211853027,8.0,0.0,1.0,10
2128,8,16.0,8.0,0.0,1.0,8
2129,9,13.856406211853027,8.0,0.0,1.0,9
2130,7,8.0,8.0,0.0,1.0,7
2131,10,13.856406211853027,8.0,0.0,1.0,10
2132,8,13.856406211853027,8.0,0.0,1.0,8
2133,8,13.856406211853027,8.0,0.0,1.0,7
2134,10,13.856406211853027,8.0,0.0,1.0,10
2135,10,16.0,8.0,0.0,1.0,10
2136,11,16.0,8.0,0.0,1.0,10
2137,9,13.856406211853027,8.0,0.0,1.0,9
2138,7,13.856406211853027,8.0,0.0,1.0,7
2139,8,13.856406211853027,8.0,0.0,1.0,8
2140,9,13.856406211853027,8.0,0.0,1.0,9
2141,8,13.856406211853027,8.0,0.0,1.0,8
2142,9,16.0,8.0,0.0,1.0,9
2143,11,13.856406211853027,8.0,0.0,1.0,11
2144,10,13.856406211853027,8.0,0.0,1.0,9
2145,5,11.313708305358887,8.0,0.0,1.0,5
2146,7,11.313708305358887,8.0,0.0,1.0,7
2147,2,11.313708305358887,8.0,0.0,1.0,2
2148,10,13.856406211853027,8.0,0.0,1.0,10
2149,11,13.856406211853027,8.0,0.0,1.0,10
2150,7,13.856406211853027,8.0,0.0,1.0,7
2151,6,8.0,8.0,0.0,1.0,6
2152,6,13.856406211853027,8.0,0.0,1.0,6
2153,8,13.856406211853027,8.0,0.0,1.0,8
2154,10,13.856406211853027,8.0,0.0,1.0,10
2155,11,16.0,8.0,0.0,1.0,10
2156,10,16.0,8.0,0.0,1.0,10
2157,10,13.856406211853027,8.0,0.0,1.0,8
2158,9,16.0,8.0,0.0,1.0,9
2159,8,8.0,8.0,0.0,1.0,7
2160,4,13.856406211853027,8.0,0.0,1.0,4
2161,9,13.856406211853027,8.0,0.0,1.0,9
2162,10,13.856406211853027,8.0,0.0,1.0,10
2163,11,13.856406211853027,8.0,0.0,1.0,11
2164,11,13.856406211853027,8.0,0.0,1.0,11
2165,9,16.0,8.0,0.0,1.0,9
2166,7,11.313708305358887,8.0,0.0,1.0,7
2167,8,16.0,8.0,0.0,1.0,8
2168,8,16.0,8.0,0.0,1.0,8
2169,7,13.856406211853027,8.0,0.0,1.0,7
2170,10,16.0,8.0,0.0,1.0,10
2171,5,13.856406211853027,8.0,0.0,1.0,3
2172,7,8.0,8.0,0.0,1.0,7
2173,8,13.856406211853027,8.0,0.0,1.0,8
2174,9,16.0,8.0,0.0,1.0,9
2175,9,16.0,8.0,0.0,1.0,9
2176,10,13.856406211853027,8.0,0.0,1.0,10
2177,10,13.856406211853027,8.0,0.0,1.0,8
2178,3,13.856406211853027,8.0,0.0,1.0,2
2179,12,13.856406211853027,8.0,0.0,1.0,12
2180,8,11.313708305358887,8.0,0.0,1.0,8
2181,6,13.856406211853027,8.0,0.0,1.0,5
2182,8,13.856406211853027,8.0,0.0,1.0,8
2183,8,16.0,8.0,0.0,1.0,8
2184,5,8.0,8.0,0.0,1.0,4
2185,12,13.856406211853027,8.0,0.0,1.0,12
2186,12,13.856406211853027,8.0,0.0,1.0,12
2187,9,13.856406211853027,8.0,0.0,1.0,8
2188,8,16.0,8.0,0.0,1.0,8
2189,11,16.0,8.0,0.0,1.0,11
2190,9,13.856406211853027,8.0,0.0,1.0,9
2191,5,11.313708305358887,8.0,0.0,1.0,5
2192,8,13.856406211853027,8.0,0.0,1.0,8
2193,7,16.0,8.0,0.0,1.0,7
2194,6,11.313708305358887,8.0,0.0,1.0,6
2195,12,13.856406211853027,8.0,0.0,1.0,12
2196,11,16.0,8.0,0.0,1.0,10
2197,10,13.856406211853027,8.0,0.0,1.0,9
2198,7,13.856406211853027,8.0,0.0,1.0,7
2199,9,16.0,8.0,0.0,1.0,9
2200,2,13.856406211853027,8.0,0.0,1.0,2
2201,6,8.0,8.0,0.0,1.0,6
2202,6,11.313708305358887,8.0,0.0,1.0,6
2203,9,13.856406211853027,8.0,0.0,1.0,9
2204,9,16.0,8.0,0.0,1.0,9
2205,9,13.856406211853027,8.0,0.0,1.0,9
2206,5,13.856406211853027,8.0,0.0,1.0,5
2207,9,13.856406211853027,8.0,0.0,1.0,8
2208,10,13.856406211853027,8.0,0.0,1.0,10
2209,9,16.0,8.0,0.0,1.0,9
2210,5,13.856406211853027,8.0,0.0,1.0,5
2211,3,13.856406211853027,8.0,0.0,1.0,2
2212,7,11.313708305358887,8.0,0.0,1.0,6
2213,3,8.0,8.0,0.0,1.0,2
2214,6,11.313708305358887,8.0,0.0,1.0,6
2215,6,11.313708305358887,8.0,0.0,1.0,6
2216,5,11.313708305358887,8.0,0.0,1.0,5
2217,5,11.313708305358887,8.0,0.0,1.0,5
2218,7,13.856406211853027,8.0,0.0,1.0,7
2219,4,8.0,8.0,0.0,1.0,3
2220,11,13.856406211853027,8.0,0.0,1.0,11
2221,9,16.0,8.0,0.0,1.0,9
2222,10,16.0,8.0,0.0,1.0,9
2223,8,16.0,8.0,0.0,1.0,7
2224,7,16.0,8.0,0.0,1.0,7
2225,7,11.313708305358887,8.0,0.0,1.0,7
2226,11,13.856406211853027,8.0,0.0,1.0,10
2227,10,16.0,8.0,0.0,1.0,10
2228,8,13.856406211853027,8.0,0.0,1.0,8
2229,8,13.856406211853027,8.0,0.0,1.0,8
2230,9,13.856406211853027,8.0,0.0,1.0,9
2231,5,13.856406211853027,8.0,0.0,1.0,5
2232,8,13.856406211853027,8.0,0.0,1.0,8
2233,9,13.856406211853027,8.0,0.0,1.0,9
2234,4,8.0,8.0,0.0,1.0,4
2235,10,16.0,8.0,0.0,1.0,9
2236,5,13.856406211853027,8.0,0.0,1.0,5
2237,10,13.856406211853027,8.0,0.0,1.0,10
2238,9,16.0,8.0,0.0,1.0,9
2239,8,13.856406211853027,8.0,0.0,1.0,8
2240,8,16.0,8.0,0.0,1.0,8
2241,8,16.0,8.0,0.0,1.0,8
2242,12,16.0,8.0,0.0,1.0,12
2243,7,13.856406211853027,8.0,0.0,1.0,6
2244,9,13.856406211853027,8.0,0.0,1.0,9
2245,6,13.856406211853027,8.0,0.0,1.0,6
2246,9,13.856406211853027,8.0,0.0,1.0,9
2247,8,13.856406211853027,8.0,0.0,1.0,8
2248,9,13.856406211853027,8.0,0.0,1.0,9
2249,8,16.0,8.0,0.0,1.0,8
2250,8,13.856406211853027,8.0,0.0,1.0,8
2251,8,13.856406211853027,8.0,0.0,1.0,8
2252,10,13.856406211853027,8.0,0.0,1.0,9
2253,6,8.0,8.0,0.0,1.0,6
2254,6,13.856406211853027,8.0,0.0,1.0,6
2255,6,13.856406211853027,8.0,0.0,1.0,6
2256,9,16.0,8.0,0.0,1.0,9
2257,8,16.0,8.0,0.0,1.0,8
2258,8,16.0,8.0,0.0,1.0,8
2259,8,13.856406211853027,8.0,0.0,1.0,8
2260,10,13.856406211853027,8.0,0.0,1.0,10
2261,10,13.856406211853027,8.0,0.0,1.0,10
2262,7,13.856406211853027,8.0,0.0,1.0,7
2263,4,16.0,8.0,0.0,1.0,4
2264,10,13.856406211853027,8.0,0.0,1.0,10
2265,8,11.313708305358887,8.0,0.0,1.0,8
2266,10,13.856406211853027,8.0,0.0,1.0,10
2267,11,16.0,8.0,0.0,1.0,11
2268,9,13.856406211853027,8.0,0.0,1.0,9
2269,8,13.856406211853027,8.0,0.0,1.0,7
2270,10,16.0,8.0,0.41421353816986084,1.0,9
2271,8,11.313708305358887,8.0,0.0,1.0,8
2272,7,13.856406211853027,8.0,0.0,1.0,7
2273,7,13.856406211853027,8.0,0.0,1.0,7
2274,10,13.856406211853027,8.0,0.0,1.0,10
2275,9,13.856406211853027,8.0,0.0,1.0,9
2276,10,13.856406211853027,8.0,0.0,1.0,10
2277,11,16.0,8.0,0.0,1.0,10
2278,4,13.856406211853027,8.0,0.0,1.0,3
2279,9,13.856406211853027,8.0,0.0,1.0,8
2280,8,16.0,8.0,0.0,1.0,8
2281,8,13.856406211853027,8.0,0.0,1.0,7
2282,8,16.0,8.0,0.0,1.0,8
2283,8,13.856406211853027,8.0,0.0,1.0,8
2284,8,8.0,8.0,0.0,1.0,7
2285,10,13.856406211853027,8.0,0.0,1.0,10
2286,10,13.856406211853027,8.0,0.0,1.0,10
2287,9,13.856406211853027,8.0,0.0,1.0,9
2288,7,13.856406211853027,8.0,0.0,1.0,7
2289,8,13.856406211853027,8.0,0.0,1.0,8
2290,6,13.856406211853027,8.0,0.0,1.0,6
2291,8,16.0,8.0,0.0,1.0,8
2292,10,16.0,8.0,0.0,1.0,8
2293,8,16.0,8.0,0.0,1.0,8
2294,10,13.856406211853027,8.0,0.0,1.0,9
2295,12,13.856406211853027,8.0,0.0,1.0,12
2296,6,13.856406211853027,8.0,0.0,1.0,6
2297,10,13.856406211853027,8.0,0.0,1.0,10
2298,10,13.856406211853027,8.0,0.0,1.0,9
2299,6,13.856406211853027,8.0,0.0,1.0,5
2300,11,13.856406211853027,8.0,0.0,1.0,11
2301,9,13.856406211853027,8.0,0.0,1.0,8
2302,8,16.0,8.0,0.0,1.0,8
2303,8,13.856406211853027,8.0,0.0,1.0,8
2304,8,11.313708305358887,8.0,0.0,1.0,7
2305,8,13.856406211853027,8.0,0.0,1.0,8
2306,9,13.856406211853027,8.0,0.0,1.0,9
2307,5,13.856406211853027,8.0,0.0,1.0,5
2308,10,13.856406211853027,8.0,0.0,1.0,10
2309,10,16.0,8.0,0.0,1.0,10
2310,9,16.0,8.0,0.0,1.0,9
2311,9,16.0,8.0,0.0,1.0,9
2312,9,16.0,8.0,0.0,1.0,9
2313,8,13.856406211853027,8.0,0.0,1.0,8
2314,8,16.0,8.0,0.0,1.0,8
2315,11,13.856406211853027,8.0,0.0,1.0,11
2316,8,13.856406211853027,8.0,0.0,1.0,8
2317,10,13.856406211853027,8.0,0.0,1.0,10
2318,8,8.0,8.0,0.0,1.0,7
2319,8,16.0,8.0,0.0,1.0,8
2320,9,16.0,8.0,0.0,1.0,9
2321,8,16.0,8.0,0.0,1.0,8
2322,5,11.313708305358887,8.0,0.0,1.0,5
2323,8,13.856406211853027,8.0,0.0,1.0,8
2324,8,13.856406211853027,8.0,0.0,1.0,8
2325,6,13.856406211853027,8.0,0.0,1.0,6
2326,8,16.0,8.0,0.0,1.0,8
2327,9,16.0,8.0,0.0,1.0,9
2328,11,16.0,8.0,0.0,1.0,11
2329,11,13.856406211853027,8.0,0.0,1.0,11
2330,10,16.0,8.0,0.0,1.0,10
2331,7,16.0,8.0,0.0,1.0,7
2332,10,13.856406211853027,8.0,0.0,1.0,10
2333,10,13.856406211853027,8.0,0.0,1.0,10
2334,6,16.0,8.0,0.0,1.0,6
2335,10,16.0,8.0,0.0,1.0,10
2336,8,11.313708305358887,8.0,0.0,1.0,8
2337,9,11.313708305358887,8.0,0.0,1.0,9
2338,10,16.0,8.0,0.0,1.0,10
2339,9,13.856406211853027,8.0,0.0,1.0,7
2340,7,13.856406211853027,8.0,0.0,1.0,7
2341,7,13.856406211853027,8.0,0.0,1.0,7
2342,10,13.856406211853027,8.0,0.0,1.0,10
2343,10,13.856406211853027,8.0,0.0,1.0,10
2344,9,11.313708305358887,8.0,0.0,1.0,9
2345,9,11.313708305358887,8.0,0.0,1.0,9
2346,12,13.856406211853027,8.0,0.0,1.0,12
2347,7,13.856406211853027,8.0,0.0,1.0,7
2348,8,16.0,8.0,0.41421353816986084,1.0,8
2349,7,13.856406211853027,8.0,0.0,1.0,7
2350,8,13.856406211853027,8.0,0.0,1.0,8
2351,7,16.0,8.0,0.0,1.0,7
2352,6,8.0,8.0,0.0,1.0,6
2353,11,13.856406211853027,8.0,0.0,1.0,11
2354,12,13.856406211853027,8.0,0.0,1.0,12
2355,9,13.856406211853027,8.0,0.0,1.0,9
2356,7,13.856406211853027,8.0,0.0,1.0,7
2357,9,13.856406211853027,8.0,0.0,1.0,9
2358,7,16.0,8.0,0.0,1.0,7
2359,7,13.856406211853027,8.0,0.0,1.0,7
2360,6,11.313708305358887,8.0,0.0,1.0,6
2361,6,11.313708305358887,8.0,0.0,1.0,6
2362,8,13.856406211853027,8.0,0.0,1.0,8
2363,5,8.0,8.0,0.0,1.0,5
2364,4,13.856406211853027,8.0,0.0,1.0,4
2365,9,16.0,8.0,0.0,1.0,8
2366,10,13.856406211853027,8.0,0.0,1.0,9
2367,9,11.313708305358887,8.0,0.0,1.0,9
2368,8,8.0,8.0,0.0,1.0,8
2369,3,13.856406211853027,8.0,0.0,1.0,3
2370,4,13.856406211853027,8.0,0.0,1.0,4
2371,10,13.856406211853027,8.0,0.0,1.0,10
2372,6,13.856406211853027,8.0,0.0,1.0,6
2373,8,8.0,8.0,0.0,1.0,8
2374,5,8.0,8.0,0.0,1.0,5
2375,4,13.856406211853027,8.0,0.0,1.0,4
2376,5,8.0,8.0,0.0,1.0,5
2377,6,11.313708305358887,8.0,0.0,1.0,6
2378,10,13.856406211853027,8.0,0.0,1.0,10
2379,7,13.856406211853027,8.0,0.0,1.0,6
2380,4,13.856406211853027,8.0,0.0,1.0,4
2381,4,11.313708305358887,8.0,0.0,1.0,4
2382,5,13.856406211853027,8.0,0.0,1.0,5
2383,6,8.0,8.0,0.0,1.0,6
2384,4,11.313708305358887,8.0,0.0,1.0,4
2385,9,13.856406211853027,8.0,0.0,1.0,7
2386,9,16.0,8.0,0.0,1.0,9
2387,11,16.0,8.0,0.0,1.0,11
2388,8,16.0,8.0,0.0,1.0,8
2389,11,16.0,8.0,0.0,1.0,11
2390,12,16.0,8.0,0.0,1.0,11
2391,7,11.313708305358887,8.0,0.0,1.0,6
2392,8,11.313708305358887,8.0,0.0,1.0,8
2393,8,11.313708305358887,8.0,0.0,1.0,8
2394,7,13.856406211853027,8.0,0.0,1.0,7
2395,6,11.313708305358887,8.0,0.0,1.0,5
2396,4,8.0,8.0,0.0,1.0,4
2397,8,13.856406211853027,8.0,0.0,1.0,8
2398,10,16.0,8.0,0.0,1.0,10
2399,10,13.856406211853027,8.0,0.0,1.0,10
2400,9,13.856406211853027,8.0,0.0,1.0,8
2401,10,13.856406211853027,8.0,0.0,1.0,10
2402,11,16.0,8.0,0.0,1.0,11
2403,10,16.0,8.0,0.0,1.0,10
2404,9,13.856406211853027,8.0,0.0,1.0,9
2405,10,13.856406211853027,8.0,0.0,1.0,10
2406,8,16.0,8.0,0.0,1.0,8
2407,11,13.856406211853027,8.0,0.0,1.0,11
2408,4,11.313708305358887,8.0,0.0,1.0,4
2409,11,13.856406211853027,8.0,0.0,1.0,11
2410,8,13.856406211853027,8.0,0.0,1.0,8
2411,6,13.856406211853027,8.0,0.0,1.0,6
2412,7,13.856406211853027,8.0,0.0,1.0,7
2413,9,16.0,8.0,0.0,1.0,9
2414,8,16.0,8.0,0.0,1.0,8
2415,9,16.0,8.0,0.0,1.0,9
2416,12,16.0,8.0,0.0,1.0,12
2417,11,16.0,8.0,0.0,1.0,10
2418,11,13.856406211853027,8.0,0.0,1.0,10
2419,10,13.856406211853027,8.0,0.0,1.0,10
2420,10,13.856406211853027,8.0,0.0,1.0,10
2421,6,13.856406211853027,8.0,0.0,1.0,6
2422,8,16.0,8.0,0.0,1.0,8
2423,8,11.313708305358887,8.0,0.0,1.0,8
2424,12,16.0,8.0,0.0,1.0,12
2425,10,13.856406211853027,8.0,0.0,1.0,9
2426,12,16.0,8.0,0.0,1.0,12
2427,11,13.856406211853027,8.0,0.0,1.0,11
2428,8,8.0,8.0,0.0,1.0,8
2429,10,13.856406211853027,8.0,0.0,1.0,10
2430,8,16.0,8.0,0.0,1.0,7
2431,5,16.0,8.0,0.0,1.0,5
2432,10,16.0,8.0,0.0,1.0,10
2433,9,13.856406211853027,8.0,0.0,1.0,9
2434,10,13.856406211853027,8.0,0.0,1.0,10
2435,12,13.856406211853027,8.0,0.0,1.0,12
2436,10,13.856406211853027,8.0,0.0,1.0,10
2437,11,13.856406211853027,8.0,0.0,1.0,11
2438,12,13.856406211853027,8.0,0.0,1.0,11
2439,8,16.0,8.0,0.0,1.0,8
2440,9,13.856406211853027,8.0,0.0,1.0,9
2441,10,16.0,8.0,0.0,1.0,10
2442,7,8.0,8.0,0.0,1.0,7
2443,7,8.0,8.0,0.0,1.0,6
2444,10,13.856406211853027,8.0,0.0,1.0,9
2445,11,13.856406211853027,8.0,0.0,1.0,10
2446,10,16.0,8.0,0.0,1.0,10
2447,8,16.0,8.0,0.41421353816986084,1.0,8
2448,11,13.856406211853027,8.0,0.0,1.0,11
2449,4,13.856406211853027,8.0,0.0,1.0,4
2450,8,13.856406211853027,8.0,0.0,1.0,8
2451,10,16.0,8.0,0.41421353816986084,1.0,10
2452,9,13.856406211853027,8.0,0.0,1.0,9
2453,10,13.856406211853027,8.0,0.0,1.0,10
2454,9,13.856406211853027,8.0,0.0,1.0,8
2455,10,13.856406211853027,8.0,0.0,1.0,9
2456,8,16.0,8.0,0.0,1.0,8
2457,7,13.856406211853027,8.0,0.0,1.0,7
2458,8,16.0,8.0,0.0,1.0,8
2459,8,16.0,8.0,0.0,1.0,8
2460,7,8.0,8.0,0.0,1.0,7
2461,12,16.0,8.0,0.0,1.0,12
2462,10,16.0,8.0,0.0,1.0,10
2463,9,16.0,8.0,0.0,1.0,8
2464,10,16.0,8.0,0.0,1.0,9
2465,10,13.856406211853027,8.0,0.0,1.0,9
2466,4,8.0,8.0,0.0,1.0,4
2467,9,13.856406211853027,8.0,0.0,1.0,8
2468,8,16.0,8.0,0.0,1.0,7
2469,11,13.856406211853027,8.0,0.0,1.0,10
2470,12,16.0,8.0,0.0,1.0,11
2471,9,13.856406211853027,8.0,0.0,1.0,9
2472,10,11.313708305358887,8.0,0.0,1.0,10
2473,7,13.856406211853027,8.0,0.0,1.0,7
2474,11,13.856406211853027,8.0,0.0,1.0,11
2475,11,13.856406211853027,8.0,0.0,1.0,11
2476,4,13.856406211853027,8.0,0.0,1.0,4
2477,9,16.0,8.0,0.0,1.0,9
2478,10,16.0,8.0,0.0,1.0,10
2479,9,13.856406211853027,8.0,0.0,1.0,9
2480,8,8.0,8.0,0.0,1.0,8
2481,12,13.856406211853027,8.0,0.0,1.0,12
2482,12,13.856406211853027,8.0,0.0,1.0,12
2483,10,13.856406211853027,8.0,0.0,1.0,10
2484,12,13.856406211853027,8.0,0.0,1.0,11
2485,7,8.0,8.0,0.0,1.0,7
2486,9,13.856406211853027,8.0,0.0,1.0,8
2487,10,16.0,8.0,0.0,1.0,10
2488,8,13.856406211853027,8.0,0.0,1.0,8
2489,12,13.856406211853027,8.0,0.0,1.0,12
2490,12,13.856406211853027,8.0,0.0,1.0,11
2491,11,13.856406211853027,8.0,0.0,1.0,11
2492,10,13.856406211853027,8.0,0.0,1.0,10
2493,9,13.856406211853027,8.0,0.0,1.0,9
2494,10,16.0,8.0,0.0,1.0,10
2495,8,13.856406211853027,8.0,0.0,1.0,8
2496,2,11.313708305358887,8.0,0.0,1.0,2
2497,10,16.0,8.0,0.41421353816986084,1.0,10
2498,10,16.0,8.0,0.0,1.0,10
2499,11,13.856406211853027,8.0,0.0,1.0,11
2500,8,11.313708305358887,8.0,0.0,1.0,8
2501,11,16.0,8.0,0.0,1.0,10
2502,8,13.856406211853027,8.0,0.0,1.0,8
2503,9,16.0,8.0,0.0,1.0,8
2504,9,16.0,8.0,0.0,1.0,9
2505,11,16.0,8.0,0.0,1.0,11
2506,10,16.0,8.0,0.0,1.0,10
2507,7,16.0,8.0,0.0,1.0,7
2508,10,13.856406211853027,8.0,0.0,1.0,10
2509,10,16.0,8.0,0.0,1.0,10
2510,7,13.856406211853027,8.0,0.0,1.0,7
2511,9,16.0,8.0,0.0,1.0,9
2512,7,11.313708305358887,8.0,0.0,1.0,7
2513,10,16.0,8.0,0.0,1.0,9
2514,12,13.856406211853027,8.0,0.0,1.0,12
2515,10,13.856406211853027,8.0,0.0,1.0,10
2516,10,13.856406211853027,8.0,0.0,1.0,10
2517,8,16.0,8.0,0.0,1.0,8
2518,8,13.856406211853027,8.0,0.0,1.0,8
2519,6,13.856406211853027,8.0,0.0,1.0,6
2520,9,16.0,8.0,0.0,1.0,9
2521,11,16.0,8.0,0.0,1.0,10
2522,9,16.0,8.0,0.0,1.0,9
2523,11,11.313708305358887,8.0,0.0,1.0,11
2524,11,11.313708305358887,8.0,0.0,1.0,11
2525,12,16.0,8.0,0.0,1.0,12
2526,10,13.856406211853027,8.0,0.0,1.0,10
2527,11,13.856406211853027,8.0,0.0,1.0,11
2528,7,13.856406211853027,8.0,0.0,1.0,7
2529,9,16.0,8.0,0.0,1.0,9
2530,10,13.856406211853027,8.0,0.41421353816986084,1.0,8
2531,8,11.313708305358887,8.0,0.0,1.0,8
2532,10,13.856406211853027,8.0,0.0,1.0,10
2533,12,13.856406211853027,8.0,0.0,1.0,11
2534,11,13.856406211853027,8.0,0.0,1.0,10
2535,7,11.313708305358887,8.0,0.0,1.0,7
2536,10,16.0,8.0,0.0,1.0,10
2537,9,13.856406211853027,8.0,0.0,1.0,9
2538,10,13.856406211853027,8.0,0.0,1.0,9
2539,10,16.0,8.0,0.0,1.0,10
2540,8,16.0,8.0,0.0,1.0,8
2541,10,11.313708305358887,8.0,0.0,1.0,9
2542,10,13.856406211853027,8.0,0.0,1.0,10
2543,11,13.856406211853027,8.0,0.0,1.0,11
2544,10,16.0,8.0,0.0,1.0,10
2545,8,13.856406211853027,8.0,0.0,1.0,8
2546,7,11.313708305358887,8.0,0.0,1.0,7
2547,3,11.313708305358887,8.0,0.0,1.0,2
2548,5,8.0,8.0,0.0,1.0,5
2549,3,13.856406211853027,8.0,0.0,1.0,3
2550,3,8.0,8.0,0.0,1.0,2
2551,8,13.856406211853027,8.0,0.0,1.0,8
2552,4,13.856406211853027,8.0,0.0,1.0,4
2553,4,11.313708305358887,8.0,0.0,1.0,4
2554,6,11.313708305358887,8.0,0.0,1.0,6
2555,7,13.856406211853027,8.0,0.0,1.0,7
2556,11,13.856406211853027,8.0,0.0,1.0,11
2557,11,16.0,8.0,0.0,1.0,11
2558,11,13.856406211853027,8.0,0.0,1.0,11
2559,10,16.0,8.0,0.0,1.0,10
2560,9,13.856406211853027,8.0,0.0,1.0,9
2561,11,13.856406211853027,8.0,0.0,1.0,11
2562,10,16.0,8.0,0.41421353816986084,1.0,10
2563,12,13.856406211853027,8.0,0.0,1.0,12
2564,12,13.856406211853027,8.0,0.0,1.0,12
2565,10,16.0,8.0,0.0,1.0,10
2566,10,16.0,8.0,0.0,1.0,10
2567,9,16.0,8.0,0.0,1.0,9
2568,10,16.0,8.0,0.0,1.0,10
2569,12,13.856406211853027,8.0,0.0,1.0,11
2570,7,16.0,8.0,0.0,1.0,7
2571,12,13.856406211853027,8.0,0.0,1.0,11
2572,8,13.856406211853027,8.0,0.0,1.0,8
2573,11,13.856406211853027,8.0,0.0,1.0,11
2574,10,13.856406211853027,8.0,0.0,1.0,10
2575,10,16.0,8.0,0.0,1.0,10
2576,8,16.0,8.0,0.0,1.0,8
2577,10,16.0,8.0,0.0,1.0,10
2578,9,13.856406211853027,8.0,0.0,1.0,9
2579,10,16.0,8.0,0.0,1.0,10
2580,10,16.0,8.0,0.0,1.0,9
2581,11,13.856406211853027,8.0,0.0,1.0,11
2582,10,11.313708305358887,8.0,0.0,1.0,10
2583,12,16.0,8.0,0.0,1.0,12
2584,8,13.856406211853027,8.0,0.0,1.0,8
2585,8,11.313708305358887,8.0,0.0,1.0,8
2586,7,11.313708305358887,8.0,0.0,1.0,5
2587,6,8.0,8.0,0.0,1.0,6
2588,7,11.313708305358887,8.0,0.0,1.0,7
2589,7,11.313708305358887,8.0,0.0,1.0,7
2590,11,16.0,8.0,0.0,1.0,10
2591,10,16.0,8.0,0.0,1.0,9
2592,11,13.856406211853027,8.0,0.0,1.0,11
2593,11,13.856406211853027,8.0,0.0,1.0,11
2594,6,11.313708305358887,8.0,0.0,1.0,6
2595,7,13.856406211853027,8.0,0.0,1.0,7
2596,7,13.856406211853027,8.0,0.0,1.0,7
2597,12,16.0,8.0,0.0,1.0,12
2598,12,13.856406211853027,8.0,0.0,1.0,11
2599,9,13.856406211853027,8.0,0.0,1.0,9
2600,11,13.856406211853027,8.0,0.0,1.0,11
2601,7,13.856406211853027,8.0,0.0,1.0,7
2602,10,13.856406211853027,8.0,0.0,1.0,10
2603,9,13.856406211853027,8.0,0.0,1.0,9
2604,9,16.0,8.0,0.0,1.0,8
2605,9,16.0,8.0,0.0,1.0,9
2606,9,16.0,8.0,0.0,1.0,9
2607,10,16.0,8.0,0.0,1.0,10
2608,12,13.856406211853027,8.0,0.0,1.0,12
2609,11,13.856406211853027,8.0,0.0,1.0,11
2610,6,11.313708305358887,8.0,0.0,1.0,6
2611,10,13.856406211853027,8.0,0.0,1.0,10
2612,7,13.856406211853027,8.0,0.0,1.0,6
2613,12,13.856406211853027,8.0,0.0,1.0,11
2614,10,16.0,8.0,0.0,1.0,10
2615,9,13.856406211853027,8.0,0.0,1.0,9
2616,11,13.856406211853027,8.0,0.0,1.0,11
2617,11,11.313708305358887,8.0,0.0,1.0,11
2618,12,13.856406211853027,8.0,0.0,1.0,12
2619,10,16.0,8.0,0.0,1.0,10
2620,9,16.0,8.0,0.0,1.0,9
2621,10,13.856406211853027,8.0,0.0,1.0,10
2622,8,13.856406211853027,8.0,0.0,1.0,7
2623,10,13.856406211853027,8.0,0.0,1.0,9
2624,7,8.0,8.0,0.0,1.0,7
2625,3,8.0,8.0,0.0,1.0,3
2626,9,16.0,8.0,0.0,1.0,9
2627,12,13.856406211853027,8.0,0.0,1.0,11
2628,10,13.856406211853027,8.0,0.0,1.0,10
2629,7,13.856406211853027,8.0,0.0,1.0,7
2630,12,13.856406211853027,8.0,0.0,1.0,12
2631,9,13.856406211853027,8.0,0.0,1.0,9
2632,9,13.856406211853027,8.0,0.0,1.0,9
2633,8,16.0,8.0,0.0,1.0,8
2634,8,16.0,8.0,0.0,1.0,8
2635,7,8.0,8.0,0.0,1.0,7
2636,10,16.0,8.0,0.0,1.0,10
2637,10,16.0,8.0,0.0,1.0,10
2638,11,13.856406211853027,8.0,0.0,1.0,11
2639,10,13.856406211853027,8.0,0.0,1.0,10
2640,10,13.856406211853027,8.0,0.0,1.0,10
2641,8,8.0,8.0,0.0,1.0,8
2642,9,13.856406211853027,8.0,0.0,1.0,9
2643,9,16.0,8.0,0.0,1.0,9
2644,11,16.0,8.0,0.0,1.0,10
2645,9,16.0,8.0,0.0,1.0,9
2646,10,13.856406211853027,8.0,0.0,1.0,10
2647,11,13.856406211853027,8.0,0.0,1.0,11
2648,8,16.0,8.0,0.0,1.0,8
2649,10,16.0,8.0,0.0,1.0,10
2650,11,13.856406211853027,8.0,0.0,1.0,11
2651,10,13.856406211853027,8.0,0.0,1.0,10
2652,8,8.0,8.0,0.0,1.0,8
2653,10,13.856406211853027,8.0,0.0,1.0,8
2654,12,16.0,8.0,0.0,1.0,12
2655,12,13.856406211853027,8.0,0.0,1.0,11
2656,9,16.0,8.0,0.0,1.0,8
2657,11,16.0,8.0,0.0,1.0,11
2658,12,16.0,8.0,0.0,1.0,12
2659,11,13.856406211853027,8.0,0.0,1.0,11
2660,10,13.856406211853027,8.0,0.0,1.0,9
2661,10,13.856406211853027,8.0,0.0,1.0,10
2662,10,13.856406211853027,8.0,0.0,1.0,9
2663,8,13.856406211853027,8.0,0.0,1.0,8
2664,8,8.0,8.0,0.0,1.0,8
2665,8,11.313708305358887,8.0,0.0,1.0,8
2666,9,13.856406211853027,8.0,0.0,1.0,9
2667,12,13.856406211853027,8.0,0.0,1.0,12
2668,7,8.0,8.0,0.0,1.0,7
2669,7,13.856406211853027,8.0,0.0,1.0,7
2670,11,13.856406211853027,8.0,0.0,1.0,11
2671,10,13.856406211853027,8.0,0.0,1.0,10
2672,8,13.856406211853027,8.0,0.0,1.0,8
2673,9,16.0,8.0,0.0,1.0,9
2674,11,16.0,8.0,0.0,1.0,10
2675,10,16.0,8.0,0.0,1.0,10
2676,11,13.856406211853027,8.0,0.0,1.0,11
2677,9,13.856406211853027,8.0,0.0,1.0,9
2678,9,13.856406211853027,8.0,0.0,1.0,9
2679,11,16.0,8.0,0.41421353816986084,1.0,9
2680,9,13.856406211853027,8.0,0.0,1.0,8
2681,10,16.0,8.0,0.0,1.0,9
2682,11,16.0,8.0,0.0,1.0,11
2683,10,13.856406211853027,8.0,0.0,1.0,10
2684,5,11.313708305358887,8.0,0.0,1.0,4
2685,7,8.0,8.0,0.0,1.0,7
2686,9,11.313708305358887,8.0,0.0,1.0,9
2687,8,16.0,8.0,0.0,1.0,8
2688,11,13.856406211853027,8.0,0.0,1.0,11
2689,11,13.856406211853027,8.0,0.0,1.0,11
2690,12,13.856406211853027,8.0,0.0,1.0,12
2691,9,16.0,8.0,0.0,1.0,9
2692,9,13.856406211853027,8.0,0.0,1.0,9
2693,12,16.0,8.0,0.41421353816986084,1.0,12
2694,4,11.313708305358887,8.0,0.0,1.0,4
2695,10,16.0,8.0,0.0,1.0,10
2696,11,16.0,8.0,0.0,1.0,11
2697,12,13.856406211853027,8.0,0.0,1.0,12
2698,10,13.856406211853027,8.0,0.0,1.0,10
2699,9,11.313708305358887,8.0,0.0,1.0,9
2700,10,13.856406211853027,8.0,0.0,1.0,10
2701,8,16.0,8.0,0.0,1.0,8
2702,7,11.313708305358887,8.0,0.0,1.0,7
2703,9,13.856406211853027,8.0,0.0,1.0,9
2704,11,16.0,8.0,0.0,1.0,11
2705,9,13.856406211853027,8.0,0.0,1.0,9
2706,9,13.856406211853027,8.0,0.0,1.0,9
2707,11,13.856406211853027,8.0,0.0,1.0,11
2708,12,13.856406211853027,8.0,0.0,1.0,12
2709,9,13.856406211853027,8.0,0.0,1.0,9
2710,9,13.856406211853027,8.0,0.0,1.0,9
2711,9,16.0,8.0,0.0,1.0,9
2712,10,16.0,8.0,0.0,1.0,10
2713,5,8.0,8.0,0.0,1.0,4
2714,12,13.856406211853027,8.0,0.0,1.0,12
2715,12,13.856406211853027,8.0,0.0,1.0,12
2716,10,13.856406211853027,8.0,0.0,1.0,10
2717,6,11.313708305358887,8.0,0.0,1.0,6
2718,9,13.856406211853027,8.0,0.0,1.0,9
2719,7,13.856406211853027,8.0,0.0,1.0,7
2720,6,11.313708305358887,8.0,0.0,1.0,6
2721,6,11.313708305358887,8.0,0.0,1.0,6
2722,7,8.0,8.0,0.0,1.0,7
2723,5,8.0,8.0,0.0,1.0,4
2724,3,13.856406211853027,8.0,0.0,1.0,3
2725,5,8.0,8.0,0.0,1.0,4
2726,2,8.0,8.0,,1.0,1
2727,2,8.0,8.0,,1.0,1
2728,6,13.856406211853027,8.0,0.0,1.0,6
2729,7,11.313708305358887,8.0,0.0,1.0,6
2730,9,13.856406211853027,8.0,0.0,1.0,9
2731,9,13.856406211853027,8.0,0.0,1.0,9
2732,11,11.313708305358887,8.0,0.0,1.0,11
2733,8,16.0,8.0,0.0,1.0,8
2734,9,13.856406211853027,8.0,0.0,1.0,8
2735,11,13.856406211853027,8.0,0.0,1.0,11
2736,7,11.313708305358887,8.0,0.0,1.0,7
2737,12,16.0,8.0,0.0,1.0,12
2738,7,16.0,8.0,0.0,1.0,7
2739,7,16.0,8.0,0.0,1.0,7
2740,8,16.0,8.0,0.0,1.0,7
2741,8,11.313708305358887,8.0,0.0,1.0,7
2742,6,13.856406211853027,8.0,0.0,1.0,5
2743,12,13.856406211853027,8.0,0.0,1.0,11
2744,9,13.856406211853027,8.0,0.0,1.0,8
2745,9,16.0,8.0,0.41421353816986084,1.0,8
2746,8,13.856406211853027,8.0,0.0,1.0,6
2747,9,13.856406211853027,8.0,0.0,1.0,9
2748,9,16.0,8.0,0.0,1.0,9
2749,8,13.856406211853027,8.0,0.0,1.0,8
2750,12,13.856406211853027,8.0,0.0,1.0,12
2751,9,16.0,8.0,0.0,1.0,9
2752,8,13.856406211853027,8.0,0.0,1.0,8
2753,8,13.856406211853027,8.0,0.0,1.0,8
2754,7,16.0,8.0,0.0,1.0,6
2755,9,13.856406211853027,8.0,0.0,1.0,9
2756,6,8.0,8.0,0.0,1.0,6
2757,7,13.856406211853027,8.0,0.0,1.0,7
2758,8,13.856406211853027,8.0,0.0,1.0,7
2759,8,13.856406211853027,8.0,0.0,1.0,8
2760,8,16.0,8.0,0.0,1.0,7
2761,8,13.856406211853027,8.0,0.0,1.0,8
2762,6,13.856406211853027,8.0,0.0,1.0,6
2763,8,16.0,8.0,0.0,1.0,8
2764,10,16.0,8.0,0.0,1.0,10
2765,11,16.0,8.0,0.0,1.0,11
2766,6,13.856406211853027,8.0,0.0,1.0,5
2767,7,13.856406211853027,8.0,0.0,1.0,7
2768,4,13.856406211853027,8.0,0.0,1.0,4
2769,9,13.856406211853027,8.0,0.0,1.0,9
2770,8,13.856406211853027,8.0,0.0,1.0,8
2771,8,13.856406211853027,8.0,0.0,1.0,8
2772,9,16.0,8.0,0.0,1.0,9
2773,8,13.856406211853027,8.0,0.0,1.0,8
2774,7,13.856406211853027,8.0,0.0,1.0,7
2775,10,13.856406211853027,8.0,0.0,1.0,9
2776,9,13.856406211853027,8.0,0.0,1.0,9
2777,8,16.0,8.0,0.0,1.0,8
2778,9,13.856406211853027,8.0,0.0,1.0,9
2779,7,16.0,8.0,0.0,1.0,7
2780,7,13.856406211853027,8.0,0.0,1.0,7
2781,10,13.856406211853027,8.0,0.0,1.0,10
2782,10,16.0,8.0,0.0,1.0,10
2783,8,16.0,8.0,0.0,1.0,8
2784,9,13.856406211853027,8.0,0.0,1.0,9
2785,9,16.0,8.0,0.0,1.0,9
2786,12,16.0,8.0,0.0,1.0,12
2787,8,16.0,8.0,0.0,1.0,8
2788,10,13.856406211853027,8.0,0.0,1.0,9
2789,8,16.0,8.0,0.0,1.0,8
2790,3,13.856406211853027,8.0,0.0,1.0,2
2791,12,16.0,8.0,0.0,1.0,12
2792,8,13.856406211853027,8.0,0.0,1.0,6
2793,12,13.856406211853027,8.0,0.0,1.0,11
2794,11,13.856406211853027,8.0,0.0,1.0,11
2795,8,16.0,8.0,0.0,1.0,8
2796,7,11.313708305358887,8.0,0.0,1.0,7
2797,8,11.313708305358887,8.0,0.0,1.0,8
2798,3,11.313708305358887,8.0,0.0,1.0,3
2799,4,8.0,8.0,0.0,1.0,4
2800,6,13.856406211853027,8.0,0.0,1.0,5
2801,6,11.313708305358887,8.0,0.0,1.0,5
2802,8,11.313708305358887,8.0,0.0,1.0,8
2803,10,16.0,8.0,0.0,1.0,10
2804,9,11.313708305358887,8.0,0.0,1.0,9
2805,6,16.0,8.0,0.0,1.0,6
2806,9,16.0,8.0,0.0,1.0,9
2807,9,13.856406211853027,8.0,0.0,1.0,9
2808,10,13.856406211853027,8.0,0.0,1.0,10
2809,10,16.0,8.0,0.0,1.0,8
2810,11,13.856406211853027,8.0,0.0,1.0,11
2811,10,13.856406211853027,8.0,0.0,1.0,10
2812,10,13.856406211853027,8.0,0.0,1.0,10
2813,11,13.856406211853027,8.0,0.0,1.0,11
2814,7,11.313708305358887,8.0,0.0,1.0,6
2815,11,16.0,8.0,0.0,1.0,10
2816,8,13.856406211853027,8.0,0.0,1.0,8
2817,12,13.856406211853027,8.0,0.0,1.0,11
2818,9,13.856406211853027,8.0,0.0,1.0,9
2819,8,13.856406211853027,8.0,0.0,1.0,7
2820,9,16.0,8.0,0.0,1.0,9
2821,9,16.0,8.0,0.0,1.0,9
2822,12,13.856406211853027,8.0,0.0,1.0,11
2823,6,11.313708305358887,8.0,0.0,1.0,6
2824,7,13.856406211853027,8.0,0.0,1.0,7
2825,11,13.856406211853027,8.0,0.0,1.0,10
2826,10,13.856406211853027,8.0,0.0,1.0,10
2827,11,13.856406211853027,8.0,0.0,1.0,11
2828,6,13.856406211853027,8.0,0.0,1.0,6
2829,7,13.856406211853027,8.0,0.0,1.0,7
2830,7,11.313708305358887,8.0,0.0,1.0,6
2831,10,16.0,8.0,0.0,1.0,10
2832,9,13.856406211853027,8.0,0.0,1.0,8
2833,7,16.0,8.0,0.0,1.0,7
2834,10,13.856406211853027,8.0,0.0,1.0,10
2835,4,11.313708305358887,8.0,0.0,1.0,4
2836,5,13.856406211853027,8.0,0.0,1.0,4
2837,9,16.0,8.0,0.0,1.0,9
2838,10,16.0,8.0,0.0,1.0,10
2839,8,13.856406211853027,8.0,0.0,1.0,8
2840,7,8.0,8.0,0.0,1.0,7
2841,10,13.856406211853027,8.0,0.0,1.0,10
2842,10,13.856406211853027,8.0,0.0,1.0,10
2843,10,16.0,8.0,0.0,1.0,10
2844,10,16.0,8.0,0.0,1.0,10
2845,10,13.856406211853027,8.0,0.0,1.0,9
2846,11,13.856406211853027,8.0,0.0,1.0,11
2847,10,13.856406211853027,8.0,0.0,1.0,10
2848,3,13.856406211853027,8.0,0.0,1.0,2
2849,12,13.856406211853027,8.0,0.0,1.0,12
2850,6,8.0,8.0,0.0,1.0,6
2851,6,13.856406211853027,8.0,0.0,1.0,6
2852,9,13.856406211853027,8.0,0.0,1.0,9
2853,6,8.0,8.0,0.0,1.0,6
2854,12,13.856406211853027,8.0,0.0,1.0,12
2855,12,13.856406211853027,8.0,0.0,1.0,12
2856,7,11.313708305358887,8.0,0.0,1.0,7
2857,8,13.856406211853027,8.0,0.0,1.0,7
2858,11,13.856406211853027,8.0,0.0,1.0,11
2859,10,16.0,8.0,0.0,1.0,10
2860,4,13.856406211853027,8.0,0.0,1.0,4
2861,11,16.0,8.0,0.0,1.0,11
2862,10,13.856406211853027,8.0,0.0,1.0,10
2863,12,13.856406211853027,8.0,0.0,1.0,12
2864,6,8.0,8.0,0.0,1.0,6
2865,5,11.313708305358887,8.0,0.0,1.0,5
2866,8,16.0,8.0,0.0,1.0,8
2867,12,13.856406211853027,8.0,0.0,1.0,12
2868,10,13.856406211853027,8.0,0.0,1.0,10
2869,10,16.0,8.0,0.0,1.0,10
2870,11,13.856406211853027,8.0,0.0,1.0,11
2871,11,13.856406211853027,8.0,0.0,1.0,11
2872,9,13.856406211853027,8.0,0.0,1.0,9
2873,6,11.313708305358887,8.0,0.0,1.0,6
2874,6,8.0,8.0,0.0,1.0,6
2875,8,16.0,8.0,0.0,1.0,7
2876,10,13.856406211853027,8.0,0.41421353816986084,1.0,9
2877,12,13.856406211853027,8.0,0.0,1.0,12
2878,7,13.856406211853027,8.0,0.0,1.0,7
2879,9,13.856406211853027,8.0,0.0,1.0,8
2880,10,16.0,8.0,0.0,1.0,10
2881,5,11.313708305358887,8.0,0.0,1.0,4
2882,10,13.856406211853027,8.0,0.0,1.0,10
2883,12,13.856406211853027,8.0,0.0,1.0,12
2884,10,13.856406211853027,8.0,0.0,1.0,10
2885,6,11.313708305358887,8.0,0.0,1.0,6
2886,5,13.856406211853027,8.0,0.0,1.0,5
2887,9,16.0,8.0,0.0,1.0,9
2888,11,16.0,8.0,0.0,1.0,11
2889,10,13.856406211853027,8.0,0.0,1.0,10
2890,6,13.856406211853027,8.0,0.0,1.0,6
2891,9,16.0,8.0,0.0,1.0,9
2892,7,16.0,8.0,0.0,1.0,7
2893,7,13.856406211853027,8.0,0.0,1.0,7
2894,4,11.313708305358887,8.0,0.0,1.0,3
2895,4,13.856406211853027,8.0,0.0,1.0,3
2896,6,8.0,8.0,0.0,1.0,6
2897,4,13.856406211853027,8.0,0.0,1.0,4
2898,5,13.856406211853027,8.0,0.0,1.0,4
2899,2,8.0,8.0,,1.0,1
2900,11,16.0,8.0,0.0,1.0,11
2901,7,11.313708305358887,8.0,0.0,1.0,7
2902,6,11.313708305358887,8.0,0.0,1.0,6
2903,2,13.856406211853027,8.0,,,0
2904,7,13.856406211853027,8.0,0.0,1.0,6
2905,8,16.0,8.0,0.0,1.0,8
2906,9,16.0,8.0,0.0,1.0,9
2907,8,16.0,8.0,0.0,1.0,8
2908,5,11.313708305358887,8.0,0.0,1.0,5
2909,9,13.856406211853027,8.0,0.0,1.0,9
2910,8,16.0,8.0,0.0,1.0,8
2911,9,13.856406211853027,8.0,0.0,1.0,9
2912,10,13.856406211853027,8.0,0.0,1.0,10
2913,6,13.856406211853027,8.0,0.0,1.0,5
2914,8,13.856406211853027,8.0,0.0,1.0,8
2915,10,16.0,8.0,0.0,1.0,10
2916,8,16.0,8.0,0.0,1.0,8
2917,8,16.0,8.0,0.0,1.0,8
2918,5,13.856406211853027,8.0,0.0,1.0,5
2919,8,16.0,8.0,0.0,1.0,8
2920,6,13.856406211853027,8.0,0.0,1.0,5
2921,8,16.0,8.0,0.0,1.0,8
2922,8,16.0,8.0,0.0,1.0,8
2923,9,13.856406211853027,8.0,0.0,1.0,8
2924,12,13.856406211853027,8.0,0.0,1.0,11
2925,8,13.856406211853027,8.0,0.0,1.0,8
2926,4,11.313708305358887,8.0,0.0,1.0,4
2927,7,13.856406211853027,8.0,0.0,1.0,7
2928,10,13.856406211853027,8.0,0.0,1.0,10
2929,8,16.0,8.0,0.0,1.0,8
2930,11,13.856406211853027,8.0,0.0,1.0,10
2931,5,13.856406211853027,8.0,0.0,1.0,5
2932,8,16.0,8.0,0.0,1.0,8
2933,8,13.856406211853027,8.0,0.0,1.0,8
2934,11,16.0,8.0,0.0,1.0,11
2935,6,8.0,8.0,0.0,1.0,6
2936,9,13.856406211853027,8.0,0.0,1.0,9
2937,8,16.0,8.0,0.0,1.0,8
2938,8,13.856406211853027,8.0,0.0,1.0,8
2939,7,16.0,8.0,0.0,1.0,7
2940,10,13.856406211853027,8.0,0.0,1.0,10
2941,10,13.856406211853027,8.0,0.0,1.0,10
2942,8,13.856406211853027,8.0,0.0,1.0,8
2943,12,13.856406211853027,8.0,0.0,1.0,12
2944,9,16.0,8.0,0.0,1.0,9
2945,8,16.0,8.0,0.0,1.0,8
2946,8,16.0,8.0,0.0,1.0,7
2947,8,13.856406211853027,8.0,0.0,1.0,8
2948,8,13.856406211853027,8.0,0.0,1.0,8
2949,10,13.856406211853027,8.0,0.0,1.0,10
2950,8,8.0,8.0,0.0,1.0,6
2951,10,13.856406211853027,8.0,0.0,1.0,10
2952,8,13.856406211853027,8.0,0.0,1.0,8
2953,7,13.856406211853027,8.0,0.0,1.0,7
2954,6,13.856406211853027,8.0,0.0,1.0,5
2955,8,13.856406211853027,8.0,0.0,1.0,8
2956,8,16.0,8.0,0.41421353816986084,1.0,8
2957,6,13.856406211853027,8.0,0.0,1.0,6
2958,9,16.0,8.0,0.0,1.0,9
2959,5,13.856406211853027,8.0,0.0,1.0,5
2960,8,13.856406211853027,8.0,0.0,1.0,7
2961,11,16.0,8.0,0.0,1.0,11
2962,8,13.856406211853027,8.0,0.0,1.0,8
2963,8,8.0,8.0,0.0,1.0,8
2964,9,13.856406211853027,8.0,0.0,1.0,9
2965,6,13.856406211853027,8.0,0.0,1.0,6
2966,9,13.856406211853027,8.0,0.0,1.0,9
2967,8,13.856406211853027,8.0,0.0,1.0,8
2968,8,13.856406211853027,8.0,0.0,1.0,8
2969,6,13.856406211853027,8.0,0.0,1.0,6
2970,10,13.856406211853027,8.0,0.0,1.0,10
2971,8,13.856406211853027,8.0,0.0,1.0,8
2972,9,16.0,8.0,0.0,1.0,9
2973,9,16.0,8.0,0.0,1.0,8
2974,8,13.856406211853027,8.0,0.0,1.0,8
2975,9,13.856406211853027,8.0,0.0,1.0,9
2976,7,8.0,8.0,0.0,1.0,7
2977,11,13.856406211853027,8.0,0.0,1.0,10
2978,8,13.856406211853027,8.0,0.0,1.0,8
2979,8,16.0,8.0,0.0,1.0,8
2980,9,16.0,8.0,0.0,1.0,9
2981,8,13.856406211853027,8.0,0.0,1.0,8
2982,5,16.0,8.0,0.0,1.0,5
2983,10,16.0,8.0,0.0,1.0,9
2984,9,13.856406211853027,8.0,0.0,1.0,9
2985,8,16.0,8.0,0.0,1.0,8
2986,8,13.856406211853027,8.0,0.0,1.0,8
2987,8,13.856406211853027,8.0,0.0,1.0,7
2988,12,13.856406211853027,8.0,0.0,1.0,11
2989,11,16.0,8.0,0.0,1.0,11
2990,12,16.0,8.0,0.0,1.0,12
2991,6,16.0,8.0,0.0,1.0,5
2992,7,16.0,8.0,0.0,1.0,7
2993,5,16.0,8.0,0.0,1.0,5
2994,8,13.856406211853027,8.0,0.0,1.0,8
2995,5,13.856406211853027,8.0,0.0,1.0,4
2996,8,11.313708305358887,8.0,0.0,1.0,8
2997,8,13.856406211853027,8.0,0.0,1.0,8
2998,10,13.856406211853027,8.0,0.0,1.0,10
2999,8,13.856406211853027,8.0,0.0,1.0,7
3000,8,13.856406211853027,8.0,0.0,1.0,7
3001,10,16.0,8.0,0.0,1.0,10
3002,6,11.313708305358887,8.0,0.0,1.0,6
3003,6,13.856406211853027,8.0,0.0,1.0,6
3004,10,13.856406211853027,8.0,0.0,1.0,10
3005,9,16.0,8.0,0.0,1.0,8
3006,8,13.856406211853027,8.0,0.0,1.0,7
3007,11,13.856406211853027,8.0,0.0,1.0,10
3008,6,11.313708305358887,8.0,0.0,1.0,6
3009,7,11.313708305358887,8.0,0.0,1.0,7
3010,5,11.313708305358887,8.0,0.0,1.0,5
3011,3,13.856406211853027,8.0,0.0,1.0,2
3012,8,13.856406211853027,8.0,0.0,1.0,8
3013,9,13.856406211853027,8.0,0.0,1.0,9
3014,10,11.313708305358887,8.0,0.0,1.0,10
3015,6,11.313708305358887,8.0,0.0,1.0,6
3016,7,13.856406211853027,8.0,0.0,1.0,7
3017,12,13.856406211853027,8.0,0.0,1.0,12
3018,10,13.856406211853027,8.0,0.0,1.0,9
3019,10,11.313708305358887,8.0,0.0,1.0,10
3020,7,13.856406211853027,8.0,0.0,1.0,6
3021,8,11.313708305358887,8.0,0.0,1.0,8
3022,10,13.856406211853027,8.0,0.0,1.0,10
3023,7,13.856406211853027,8.0,0.0,1.0,7
3024,10,16.0,8.0,0.0,1.0,10
3025,3,16.0,8.0,0.0,1.0,2
3026,9,16.0,8.0,0.0,1.0,9
3027,8,13.856406211853027,8.0,0.0,1.0,8
3028,9,13.856406211853027,8.0,0.0,1.0,9
3029,4,13.856406211853027,8.0,0.0,1.0,4
3030,10,16.0,8.0,0.0,1.0,10
3031,11,13.856406211853027,8.0,0.0,1.0,11
3032,8,11.313708305358887,8.0,0.0,1.0,8
3033,3,13.856406211853027,8.0,0.0,1.0,3
3034,4,13.856406211853027,8.0,0.0,1.0,4
3035,7,16.0,8.0,0.0,1.0,6
3036,11,13.856406211853027,8.0,0.0,1.0,10
3037,11,13.856406211853027,8.0,0.0,1.0,11
3038,7,13.856406211853027,8.0,0.0,1.0,7
3039,8,11.313708305358887,8.0,0.0,1.0,8
3040,10,16.0,8.0,0.0,1.0,10
3041,4,16.0,8.0,0.0,1.0,4
3042,7,8.0,8.0,0.0,1.0,7
3043,9,13.856406211853027,8.0,0.0,1.0,8
3044,7,16.0,8.0,0.0,1.0,7
3045,12,13.856406211853027,8.0,0.0,1.0,12
3046,12,13.856406211853027,8.0,0.0,1.0,12
3047,10,11.313708305358887,8.0,0.0,1.0,10
3048,4,8.0,8.0,0.0,1.0,4
3049,10,13.856406211853027,8.0,0.0,1.0,10
3050,12,13.856406211853027,8.0,0.0,1.0,12
3051,6,16.0,8.0,0.0,1.0,6
3052,8,13.856406211853027,8.0,0.0,1.0,8
3053,9,13.856406211853027,8.0,0.0,1.0,9
3054,4,11.313708305358887,8.0,0.0,1.0,4
3055,9,13.856406211853027,8.0,0.0,1.0,9
3056,6,13.856406211853027,8.0,0.0,1.0,6
3057,6,11.313708305358887,8.0,0.0,1.0,5
3058,10,16.0,8.0,0.0,1.0,9
3059,8,13.856406211853027,8.0,0.0,1.0,8
3060,6,13.856406211853027,8.0,0.0,1.0,6
3061,10,13.856406211853027,8.0,0.0,1.0,10
3062,4,13.856406211853027,8.0,0.0,1.0,4
3063,10,16.0,8.0,0.0,1.0,10
3064,5,11.313708305358887,8.0,0.0,1.0,5
3065,10,13.856406211853027,8.0,0.0,1.0,10
3066,2,13.856406211853027,8.0,0.0,1.0,2
3067,5,13.856406211853027,8.0,0.0,1.0,3
3068,3,13.856406211853027,8.0,0.0,1.0,3
3069,3,13.856406211853027,8.0,0.0,1.0,3
3070,4,13.856406211853027,8.0,0.0,1.0,3
3071,3,13.856406211853027,8.0,0.0,1.0,2
3072,11,16.0,8.0,0.0,1.0,11
3073,12,16.0,8.0,0.0,1.0,10
3074,7,11.313708305358887,8.0,0.0,1.0,7
3075,5,11.313708305358887,8.0,0.0,1.0,5
3076,7,11.313708305358887,8.0,0.0,1.0,6
3077,6,13.856406211853027,8.0,0.0,1.0,5
3078,6,11.313708305358887,8.0,0.0,1.0,6
3079,12,13.856406211853027,8.0,0.0,1.0,12
3080,9,16.0,8.0,0.0,1.0,9
3081,7,16.0,8.0,0.0,1.0,7
3082,8,16.0,8.0,0.0,1.0,8
3083,9,13.856406211853027,8.0,0.0,1.0,9
3084,8,13.856406211853027,8.0,0.0,1.0,8
3085,5,16.0,8.0,0.0,1.0,5
3086,6,16.0,8.0,0.0,1.0,6
3087,10,13.856406211853027,8.0,0.0,1.0,10
3088,8,16.0,8.0,0.0,1.0,8
3089,8,13.856406211853027,8.0,0.0,1.0,8
3090,6,11.313708305358887,8.0,0.0,1.0,5
3091,12,13.856406211853027,8.0,0.0,1.0,12
3092,8,16.0,8.0,0.0,1.0,8
3093,9,13.856406211853027,8.0,0.0,1.0,9
3094,8,16.0,8.0,0.0,1.0,7
3095,9,13.856406211853027,8.0,0.0,1.0,9
3096,6,13.856406211853027,8.0,0.0,1.0,6
3097,8,13.856406211853027,8.0,0.0,1.0,8
3098,9,13.856406211853027,8.0,0.0,1.0,9
3099,8,13.856406211853027,8.0,0.0,1.0,8
3100,10,16.0,8.0,0.0,1.0,10
3101,8,13.856406211853027,8.0,0.0,1.0,8
3102,10,16.0,8.0,0.0,1.0,9
3103,8,13.856406211853027,8.0,0.0,1.0,8
3104,5,8.0,8.0,0.0,1.0,5
3105,7,13.856406211853027,8.0,0.0,1.0,7
3106,10,16.0,8.0,0.0,1.0,10
3107,5,13.856406211853027,8.0,0.0,1.0,5
3108,8,13.856406211853027,8.0,0.0,1.0,8
3109,8,16.0,8.0,0.0,1.0,8
3110,8,16.0,8.0,0.0,1.0,8
3111,11,13.856406211853027,8.0,0.0,1.0,11
3112,11,13.856406211853027,8.0,0.0,1.0,10
3113,8,13.856406211853027,8.0,0.0,1.0,8
3114,10,13.856406211853027,8.0,0.0,1.0,9
3115,8,13.856406211853027,8.0,0.0,1.0,8
3116,8,13.856406211853027,8.0,0.0,1.0,8
3117,8,13.856406211853027,8.0,0.0,1.0,8
3118,10,13.856406211853027,8.0,0.0,1.0,10
3119,6,13.856406211853027,8.0,0.0,1.0,6
3120,9,13.856406211853027,8.0,0.0,1.0,9
3121,10,13.856406211853027,8.0,0.0,1.0,9
3122,11,13.856406211853027,8.0,0.0,1.0,10
3123,8,13.856406211853027,8.0,0.0,1.0,8
3124,11,16.0,8.0,0.0,1.0,11
3125,8,16.0,8.0,0.0,1.0,8
3126,8,13.856406211853027,8.0,0.0,1.0,8
3127,9,13.856406211853027,8.0,0.0,1.0,9
3128,9,13.856406211853027,8.0,0.0,1.0,9
3129,9,13.856406211853027,8.0,0.0,1.0,9
3130,7,13.856406211853027,8.0,0.0,1.0,7
3131,5,8.0,8.0,0.0,1.0,5
3132,12,16.0,8.0,0.0,1.0,12
3133,12,13.856406211853027,8.0,0.0,1.0,12
3134,8,16.0,8.0,0.0,1.0,7
3135,8,13.856406211853027,8.0,0.0,1.0,8
3136,9,16.0,8.0,0.0,1.0,9
3137,8,13.856406211853027,8.0,0.0,1.0,8
3138,9,13.856406211853027,8.0,0.0,1.0,9
3139,9,13.856406211853027,8.0,0.0,1.0,9
3140,10,16.0,8.0,0.0,1.0,10
3141,9,13.856406211853027,8.0,0.0,1.0,8
3142,12,16.0,8.0,0.0,1.0,12
3143,7,13.856406211853027,8.0,0.0,1.0,6
3144,11,13.856406211853027,8.0,0.0,1.0,10
3145,8,16.0,8.0,0.41421353816986084,1.0,8
3146,9,13.856406211853027,8.0,0.0,1.0,9
3147,6,8.0,8.0,0.0,1.0,6
3148,12,13.856406211853027,8.0,0.0,1.0,12
3149,9,13.856406211853027,8.0,0.0,1.0,9
3150,9,13.856406211853027,8.0,0.0,1.0,9
3151,11,13.856406211853027,8.0,0.0,1.0,11
3152,8,13.856406211853027,8.0,0.0,1.0,7
3153,8,13.856406211853027,8.0,0.0,1.0,8
3154,9,13.856406211853027,8.0,0.0,1.0,8
3155,12,13.856406211853027,8.0,0.0,1.0,12
3156,10,13.856406211853027,8.0,0.0,1.0,10
3157,9,13.856406211853027,8.0,0.0,1.0,8
3158,11,13.856406211853027,8.0,0.0,1.0,11
3159,8,13.856406211853027,8.0,0.0,1.0,8
3160,9,13.856406211853027,8.0,0.0,1.0,8
3161,8,13.856406211853027,8.0,0.0,1.0,8
3162,7,11.313708305358887,8.0,0.0,1.0,7
3163,9,16.0,8.0,0.0,1.0,8
3164,11,16.0,8.0,0.0,1.0,10
3165,8,16.0,8.0,0.0,1.0,8
3166,12,13.856406211853027,8.0,0.0,1.0,11
3167,10,13.856406211853027,8.0,0.0,1.0,10
3168,9,13.856406211853027,8.0,0.0,1.0,8
3169,10,16.0,8.0,0.0,1.0,10
3170,10,16.0,8.0,0.0,1.0,10
3171,9,13.856406211853027,8.0,0.0,1.0,9
3172,7,13.856406211853027,8.0,0.0,1.0,7
3173,10,13.856406211853027,8.0,0.0,1.0,10
3174,10,13.856406211853027,8.0,0.0,1.0,10
3175,8,13.856406211853027,8.0,0.0,1.0,6
3176,9,13.856406211853027,8.0,0.0,1.0,9
3177,10,13.856406211853027,8.0,0.0,1.0,10
3178,8,11.313708305358887,8.0,0.0,1.0,7
3179,10,16.0,8.0,0.0,1.0,9
3180,9,13.856406211853027,8.0,0.0,1.0,9
3181,10,16.0,8.0,0.0,1.0,10
3182,9,13.856406211853027,8.0,0.0,1.0,9
3183,8,13.856406211853027,8.0,0.0,1.0,8
3184,10,16.0,8.0,0.0,1.0,10
3185,10,16.0,8.0,0.0,1.0,9
3186,10,16.0,8.0,0.0,1.0,10
3187,8,11.313708305358887,8.0,0.0,1.0,7
3188,9,13.856406211853027,8.0,0.0,1.0,9
3189,11,13.856406211853027,8.0,0.0,1.0,11
3190,4,13.856406211853027,8.0,0.0,1.0,4
3191,8,13.856406211853027,8.0,0.0,1.0,8
3192,9,13.856406211853027,8.0,0.0,1.0,9
3193,10,13.856406211853027,8.0,0.0,1.0,9
3194,9,13.856406211853027,8.0,0.0,1.0,9
3195,9,13.856406211853027,8.0,0.0,1.0,8
3196,8,8.0,8.0,0.0,1.0,8
3197,8,13.856406211853027,8.0,0.0,1.0,7
3198,11,13.856406211853027,8.0,0.0,1.0,11
3199,6,11.313708305358887,8.0,0.0,1.0,6
3200,9,13.856406211853027,8.0,0.0,1.0,9
3201,8,13.856406211853027,8.0,0.0,1.0,8
3202,9,13.856406211853027,8.0,0.0,1.0,9
3203,9,16.0,8.0,0.0,1.0,9
3204,10,16.0,8.0,0.0,1.0,10
3205,8,11.313708305358887,8.0,0.0,1.0,7
3206,11,13.856406211853027,8.0,0.0,1.0,11
3207,10,13.856406211853027,8.0,0.0,1.0,10
3208,8,13.856406211853027,8.0,0.0,1.0,8
3209,9,13.856406211853027,8.0,0.0,1.0,9
3210,6,11.313708305358887,8.0,0.0,1.0,5
3211,8,13.856406211853027,8.0,0.0,1.0,7
3212,5,8.0,8.0,0.0,1.0,4
3213,3,11.313708305358887,8.0,0.0,1.0,3
3214,10,13.856406211853027,8.0,0.0,1.0,10
3215,8,13.856406211853027,8.0,0.0,1.0,8
3216,7,11.313708305358887,8.0,0.0,1.0,7
3217,4,13.856406211853027,8.0,0.0,1.0,4
3218,11,13.856406211853027,8.0,0.0,1.0,11
3219,5,13.856406211853027,8.0,0.0,1.0,5
3220,12,16.0,8.0,0.0,1.0,11
3221,3,13.856406211853027,8.0,0.0,1.0,3
3222,8,8.0,8.0,0.0,1.0,8
3223,10,13.856406211853027,8.0,0.0,1.0,10
3224,7,11.313708305358887,8.0,0.0,1.0,7
3225,8,13.856406211853027,8.0,0.0,1.0,8
3226,8,13.856406211853027,8.0,0.0,1.0,8
3227,5,8.0,8.0,0.0,1.0,4
3228,3,13.856406211853027,8.0,0.0,1.0,3
3229,7,8.0,8.0,0.0,1.0,7
3230,5,13.856406211853027,8.0,0.0,1.0,5
3231,6,13.856406211853027,8.0,0.0,1.0,6
3232,5,11.313708305358887,8.0,0.0,1.0,4
3233,10,13.856406211853027,8.0,0.0,1.0,10
3234,10,13.856406211853027,8.0,0.0,1.0,10
3235,4,13.856406211853027,8.0,0.0,1.0,4
3236,7,11.313708305358887,8.0,0.0,1.0,7
3237,8,13.856406211853027,8.0,0.0,1.0,8
3238,6,13.856406211853027,8.0,0.0,1.0,5
3239,7,13.856406211853027,8.0,0.0,1.0,6
3240,5,8.0,8.0,0.0,1.0,5
3241,4,11.313708305358887,8.0,0.0,1.0,4
3242,2,8.0,8.0,0.0,1.0,2
3243,12,13.856406211853027,8.0,0.0,1.0,11
3244,10,16.0,8.0,0.0,1.0,10
3245,9,16.0,8.0,0.0,1.0,9
3246,14,16.0,8.0,0.0,1.0,12
3247,10,16.0,8.0,0.0,1.0,10
3248,12,16.0,8.0,0.20710676908493042,1.0,12
3249,12,16.0,8.0,0.20710676908493042,1.0,12
3250,10,13.856406211853027,8.0,0.0,1.0,10
3251,10,16.0,8.0,0.20710676908493042,1.0,10
3252,10,16.0,8.0,0.41421353816986084,1.0,9
3253,8,16.0,8.0,3.0,1.0,8
3254,10,16.0,8.0,0.0,1.0,10
3255,11,16.0,8.0,0.41421353816986084,1.0,11
3256,11,16.0,8.0,0.41421353816986084,1.0,11
3257,12,16.0,8.0,0.0,1.0,12
3258,9,16.0,8.0,0.0,1.0,9
3259,7,13.856406211853027,8.0,0.0,1.0,7
3260,7,11.313708305358887,8.0,0.0,1.0,7
3261,8,13.856406211853027,8.0,0.0,1.0,7
3262,6,11.313708305358887,8.0,0.0,1.0,6
3263,6,13.856406211853027,8.0,0.0,1.0,6
3264,8,11.313708305358887,8.0,0.0,1.0,8
3265,12,16.0,8.0,0.0,1.0,12
3266,10,16.0,8.0,0.0,1.0,9
3267,10,13.856406211853027,8.0,0.0,1.0,10
3268,5,11.313708305358887,8.0,0.0,1.0,5
3269,10,16.0,8.0,0.0,1.0,10
3270,9,13.856406211853027,8.0,0.0,1.0,9
3271,7,13.856406211853027,8.0,0.0,1.0,7
3272,10,13.856406211853027,8.0,0.0,1.0,10
3273,11,16.0,8.0,0.41421353816986084,1.0,11
3274,11,16.0,8.0,0.0,1.0,11
3275,7,16.0,8.0,0.0,1.0,5
3276,8,16.0,8.0,0.0,1.0,8
3277,10,16.0,8.0,0.41421353816986084,1.0,10
3278,8,13.856406211853027,8.0,0.0,1.0,8
3279,7,16.0,8.0,0.0,1.0,7
3280,11,16.0,8.0,0.0,1.0,11
3281,9,16.0,8.0,0.41421353816986084,1.0,7
3282,12,16.0,8.0,0.0,1.0,12
3283,11,16.0,8.0,0.0,1.0,11
3284,9,13.856406211853027,8.0,0.0,1.0,9
3285,5,11.313708305358887,8.0,0.0,1.0,5
3286,8,16.0,8.0,0.0,1.0,8
3287,8,16.0,8.0,0.0,1.0,8
3288,11,13.856406211853027,8.0,2.0,1.0,11
3289,10,13.856406211853027,8.0,0.0,1.0,10
3290,10,16.0,8.0,0.0,1.0,10
3291,10,16.0,8.0,0.0,1.0,10
3292,12,16.0,8.0,0.41421353816986084,1.0,12
3293,10,13.856406211853027,8.0,0.0,1.0,10
3294,10,13.856406211853027,8.0,0.0,1.0,9
3295,7,11.313708305358887,8.0,0.41421353816986084,1.0,7
3296,11,16.0,8.0,0.0,1.0,11
3297,8,16.0,8.0,0.0,1.0,8
3298,11,13.856406211853027,8.0,0.0,1.0,10
3299,10,13.856406211853027,8.0,0.20710676908493042,1.0,10
3300,12,16.0,8.0,0.0,1.0,11
3301,12,13.856406211853027,8.0,0.0,1.0,12
3302,5,8.0,8.0,0.0,1.0,5
3303,7,13.856406211853027,8.0,0.0,1.0,6
3304,11,13.856406211853027,8.0,0.0,1.0,11
3305,11,16.0,8.0,0.0,1.0,11
3306,11,13.856406211853027,8.0,0.0,1.0,11
3307,10,13.856406211853027,8.0,0.0,1.0,10
3308,10,13.856406211853027,8.0,0.0,1.0,10
3309,12,13.856406211853027,8.0,3.0,1.0,11
3310,9,13.856406211853027,8.0,0.0,1.0,9
3311,12,16.0,8.0,0.41421353816986084,1.0,12
3312,10,13.856406211853027,8.0,0.0,1.0,9
3313,7,11.313708305358887,8.0,2.0,1.0,7
3314,11,13.856406211853027,8.0,0.41421353816986084,1.0,11
3315,10,16.0,8.0,0.0,1.0,10
3316,7,13.856406211853027,8.0,0.0,1.0,7
3317,5,8.0,8.0,3.0,1.0,5
3318,10,16.0,8.0,0.0,1.0,10
3319,11,16.0,8.0,0.0,1.0,10
3320,10,13.856406211853027,8.0,0.20710676908493042,1.0,10
3321,12,16.0,8.0,0.41421353816986084,1.0,12
3322,11,13.856406211853027,8.0,0.0,1.0,11
3323,7,16.0,8.0,0.0,1.0,7
3324,7,11.313708305358887,8.0,0.41421353816986084,1.0,7
3325,10,13.856406211853027,8.0,3.0,1.0,10
3326,12,16.0,8.0,0.0,1.0,12
3327,9,16.0,8.0,0.0,1.0,9
3328,8,8.0,8.0,0.0,1.0,8
3329,11,13.856406211853027,8.0,0.0,1.0,11
3330,12,13.856406211853027,8.0,0.0,1.0,12
3331,10,13.856406211853027,8.0,2.1622776985168457,1.0,10
3332,12,13.856406211853027,8.0,0.0,1.0,12
3333,4,11.313708305358887,8.0,0.0,1.0,3
3334,12,16.0,8.0,0.0,1.0,11
3335,11,13.856406211853027,8.0,3.0,1.0,11
3336,11,16.0,8.0,0.0,1.0,11
3337,11,16.0,8.0,0.20710676908493042,1.0,11
3338,9,13.856406211853027,8.0,0.41421353816986084,1.0,9
3339,10,11.313708305358887,8.0,0.0,1.0,9
3340,11,13.856406211853027,8.0,0.0,1.0,10
3341,8,13.856406211853027,8.0,0.0,1.0,8
3342,10,16.0,8.0,0.41421353816986084,1.0,10
3343,11,13.856406211853027,8.0,0.20710676908493042,1.0,11
3344,10,13.856406211853027,8.0,0.0,1.0,10
3345,8,8.0,8.0,3.0,1.0,8
3346,10,13.856406211853027,8.0,0.0,1.0,10
3347,12,13.856406211853027,8.0,3.123105525970459,1.0,12
3348,10,13.856406211853027,8.0,0.0,1.0,10
3349,12,13.856406211853027,8.0,0.0,1.0,12
3350,6,8.0,8.0,2.0,1.0,6
3351,10,13.856406211853027,8.0,1.0907703042030334,1.0,10
3352,9,13.856406211853027,8.0,0.0,1.0,9
3353,10,13.856406211853027,8.0,0.0,1.0,10
3354,12,16.0,8.0,0.41421353816986084,1.0,12
3355,11,13.856406211853027,8.0,0.41421353816986084,1.0,11
3356,12,13.856406211853027,8.0,0.0,1.0,12
3357,10,16.0,8.0,1.532247543334961,1.0,10
3358,9,16.0,8.0,0.0,1.0,9
3359,10,16.0,8.0,0.0,1.0,10
3360,7,11.313708305358887,8.0,3.123105525970459,1.0,7
3361,10,16.0,8.0,0.0,1.0,9
3362,11,16.0,8.0,0.7071067690849304,1.0,11
3363,9,16.0,8.0,3.0,1.0,9
3364,8,13.856406211853027,8.0,0.0,1.0,8
3365,9,13.856406211853027,8.0,0.0,1.0,9
3366,9,13.856406211853027,8.0,0.0,1.0,9
3367,10,13.856406211853027,8.0,0.0,1.0,10
3368,12,13.856406211853027,8.0,0.0,1.0,12
3369,10,16.0,8.0,0.0,1.0,9
3370,9,13.856406211853027,8.0,0.0,1.0,9
3371,11,13.856406211853027,8.0,3.0,1.0,11
3372,9,16.0,8.0,0.41421353816986084,1.0,9
3373,8,13.856406211853027,8.0,0.0,1.0,8
3374,10,13.856406211853027,8.0,0.0,1.0,10
3375,8,11.313708305358887,8.0,0.0,1.0,8
3376,11,16.0,8.0,3.123105525970459,1.0,10
3377,12,16.0,8.0,0.0,1.0,12
3378,10,13.856406211853027,8.0,2.6426916122436523,1.0,10
3379,10,13.856406211853027,8.0,3.0,1.0,10
3380,8,16.0,8.0,1.8284270763397217,1.0,8
3381,10,13.856406211853027,8.0,0.0,1.0,9
3382,9,16.0,8.0,0.0,1.0,9
3383,10,13.856406211853027,8.0,0.0,1.0,10
3384,10,13.856406211853027,8.0,0.0,1.0,9
3385,9,13.856406211853027,8.0,2.0,1.0,9
3386,11,13.856406211853027,8.0,0.0,1.0,11
3387,11,13.856406211853027,8.0,0.0,1.0,11
3388,12,13.856406211853027,8.0,0.0,1.0,12
3389,10,13.856406211853027,8.0,3.123105525970459,1.0,10
3390,11,13.856406211853027,8.0,0.0,1.0,10
3391,9,13.856406211853027,8.0,2.0,1.0,9
3392,11,16.0,8.0,3.0,1.0,10
3393,10,16.0,8.0,2.8708287477493286,1.0,10
3394,9,13.856406211853027,8.0,0.0,1.0,7
3395,7,8.0,8.0,0.0,1.0,7
3396,8,16.0,8.0,0.0,1.0,8
3397,12,13.856406211853027,8.0,3.582575798034668,1.0,12
3398,10,13.856406211853027,8.0,3.123105525970459,1.0,10
3399,11,16.0,8.0,0.0,1.0,10
3400,9,13.856406211853027,8.0,0.0,1.0,8
3401,6,11.313708305358887,8.0,0.0,1.0,6
3402,6,11.313708305358887,8.0,0.0,1.0,6
3403,8,11.313708305358887,8.0,0.20710676908493042,1.0,6
3404,7,11.313708305358887,8.0,0.0,1.0,7
3405,9,13.856406211853027,8.0,0.0,1.0,9
3406,7,8.0,8.0,0.0,1.0,7
3407,8,8.0,8.0,0.0,1.0,8
3408,10,13.856406211853027,8.0,0.0,1.0,10
3409,6,13.856406211853027,8.0,0.0,1.0,5
3410,9,13.856406211853027,8.0,2.1622776985168457,1.0,9
3411,3,11.313708305358887,8.0,0.0,1.0,3
3412,2,8.0,8.0,0.0,1.0,2
3413,2,11.313708305358887,8.0,0.0,1.0,2
3414,3,17.8885440826416,8.0,1.2,0.4,2
3415,3,11.313708305358887,8.0,0.3431457338971457,0.8284271330514271,2
3416,3,17.8885440826416,9.656854629516602,,1.2071068286895752,1
3417,3,17.8885440826416,8.0,1.2,0.4,2
3418,3,16.0,8.0,,1.0,1
3419,3,17.8885440826416,8.0,1.2,0.4,2
3420,6,17.8885440826416,8.0,0.0,1.0,4
3421,6,19.595918655395508,8.0,3.0,1.0,4
3422,3,16.0,8.0,0.0,1.0,2
3423,4,16.0,8.0,0.6666666666666666,0.6666666666666666,2
3424,3,17.8885440826416,8.0,0.6666666666666666,0.6666666666666666,2
3425,4,19.595918655395508,8.0,3.123105525970459,1.0,3
3426,4,17.8885440826416,8.0,1.0389877154459612,0.4805061422770193,2
3427,3,17.8885440826416,8.0,,1.0,1
3428,3,16.0,8.0,0.7807763814926147,0.25,3
3429,4,17.8885440826416,8.0,2.0,1.0,4
3430,4,13.856406211853027,8.0,2.1622776985168457,1.0,4
3431,5,22.627416610717773,11.313708305358887,0.0,1.4142135381698608,4
3432,5,24.0,11.313708305358887,0.0,1.4142135381698608,4
3433,5,24.0,11.313708305358887,0.41421353816986084,1.4142135381698608,4
3434,5,24.0,11.313708305358887,2.4852813991542813,1.1715728669485728,5
3435,5,24.0,11.313708305358887,0.41421353816986084,1.4142135381698608,4
3436,5,24.0,11.313708305358887,0.0,1.4142135381698608,4
3437,5,29.933259963989258,13.856406211853027,3.7541351318359375,1.7320507764816284,5
3438,6,29.933259963989258,16.0,3.527355909347534,2.0,6
3439,4,29.933259963989258,13.856406211853027,0.0,1.7320507764816284,3
3440,5,24.0,11.313708305358887,0.0,1.4142135381698608,4
3441,3,19.595918655395508,8.0,0.0,1.0,2
3442,5,28.844409942626953,13.856406211853027,0.0,1.7320507764816284,4
3443,3,22.627416610717773,8.0,3.0,1.0,3
3444,4,29.933259963989258,14.928203582763672,0.0,1.866025447845459,3
3445,5,27.712812423706055,11.313708305358887,3.242640495300293,1.4142135381698608,5
3446,5,24.0,11.313708305358887,0.0,1.4142135381698608,4
3447,3,24.0,11.313708305358887,0.0,1.4142135381698608,2
3448,5,24.0,11.313708305358887,3.0,1.4142135381698608,5
3449,6,32.0,16.0,3.0,2.0,6
3450,3,24.0,11.313708305358887,0.0,1.4142135381698608,2
3451,3,24.0,11.313708305358887,0.3431457338971457,1.1715728669485728,2
3452,5,24.0,11.313708305358887,0.41421353816986084,1.4142135381698608,4
3453,3,24.0,11.313708305358887,3.0,1.4142135381698608,3
3454,3,24.0,11.313708305358887,0.0,1.4142135381698608,2
3455,5,22.627416610717773,11.313708305358887,0.0,1.4142135381698608,4
3456,4,24.0,11.313708305358887,0.0,1.4142135381698608,3
3457,5,32.0,16.0,0.0,2.0,4
3458,12,8.0,8.0,0.0,1.0,4
3459,3,24.0,11.313708305358887,3.242640495300293,1.4142135381698608,3
3460,6,29.933259963989258,16.0,3.0,2.0,5
3461,5,24.0,11.313708305358887,0.0,1.4142135381698608,4
3462,3,19.595918655395508,8.0,0.3431457338971457,0.8284271330514271,2
3463,4,25.298221588134766,8.0,3.0615527629852295,1.0,4
3464,4,22.627416610717773,11.313708305358887,0.0,1.4142135381698608,3
3465,3,24.0,11.313708305358887,0.0,1.4142135381698608,2
3466,10,8.0,8.0,0.0,1.0,3
3467,3,24.0,11.313708305358887,0.0,1.4142135381698608,2
3468,3,24.0,11.313708305358887,3.0,1.4142135381698608,3
3469,5,22.627416610717773,8.0,1.1941919326782227,0.3333333333333333,3
3470,3,24.0,11.313708305358887,3.123105525970459,1.4142135381698608,3
3471,4,24.0,11.313708305358887,0.0,1.4142135381698608,2
3472,3,17.8885440826416,8.0,,1.0,1
3473,4,19.595918655395508,8.0,3.123105525970459,1.0,3
3474,3,16.0,8.0,2.5,1.0,3
3475,3,17.8885440826416,8.0,3.0,1.0,3
3476,4,17.8885440826416,8.0,2.1622776985168457,1.0,4
3477,4,17.8885440826416,8.0,3.0,1.0,4
3478,4,17.8885440826416,8.0,2.0,1.0,4
3479,4,17.8885440826416,8.0,2.0,1.0,4
3480,5,19.595918655395508,8.0,2.0,1.0,5
3481,5,17.8885440826416,8.0,2.0,1.0,5
3482,5,17.8885440826416,8.0,2.0,1.0,5
3483,3,22.627416610717773,11.313708305358887,3.0,1.4142135381698608,3
3484,5,22.627416610717773,11.313708305358887,2.605551242828369,1.4142135381698608,5
3485,4,22.627416610717773,8.0,3.0,1.0,4
3486,5,22.627416610717773,11.313708305358887,2.0,1.4142135381698608,5
3487,4,22.627416610717773,11.313708305358887,2.0,1.4142135381698608,4
3488,3,22.627416610717773,11.313708305358887,3.0,1.4142135381698608,3
3489,8,28.844409942626953,13.856406211853027,1.0811388492584229,0.8660253882408142,8
3490,5,22.627416610717773,11.313708305358887,0.0,1.4142135381698608,4
3491,5,24.0,8.0,0.0,1.0,4
3492,5,17.8885440826416,8.0,2.0,1.0,5
3493,5,22.627416610717773,11.313708305358887,2.0,1.4142135381698608,4
3494,4,16.0,8.0,2.0,1.0,4
3495,3,19.595918655395508,8.0,3.0,1.0,3
3496,7,22.627416610717773,11.313708305358887,2.1622776985168457,1.4142135381698608,6
3497,5,13.856406211853027,8.0,2.0,1.0,5
3498,5,32.98484420776367,16.0,3.123105525970459,2.0,5
3499,4,24.0,11.313708305358887,0.0,1.4142135381698608,3
3500,5,24.0,11.313708305358887,3.0,1.4142135381698608,5
3501,6,29.933259963989258,13.856406211853027,2.316624879837036,1.7320507764816284,6
3502,5,19.595918655395508,8.0,0.0,1.0,4
3503,5,19.595918655395508,8.0,0.0,1.0,4
3504,6,40.0,16.0,3.582575798034668,2.0,6
3505,5,24.0,8.0,0.41421353816986084,1.0,4
3506,5,17.8885440826416,8.0,0.0,1.0,4
3507,5,24.0,11.313708305358887,3.123105525970459,1.4142135381698608,5
3508,4,25.298221588134766,11.313708305358887,0.0,1.4142135381698608,3
3509,4,22.627416610717773,11.313708305358887,0.0,1.4142135381698608,3
3510,3,11.313708305358887,8.0,0.0,1.0,2
3511,5,24.0,11.313708305358887,0.0,1.4142135381698608,4
3512,5,17.8885440826416,8.0,0.0,1.0,4
3513,5,17.8885440826416,8.0,2.0,1.0,5
3514,3,24.0,11.313708305358887,0.0,1.4142135381698608,2
3515,4,8.0,8.0,0.6666666666666666,0.6666666666666666,2
3516,2,8.0,8.0,,,0
3517,4,8.0,8.0,0.4,0.8,2
3518,6,39.191837310791016,19.595918655395508,3.0,2.4494898319244385,5
3519,3,27.712812423706055,11.313708305358887,0.0,1.4142135381698608,2
3520,4,29.933259963989258,13.856406211853027,0.0,1.7320507764816284,3
3521,5,22.627416610717773,11.313708305358887,0.0,1.4142135381698608,4
3522,4,17.8885440826416,8.0,0.0,1.0,3
3523,3,11.313708305358887,8.0,2.0,1.0,3
3524,3,27.712812423706055,11.313708305358887,1.5147186008457185,1.1715728669485728,3
3525,4,8.0,8.0,0.0,1.0,2
3526,3,29.933259963989258,13.856406211853027,0.3431457338971457,1.4348778590601736,2
3527,7,36.660606384277344,18.742231369018555,4.196152210235596,2.3427789211273193,6
3528,5,24.0,11.313708305358887,0.0,1.4142135381698608,4
3529,5,32.0,13.856406211853027,3.0,1.7320507764816284,3
3530,4,34.871192932128906,17.8885440826416,2.3751003832581588,1.5811388803588349,3
3531,5,26.53299903869629,13.856406211853027,2.316624879837036,1.7320507764816284,5
3532,5,22.627416610717773,11.313708305358887,2.0,1.4142135381698608,5
3533,3,29.933259963989258,16.0,3.0,2.0,3
3534,3,29.933259963989258,13.856406211853027,0.1876726327750761,1.5695215118204173,2
3535,3,8.0,8.0,,1.0,1
3536,6,8.0,8.0,,,0
3537,3,32.0,16.0,0.0,2.0,2
3538,3,26.53299903869629,11.313708305358887,3.0,1.4142135381698608,3
3539,3,29.933259963989258,16.0,0.0,2.0,2
3540,10,47.32863998413086,28.844409942626953,0.8680340051651001,0.9013878107070923,8
3541,4,19.595918655395508,8.0,0.0,1.0,3
3542,4,17.8885440826416,8.0,0.0,1.0,3
3543,3,32.0,16.0,0.1876726327750761,1.8123273672249238,2
3544,3,32.0,16.0,,2.0,1
3545,3,16.0,8.0,0.0,1.0,2
3546,4,40.79215621948242,24.0,1.2192235784090573,1.1711646323864142,2
3547,4,22.627416610717773,11.313708305358887,2.0,1.4142135381698608,4
3548,3,29.933259963989258,16.0,0.0,2.0,2
3549,3,32.0,16.0,,0.4850712617958664,1
3550,3,29.933259963989258,16.0,0.0,2.0,2
3551,4,32.98484420776367,16.0,3.582575798034668,2.0,4
3552,3,8.0,8.0,0.0,1.0,2
3553,3,32.0,16.0,0.0,2.0,2
3554,3,32.0,16.0,3.0615527629852295,2.0,3
3555,5,17.8885440826416,8.0,2.8708287477493286,1.0,5
3556,3,25.298221588134766,12.585057258605957,0.0,1.5731321573257446,2
3557,3,32.98484420776367,17.8885440826416,4.0,2.2360680103302,3
3558,3,32.98484420776367,17.8885440826416,3.0,2.2360680103302,3
3559,3,32.0,16.0,3.123105525970459,2.0,3
3560,3,32.0,16.0,0.0,2.0,2
3561,4,22.627416610717773,11.313708305358887,0.0,1.4142135381698608,3
3562,3,32.0,16.0,3.0,2.0,3
3563,3,32.0,16.0,,2.0,1
3564,3,32.0,16.0,0.0,2.0,2
3565,3,32.98484420776367,17.8885440826416,3.242640495300293,2.2360680103302,3
3566,2,8.0,8.0,,1.0,1
3567,2,8.0,8.0,,1.0,1
3568,3,32.98484420776367,17.8885440826416,3.123105525970459,2.2360680103302,3
3569,5,17.8885440826416,8.0,2.1622776985168457,1.0,5
3570,6,43.817806243896484,25.298221588134766,3.0,3.1622776985168457,6
3571,3,32.98484420776367,17.8885440826416,3.242640495300293,2.2360680103302,3
3572,4,40.0,24.0,1.2834848742388432,1.074772688641735,4
3573,5,8.0,8.0,,,0
3574,5,35.7770881652832,13.856406211853027,,0.33968310322451595,1
3575,3,32.98484420776367,16.0,,2.0,1
3576,4,32.98484420776367,16.0,0.0,2.0,3
3577,5,19.595918655395508,8.0,0.0,1.0,4
3578,7,41.569217681884766,24.0,3.527355909347534,3.0,7
3579,3,29.933259963989258,14.928203582763672,3.0,1.866025447845459,3
3580,3,8.0,8.0,,1.0,1
3581,3,32.0,17.8885440826416,0.0,2.2360680103302,2
3582,3,32.0,17.8885440826416,4.0,2.2360680103302,3
3583,3,32.98484420776367,17.8885440826416,,1.5811388803588349,1
3584,3,32.0,16.0,0.0,2.0,2
3585,3,22.627416610717773,11.313708305358887,0.0,1.4142135381698608,2
3586,3,17.8885440826416,8.0,0.0,1.0,2
3587,3,32.0,16.0,3.0,2.0,3
3588,3,32.0,16.944271087646484,0.0,2.1180338859558105,2
3589,3,32.98484420776367,17.8885440826416,0.0,2.2360680103302,2
3590,4,17.8885440826416,8.0,2.0,1.0,4
3591,3,32.0,16.0,3.0,2.0,3
3592,4,11.313708305358887,8.0,,0.23606797567021365,1
3593,3,32.0,16.0,0.0,2.0,2
3594,3,11.313708305358887,8.0,,,0
3595,2,8.0,8.0,,,0
3596,3,32.0,16.0,4.099019527435303,2.0,3
3597,3,32.0,16.0,3.99899959564209,2.0,3
3598,6,28.844409942626953,16.0,1.0811388492584229,1.0,6
3599,3,25.298221588134766,11.313708305358887,3.242640495300293,1.4142135381698608,3
3600,5,29.933259963989258,16.0,3.0,2.0,5
3601,3,17.8885440826416,8.0,2.0,1.0,3
3602,3,22.627416610717773,11.313708305358887,3.123105525970459,1.4142135381698608,3
3603,3,24.0,11.313708305358887,2.992148995399475,1.4142135381698608,3
3604,4,17.8885440826416,8.0,2.0,1.0,4
3605,3,32.0,11.313708305358887,1.2192235784090573,0.5520922928488651,2
3606,5,48.0,29.933259963989258,0.8818389773368835,0.9354143738746643,5
3607,4,40.0,24.0,1.2579999625271066,1.1444614608571069,4
3608,5,48.0,32.0,1.0,1.0,5
3609,3,22.627416610717773,11.313708305358887,2.0,1.4142135381698608,3
3610,4,40.0,24.0,1.5805426466169479,1.185406984962711,4
3611,4,40.0,24.0,1.3554809687441216,1.1711646323864142,4
3612,4,40.79215621948242,24.0,1.2227461121858811,1.0564788691256237,4
3613,3,33.941123962402344,17.8885440826416,,2.2360680103302,1
3614,4,40.0,24.0,1.5066796342281776,1.1444614608571069,4
3615,3,40.0,22.627416610717773,0.0,2.8284270763397217,2
3616,3,40.0,24.0,3.123105525970459,3.0,3
3617,4,40.79215621948242,24.0,1.3693586571775196,1.0835568495331978,4
3618,4,22.627416610717773,11.313708305358887,2.0,1.4142135381698608,4
3619,4,40.79215621948242,24.0,1.3561667366014076,1.0171250524510558,4
3620,4,48.66210174560547,32.0,4.049509763717651,4.0,3
3621,4,32.98484420776367,17.8885440826416,0.0,2.2360680103302,3
3622,3,40.0,24.0,4.0,3.0,3
3623,3,32.98484420776367,16.0,3.123105525970459,2.0,3
3624,3,29.933259963989258,16.0,0.0,2.0,2
3625,3,25.298221588134766,11.313708305358887,0.0,1.4142135381698608,2
3626,3,40.0,24.0,4.0,3.0,3
3627,3,29.933259963989258,16.0,0.0,2.0,2
3628,4,49.315311431884766,32.0,1.0,1.0,3
3629,3,43.817806243896484,26.53299903869629,0.0,0.829156219959259,2
3630,4,50.59644317626953,32.98484420776367,,,0
3631,3,45.95650100708008,26.53299903869629,0.01527069655063232,0.8228253234452254,2
3632,3,43.817806243896484,25.298221588134766,0.03030996595498535,0.7785883584564296,2
3633,4,53.06599807739258,33.941123962402344,,1.0606601238250732,1
3634,3,40.79215621948242,17.8885440826416,0.6934734398959963,0.7303705614238301,2
3635,3,46.647613525390625,26.53299903869629,0.03030996595498535,0.8165903715600943,2
3636,3,43.817806243896484,25.298221588134766,0.75,0.7905694246292114,3
3637,3,45.95650100708008,26.53299903869629,0.0,0.829156219959259,2
3638,3,43.817806243896484,26.53299903869629,0.01527069655063232,0.8228253234452254,2
3639,3,43.817806243896484,25.298221588134766,,0.7905694246292114,1
3640,3,48.0,32.0,1.1489823758602142,2.0,3
3641,3,41.569217681884766,25.298221588134766,0.03030996595498535,0.7785883584564296,2
3642,3,47.32863998413086,28.844409942626953,0.03030996595498535,0.8877272937797069,2
3643,3,41.569217681884766,24.0,3.0,3.0,3
3644,3,43.817806243896484,25.298221588134766,0.7653881907463074,0.7905694246292114,3
3645,5,51.22499465942383,32.98484420776367,3.0,4.123105525970459,4
3646,6,51.22499465942383,32.98484420776367,0.04435322100865536,1.0,3
3647,3,45.95650100708008,25.298221588134766,,0.7560061446944327,1
3648,3,45.95650100708008,25.298221588134766,,0.7905694246292114,1
3649,3,41.569217681884766,25.298221588134766,,0.7669650166842474,1
3650,3,48.0,32.0,0.7416551585278172,0.9701425235917328,3
3651,3,43.817806243896484,26.53299903869629,,0.8165903715600943,1
3652,3,43.817806243896484,26.53299903869629,,0.8165903715600943,1
3653,3,47.32863998413086,29.933259963989258,0.04469652905469602,0.9145094860046297,2
3654,4,53.06599807739258,32.98484420776367,0.145643949508667,1.0307763814926147,3
3655,3,48.66210174560547,32.0,,0.9701425235917328,1
3656,4,56.0,40.0,0.04469652905469602,1.222064669340815,2
3657,5,49.315311431884766,32.98484420776367,3.0,4.123105525970459,4
3658,3,45.95650100708008,26.53299903869629,,3.316624879837036,1
3659,3,43.817806243896484,25.298221588134766,0.7807763814926147,0.7905694246292114,3
3660,3,41.569217681884766,24.0,1.2,1.2,2
3661,4,56.0,39.191837310791016,0.11143791231393795,1.188177123527732,3
3662,3,43.08131790161133,24.0,3.5,3.0,3
3663,3,47.32863998413086,28.844409942626953,,0.8744746454142057,1
3664,5,53.06599807739258,33.941123962402344,1.2,1.697056198120117,4
3665,3,43.817806243896484,25.298221588134766,1.2192235784090573,1.2345159327624127,2
3666,3,34.871192932128906,17.8885440826416,2.1622776985168457,2.2360680103302,3
3667,3,40.79215621948242,17.8885440826416,3.898979663848877,2.2360680103302,3
3668,3,41.569217681884766,25.298221588134766,3.8407976627349854,3.1622776985168457,3
3669,3,40.79215621948242,24.0,1.3333333333333333,1.0,2
3670,3,43.08131790161133,25.298221588134766,0.13333333333333333,0.8432740529378255,2
3671,3,43.817806243896484,25.298221588134766,0.23392622759003848,0.8830368862049808,2
3672,3,40.79215621948242,22.627416610717773,0.22002230044877097,0.8390895201152644,2
3673,3,40.0,19.595918655395508,0.026685412476091547,0.8056023362213302,2
3674,5,51.22499465942383,32.98484420776367,0.0,1.0307763814926147,4
3675,3,43.817806243896484,25.298221588134766,,0.8770580378816644,1
3676,3,36.660606384277344,19.595918655395508,0.0,0.8164966106414795,2
3677,6,51.22499465942383,33.941123962402344,0.12790259818135746,1.0289914892007763,5
3678,3,40.79215621948242,24.0,0.1002512847795403,0.9498743576102299,2
3679,3,43.817806243896484,25.298221588134766,1.2,1.2649110794067382,2
3680,3,43.817806243896484,25.298221588134766,0.2595235513106216,0.8931551169478953,2
3681,5,46.647613525390625,25.298221588134766,0.10554162661234538,1.054092566172282,3
3682,3,35.7770881652832,17.8885440826416,0.0,0.7453560034434,2
3683,3,43.08131790161133,25.298221588134766,0.07675395738477749,1.0136396782204828,2
3684,3,43.08131790161133,25.298221588134766,0.0,0.7905694246292114,2
3685,3,40.79215621948242,24.0,0.0,0.75,2
3686,5,43.817806243896484,26.53299903869629,0.05601000351055369,0.7929059456034604,3
3687,3,43.817806243896484,25.298221588134766,0.18680064411835332,0.8644088634997178,2
3688,3,51.22499465942383,32.98484420776367,,1.0307763814926147,1
3689,3,35.7770881652832,17.8885440826416,0.0,0.7453560034434,2
3690,3,49.315311431884766,32.0,0.07909847189477405,0.9184603612020448,2
3691,3,46.647613525390625,28.844409942626953,0.04469652905469602,0.8812433574716831,2
3692,3,43.817806243896484,25.298221588134766,0.014391437300617068,0.7614461522095584,2
3693,3,40.79215621948242,24.0,0.7807763814926147,0.75,3
3694,3,48.0,25.298221588134766,1.25,1.5811388492584229,3
3695,3,48.0,32.0,0.0,1.0,3
3696,4,45.95650100708008,28.844409942626953,,1.2747548886762627,1
3697,3,43.817806243896484,25.298221588134766,0.0,0.7905694246292114,2
3698,3,43.08131790161133,25.298221588134766,0.2857142857142857,0.903507913861956,2
3699,3,35.7770881652832,17.8885440826416,0.0,0.7453560034434,2
3700,3,48.0,32.0,0.6982233077287674,1.0,3
3701,3,43.817806243896484,25.298221588134766,,0.7905694246292114,1
3702,3,51.22499465942383,32.98484420776367,1.2,1.6492422103881836,2
3703,3,48.0,32.0,0.0,1.0,2
3704,5,51.22499465942383,32.98484420776367,0.0,1.0307763814926147,3
3705,3,49.315311431884766,29.933259963989258,1.2535780366396505,1.396427667006038,2
3706,3,47.32863998413086,29.933259963989258,0.9551845133556367,1.3821610356223337,2
3707,4,58.78775405883789,41.569217681884766,0.23737245798110962,1.299038052558899,3
3708,3,48.66210174560547,32.0,0.03030996595498535,0.9848450170225074,3
3709,3,48.66210174560547,32.0,0.030776381492614746,1.0,3
3710,3,41.569217681884766,25.298221588134766,1.2,1.2649110794067382,2
3711,3,36.660606384277344,17.8885440826416,0.16208599950856672,0.6849501170394829,2
3712,3,43.817806243896484,25.298221588134766,0.0,0.7905694246292114,2
3713,3,50.59644317626953,32.0,0.6464466154575348,1.0,3
3714,5,49.315311431884766,32.0,0.19223595990056522,0.8768943839602261,2
3715,3,54.25864028930664,36.660606384277344,0.03030996595498535,1.1282817349555956,2
3716,3,48.66210174560547,32.0,0.015388190746307373,1.0,3
3717,4,49.315311431884766,32.0,,1.0,1
3718,3,43.817806243896484,25.298221588134766,,0.7905694246292114,1
3719,3,43.817806243896484,25.298221588134766,1.2,1.2649110794067382,2
3720,3,43.08131790161133,24.0,0.2857142857142857,0.8571428571428571,2
3721,3,50.59644317626953,32.0,0.0,1.0,2
3722,3,48.66210174560547,32.0,,1.0,1
3723,3,51.22499465942383,32.0,,1.0,1
3724,3,48.66210174560547,28.844409942626953,0.5288970459700032,1.0608274168462681,2
3725,3,51.22499465942383,32.0,0.030776381492614746,1.0,3
3726,4,51.22499465942383,32.98484420776367,0.11145619463829089,0.9733331749905177,2
3727,3,48.0,32.0,0.9551845133556367,1.4775922566778183,2
3728,4,48.66210174560547,32.0,0.03008201970669358,0.9774384852199798,4
3729,3,56.0,35.7770881652832,0.13539083222818218,0.9878030599332555,3
3730,3,51.22499465942383,32.98484420776367,0.7588834315538406,1.0307763814926147,3
3731,3,45.95650100708008,26.53299903869629,,0.6995951019155199,1
3732,3,45.95650100708008,26.53299903869629,,0.829156219959259,1
3733,3,43.817806243896484,25.298221588134766,0.03282278306146809,0.8035437689890286,2
3734,3,56.0,36.660606384277344,0.02985747640826717,1.111437912313938,3
3735,3,50.59644317626953,32.0,0.11145619463829089,0.9442719026808546,2
3736,3,53.06599807739258,32.98484420776367,0.17349290168364867,0.9718253362588117,3
3737,3,48.66210174560547,32.0,,0.9848450170225074,1
3738,3,51.22499465942383,28.844409942626953,1.2217152998968348,1.3357985713732388,3
3739,3,51.22499465942383,32.0,,0.9562805253302209,1
3740,3,51.22499465942383,32.0,0.0,1.0,2
3741,3,48.66210174560547,32.0,0.0,1.0,2
3742,3,46.647613525390625,28.844409942626953,1.0941398186299545,1.3528734103792022,2
3743,3,40.79215621948242,24.0,1.0,1.5,2
3744,3,40.79215621948242,24.0,,0.75,1
3745,3,49.315311431884766,32.98484420776367,0.0526681378322892,0.9462332208793168,2
3746,3,48.66210174560547,32.0,0.4638615513376776,1.2132608857341283,2
3747,4,53.06599807739258,32.98484420776367,0.14129538872220512,1.0,3
3748,3,48.66210174560547,32.0,1.1039630862444412,1.267187577507034,2
3749,3,53.06599807739258,33.941123962402344,0.7469162281508107,1.0362908328430416,3
3750,3,47.32863998413086,28.844409942626953,0.2637686441048486,0.9898041411766924,2
3751,4,47.32863998413086,28.844409942626953,0.8820704806999689,0.8877272937797069,4
3752,3,43.08131790161133,25.298221588134766,,0.7905694246292114,1
3753,3,43.08131790161133,25.298221588134766,1.0389877154459612,1.5194938577229806,2
3754,3,53.06599807739258,32.98484420776367,0.03030996595498535,1.0151549829774926,2
3755,3,54.25864028930664,33.941123962402344,0.20204106488767082,0.95351167337432,2
3756,4,53.06599807739258,32.98484420776367,0.03248240279717562,0.846565980634859,2
3757,3,48.66210174560547,32.0,0.03030996595498535,0.9848450170225074,2
3758,3,48.0,32.0,0.0,1.0,3
3759,3,56.0,35.7770881652832,0.8740320429211192,1.474858500403306,2
3760,3,49.315311431884766,32.98484420776367,0.7644806206226349,1.0307763814926147,3
3761,3,56.0,36.660606384277344,0.0004330873657750164,1.1116785871727712,2
3762,3,56.0,39.191837310791016,0.21536920316798705,1.1242926665707678,3
3763,4,45.95650100708008,26.53299903869629,,0.8165903715600943,1
3764,3,40.79215621948242,24.0,0.2857142857142857,0.8571428571428571,2
3765,3,53.06599807739258,32.98484420776367,0.22760689269379963,1.0,3
3766,3,56.0,40.0,,1.212678154489666,1
3767,3,50.59644317626953,32.98484420776367,0.17242429272387605,0.9141836893281895,2
3768,4,50.59644317626953,32.0,0.7689437287218659,0.9848450170225074,3
3769,4,53.06599807739258,32.98484420776367,0.08712150276983843,0.8605422201442089,2
3770,3,56.0,36.660606384277344,0.01504100985334679,1.1197964866091865,2
3771,3,48.0,32.0,0.1180340051651001,1.0,3
3772,7,50.59644317626953,32.0,0.8427675896229622,1.1236901194972828,6
3773,3,48.0,29.933259963989258,0.03030996595498535,0.9212381849616919,2
3774,3,53.06599807739258,32.98484420776367,1.2,1.6492422103881836,2
3775,3,36.660606384277344,19.595918655395508,0.1002512847795403,0.7755691935240053,2
3776,3,54.25864028930664,33.941123962402344,2.587265357096777,3.5147185020895084,3
3777,3,49.315311431884766,32.0,0.2071272466344078,0.8828508986537631,2
3778,3,50.59644317626953,32.0,0.01449574460038819,0.9701425235917328,3
3779,3,48.66210174560547,32.0,0.1212678154489666,0.9701425235917328,3
3780,3,54.25864028930664,32.98484420776367,,,0
3781,3,53.06599807739258,33.941123962402344,0.0,1.0289914892007763,2
3782,3,56.56854248046875,40.0,,1.212678154489666,1
3783,5,51.22499465942383,32.98484420776367,0.895643949508667,1.0307763814926147,5
3784,3,48.66210174560547,32.0,0.2425356308979332,0.9701425235917328,3
3785,3,46.647613525390625,29.933259963989258,0.8818389773368835,0.9354143738746643,3
3786,3,43.817806243896484,25.298221588134766,0.0,0.7905694246292114,2
3787,4,39.191837310791016,19.595918655395508,0.2360141407243124,0.7201442376590483,2
3788,3,51.22499465942383,32.98484420776367,0.17541399179027328,0.8247861291216753,3
3789,3,48.66210174560547,32.0,0.8667541699091047,1.6329931024279474,3
3790,3,53.66563034057617,32.98484420776367,0.3416407940239343,1.1395983343673164,2
3791,3,48.66210174560547,32.0,3.123105525970459,4.0,3
3792,4,51.22499465942383,32.98484420776367,,1.0328035177850068,1
3793,4,43.817806243896484,25.298221588134766,1.4174935431075137,1.2909944174099333,3
3794,3,43.08131790161133,25.298221588134766,1.7111587062394,1.7326212548269098,3
3795,3,43.08131790161133,24.0,0.052668090097888046,0.973665954951056,2
3796,3,49.315311431884766,32.98484420776367,0.03030996595498535,1.0151549829774926,2
3797,3,41.569217681884766,24.0,0.052668090097888046,0.973665954951056,2
3798,3,57.688819885253906,35.7770881652832,0.04948728236762876,0.97590006532535,3
3799,4,51.22499465942383,33.941123962402344,,1.0606601238250732,1
3800,3,51.22499465942383,32.98484420776367,1.0941398186299545,1.5470699093149773,2
3801,3,48.0,32.0,0.23151454451415346,1.069044936585494,3
3802,3,41.569217681884766,25.298221588134766,0.1002512847795403,1.001255499154615,2
3803,3,47.32863998413086,26.53299903869629,,1.1055416266123455,1
3804,4,51.22499465942383,32.98484420776367,0.08934706449508667,1.0307763814926147,3
3805,3,51.22499465942383,32.0,0.21011225310959347,1.1050561265547967,2
3806,3,48.66210174560547,32.0,0.045718252658843994,1.0,3
3807,3,51.22499465942383,32.0,,1.2649110487279653,1
3808,3,51.22499465942383,32.98484420776367,0.11145619463829089,0.9733331749905177,2
3809,3,48.66210174560547,32.0,,1.0,1
3810,3,56.0,39.191837310791016,0.2674677614253244,1.0954451387919646,3
3811,3,48.66210174560547,32.0,0.19363779566284706,1.133420225288099,3
3812,3,56.56854248046875,40.0,,1.0546792707378694,1
3813,3,48.66210174560547,32.0,0.0,1.0,2
3814,3,57.13142776489258,40.0,0.1694992719742703,1.144062955016081,2
3815,4,56.0,40.0,0.23028511541696625,1.212678154489666,3
3816,3,56.0,35.7770881652832,0.03030996595498535,1.101090218848565,2
3817,3,56.56854248046875,40.0,0.1638837959963519,1.0819418979981759,2
3818,3,49.315311431884766,32.98484420776367,0.1180340051651001,1.0307763814926147,3
3819,3,56.0,35.7770881652832,0.0,1.0846523312322427,2
3820,3,56.0,35.7770881652832,0.2637686441048486,1.2277009685993885,2
3821,3,48.0,32.0,0.25,1.0,3
3822,4,56.0,40.0,0.17267317200878468,1.0910894266373843,3
3823,3,56.0,39.191837310791016,0.1499109005384267,1.0991167722341322,2
3824,4,54.25864028930664,33.941123962402344,0.7758146215486773,1.2420729455385768,2
3825,3,56.56854248046875,40.0,,1.0,1
3826,3,56.56854248046875,40.0,0.1753788948059082,1.0,3
3827,5,54.25864028930664,32.98484420776367,0.22973503457853223,0.9472217905797606,4
3828,3,48.66210174560547,32.0,0.5948460842128213,0.9848450170225074,3
3829,3,58.24087905883789,40.0,0.17127580642700196,1.0,3
3830,3,51.22499465942383,32.0,,1.0,1
3831,3,50.59644317626953,32.0,0.0,1.0,2
3832,3,48.66210174560547,32.0,,1.0,1
3833,3,56.0,32.0,4.049509763717651,4.0,3
3834,3,56.0,40.0,0.0,1.1043973789815393,2
3835,3,56.0,40.0,0.12372558931851951,1.2876978141486304,2
3836,3,50.59644317626953,32.98484420776367,0.9551844869344317,2.1539423077701527,2
3837,3,48.0,32.0,0.21641936548348806,1.0333704383914626,3
3838,4,61.44916534423828,40.79215621948242,0.19223595990056522,1.1178253968278857,2
3839,4,56.0,40.0,0.28077638149261475,1.25,4
3840,3,43.817806243896484,25.298221588134766,0.052668090097888046,1.026334045048944,2
3841,3,58.24087905883789,39.191837310791016,0.11145616536507397,1.0343980815231828,2
3842,4,56.56854248046875,40.0,0.9705627710636368,1.213203463829546,4
3843,3,56.56854248046875,40.0,0.019609730858783526,0.9901951345706083,2
3844,3,53.06599807739258,35.7770881652832,0.0925474414258192,0.9665924336996491,2
3845,3,53.66563034057617,35.7770881652832,1.2,1.7888544082641602,2
3846,3,56.0,36.660606384277344,0.03779081170814579,1.018895405854073,2
3847,3,56.0,39.191837310791016,,1.0,1
3848,3,22.627416610717773,11.313708305358887,1.2370256927619288,0.5395042972859256,2
3849,2,8.0,8.0,0.46153846153846156,0.3076923076923077,2
3850,1,72.88346862792969,56.56854248046875,,1.0848212486234996,1
3852,1,8.0,8.0,,1.0,1
3853,1,8.0,8.0,,1.0,1
3854,1,8.0,8.0,,1.0,1
3855,1,8.0,8.0,,1.0,1
3856,1,8.0,8.0,,1.0,1
3857,1,8.0,8.0,,1.0,1
3858,1,8.0,8.0,,1.0,1
3859,1,8.0,8.0,,1.0,1
3860,1,8.0,8.0,,1.0,1
3861,1,8.0,8.0,,0.2222222222222222,1
3862,1,8.0,8.0,,,0
3863,1,8.0,8.0,,1.0,1
3864,1,8.0,8.0,,1.0,1
3865,1,8.0,8.0,,1.0,1
3866,1,8.0,8.0,,1.0,1
3867,1,8.0,8.0,,1.0,1
3868,1,8.0,8.0,,1.0,1
3870,1,8.0,8.0,,1.0,1
3871,1,8.0,8.0,,1.0,1
3872,1,8.0,8.0,,1.0,1
3875,1,8.0,8.0,,1.0,1
3876,1,8.0,8.0,,,0
3877,1,8.0,8.0,,1.0,1
3879,1,8.0,8.0,,1.0,1
3880,1,8.0,8.0,,1.0,1
3882,1,8.0,8.0,,1.0,1
3883,1,8.0,8.0,,1.0,1
3884,1,8.0,8.0,,1.0,1
3885,1,8.0,8.0,,1.0,1
3886,1,8.0,8.0,,1.0,1
3887,1,8.0,8.0,,1.0,1
3888,1,8.0,8.0,,1.0,1
3889,1,8.0,8.0,,1.0,1
3890,1,8.0,8.0,,1.0,1
3891,1,8.0,8.0,,1.0,1
3892,1,8.0,8.0,,1.0,1
3893,1,8.0,8.0,,1.0,1
3894,1,8.0,8.0,,1.0,1
3896,1,8.0,8.0,,,0
3897,1,8.0,8.0,,1.0,1
3898,1,8.0,8.0,,1.0,1
3899,1,8.0,8.0,,1.0,1
3900,1,8.0,8.0,,1.0,1
3901,1,8.0,8.0,,1.0,1
3902,1,8.0,8.0,,,0
3903,1,8.0,8.0,,,0
3905,1,8.0,8.0,,,0
3906,1,8.0,8.0,,1.0,1
3907,1,8.0,8.0,,1.0,1
3908,1,8.0,8.0,,1.0,1
3909,1,8.0,8.0,,1.0,1
3910,1,8.0,8.0,,1.0,1
3911,1,8.0,8.0,,1.0,1
3913,1,8.0,8.0,,1.0,1
3914,1,8.0,8.0,,1.0,1
3915,1,8.0,8.0,,1.0,1
3916,1,8.0,8.0,,1.0,1
3917,1,8.0,8.0,,1.0,1
3918,1,8.0,8.0,,1.0,1
3920,1,8.0,8.0,,,0
3921,1,8.0,8.0,,,0
3922,1,8.0,8.0,,1.0,1
3923,1,8.0,8.0,,,0
3925,1,8.0,8.0,,,0
3926,1,8.0,8.0,,1.0,1
3927,1,8.0,8.0,,1.0,1
3928,1,8.0,8.0,,1.0,1
3929,1,8.0,8.0,,1.0,1
3930,1,8.0,8.0,,1.0,1
3931,1,8.0,8.0,,1.0,1
3932,1,8.0,8.0,,1.0,1
3933,1,8.0,8.0,,1.0,1
3934,1,8.0,8.0,,1.0,1
3935,1,8.0,8.0,,,0
3936,1,8.0,8.0,,1.0,1
3937,1,8.0,8.0,,1.0,1
3938,1,8.0,8.0,,1.0,1
3939,1,8.0,8.0,,1.0,1
3940,1,8.0,8.0,,1.0,1
3941,1,8.0,8.0,,1.0,1
3942,1,8.0,8.0,,1.0,1
3943,1,8.0,8.0,,1.0,1
3944,1,8.0,8.0,,1.0,1
3946,1,8.0,8.0,,,0
3947,1,8.0,8.0,,,0
3948,1,8.0,8.0,,1.0,1
3951,1,8.0,8.0,,,0
3952,1,8.0,8.0,,1.0,1
3953,1,8.0,8.0,,1.0,1
3954,1,8.0,8.0,,,0
3960,1,8.0,8.0,,1.0,1
3965,1,8.0,8.0,,,0
3966,1,8.0,8.0,,1.0,1
3967,1,8.0,8.0,,,0
3971,1,8.0,8.0,,,0
3972,1,8.0,8.0,,1.0,1
3973,1,8.0,8.0,,1.0,1
3977,1,8.0,8.0,,1.0,1
3979,1,8.0,8.0,,,0
3980,1,8.0,8.0,,,0
3981,1,8.0,8.0,,1.0,1
3982,1,8.0,8.0,,1.0,1
3989,1,8.0,8.0,,1.0,1
3994,1,8.0,8.0,,,0
3998,1,8.0,8.0,,,0
3999,1,8.0,8.0,,,0
4002,1,8.0,8.0,,,0
4003,1,8.0,8.0,,,0
4006,1,8.0,8.0,,1.0,1
4009,1,8.0,8.0,,1.0,1
4010,1,8.0,8.0,,1.0,1
4011,1,8.0,8.0,,1.0,1
4012,1,8.0,8.0,,1.0,1
4013,1,8.0,8.0,,1.0,1
4014,1,8.0,8.0,,1.0,1
4015,1,8.0,8.0,,1.0,1
4016,1,8.0,8.0,,1.0,1
4017,1,8.0,8.0,,1.0,1
4018,1,8.0,8.0,,1.0,1
4019,1,8.0,8.0,,1.0,1
4020,1,8.0,8.0,,1.0,1
4021,1,8.0,8.0,,1.0,1
4022,1,8.0,8.0,,1.0,1
4023,1,8.0,8.0,,1.0,1
4024,1,8.0,8.0,,1.0,1
4025,1,8.0,8.0,,1.0,1
4026,1,8.0,8.0,,,0
4027,1,8.0,8.0,,1.0,1
4030,1,8.0,8.0,,1.0,1
4031,1,8.0,8.0,,1.0,1
4032,1,8.0,8.0,,1.0,1
4035,1,8.0,8.0,,,0
4041,1,8.0,8.0,,,0
4043,1,8.0,8.0,,1.0,1
4044,1,8.0,8.0,,1.0,1
4045,1,8.0,8.0,,1.0,1
4046,1,8.0,8.0,,1.0,1
4047,1,8.0,8.0,,,0
4048,1,8.0,8.0,,,0
4049,1,8.0,8.0,,1.0,1
4052,1,8.0,8.0,,,0
4053,1,8.0,8.0,,1.0,1
4054,1,8.0,8.0,,1.0,1
4055,1,8.0,8.0,,1.0,1
4056,1,8.0,8.0,,1.0,1
4057,1,8.0,8.0,,1.0,1
4058,1,8.0,8.0,,1.0,1
4059,1,8.0,8.0,,1.0,1
4060,1,8.0,8.0,,1.0,1
4061,1,8.0,8.0,,,0
4062,1,8.0,8.0,,,0
4064,1,8.0,8.0,,1.0,1
4066,1,8.0,8.0,,1.0,1
4067,1,8.0,8.0,,1.0,1
4068,1,8.0,8.0,,1.0,1
4075,1,8.0,8.0,,1.0,1
4076,1,8.0,8.0,,1.0,1
4077,1,8.0,8.0,,1.0,1
4081,1,8.0,8.0,,1.0,1
4082,1,8.0,8.0,,1.0,1
4083,1,8.0,8.0,,1.0,1
4084,1,8.0,8.0,,1.0,1
4085,1,8.0,8.0,,1.0,1
4090,1,8.0,8.0,,,0
4091,1,8.0,8.0,,1.0,1
4094,1,8.0,8.0,,,0
4097,1,8.0,8.0,,1.0,1
4098,1,8.0,8.0,,,0
4099,1,8.0,8.0,,,0
4100,1,8.0,8.0,,,0
4105,1,8.0,8.0,,1.0,1
4107,1,8.0,8.0,,,0
4108,1,8.0,8.0,,1.0,1
4109,1,8.0,8.0,,1.0,1
4112,1,8.0,8.0,,1.0,1
4115,1,8.0,8.0,,1.0,1
4116,1,8.0,8.0,,1.0,1
4117,1,8.0,8.0,,1.0,1
4122,1,8.0,8.0,,1.0,1
4123,1,8.0,8.0,,1.0,1
4127,1,8.0,8.0,,1.0,1
4128,1,8.0,8.0,,,0
4130,1,8.0,8.0,,1.0,1
4132,1,8.0,8.0,,1.0,1
4136,1,8.0,8.0,,,0
4137,1,8.0,8.0,,1.0,1
4140,1,8.0,8.0,,1.0,1
4141,1,8.0,8.0,,1.0,1
4142,1,8.0,8.0,,,0
4143,1,8.0,8.0,,1.0,1
4144,1,8.0,8.0,,,0
4148,1,8.0,8.0,,1.0,1
4149,1,8.0,8.0,,1.0,1
4150,1,8.0,8.0,,1.0,1
4151,1,8.0,8.0,,1.0,1
4152,1,8.0,8.0,,1.0,1
4153,1,8.0,8.0,,1.0,1
4154,1,8.0,8.0,,1.0,1
4155,1,8.0,8.0,,1.0,1
4156,1,8.0,8.0,,1.0,1
4157,1,8.0,8.0,,1.0,1
4158,1,8.0,8.0,,1.0,1
4159,1,8.0,8.0,,1.0,1
4163,1,8.0,8.0,,1.0,1
4164,1,8.0,8.0,,1.0,1
4165,1,8.0,8.0,,1.0,1
4174,1,8.0,8.0,,1.0,1
4175,1,8.0,8.0,,1.0,1
4176,1,8.0,8.0,,1.0,1
4177,1,8.0,8.0,,1.0,1
4178,1,8.0,8.0,,1.0,1
4179,1,8.0,8.0,,,0
4180,1,8.0,8.0,,,0
4182,1,8.0,8.0,,,0
4183,1,8.0,8.0,,1.0,1
4184,1,8.0,8.0,,,0
4185,1,8.0,8.0,,1.0,1
4187,1,8.0,8.0,,,0
4188,1,8.0,8.0,,1.0,1
4189,1,8.0,8.0,,,0
4190,1,8.0,8.0,,,0
4191,1,8.0,8.0,,1.0,1
4192,1,8.0,8.0,,1.0,1
4193,1,8.0,8.0,,1.0,1
4194,1,8.0,8.0,,,0
4195,1,8.0,8.0,,,0
4196,1,8.0,8.0,,1.0,1
4197,1,8.0,8.0,,1.0,1
4198,1,8.0,8.0,,1.0,1
4199,1,8.0,8.0,,,0
4200,1,8.0,8.0,,1.0,1
4201,1,8.0,8.0,,1.0,1
4202,1,8.0,8.0,,1.0,1
4203,1,8.0,8.0,,,0
4205,1,8.0,8.0,,,0
4206,1,8.0,8.0,,,0
4207,1,8.0,8.0,,1.0,1
4208,1,8.0,8.0,,1.0,1
4209,1,8.0,8.0,,1.0,1
4210,1,8.0,8.0,,1.0,1
4213,1,8.0,8.0,,,0
4214,1,8.0,8.0,,,0
4215,1,8.0,8.0,,1.0,1
4216,1,8.0,8.0,,,0
4217,1,8.0,8.0,,,0
4218,1,8.0,8.0,,,0
4219,1,8.0,8.0,,1.0,1
4220,1,8.0,8.0,,1.0,1
4229,1,8.0,8.0,,1.0,1
4230,1,8.0,8.0,,1.0,1
4231,1,8.0,8.0,,1.0,1
4232,1,8.0,8.0,,1.0,1
4233,1,8.0,8.0,,1.0,1
4234,1,8.0,8.0,,1.0,1
4237,1,8.0,8.0,,1.0,1
4238,1,8.0,8.0,,1.0,1
4240,1,8.0,8.0,,1.0,1
4241,1,8.0,8.0,,,0
4242,1,8.0,8.0,,1.0,1
4245,1,8.0,8.0,,1.0,1
4246,1,8.0,8.0,,,0
4247,1,8.0,8.0,,1.0,1
4252,1,8.0,8.0,,,0
4253,1,8.0,8.0,,1.0,1
4256,1,8.0,8.0,,,0
4257,1,8.0,8.0,,,0
4259,1,8.0,8.0,,1.0,1
4261,1,8.0,8.0,,,0
4263,1,8.0,8.0,,1.0,1
4266,1,8.0,8.0,,1.0,1
4267,1,8.0,8.0,,1.0,1
4268,1,8.0,8.0,,,0
4269,1,8.0,8.0,,,0
4270,1,8.0,8.0,,1.0,1
4274,1,8.0,8.0,,1.0,1
4278,1,8.0,8.0,,1.0,1
4280,1,8.0,8.0,,1.0,1
4281,1,8.0,8.0,,,0
4284,1,8.0,8.0,,1.0,1
4285,1,8.0,8.0,,,0
4286,1,8.0,8.0,,1.0,1
4287,1,8.0,8.0,,1.0,1
4288,1,8.0,8.0,,1.0,1
4289,1,8.0,8.0,,1.0,1
4290,1,8.0,8.0,,1.0,1
4291,1,8.0,8.0,,1.0,1
4292,1,8.0,8.0,,1.0,1
4293,1,8.0,8.0,,1.0,1
4294,1,8.0,8.0,,1.0,1
4295,1,8.0,8.0,,1.0,1
4296,1,8.0,8.0,,,0
4302,1,8.0,8.0,,1.0,1
4303,1,8.0,8.0,,1.0,1
4304,1,8.0,8.0,,1.0,1
4305,1,8.0,8.0,,1.0,1
4306,1,8.0,8.0,,1.0,1
4307,1,8.0,8.0,,1.0,1
4308,1,8.0,8.0,,,0
4309,1,8.0,8.0,,,0
4312,1,8.0,8.0,,,0
4315,1,8.0,8.0,,,0
4316,1,8.0,8.0,,1.0,1
4317,1,8.0,8.0,,,0
4318,1,8.0,8.0,,,0
4319,1,8.0,8.0,,1.0,1
4320,1,8.0,8.0,,1.0,1
4321,1,8.0,8.0,,,0
4322,1,8.0,8.0,,,0
4323,1,8.0,8.0,,,0
4324,1,8.0,8.0,,1.0,1
4325,1,8.0,8.0,,,0
4326,1,8.0,8.0,,1.0,1
4327,1,8.0,8.0,,1.0,1
4328,1,8.0,8.0,,1.0,1
4329,1,8.0,8.0,,1.0,1
4330,1,8.0,8.0,,,0
4331,1,8.0,8.0,,1.0,1
4332,1,8.0,8.0,,,0
4333,1,8.0,8.0,,,0
4334,1,8.0,8.0,,,0
4335,1,8.0,8.0,,1.0,1
4338,1,8.0,8.0,,,0
4340,1,8.0,8.0,,1.0,1
4341,1,8.0,8.0,,1.0,1
4352,1,8.0,8.0,,1.0,1
4353,1,8.0,8.0,,1.0,1
4354,1,8.0,8.0,,1.0,1
4355,1,8.0,8.0,,1.0,1
4356,1,8.0,8.0,,1.0,1
4359,1,8.0,8.0,,1.0,1
4361,1,8.0,8.0,,,0
4362,1,8.0,8.0,,1.0,1
4363,1,8.0,8.0,,,0
4364,1,8.0,8.0,,1.0,1
4371,1,8.0,8.0,,,0
4373,1,8.0,8.0,,,0
4374,1,8.0,8.0,,,0
4376,1,8.0,8.0,,1.0,1
4377,1,8.0,8.0,,,0
4383,1,8.0,8.0,,1.0,1
4385,1,8.0,8.0,,,0
4386,1,8.0,8.0,,,0
4388,1,8.0,8.0,,,0
4393,1,8.0,8.0,,1.0,1
4398,1,8.0,8.0,,1.0,1
4399,1,8.0,8.0,,1.0,1
4400,1,8.0,8.0,,1.0,1
4401,1,8.0,8.0,,1.0,1
4402,1,8.0,8.0,,1.0,1
4404,1,8.0,8.0,,,0
4405,1,8.0,8.0,,,0
4406,1,8.0,8.0,,1.0,1
4407,1,8.0,8.0,,1.0,1
4408,1,8.0,8.0,,1.0,1
4409,1,8.0,8.0,,1.0,1
4412,1,8.0,8.0,,1.0,1
4413,1,8.0,8.0,,1.0,1
4414,1,8.0,8.0,,1.0,1
4417,1,8.0,8.0,,1.0,1
4418,1,8.0,8.0,,1.0,1
4420,1,8.0,8.0,,1.0,1
4421,1,8.0,8.0,,1.0,1
4424,1,8.0,8.0,,,0
4425,1,8.0,8.0,,1.0,1
4428,1,8.0,8.0,,,0
4430,1,8.0,8.0,,1.0,1
4431,1,8.0,8.0,,1.0,1
4432,1,8.0,8.0,,1.0,1
4434,1,8.0,8.0,,1.0,1
4436,1,8.0,8.0,,,0
4437,1,8.0,8.0,,,0
4438,1,8.0,8.0,,,0
4439,1,8.0,8.0,,1.0,1
4444,1,8.0,8.0,,1.0,1
4445,1,8.0,8.0,,1.0,1
4446,1,8.0,8.0,,1.0,1
4447,1,8.0,8.0,,1.0,1
4448,1,8.0,8.0,,1.0,1
4457,1,8.0,8.0,,1.0,1
4458,1,8.0,8.0,,1.0,1
4459,1,8.0,8.0,,1.0,1
4460,1,8.0,8.0,,1.0,1
4461,1,8.0,8.0,,1.0,1
4462,1,8.0,8.0,,1.0,1
4463,1,8.0,8.0,,1.0,1
4464,1,8.0,8.0,,1.0,1
4466,1,8.0,8.0,,,0
4469,1,8.0,8.0,,,0
4470,1,8.0,8.0,,1.0,1
4471,1,8.0,8.0,,1.0,1
4472,1,8.0,8.0,,1.0,1
4473,1,8.0,8.0,,,0
4474,1,8.0,8.0,,,0
4475,1,8.0,8.0,,,0
4476,1,8.0,8.0,,1.0,1
4477,1,8.0,8.0,,1.0,1
4478,1,8.0,8.0,,,0
4479,1,8.0,8.0,,1.0,1
4480,1,8.0,8.0,,1.0,1
4481,1,8.0,8.0,,,0
4482,1,8.0,8.0,,1.0,1
4483,1,8.0,8.0,,1.0,1
4485,1,8.0,8.0,,,0
4486,1,8.0,8.0,,1.0,1
4487,1,8.0,8.0,,,0
4488,1,8.0,8.0,,1.0,1
4489,1,8.0,8.0,,1.0,1
4490,1,8.0,8.0,,1.0,1
4491,1,8.0,8.0,,1.0,1
4492,1,8.0,8.0,,1.0,1
4493,1,8.0,8.0,,1.0,1
4494,1,8.0,8.0,,1.0,1
4495,1,8.0,8.0,,1.0,1
4496,1,8.0,8.0,,1.0,1
4497,1,8.0,8.0,,,0
4498,1,8.0,8.0,,,0
4499,1,8.0,8.0,,1.0,1
4500,1,8.0,8.0,,,0
4501,1,8.0,8.0,,,0
4502,1,8.0,8.0,,1.0,1
4503,1,8.0,8.0,,,0
4504,1,8.0,8.0,,1.0,1
4509,1,8.0,8.0,,1.0,1
4510,1,8.0,8.0,,1.0,1
4511,1,8.0,8.0,,1.0,1
4523,1,8.0,8.0,,1.0,1
4524,1,8.0,8.0,,1.0,1
4525,1,8.0,8.0,,1.0,1
4526,1,8.0,8.0,,,0
4527,1,8.0,8.0,,1.0,1
4528,1,8.0,8.0,,,0
4530,1,8.0,8.0,,1.0,1
4531,1,8.0,8.0,,,0
4533,1,8.0,8.0,,,0
4534,1,8.0,8.0,,,0
4535,1,8.0,8.0,,,0
4536,1,8.0,8.0,,,0
4537,1,8.0,8.0,,,0
4538,1,8.0,8.0,,,0
4540,1,8.0,8.0,,1.0,1
4541,1,8.0,8.0,,1.0,1
4545,1,8.0,8.0,,1.0,1
4550,1,8.0,8.0,,1.0,1
4554,1,8.0,8.0,,,0
4556,1,8.0,8.0,,1.0,1
4559,1,8.0,8.0,,1.0,1
4562,1,8.0,8.0,,,0
4563,1,8.0,8.0,,1.0,1
4567,1,8.0,8.0,,1.0,1
4569,1,8.0,8.0,,1.0,1
4570,1,8.0,8.0,,1.0,1
4571,1,8.0,8.0,,1.0,1
4572,1,8.0,8.0,,1.0,1
4573,1,8.0,8.0,,1.0,1
4574,1,8.0,8.0,,1.0,1
4575,1,8.0,8.0,,1.0,1
4576,1,8.0,8.0,,1.0,1
4577,1,8.0,8.0,,1.0,1
4578,1,8.0,8.0,,1.0,1
4579,1,8.0,8.0,,1.0,1
4582,1,8.0,8.0,,,0
4584,1,8.0,8.0,,,0
4588,1,8.0,8.0,,,0
4589,1,8.0,8.0,,1.0,1
4590,1,8.0,8.0,,1.0,1
4591,1,8.0,8.0,,1.0,1
4592,1,8.0,8.0,,1.0,1
4594,1,8.0,8.0,,,0
4596,1,8.0,8.0,,1.0,1
4597,1,8.0,8.0,,1.0,1
4598,1,8.0,8.0,,,0
4599,1,8.0,8.0,,1.0,1
4600,1,8.0,8.0,,1.0,1
4601,1,8.0,8.0,,1.0,1
4602,1,8.0,8.0,,1.0,1
4614,1,8.0,8.0,,1.0,1
4615,1,8.0,8.0,,1.0,1
4616,1,8.0,8.0,,1.0,1
4617,1,8.0,8.0,,1.0,1
4618,1,8.0,8.0,,1.0,1
4619,1,8.0,8.0,,1.0,1
4620,1,8.0,8.0,,,0
4621,1,8.0,8.0,,,0
4624,1,8.0,8.0,,,0
4627,1,8.0,8.0,,,0
4628,1,8.0,8.0,,,0
4629,1,8.0,8.0,,1.0,1
4631,1,8.0,8.0,,1.0,1
4634,1,8.0,8.0,,1.0,1
4635,1,8.0,8.0,,1.0,1
4636,1,8.0,8.0,,,0
4637,1,8.0,8.0,,,0
4638,1,8.0,8.0,,1.0,1
4639,1,8.0,8.0,,1.0,1
4640,1,8.0,8.0,,1.0,1
4641,1,8.0,8.0,,1.0,1
4642,1,8.0,8.0,,1.0,1
4643,1,8.0,8.0,,,0
4644,1,8.0,8.0,,1.0,1
4645,1,8.0,8.0,,,0
4646,1,8.0,8.0,,1.0,1
4647,1,8.0,8.0,,1.0,1
4648,1,8.0,8.0,,1.0,1
4649,1,8.0,8.0,,,0
4650,1,8.0,8.0,,,0
4651,1,8.0,8.0,,1.0,1
4652,1,8.0,8.0,,1.0,1
4653,1,8.0,8.0,,,0
4654,1,8.0,8.0,,1.0,1
4655,1,8.0,8.0,,0.8284271330514271,1
4656,1,8.0,8.0,,,0
4657,1,8.0,8.0,,1.0,1
4658,1,8.0,8.0,,,0
4659,1,8.0,8.0,,1.0,1
4660,1,8.0,8.0,,1.0,1
4662,1,8.0,8.0,,1.0,1
4664,1,8.0,8.0,,,0
4673,1,8.0,8.0,,,0
4674,1,8.0,8.0,,1.0,1
4684,1,8.0,8.0,,1.0,1
4685,1,8.0,8.0,,1.0,1
4686,1,8.0,8.0,,1.0,1
4687,1,8.0,8.0,,1.0,1
4688,1,8.0,8.0,,1.0,1
4689,1,8.0,8.0,,1.0,1
4690,1,8.0,8.0,,1.0,1
4691,1,8.0,8.0,,,0
4692,1,8.0,8.0,,,0
4694,1,8.0,8.0,,1.0,1
4695,1,8.0,8.0,,1.0,1
4696,1,8.0,8.0,,1.0,1
4697,1,8.0,8.0,,,0
4699,1,8.0,8.0,,1.0,1
4701,1,8.0,8.0,,,0
4702,1,8.0,8.0,,1.0,1
4703,1,8.0,8.0,,,0
4704,1,8.0,8.0,,1.0,1
4710,1,8.0,8.0,,1.0,1
4711,1,8.0,8.0,,1.0,1
4712,1,8.0,8.0,,,0
4718,1,8.0,8.0,,,0
4719,1,8.0,8.0,,,0
4722,1,8.0,8.0,,,0
4723,1,8.0,8.0,,1.0,1
4724,1,8.0,8.0,,,0
4725,1,8.0,8.0,,,0
4729,1,8.0,8.0,,1.0,1
4730,1,8.0,8.0,,1.0,1
4732,1,8.0,8.0,,,0
4733,1,8.0,8.0,,1.0,1
4735,1,8.0,8.0,,1.0,1
4736,1,8.0,8.0,,,0
4739,1,8.0,8.0,,,0
4740,1,8.0,8.0,,,0
4741,1,8.0,8.0,,,0
4746,1,8.0,8.0,,1.0,1
4747,1,8.0,8.0,,,0
4750,1,8.0,8.0,,1.0,1
4751,1,8.0,8.0,,1.0,1
4752,1,8.0,8.0,,1.0,1
4753,1,8.0,8.0,,1.0,1
4754,1,8.0,8.0,,1.0,1
4755,1,8.0,8.0,,1.0,1
4756,1,8.0,8.0,,1.0,1
4757,1,8.0,8.0,,1.0,1
4758,1,8.0,8.0,,1.0,1
4759,1,8.0,8.0,,1.0,1
4760,1,8.0,8.0,,1.0,1
4761,1,8.0,8.0,,1.0,1
4762,1,8.0,8.0,,1.0,1
4763,1,8.0,8.0,,1.0,1
4764,1,8.0,8.0,,1.0,1
4765,1,8.0,8.0,,1.0,1
4772,1,8.0,8.0,,1.0,1
4773,1,8.0,8.0,,1.0,1
4774,1,8.0,8.0,,,0
4787,1,8.0,8.0,,1.0,1
4788,1,8.0,8.0,,1.0,1
4789,1,8.0,8.0,,1.0,1
4790,1,8.0,8.0,,1.0,1
4791,1,8.0,8.0,,1.0,1
4792,1,8.0,8.0,,,0
4793,1,8.0,8.0,,,0
4794,1,8.0,8.0,,,0
4795,1,8.0,8.0,,,0
4796,1,8.0,8.0,,,0
4797,1,8.0,8.0,,,0
4798,1,8.0,8.0,,,0
4799,1,8.0,8.0,,1.0,1
4801,1,8.0,8.0,,,0
4802,1,8.0,8.0,,,0
4803,1,8.0,8.0,,1.0,1
4804,1,8.0,8.0,,,0
4805,1,8.0,8.0,,,0
4806,1,8.0,8.0,,,0
4807,1,8.0,8.0,,,0
4808,1,8.0,8.0,,,0
4809,1,8.0,8.0,,1.0,1
4810,1,8.0,8.0,,1.0,1
4811,1,8.0,8.0,,1.0,1
4812,1,8.0,8.0,,1.0,1
4813,1,8.0,8.0,,1.0,1
4814,1,8.0,8.0,,1.0,1
4815,1,8.0,8.0,,1.0,1
4816,1,8.0,8.0,,1.0,1
4817,1,8.0,8.0,,1.0,1
4818,1,8.0,8.0,,1.0,1
4819,1,8.0,8.0,,,0
4821,1,8.0,8.0,,1.0,1
4822,1,8.0,8.0,,,0
4823,1,8.0,8.0,,1.0,1
4824,1,8.0,8.0,,,0
4825,1,8.0,8.0,,1.0,1
4826,1,8.0,8.0,,,0
4827,1,8.0,8.0,,,0
4828,1,8.0,8.0,,1.0,1
4829,1,8.0,8.0,,,0
4833,1,8.0,8.0,,1.0,1
4834,1,8.0,8.0,,,0
4835,1,8.0,8.0,,1.0,1
4849,1,8.0,8.0,,1.0,1
4852,1,8.0,8.0,,1.0,1
4853,1,8.0,8.0,,1.0,1
4858,1,8.0,8.0,,1.0,1
4861,1,8.0,8.0,,,0
4862,1,8.0,8.0,,1.0,1
4866,1,8.0,8.0,,1.0,1
4867,1,8.0,8.0,,1.0,1
4868,1,8.0,8.0,,1.0,1
4869,1,8.0,8.0,,1.0,1
4871,1,8.0,8.0,,1.0,1
4872,1,8.0,8.0,,,0
4873,1,8.0,8.0,,,0
4874,1,8.0,8.0,,1.0,1
4877,1,8.0,8.0,,,0
4878,1,8.0,8.0,,1.0,1
4879,1,8.0,8.0,,,0
4881,1,8.0,8.0,,1.0,1
4885,1,8.0,8.0,,,0
4886,1,8.0,8.0,,1.0,1
4887,1,8.0,8.0,,1.0,1
4888,1,8.0,8.0,,1.0,1
4889,1,8.0,8.0,,1.0,1
4891,1,8.0,8.0,,1.0,1
4892,1,8.0,8.0,,1.0,1
4894,1,8.0,8.0,,,0
4895,1,8.0,8.0,,1.0,1
4896,1,8.0,8.0,,,0
4897,1,8.0,8.0,,,0
4898,1,8.0,8.0,,1.0,1
4899,1,8.0,8.0,,1.0,1
4903,1,8.0,8.0,,1.0,1
4907,1,8.0,8.0,,,0
4908,1,8.0,8.0,,1.0,1
4909,1,8.0,8.0,,1.0,1
4914,1,8.0,8.0,,1.0,1
4915,1,8.0,8.0,,1.0,1
4917,1,8.0,8.0,,1.0,1
4920,1,8.0,8.0,,1.0,1
4922,1,8.0,8.0,,,0
4923,1,8.0,8.0,,1.0,1
4926,1,8.0,8.0,,1.0,1
4930,1,8.0,8.0,,1.0,1
4931,1,8.0,8.0,,1.0,1
4932,1,8.0,8.0,,1.0,1
4933,1,8.0,8.0,,1.0,1
4934,1,8.0,8.0,,1.0,1
4935,1,8.0,8.0,,1.0,1
4936,1,8.0,8.0,,1.0,1
4937,1,8.0,8.0,,1.0,1
4938,1,8.0,8.0,,1.0,1
4939,1,8.0,8.0,,1.0,1
4940,1,8.0,8.0,,1.0,1
4941,1,8.0,8.0,,1.0,1
4942,1,8.0,8.0,,1.0,1
4945,1,8.0,8.0,,1.0,1
4946,1,8.0,8.0,,,0
4947,1,8.0,8.0,,,0
4953,1,8.0,8.0,,1.0,1
4960,1,8.0,8.0,,1.0,1
4961,1,8.0,8.0,,1.0,1
4962,1,8.0,8.0,,1.0,1
4963,1,8.0,8.0,,,0
4965,1,8.0,8.0,,,0
4967,1,8.0,8.0,,,0
4968,1,8.0,8.0,,,0
4969,1,8.0,8.0,,,0
4970,1,8.0,8.0,,1.0,1
4971,1,8.0,8.0,,1.0,1
4972,1,8.0,8.0,,,0
4973,1,8.0,8.0,,,0
4974,1,8.0,8.0,,,0
4975,1,8.0,8.0,,,0
4976,1,8.0,8.0,,,0
4977,1,8.0,8.0,,1.0,1
4978,1,8.0,8.0,,1.0,1
4979,1,8.0,8.0,,,0
4980,1,8.0,8.0,,1.0,1
4981,1,8.0,8.0,,1.0,1
4982,1,8.0,8.0,,1.0,1
4983,1,8.0,8.0,,1.0,1
4984,1,8.0,8.0,,1.0,1
4985,1,8.0,8.0,,1.0,1
4986,1,8.0,8.0,,1.0,1
4987,1,8.0,8.0,,1.0,1
4988,1,8.0,8.0,,,0
4989,1,8.0,8.0,,1.0,1
4990,1,8.0,8.0,,,0
4991,1,8.0,8.0,,1.0,1
4992,1,8.0,8.0,,1.0,1
4993,1,8.0,8.0,,1.0,1
4994,1,8.0,8.0,,,0
4995,1,8.0,8.0,,,0
4996,1,8.0,8.0,,1.0,1
4997,1,8.0,8.0,,,0
4998,1,8.0,8.0,,1.0,1
4999,1,8.0,8.0,,1.0,1
5000,1,8.0,8.0,,1.0,1
5001,1,8.0,8.0,,,0
5002,1,8.0,8.0,,1.0,1
5003,1,8.0,8.0,,,0
5004,1,8.0,8.0,,,0
5005,1,8.0,8.0,,1.0,1
5007,1,8.0,8.0,,1.0,1
5008,1,8.0,8.0,,1.0,1
5009,1,8.0,8.0,,1.0,1
5010,1,8.0,8.0,,1.0,1
5013,1,8.0,8.0,,,0
5025,1,8.0,8.0,,1.0,1
5026,1,8.0,8.0,,1.0,1
5029,1,8.0,8.0,,1.0,1
5031,1,8.0,8.0,,1.0,1
5032,1,8.0,8.0,,1.0,1
5033,1,8.0,8.0,,1.0,1
5035,1,8.0,8.0,,,0
5037,1,8.0,8.0,,,0
5038,1,8.0,8.0,,,0
5039,1,8.0,8.0,,1.0,1
5040,1,8.0,8.0,,1.0,1
5042,1,8.0,8.0,,1.0,1
5050,1,8.0,8.0,,,0
5051,1,8.0,8.0,,1.0,1
5052,1,8.0,8.0,,1.0,1
5056,1,8.0,8.0,,,0
5057,1,8.0,8.0,,1.0,1
5058,1,8.0,8.0,,1.0,1
5061,1,8.0,8.0,,,0
5062,1,8.0,8.0,,1.0,1
5067,1,8.0,8.0,,1.0,1
5069,1,8.0,8.0,,1.0,1
5070,1,8.0,8.0,,,0
5073,1,8.0,8.0,,,0
5074,1,8.0,8.0,,,0
5075,1,8.0,8.0,,1.0,1
5076,1,8.0,8.0,,1.0,1
5084,1,8.0,8.0,,1.0,1
5085,1,8.0,8.0,,1.0,1
5088,1,8.0,8.0,,,0
5091,1,8.0,8.0,,1.0,1
5092,1,8.0,8.0,,,0
5095,1,8.0,8.0,,1.0,1
5096,1,8.0,8.0,,1.0,1
5097,1,8.0,8.0,,1.0,1
5098,1,8.0,8.0,,,0
5104,1,8.0,8.0,,1.0,1
5105,1,8.0,8.0,,1.0,1
5106,1,8.0,8.0,,1.0,1
5107,1,8.0,8.0,,1.0,1
5108,1,8.0,8.0,,1.0,1
5109,1,8.0,8.0,,1.0,1
5110,1,8.0,8.0,,1.0,1
5111,1,8.0,8.0,,1.0,1
5112,1,8.0,8.0,,1.0,1
5113,1,8.0,8.0,,1.0,1
5126,1,8.0,8.0,,1.0,1
5127,1,8.0,8.0,,1.0,1
5128,1,8.0,8.0,,1.0,1
5129,1,8.0,8.0,,1.0,1
5130,1,8.0,8.0,,,0
5132,1,8.0,8.0,,1.0,1
5137,1,8.0,8.0,,,0
5144,1,8.0,8.0,,1.0,1
5145,1,8.0,8.0,,1.0,1
5146,1,8.0,8.0,,,0
5147,1,8.0,8.0,,,0
5148,1,8.0,8.0,,,0
5149,1,8.0,8.0,,1.0,1
5150,1,8.0,8.0,,1.0,1
5151,1,8.0,8.0,,,0
5152,1,8.0,8.0,,,0
5153,1,8.0,8.0,,1.0,1
5154,1,8.0,8.0,,,0
5155,1,8.0,8.0,,,0
5156,1,8.0,8.0,,1.0,1
5157,1,8.0,8.0,,,0
5158,1,8.0,8.0,,,0
5159,1,8.0,8.0,,1.0,1
5160,1,8.0,8.0,,1.0,1
5161,1,8.0,8.0,,,0
5162,1,8.0,8.0,,1.0,1
5163,1,8.0,8.0,,1.0,1
5164,1,8.0,8.0,,1.0,1
5165,1,8.0,8.0,,,0
5166,1,8.0,8.0,,1.0,1
5167,1,8.0,8.0,,1.0,1
5168,1,8.0,8.0,,,0
5169,1,8.0,8.0,,1.0,1
5170,1,8.0,8.0,,,0
5171,1,8.0,8.0,,,0
5172,1,8.0,8.0,,1.0,1
5173,1,8.0,8.0,,1.0,1
5174,1,8.0,8.0,,,0
5177,1,8.0,8.0,,,0
5178,1,8.0,8.0,,,0
5183,1,8.0,8.0,,,0
5185,1,8.0,8.0,,,0
5187,1,8.0,8.0,,,0
5188,1,8.0,8.0,,1.0,1
5189,1,8.0,8.0,,1.0,1
5198,1,8.0,8.0,,,0
5201,1,8.0,8.0,,1.0,1
5202,1,8.0,8.0,,1.0,1
5203,1,8.0,8.0,,1.0,1
5204,1,8.0,8.0,,1.0,1
5209,1,8.0,8.0,,,0
5210,1,8.0,8.0,,1.0,1
5212,1,8.0,8.0,,,0
5213,1,8.0,8.0,,,0
5216,1,8.0,8.0,,,0
5220,1,8.0,8.0,,1.0,1
5225,1,8.0,8.0,,,0
5226,1,8.0,8.0,,,0
5229,1,8.0,8.0,,1.0,1
5231,1,8.0,8.0,,,0
5236,1,8.0,8.0,,1.0,1
5238,1,8.0,8.0,,1.0,1
5239,1,8.0,8.0,,1.0,1
5240,1,8.0,8.0,,1.0,1
5243,1,8.0,8.0,,,0
5248,1,8.0,8.0,,,0
5249,1,8.0,8.0,,1.0,1
5252,1,8.0,8.0,,1.0,1
5256,1,8.0,8.0,,1.0,1
5257,1,8.0,8.0,,1.0,1
5258,1,8.0,8.0,,,0
5264,1,8.0,8.0,,,0
5268,1,8.0,8.0,,,0
5271,1,8.0,8.0,,,0
5273,1,8.0,8.0,,,0
5274,1,8.0,8.0,,,0
5275,1,8.0,8.0,,1.0,1
5276,1,8.0,8.0,,1.0,1
5277,1,8.0,8.0,,1.0,1
5278,1,8.0,8.0,,1.0,1
5289,1,8.0,8.0,,1.0,1
5290,1,8.0,8.0,,1.0,1
5291,1,8.0,8.0,,1.0,1
5292,1,8.0,8.0,,1.0,1
5293,1,8.0,8.0,,1.0,1
5294,1,8.0,8.0,,1.0,1
5295,1,8.0,8.0,,1.0,1
5296,1,8.0,8.0,,1.0,1
5298,1,8.0,8.0,,,0
5299,1,8.0,8.0,,,0
5301,1,8.0,8.0,,,0
5302,1,8.0,8.0,,,0
5303,1,8.0,8.0,,,0
5304,1,8.0,8.0,,1.0,1
5305,1,8.0,8.0,,,0
5307,1,8.0,8.0,,,0
5309,1,8.0,8.0,,,0
5310,1,8.0,8.0,,,0
5314,1,8.0,8.0,,,0
5316,1,8.0,8.0,,1.0,1
5318,1,8.0,8.0,,1.0,1
5319,1,8.0,8.0,,,0
5320,1,8.0,8.0,,1.0,1
5321,1,8.0,8.0,,1.0,1
5322,1,8.0,8.0,,,0
5323,1,8.0,8.0,,,0
5324,1,8.0,8.0,,1.0,1
5325,1,8.0,8.0,,,0
5326,1,8.0,8.0,,1.0,1
5327,1,8.0,8.0,,,0
5328,1,8.0,8.0,,1.0,1
5329,1,8.0,8.0,,,0
5330,1,8.0,8.0,,1.0,1
5331,1,8.0,8.0,,,0
5332,1,8.0,8.0,,1.0,1
5333,1,8.0,8.0,,1.0,1
5334,1,8.0,8.0,,,0
5335,1,8.0,8.0,,1.0,1
5336,1,8.0,8.0,,,0
5337,1,8.0,8.0,,1.0,1
5338,1,8.0,8.0,,1.0,1
5339,1,8.0,8.0,,,0
5340,1,8.0,8.0,,1.0,1
5341,1,8.0,8.0,,1.0,1
5342,1,8.0,8.0,,1.0,1
5343,1,8.0,8.0,,,0
5344,1,8.0,8.0,,1.0,1
5345,1,8.0,8.0,,,0
5351,1,8.0,8.0,,,0
5354,1,8.0,8.0,,,0
5358,1,8.0,8.0,,1.0,1
5361,1,8.0,8.0,,1.0,1
5362,1,8.0,8.0,,1.0,1
5382,1,8.0,8.0,,1.0,1
5383,1,8.0,8.0,,1.0,1
5384,1,8.0,8.0,,1.0,1
5385,1,8.0,8.0,,1.0,1
5386,1,8.0,8.0,,,0
5387,1,8.0,8.0,,,0
5392,1,8.0,8.0,,1.0,1
5396,1,8.0,8.0,,1.0,1
5397,1,8.0,8.0,,1.0,1
5398,1,8.0,8.0,,1.0,1
5399,1,8.0,8.0,,,0
5401,1,8.0,8.0,,,0
5402,1,8.0,8.0,,1.0,1
5406,1,8.0,8.0,,1.0,1
5408,1,8.0,8.0,,1.0,1
5409,1,8.0,8.0,,,0
5413,1,8.0,8.0,,,0
5414,1,8.0,8.0,,1.0,1
5417,1,8.0,8.0,,,0
5420,1,8.0,8.0,,,0
5421,1,8.0,8.0,,,0
5422,1,8.0,8.0,,,0
5423,1,8.0,8.0,,,0
5426,1,8.0,8.0,,,0
5430,1,8.0,8.0,,,0
5439,1,8.0,8.0,,1.0,1
5440,1,8.0,8.0,,1.0,1
5441,1,8.0,8.0,,1.0,1
5442,1,8.0,8.0,,1.0,1
5443,1,8.0,8.0,,1.0,1
5444,1,8.0,8.0,,1.0,1
5445,1,8.0,8.0,,1.0,1
5446,1,8.0,8.0,,1.0,1
5447,1,8.0,8.0,,1.0,1
5448,1,8.0,8.0,,,0
5451,1,8.0,8.0,,1.0,1
5453,1,8.0,8.0,,1.0,1
5460,1,8.0,8.0,,1.0,1
5461,1,8.0,8.0,,1.0,1
5462,1,8.0,8.0,,1.0,1
5463,1,8.0,8.0,,,0
5465,1,8.0,8.0,,1.0,1
5468,1,8.0,8.0,,,0
5469,1,8.0,8.0,,1.0,1
5470,1,8.0,8.0,,1.0,1
5471,1,8.0,8.0,,1.0,1
5473,1,8.0,8.0,,1.0,1
5474,1,8.0,8.0,,1.0,1
5475,1,8.0,8.0,,1.0,1
5486,1,8.0,8.0,,1.0,1
5487,1,8.0,8.0,,1.0,1
5488,1,8.0,8.0,,1.0,1
5489,1,8.0,8.0,,1.0,1
5490,1,8.0,8.0,,1.0,1
5491,1,8.0,8.0,,1.0,1
5492,1,8.0,8.0,,1.0,1
5493,1,8.0,8.0,,1.0,1
5495,1,8.0,8.0,,,0
5496,1,8.0,8.0,,1.0,1
5497,1,8.0,8.0,,1.0,1
5498,1,8.0,8.0,,,0
5499,1,8.0,8.0,,,0
5502,1,8.0,8.0,,,0
5503,1,8.0,8.0,,1.0,1
5504,1,8.0,8.0,,,0
5505,1,8.0,8.0,,1.0,1
5506,1,8.0,8.0,,1.0,1
5507,1,8.0,8.0,,1.0,1
5508,1,8.0,8.0,,1.0,1
5509,1,8.0,8.0,,1.0,1
5510,1,8.0,8.0,,1.0,1
5511,1,8.0,8.0,,1.0,1
5512,1,8.0,8.0,,1.0,1
5513,1,8.0,8.0,,1.0,1
5514,1,8.0,8.0,,1.0,1
5515,1,8.0,8.0,,,0
5516,1,11.313708305358887,8.0,,0.7071067932881648,1
5517,1,8.0,8.0,,,0
5518,1,8.0,8.0,,,0
5519,1,8.0,8.0,,1.0,1
5520,1,8.0,8.0,,,0
5521,1,8.0,8.0,,1.0,1
5522,1,11.313708305358887,8.0,,,0
5523,1,8.0,8.0,,1.0,1
5524,1,8.0,8.0,,1.0,1
5525,1,8.0,8.0,,1.0,1
5526,1,8.0,8.0,,1.0,1
5527,1,8.0,8.0,,1.0,1
5528,1,8.0,8.0,,,0
5529,1,8.0,8.0,,1.0,1
5533,1,8.0,8.0,,1.0,1
5535,1,8.0,8.0,,1.0,1
5536,1,8.0,8.0,,1.0,1
5546,1,8.0,8.0,,1.0,1
5547,1,8.0,8.0,,1.0,1
5548,1,8.0,8.0,,,0
5549,1,8.0,8.0,,1.0,1
5550,1,8.0,8.0,,1.0,1
5554,1,8.0,8.0,,1.0,1
5557,1,8.0,8.0,,1.0,1
5558,1,8.0,8.0,,1.0,1
5559,1,8.0,8.0,,,0
5560,1,8.0,8.0,,,0
5564,1,8.0,8.0,,1.0,1
5565,1,8.0,8.0,,1.0,1
5566,1,8.0,8.0,,,0
5570,1,8.0,8.0,,,0
5572,1,8.0,8.0,,1.0,1
5573,1,8.0,8.0,,1.0,1
5574,1,8.0,8.0,,,0
5579,1,8.0,8.0,,1.0,1
5580,1,8.0,8.0,,,0
5585,1,8.0,8.0,,1.0,1
5587,1,8.0,8.0,,1.0,1
5588,1,8.0,8.0,,1.0,1
5589,1,8.0,8.0,,,0
5593,1,8.0,8.0,,1.0,1
5595,1,8.0,8.0,,1.0,1
5596,1,8.0,8.0,,,0
5598,1,8.0,8.0,,,0
5599,1,8.0,8.0,,,0
5603,1,8.0,8.0,,,0
5604,1,8.0,8.0,,1.0,1
5605,1,8.0,8.0,,1.0,1
5606,1,8.0,8.0,,1.0,1
5607,1,8.0,8.0,,1.0,1
5608,1,8.0,8.0,,1.0,1
5609,1,8.0,8.0,,1.0,1
5610,1,8.0,8.0,,1.0,1
5611,1,8.0,8.0,,1.0,1
5612,1,8.0,8.0,,1.0,1
5615,1,8.0,8.0,,,0
5616,1,8.0,8.0,,,0
5621,1,8.0,8.0,,1.0,1
5622,1,8.0,8.0,,1.0,1
5623,1,8.0,8.0,,1.0,1
5635,1,8.0,8.0,,1.0,1
5636,1,8.0,8.0,,1.0,1
5637,1,8.0,8.0,,1.0,1
5638,1,8.0,8.0,,1.0,1
5639,1,8.0,8.0,,1.0,1
5640,1,8.0,8.0,,,0
5643,1,8.0,8.0,,,0
5644,1,8.0,8.0,,,0
5645,1,8.0,8.0,,1.0,1
5646,1,8.0,8.0,,1.0,1
5647,1,8.0,8.0,,1.0,1
5648,1,8.0,8.0,,,0
5649,1,8.0,8.0,,,0
5650,1,8.0,8.0,,,0
5651,1,8.0,8.0,,,0
5652,1,8.0,8.0,,1.0,1
5654,1,8.0,8.0,,,0
5655,1,8.0,8.0,,,0
5656,1,8.0,8.0,,,0
5657,1,8.0,8.0,,,0
5658,1,8.0,8.0,,,0
5659,1,8.0,8.0,,,0
5660,1,8.0,8.0,,,0
5661,1,8.0,8.0,,1.0,1
5662,1,8.0,8.0,,1.0,1
5663,1,8.0,8.0,,1.0,1
5664,1,8.0,8.0,,1.0,1
5665,1,8.0,8.0,,1.0,1
5666,1,8.0,8.0,,1.0,1
5667,1,8.0,8.0,,1.0,1
5668,1,8.0,8.0,,1.0,1
5669,1,8.0,8.0,,1.0,1
5670,1,8.0,8.0,,,0
5671,1,8.0,8.0,,1.0,1
5672,1,8.0,8.0,,1.0,1
5673,1,8.0,8.0,,1.0,1
5674,1,8.0,8.0,,1.0,1
5675,1,8.0,8.0,,1.0,1
5676,1,8.0,8.0,,1.0,1
5677,1,8.0,8.0,,1.0,1
5678,1,8.0,8.0,,1.0,1
5679,1,8.0,8.0,,1.0,1
5680,1,8.0,8.0,,,0
5681,1,8.0,8.0,,1.0,1
5682,1,8.0,8.0,,,0
5683,1,8.0,8.0,,,0
5684,1,8.0,8.0,,1.0,1
5685,1,8.0,8.0,,1.0,1
5687,1,8.0,8.0,,1.0,1
5688,1,8.0,8.0,,,0
5689,1,8.0,8.0,,,0
5690,1,8.0,8.0,,1.0,1
5691,1,8.0,8.0,,1.0,1
5692,1,8.0,8.0,,,0
5709,1,8.0,8.0,,1.0,1
5710,1,8.0,8.0,,1.0,1
5711,1,8.0,8.0,,1.0,1
5712,1,8.0,8.0,,1.0,1
5716,1,8.0,8.0,,1.0,1
5717,1,8.0,8.0,,1.0,1
5718,1,8.0,8.0,,1.0,1
5719,1,8.0,8.0,,1.0,1
5722,1,8.0,8.0,,,0
5723,1,8.0,8.0,,,0
5726,1,8.0,8.0,,1.0,1
5727,1,8.0,8.0,,1.0,1
5728,1,8.0,8.0,,,0
5730,1,8.0,8.0,,1.0,1
5736,1,8.0,8.0,,,0
5737,1,8.0,8.0,,1.0,1
5738,1,8.0,8.0,,1.0,1
5739,1,8.0,8.0,,,0
5747,1,8.0,8.0,,1.0,1
5748,1,8.0,8.0,,1.0,1
5752,1,8.0,8.0,,1.0,1
5753,1,8.0,8.0,,1.0,1
5754,1,8.0,8.0,,1.0,1
5756,1,8.0,8.0,,1.0,1
5757,1,8.0,8.0,,,0
5759,1,8.0,8.0,,,0
5760,1,8.0,8.0,,,0
5763,1,8.0,8.0,,,0
5766,1,8.0,8.0,,1.0,1
5774,1,8.0,8.0,,1.0,1
5775,1,8.0,8.0,,1.0,1
5776,1,8.0,8.0,,,0
5779,1,8.0,8.0,,,0
5780,1,8.0,8.0,,1.0,1
5781,1,8.0,8.0,,1.0,1
5784,1,8.0,8.0,,1.0,1
5785,1,8.0,8.0,,1.0,1
5786,1,8.0,8.0,,1.0,1
5787,1,8.0,8.0,,1.0,1
5790,1,8.0,8.0,,1.0,1
5791,1,8.0,8.0,,1.0,1
5795,1,8.0,8.0,,1.0,1
5796,1,8.0,8.0,,1.0,1
5797,1,8.0,8.0,,,0
5799,1,8.0,8.0,,1.0,1
5800,1,8.0,8.0,,1.0,1
5801,1,8.0,8.0,,1.0,1
5802,1,8.0,8.0,,1.0,1
5803,1,8.0,8.0,,1.0,1
5804,1,8.0,8.0,,1.0,1
5805,1,8.0,8.0,,1.0,1
5806,1,8.0,8.0,,1.0,1
5807,1,8.0,8.0,,1.0,1
5808,1,8.0,8.0,,1.0,1
5809,1,8.0,8.0,,1.0,1
5810,1,8.0,8.0,,1.0,1
5811,1,8.0,8.0,,1.0,1
5812,1,8.0,8.0,,1.0,1
5813,1,8.0,8.0,,1.0,1
5820,1,8.0,8.0,,1.0,1
5831,1,8.0,8.0,,1.0,1
5832,1,8.0,8.0,,1.0,1
5833,1,8.0,8.0,,1.0,1
5834,1,8.0,8.0,,1.0,1
5835,1,8.0,8.0,,,0
5836,1,8.0,8.0,,1.0,1
5837,1,8.0,8.0,,1.0,1
5838,1,8.0,8.0,,,0
5839,1,11.313708305358887,8.0,,,0
5840,1,8.0,8.0,,,0
5842,1,8.0,8.0,,,0
5843,1,8.0,8.0,,,0
5844,1,8.0,8.0,,,0
5845,1,8.0,8.0,,,0
5846,1,8.0,8.0,,,0
5847,1,8.0,8.0,,1.0,1
5848,1,8.0,8.0,,,0
5849,1,8.0,8.0,,,0
5850,1,8.0,8.0,,1.0,1
5851,1,8.0,8.0,,1.0,1
5852,1,8.0,8.0,,1.0,1
5853,1,8.0,8.0,,1.0,1
5854,1,8.0,8.0,,1.0,1
5855,1,8.0,8.0,,,0
5856,1,8.0,8.0,,1.0,1
5857,1,8.0,8.0,,1.0,1
5858,1,8.0,8.0,,,0
5859,1,8.0,8.0,,,0
5860,1,8.0,8.0,,1.0,1
5861,1,8.0,8.0,,1.0,1
5862,1,8.0,8.0,,1.0,1
5863,1,8.0,8.0,,,0
5864,1,8.0,8.0,,1.0,1
5865,1,8.0,8.0,,1.0,1
5866,1,8.0,8.0,,,0
5867,1,8.0,8.0,,1.0,1
5868,1,8.0,8.0,,,0
5869,1,8.0,8.0,,1.0,1
5871,1,8.0,8.0,,1.0,1
5872,1,8.0,8.0,,,0
5874,1,8.0,8.0,,,0
5877,1,8.0,8.0,,1.0,1
5878,1,8.0,8.0,,1.0,1
5888,1,8.0,8.0,,1.0,1
5889,1,8.0,8.0,,1.0,1
5890,1,8.0,8.0,,1.0,1
5891,1,8.0,8.0,,1.0,1
5892,1,8.0,8.0,,1.0,1
5894,1,11.313708305358887,8.0,,1.0,1
5897,1,8.0,8.0,,1.0,1
5899,1,8.0,8.0,,1.0,1
5900,1,8.0,8.0,,,0
5901,1,8.0,8.0,,1.0,1
5902,1,8.0,8.0,,1.0,1
5903,1,8.0,8.0,,,0
5904,1,8.0,8.0,,1.0,1
5905,1,8.0,8.0,,1.0,1
5906,1,8.0,8.0,,,0
5912,1,8.0,8.0,,,0
5918,1,8.0,8.0,,,0
5919,1,8.0,8.0,,,0
5920,1,8.0,8.0,,,0
5921,1,8.0,8.0,,,0
5924,1,8.0,8.0,,1.0,1
5925,1,8.0,8.0,,,0
5929,1,8.0,8.0,,1.0,1
5930,1,8.0,8.0,,1.0,1
5931,1,8.0,8.0,,,0
5935,1,8.0,8.0,,1.0,1
5940,1,8.0,8.0,,,0
5941,1,8.0,8.0,,1.0,1
5942,1,8.0,8.0,,1.0,1
5943,1,8.0,8.0,,,0
5945,1,8.0,8.0,,1.0,1
5947,1,8.0,8.0,,1.0,1
5951,1,8.0,8.0,,1.0,1
5952,1,8.0,8.0,,,0
5956,1,8.0,8.0,,1.0,1
5957,1,8.0,8.0,,,0
5958,1,8.0,8.0,,1.0,1
5961,1,8.0,8.0,,,0
5963,1,8.0,8.0,,1.0,1
5964,1,8.0,8.0,,1.0,1
5965,1,8.0,8.0,,1.0,1
5966,1,8.0,8.0,,1.0,1
5967,1,8.0,8.0,,1.0,1
5968,1,8.0,8.0,,1.0,1
5969,1,8.0,8.0,,1.0,1
5970,1,8.0,8.0,,1.0,1
5971,1,8.0,8.0,,1.0,1
5972,1,8.0,8.0,,1.0,1
5983,1,8.0,8.0,,1.0,1
5984,1,8.0,8.0,,1.0,1
5985,1,8.0,8.0,,1.0,1
5987,1,8.0,8.0,,,0
5988,1,8.0,8.0,,1.0,1
5991,1,8.0,8.0,,,0
5992,1,8.0,8.0,,,0
5997,1,8.0,8.0,,,0
5998,1,8.0,8.0,,1.0,1
5999,1,8.0,8.0,,1.0,1
6000,1,8.0,8.0,,1.0,1
6007,1,8.0,8.0,,1.0,1
6008,1,8.0,8.0,,,0
6009,1,8.0,8.0,,1.0,1
6010,1,8.0,8.0,,,0
6011,1,8.0,8.0,,,0
6013,1,8.0,8.0,,,0
6014,1,8.0,8.0,,,0
6015,1,8.0,8.0,,1.0,1
6016,1,8.0,8.0,,,0
6018,1,8.0,8.0,,,0
6019,1,8.0,8.0,,,0
6020,1,8.0,8.0,,1.0,1
6021,1,8.0,8.0,,,0
6022,1,8.0,8.0,,1.0,1
6023,1,8.0,8.0,,,0
6024,1,8.0,8.0,,,0
6025,1,8.0,8.0,,,0
6026,1,8.0,8.0,,,0
6027,1,8.0,8.0,,1.0,1
6028,1,8.0,8.0,,1.0,1
6029,1,8.0,8.0,,1.0,1
6030,1,8.0,8.0,,,0
6031,1,8.0,8.0,,1.0,1
6032,1,8.0,8.0,,1.0,1
6033,1,8.0,8.0,,1.0,1
6034,1,8.0,8.0,,1.0,1
6035,1,8.0,8.0,,,0
6036,1,8.0,8.0,,1.0,1
6037,1,8.0,8.0,,1.0,1
6038,1,8.0,8.0,,1.0,1
6039,1,8.0,8.0,,1.0,1
6040,1,8.0,8.0,,1.0,1
6041,1,8.0,8.0,,,0
6042,1,8.0,8.0,,,0
6043,1,8.0,8.0,,,0
6044,1,8.0,8.0,,1.0,1
6045,1,8.0,8.0,,1.0,1
6046,1,8.0,8.0,,1.0,1
6047,1,8.0,8.0,,,0
6050,1,8.0,8.0,,1.0,1
6051,1,8.0,8.0,,,0
6055,1,8.0,8.0,,,0
6056,1,8.0,8.0,,,0
6057,1,8.0,8.0,,1.0,1
6061,1,8.0,8.0,,1.0,1
6067,1,11.313708305358887,8.0,,,0
6075,1,8.0,8.0,,1.0,1
6076,1,8.0,8.0,,1.0,1
6077,1,8.0,8.0,,1.0,1
6078,1,8.0,8.0,,1.0,1
6079,1,8.0,8.0,,1.0,1
6082,1,8.0,8.0,,1.0,1
6083,1,8.0,8.0,,1.0,1
6086,1,8.0,8.0,,,0
6088,1,8.0,8.0,,,0
6090,1,8.0,8.0,,,0
6091,1,8.0,8.0,,,0
6094,1,8.0,8.0,,1.0,1
6102,1,8.0,8.0,,,0
6105,1,8.0,8.0,,1.0,1
6106,1,8.0,8.0,,,0
6109,1,8.0,8.0,,1.0,1
6110,1,8.0,8.0,,1.0,1
6112,1,8.0,8.0,,,0
6113,1,8.0,8.0,,,0
6114,1,8.0,8.0,,1.0,1
6119,1,8.0,8.0,,1.0,1
6121,1,8.0,8.0,,,0
6122,1,8.0,8.0,,,0
6127,1,8.0,8.0,,,0
6129,1,8.0,8.0,,,0
6131,1,8.0,8.0,,1.0,1
6132,1,8.0,8.0,,1.0,1
6146,1,8.0,8.0,,,0
6147,1,8.0,8.0,,1.0,1
6148,1,8.0,8.0,,1.0,1
6150,1,8.0,8.0,,1.0,1
6153,1,8.0,8.0,,,0
6156,1,8.0,8.0,,,0
6157,1,8.0,8.0,,1.0,1
6158,1,8.0,8.0,,1.0,1
6159,1,8.0,8.0,,1.0,1
6160,1,8.0,8.0,,1.0,1
6161,1,8.0,8.0,,1.0,1
6162,1,8.0,8.0,,1.0,1
6163,1,8.0,8.0,,1.0,1
6175,1,8.0,8.0,,1.0,1
6176,1,8.0,8.0,,1.0,1
6177,1,8.0,8.0,,1.0,1
6178,1,8.0,8.0,,1.0,1
6179,1,8.0,8.0,,1.0,1
6180,1,8.0,8.0,,1.0,1
6188,1,8.0,8.0,,,0
6189,1,8.0,8.0,,1.0,1
6192,1,8.0,8.0,,,0
6195,1,8.0,8.0,,1.0,1
6196,1,8.0,8.0,,1.0,1
6197,1,8.0,8.0,,1.0,1
6198,1,8.0,8.0,,,0
6199,1,8.0,8.0,,1.0,1
6200,1,8.0,8.0,,1.0,1
6201,1,8.0,8.0,,1.0,1
6202,1,8.0,8.0,,1.0,1
6203,1,8.0,8.0,,1.0,1
6204,1,8.0,8.0,,1.0,1
6205,1,8.0,8.0,,1.0,1
6206,1,8.0,8.0,,,0
6207,1,8.0,8.0,,1.0,1
6208,1,8.0,8.0,,1.0,1
6209,1,8.0,8.0,,,0
6210,1,8.0,8.0,,,0
6211,1,8.0,8.0,,1.0,1
6212,1,8.0,8.0,,,0
6213,1,8.0,8.0,,1.0,1
6214,1,8.0,8.0,,1.0,1
6215,1,8.0,8.0,,1.0,1
6216,1,8.0,8.0,,1.0,1
6217,1,8.0,8.0,,1.0,1
6218,1,8.0,8.0,,1.0,1
6219,1,8.0,8.0,,1.0,1
6220,1,8.0,8.0,,1.0,1
6221,1,8.0,8.0,,,0
6222,1,8.0,8.0,,1.0,1
6223,1,8.0,8.0,,1.0,1
6224,1,8.0,8.0,,,0
6225,1,8.0,8.0,,,0
6226,1,8.0,8.0,,1.0,1
6227,1,8.0,8.0,,,0
6228,1,8.0,8.0,,1.0,1
6229,1,8.0,8.0,,1.0,1
6230,1,8.0,8.0,,1.0,1
6231,1,8.0,8.0,,1.0,1
6232,1,8.0,8.0,,,0
6233,1,8.0,8.0,,,0
6235,1,8.0,8.0,,,0
6236,1,8.0,8.0,,1.0,1
6240,1,8.0,8.0,,1.0,1
6242,1,8.0,8.0,,1.0,1
6245,1,8.0,8.0,,1.0,1
6249,1,8.0,8.0,,1.0,1
6250,1,8.0,8.0,,1.0,1
6251,1,8.0,8.0,,1.0,1
6259,1,8.0,8.0,,,0
6265,1,8.0,8.0,,1.0,1
6266,1,8.0,8.0,,1.0,1
6269,1,8.0,8.0,,,0
6278,1,8.0,8.0,,1.0,1
6281,1,8.0,8.0,,1.0,1
6287,1,8.0,8.0,,,0
6288,1,8.0,8.0,,1.0,1
6299,1,8.0,8.0,,1.0,1
6300,1,8.0,8.0,,,0
6301,1,8.0,8.0,,1.0,1
6303,1,8.0,8.0,,1.0,1
6304,1,8.0,8.0,,1.0,1
6305,1,8.0,8.0,,,0
6310,1,8.0,8.0,,,0
6312,1,8.0,8.0,,,0
6315,1,8.0,8.0,,,0
6316,1,8.0,8.0,,1.0,1
6319,1,8.0,8.0,,1.0,1
6320,1,8.0,8.0,,1.0,1
6328,1,8.0,8.0,,,0
6329,1,8.0,8.0,,,0
6332,1,8.0,8.0,,1.0,1
6333,1,8.0,8.0,,1.0,1
6334,1,8.0,8.0,,1.0,1
6335,1,8.0,8.0,,1.0,1
6336,1,8.0,8.0,,1.0,1
6337,1,8.0,8.0,,1.0,1
6338,1,8.0,8.0,,1.0,1
6339,1,8.0,8.0,,1.0,1
6340,1,8.0,8.0,,1.0,1
6341,1,8.0,8.0,,1.0,1
6344,1,8.0,8.0,,,0
6347,1,8.0,8.0,,1.0,1
6349,1,8.0,8.0,,1.0,1
6353,1,8.0,8.0,,1.0,1
6354,1,8.0,8.0,,,0
6356,1,8.0,8.0,,1.0,1
6359,1,8.0,8.0,,,0
6360,1,8.0,8.0,,1.0,1
6361,1,8.0,8.0,,1.0,1
6365,1,8.0,8.0,,1.0,1
6368,1,8.0,8.0,,1.0,1
6370,1,8.0,8.0,,1.0,1
6380,1,11.313708305358887,8.0,,,0
6383,1,8.0,8.0,,1.0,1
6384,1,8.0,8.0,,1.0,1
6385,1,8.0,8.0,,1.0,1
6386,1,8.0,8.0,,1.0,1
6387,1,8.0,8.0,,1.0,1
6388,1,8.0,8.0,,1.0,1
6392,1,8.0,8.0,,,0
6393,1,8.0,8.0,,,0
6396,1,8.0,8.0,,,0
6397,1,8.0,8.0,,,0
6398,1,8.0,8.0,,,0
6399,1,8.0,8.0,,,0
6400,1,8.0,8.0,,1.0,1
6401,1,8.0,8.0,,,0
6403,1,8.0,8.0,,,0
6404,1,8.0,8.0,,,0
6406,1,8.0,8.0,,1.0,1
6407,1,8.0,8.0,,,0
6408,1,8.0,8.0,,,0
6409,1,8.0,8.0,,,0
6410,1,8.0,8.0,,1.0,1
6411,1,8.0,8.0,,,0
6412,1,8.0,8.0,,1.0,1
6413,1,8.0,8.0,,,0
6414,1,8.0,8.0,,1.0,1
6415,1,8.0,8.0,,,0
6416,1,8.0,8.0,,1.0,1
6417,1,8.0,8.0,,1.0,1
6418,1,8.0,8.0,,1.0,1
6419,1,8.0,8.0,,1.0,1
6420,1,8.0,8.0,,1.0,1
6421,1,8.0,8.0,,,0
6422,1,8.0,8.0,,,0
6423,1,8.0,8.0,,1.0,1
6424,1,8.0,8.0,,,0
6425,1,8.0,8.0,,1.0,1
6426,1,8.0,8.0,,,0
6427,1,8.0,8.0,,,0
6428,1,8.0,8.0,,,0
6431,1,8.0,8.0,,,0
6432,1,8.0,8.0,,,0
6433,1,8.0,8.0,,1.0,1
6434,1,8.0,8.0,,,0
6435,1,8.0,8.0,,1.0,1
6436,1,8.0,8.0,,,0
6437,1,8.0,8.0,,,0
6438,1,8.0,8.0,,,0
6439,1,8.0,8.0,,1.0,1
6440,1,8.0,8.0,,,0
6441,1,8.0,8.0,,,0
6442,1,8.0,8.0,,,0
6443,1,8.0,8.0,,1.0,1
6447,1,8.0,8.0,,,0
6448,1,8.0,8.0,,1.0,1
6455,1,8.0,8.0,,1.0,1
6463,1,8.0,8.0,,,0
6465,1,8.0,8.0,,1.0,1
6466,1,8.0,8.0,,1.0,1
6477,1,8.0,8.0,,1.0,1
6478,1,8.0,8.0,,1.0,1
6479,1,8.0,8.0,,1.0,1
6482,1,8.0,8.0,,1.0,1
6484,1,8.0,8.0,,1.0,1
6485,1,8.0,8.0,,1.0,1
6489,1,8.0,8.0,,1.0,1
6490,1,8.0,8.0,,,0
6495,1,8.0,8.0,,1.0,1
6496,1,8.0,8.0,,,0
6498,1,8.0,8.0,,1.0,1
6499,1,8.0,8.0,,1.0,1
6500,1,8.0,8.0,,1.0,1
6503,1,8.0,8.0,,1.0,1
6504,1,8.0,8.0,,1.0,1
6506,1,8.0,8.0,,,0
6507,1,8.0,8.0,,1.0,1
6508,1,8.0,8.0,,,0
6511,1,8.0,8.0,,,0
6513,1,8.0,8.0,,1.0,1
6514,1,8.0,8.0,,1.0,1
6515,1,8.0,8.0,,1.0,1
6521,1,8.0,8.0,,1.0,1
6524,1,8.0,8.0,,,0
6525,1,8.0,8.0,,1.0,1
6526,1,8.0,8.0,,,0
6527,1,8.0,8.0,,1.0,1
6528,1,8.0,8.0,,1.0,1
6529,1,8.0,8.0,,1.0,1
6530,1,8.0,8.0,,1.0,1
6531,1,8.0,8.0,,1.0,1
6532,1,8.0,8.0,,1.0,1
6533,1,8.0,8.0,,1.0,1
6534,1,8.0,8.0,,1.0,1
6535,1,8.0,8.0,,1.0,1
6536,1,8.0,8.0,,1.0,1
6537,1,8.0,8.0,,1.0,1
6538,1,8.0,8.0,,1.0,1
6540,1,8.0,8.0,,,0
6542,1,8.0,8.0,,1.0,1
6543,1,8.0,8.0,,1.0,1
6545,1,8.0,8.0,,1.0,1
6546,1,8.0,8.0,,1.0,1
6548,1,8.0,8.0,,,0
6549,1,8.0,8.0,,1.0,1
6551,1,8.0,8.0,,1.0,1
6554,1,8.0,8.0,,,0
6558,1,8.0,8.0,,,0
6559,1,8.0,8.0,,,0
6560,1,11.313708305358887,8.0,,,0
6561,1,8.0,8.0,,,0
6565,1,8.0,8.0,,,0
6566,1,8.0,8.0,,,0
6567,1,8.0,8.0,,,0
6568,1,8.0,8.0,,1.0,1
6569,1,8.0,8.0,,,0
6570,1,8.0,8.0,,1.0,1
6571,1,8.0,8.0,,1.0,1
6572,1,8.0,8.0,,1.0,1
6573,1,8.0,8.0,,1.0,1
6574,1,8.0,8.0,,1.0,1
6575,1,8.0,8.0,,1.0,1
6576,1,8.0,8.0,,1.0,1
6577,1,8.0,8.0,,,0
6578,1,8.0,8.0,,1.0,1
6579,1,8.0,8.0,,,0
6580,1,8.0,8.0,,1.0,1
6582,1,11.313708305358887,8.0,,,0
6583,1,8.0,8.0,,1.0,1
6584,1,8.0,8.0,,1.0,1
6585,1,8.0,8.0,,1.0,1
6586,1,8.0,8.0,,1.0,1
6587,1,8.0,8.0,,1.0,1
6588,1,8.0,8.0,,1.0,1
6589,1,8.0,8.0,,,0
6590,1,8.0,8.0,,1.0,1
6592,1,13.856406211853027,8.0,,,0
6593,1,8.0,8.0,,1.0,1
6595,1,8.0,8.0,,0.40824827560698684,1
6596,1,8.0,8.0,,0.5479029421228675,1
6597,1,8.0,8.0,,1.0,1
6598,1,8.0,8.0,,1.0,1
6599,1,8.0,8.0,,1.0,1
6600,1,8.0,8.0,,1.0,1
6601,1,8.0,8.0,,1.0,1
6603,1,8.0,8.0,,1.0,1
6604,1,11.313708305358887,8.0,,0.244256102771605,1
6606,1,8.0,8.0,,1.0,1
6607,1,8.0,8.0,,1.0,1
6608,1,8.0,8.0,,,0
6610,1,8.0,8.0,,1.0,1
6612,1,8.0,8.0,,1.0,1
6617,1,11.313708305358887,8.0,,0.25,1
6618,1,8.0,8.0,,0.3704838681824901,1
