node_id,kind_preprune,voxel_count,z,y,x,z_original_voxels,y_original_voxels,x_original_voxels,boundary_distance_original_voxels,degree,component_id,incident_edge_ids,kind_postprune
1,junction,3,3.0,23.666666666666668,27.666666666666668,12.0,94.66666666666667,110.66666666666667,12.0,3,1,1;2;3,junction
2,junction,1,3.0,28.0,32.0,12.0,112.0,128.0,12.0,3,1,3;4;5,junction
3,junction,2,3.0,30.5,34.5,12.0,122.0,138.0,12.0,4,1,5;6;7;8,junction
4,junction,1,3.0,162.0,42.0,12.0,648.0,168.0,12.0,3,1,9;10;11,junction
5,junction,3,3.0,169.33333333333334,35.666666666666664,12.0,677.3333333333334,142.66666666666666,12.0,3,1,11;12;13,junction
6,junction,1,3.0,171.0,33.0,12.0,684.0,132.0,12.0,3,1,12;14;15,junction
7,junction,4,4.0,24.25,178.5,16.0,97.0,714.0,16.0,4,1,16;17;18;19,junction
8,junction,1,4.0,24.0,25.0,16.0,96.0,100.0,16.0,3,1,2;20;21,junction
9,junction,1,4.0,24.0,122.0,16.0,96.0,488.0,16.0,3,1,22;23;24,junction
10,junction,3,4.333333333333333,26.333333333333332,43.666666666666664,17.333333333333332,105.33333333333333,174.66666666666666,17.333333333333332,3,1,25;26;27,junction
11,junction,1,4.0,26.0,52.0,16.0,104.0,208.0,16.0,3,1,28;29;30,junction
12,junction,1,4.0,26.0,133.0,16.0,104.0,532.0,16.0,3,1,31;32;33,junction
13,junction,3,4.0,27.666666666666668,174.33333333333334,16.0,110.66666666666667,697.3333333333334,16.0,3,1,18;34;35,junction
14,junction,1,4.0,30.0,113.0,16.0,120.0,452.0,16.0,3,1,36;37;38,junction
15,junction,1,4.0,31.0,100.0,16.0,124.0,400.0,16.0,3,1,39;40;41,junction
16,junction,1,4.0,32.0,45.0,16.0,128.0,180.0,16.0,3,1,26;42;43,junction
17,junction,3,4.0,32.333333333333336,152.66666666666666,16.0,129.33333333333334,610.6666666666666,16.0,3,1,44;45;46,junction
18,junction,5,4.0,33.0,170.0,16.0,132.0,680.0,16.0,5,1,35;47;48;49;50,junction
19,junction,1,4.0,33.0,82.0,16.0,132.0,328.0,16.0,3,1,51;52;53,junction
20,junction,3,4.0,34.666666666666664,166.33333333333334,16.0,138.66666666666666,665.3333333333334,16.0,3,1,48;54;55,junction
21,junction,3,4.0,35.666666666666664,37.666666666666664,16.0,142.66666666666666,150.66666666666666,16.0,3,1,8;56;57,junction
22,junction,3,4.0,35.333333333333336,55.333333333333336,16.0,141.33333333333334,221.33333333333334,16.0,3,1,30;58;59,junction
23,junction,7,4.857142857142857,36.714285714285715,73.71428571428571,19.428571428571427,146.85714285714286,294.85714285714283,19.428571428571427,6,1,60;61;62;63;64;65,junction
24,junction,1,4.0,36.0,43.0,16.0,144.0,172.0,16.0,3,1,43;66;67,junction
25,junction,1,4.0,38.0,40.0,16.0,152.0,160.0,16.0,3,1,57;68;69,junction
26,junction,3,4.0,38.666666666666664,42.666666666666664,16.0,154.66666666666666,170.66666666666666,16.0,3,1,67;69;70,junction
27,junction,3,4.0,38.333333333333336,84.33333333333333,16.0,153.33333333333334,337.3333333333333,16.0,3,1,53;71;72,junction
28,junction,1,4.0,39.0,175.0,16.0,156.0,700.0,16.0,3,1,73;74;75,junction
29,junction,1,4.0,40.0,163.0,16.0,160.0,652.0,16.0,3,1,55;73;76,junction
30,junction,1,4.0,42.0,46.0,16.0,168.0,184.0,16.0,3,1,70;77;78,junction
31,junction,1,4.0,42.0,71.0,16.0,168.0,284.0,16.0,3,1,62;79;80,junction
32,junction,1,4.0,45.0,49.0,16.0,180.0,196.0,16.0,4,1,78;81;82;83,junction
33,junction,1,4.0,49.0,182.0,16.0,196.0,728.0,16.0,3,1,84;85;86,junction
34,junction,1,4.0,51.0,54.0,16.0,204.0,216.0,16.0,3,1,83;87;88,junction
35,junction,1,4.0,51.0,67.0,16.0,204.0,268.0,16.0,3,1,80;89;90,junction
36,junction,4,4.25,52.25,56.75,17.0,209.0,227.0,17.0,4,1,59;88;91;92,junction
37,junction,2,4.5,55.0,33.5,18.0,220.0,134.0,18.0,4,1,93;94;95;96,junction
38,junction,2,4.0,55.5,59.5,16.0,222.0,238.0,16.0,4,1,91;97;98;99,junction
39,junction,1,4.0,57.0,38.0,16.0,228.0,152.0,16.0,3,1,95;100;101,junction
40,junction,5,4.0,58.0,63.6,16.0,232.0,254.4,16.0,5,1,90;99;102;103;104,junction
41,junction,1,4.0,61.0,174.0,16.0,244.0,696.0,16.0,3,1,105;106;107,junction
42,junction,3,4.0,65.66666666666667,64.66666666666667,16.0,262.6666666666667,258.6666666666667,16.0,3,1,104;108;109,junction
43,junction,1,4.0,67.0,62.0,16.0,268.0,248.0,16.0,3,1,108;110;111,junction
44,junction,4,4.5,68.0,44.25,18.0,272.0,177.0,18.0,5,1,112;113;114;115;116,junction
45,junction,1,4.0,71.0,70.0,16.0,284.0,280.0,16.0,3,1,109;117;118,junction
46,junction,1,4.0,72.0,48.0,16.0,288.0,192.0,16.0,3,1,113;119;120,junction
47,junction,1,4.0,72.0,62.0,16.0,288.0,248.0,16.0,3,1,121;122;123,junction
48,junction,1,4.0,73.0,71.0,16.0,292.0,284.0,16.0,3,1,118;123;124,junction
49,junction,1,4.0,74.0,50.0,16.0,296.0,200.0,16.0,3,1,120;125;126,junction
50,junction,1,4.0,76.0,44.0,16.0,304.0,176.0,16.0,3,1,126;127;128,junction
51,junction,1,4.0,81.0,54.0,16.0,324.0,216.0,16.0,3,1,129;130;131,junction
52,junction,3,4.333333333333333,83.66666666666667,169.66666666666666,17.333333333333332,334.6666666666667,678.6666666666666,17.333333333333332,3,1,132;133;134,junction
53,junction,1,4.0,86.0,175.0,16.0,344.0,700.0,16.0,3,1,133;135;136,junction
54,junction,1,4.0,88.0,47.0,16.0,352.0,188.0,16.0,3,1,137;138;139,junction
55,junction,1,4.0,90.0,51.0,16.0,360.0,204.0,16.0,3,1,139;140;141,junction
56,junction,3,4.333333333333333,92.66666666666667,35.333333333333336,17.333333333333332,370.6666666666667,141.33333333333334,17.333333333333332,3,1,142;143;144,junction
57,junction,6,5.666666666666667,95.5,71.16666666666667,22.666666666666668,382.0,284.6666666666667,22.666666666666668,5,1,145;146;147;148;149,junction
58,junction,3,4.0,99.66666666666667,173.33333333333334,16.0,398.6666666666667,693.3333333333334,16.0,3,1,150;151;152,junction
59,junction,1,4.0,100.0,62.0,16.0,400.0,248.0,16.0,3,1,153;154;155,junction
60,junction,1,4.0,103.0,53.0,16.0,412.0,212.0,16.0,3,1,155;156;157,junction
61,junction,1,4.0,105.0,47.0,16.0,420.0,188.0,16.0,3,1,157;158;159,junction
62,junction,1,4.0,105.0,178.0,16.0,420.0,712.0,16.0,3,1,160;161;162,junction
63,junction,1,4.0,111.0,39.0,16.0,444.0,156.0,16.0,3,1,163;164;165,junction
64,junction,3,4.0,111.33333333333333,101.66666666666667,16.0,445.3333333333333,406.6666666666667,16.0,3,1,166;167;168,junction
65,junction,1,4.0,113.0,76.0,16.0,452.0,304.0,16.0,3,1,169;170;171,junction
66,junction,5,4.2,114.8,94.8,16.8,459.2,379.2,16.8,5,1,166;172;173;174;175,junction
67,junction,1,4.0,116.0,85.0,16.0,464.0,340.0,16.0,3,1,171;176;177,junction
68,junction,1,4.0,116.0,108.0,16.0,464.0,432.0,16.0,3,1,178;179;180,junction
69,junction,5,4.2,119.6,86.4,16.8,478.4,345.6,16.8,5,1,173;177;181;182;183,junction
70,junction,3,4.0,120.33333333333333,112.33333333333333,16.0,481.3333333333333,449.3333333333333,16.0,3,1,180;184;185,junction
71,junction,1,4.0,122.0,69.0,16.0,488.0,276.0,16.0,3,1,186;187;188,junction
72,junction,1,4.0,123.0,88.0,16.0,492.0,352.0,16.0,3,1,181;189;190,junction
73,junction,3,4.0,123.66666666666667,112.33333333333333,16.0,494.6666666666667,449.3333333333333,16.0,3,1,185;191;192,junction
74,junction,6,4.0,124.5,121.5,16.0,498.0,486.0,16.0,4,1,184;193;194;195,junction
75,junction,3,4.0,127.33333333333333,126.33333333333333,16.0,509.3333333333333,505.3333333333333,16.0,3,1,194;196;197,junction
76,junction,1,4.0,127.0,149.0,16.0,508.0,596.0,16.0,3,1,198;199;200,junction
77,junction,1,4.0,129.0,77.0,16.0,516.0,308.0,16.0,3,1,201;202;203,junction
78,junction,7,4.142857142857143,130.57142857142858,132.0,16.571428571428573,522.2857142857143,528.0,16.571428571428573,7,1,196;204;205;206;207;208;209,junction
79,junction,1,4.0,130.0,47.0,16.0,520.0,188.0,16.0,3,1,210;211;212,junction
80,junction,1,4.0,130.0,110.0,16.0,520.0,440.0,16.0,3,1,191;213;214,junction
81,junction,1,4.0,130.0,142.0,16.0,520.0,568.0,16.0,3,1,199;215;216,junction
82,junction,1,4.0,130.0,155.0,16.0,520.0,620.0,16.0,3,1,217;218;219,junction
83,junction,5,4.4,131.0,152.0,17.6,524.0,608.0,17.6,4,1,216;218;220;221,junction
84,junction,1,4.0,132.0,43.0,16.0,528.0,172.0,16.0,3,1,212;222;223,junction
85,junction,6,4.333333333333333,132.5,75.16666666666667,17.333333333333332,530.0,300.6666666666667,17.333333333333332,7,1,203;224;225;226;227;228;229,junction
86,junction,1,4.0,132.0,138.0,16.0,528.0,552.0,16.0,3,1,215;230;231,junction
87,junction,1,4.0,133.0,136.0,16.0,532.0,544.0,16.0,3,1,206;230;232,junction
88,junction,6,4.166666666666667,136.5,84.5,16.666666666666668,546.0,338.0,16.666666666666668,5,1,189;233;234;235;236,junction
89,junction,1,4.0,136.0,69.0,16.0,544.0,276.0,16.0,3,1,226;237;238,junction
90,junction,1,4.0,136.0,137.0,16.0,544.0,548.0,16.0,3,1,232;239;240,junction
91,junction,6,4.5,138.5,66.66666666666667,18.0,554.0,266.6666666666667,18.0,6,1,238;241;242;243;244;245,junction
92,junction,2,4.5,138.5,143.5,18.0,554.0,574.0,18.0,4,1,231;246;247;248,junction
93,junction,7,4.0,142.0,147.57142857142858,16.0,568.0,590.2857142857143,16.0,6,1,246;249;250;251;252;253,junction
94,junction,1,4.0,144.0,53.0,16.0,576.0,212.0,16.0,3,1,254;255;256,junction
95,junction,1,4.0,145.0,60.0,16.0,580.0,240.0,16.0,3,1,241;255;257,junction
96,junction,1,4.0,146.0,122.0,16.0,584.0,488.0,16.0,3,1,258;259;260,junction
97,junction,9,4.222222222222222,146.66666666666666,152.33333333333334,16.88888888888889,586.6666666666666,609.3333333333334,16.88888888888889,6,1,253;261;262;263;264;265,junction
98,junction,1,4.0,148.0,57.0,16.0,592.0,228.0,16.0,3,1,257;266;267,junction
99,junction,3,4.0,150.33333333333334,155.33333333333334,16.0,601.3333333333334,621.3333333333334,16.0,3,1,262;268;269,junction
100,junction,2,4.5,150.5,54.5,18.0,602.0,218.0,18.0,4,1,266;270;271;272,junction
101,junction,1,4.0,153.0,157.0,16.0,612.0,628.0,16.0,3,1,269;273;274,junction
102,junction,3,4.0,156.33333333333334,49.666666666666664,16.0,625.3333333333334,198.66666666666666,16.0,3,1,270;275;276,junction
103,junction,2,4.0,157.5,46.5,16.0,630.0,186.0,16.0,4,1,10;275;277;278,junction
104,junction,1,4.0,158.0,164.0,16.0,632.0,656.0,16.0,3,1,274;279;280,junction
105,junction,3,4.0,160.33333333333334,166.33333333333334,16.0,641.3333333333334,665.3333333333334,16.0,3,1,280;281;282,junction
106,junction,2,4.5,160.5,65.5,18.0,642.0,262.0,18.0,4,1,242;283;284;285,junction
107,junction,1,4.0,161.0,169.0,16.0,644.0,676.0,16.0,3,1,281;286;287,junction
108,junction,4,4.25,169.75,171.5,17.0,679.0,686.0,17.0,4,1,282;288;289;290,junction
109,junction,1,5.0,22.0,118.0,20.0,88.0,472.0,20.0,3,1,291;292;293,junction
110,junction,1,5.0,22.0,156.0,20.0,88.0,624.0,20.0,3,1,45;294;295,junction
111,junction,3,5.666666666666667,24.666666666666668,67.66666666666667,22.666666666666668,98.66666666666667,270.6666666666667,22.666666666666668,3,1,79;296;297,junction
112,junction,1,5.0,25.0,86.0,20.0,100.0,344.0,20.0,3,1,71;298;299,junction
113,junction,1,5.0,26.0,110.0,20.0,104.0,440.0,20.0,3,1,300;301;302,junction
114,junction,1,5.0,29.0,63.0,20.0,116.0,252.0,20.0,3,1,303;304;305,junction
115,junction,2,5.0,29.5,125.5,20.0,118.0,502.0,20.0,4,1,23;306;307;308,junction
116,junction,4,6.0,29.0,166.25,24.0,116.0,665.0,24.0,4,1,54;309;310;311,junction
117,junction,2,5.0,32.5,134.5,20.0,130.0,538.0,20.0,4,1,33;312;313;314,junction
118,junction,4,5.25,33.5,95.0,21.0,134.0,380.0,21.0,4,1,315;316;317;318,junction
119,junction,3,5.333333333333333,34.333333333333336,108.0,21.333333333333332,137.33333333333334,432.0,21.333333333333332,3,1,319;320;321,junction
120,junction,3,5.333333333333333,34.333333333333336,114.0,21.333333333333332,137.33333333333334,456.0,21.333333333333332,3,1,291;322;323,junction
121,junction,1,5.0,35.0,144.0,20.0,140.0,576.0,20.0,3,1,324;325;326,junction
122,junction,1,5.0,36.0,35.0,20.0,144.0,140.0,20.0,3,1,56;327;328,junction
123,junction,1,5.0,36.0,157.0,20.0,144.0,628.0,20.0,3,1,329;330;331,junction
124,junction,3,5.666666666666667,36.666666666666664,50.333333333333336,22.666666666666668,146.66666666666666,201.33333333333334,22.666666666666668,4,1,332;333;334;335,junction
125,junction,1,5.0,37.0,109.0,20.0,148.0,436.0,20.0,3,1,301;320;336,junction
126,junction,1,5.0,37.0,142.0,20.0,148.0,568.0,20.0,3,1,326;337;338,junction
127,junction,2,5.5,37.5,114.5,22.0,150.0,458.0,22.0,4,1,322;339;340;341,junction
128,junction,2,5.5,39.5,49.5,22.0,158.0,198.0,22.0,4,1,81;332;342;343,junction
129,junction,1,5.0,39.0,93.0,20.0,156.0,372.0,20.0,3,1,316;344;345,junction
130,junction,2,5.5,38.5,136.5,22.0,154.0,546.0,22.0,5,1,313;346;347;348;349,junction
131,junction,3,5.0,40.333333333333336,110.33333333333333,20.0,161.33333333333334,441.3333333333333,20.0,3,1,38;336;350,junction
132,junction,6,5.0,42.666666666666664,158.83333333333334,20.0,170.66666666666666,635.3333333333334,20.0,4,1,76;351;352;353,junction
133,junction,3,5.333333333333333,43.333333333333336,83.66666666666667,21.333333333333332,173.33333333333334,334.6666666666667,21.333333333333332,3,1,72;354;355,junction
134,junction,1,5.0,45.0,92.0,20.0,180.0,368.0,20.0,3,1,344;356;357,junction
135,junction,3,5.0,45.333333333333336,138.33333333333334,20.0,181.33333333333334,553.3333333333334,20.0,3,1,346;358;359,junction
136,junction,1,5.0,45.0,165.0,20.0,180.0,660.0,20.0,3,1,360;361;362,junction
137,junction,1,5.0,46.0,82.0,20.0,184.0,328.0,20.0,3,1,354;363;364,junction
138,junction,1,5.0,46.0,155.0,20.0,184.0,620.0,20.0,3,1,352;365;366,junction
139,junction,4,6.0,47.25,61.25,24.0,189.0,245.0,24.0,5,1,98;304;367;368;369,junction
140,junction,4,6.0,47.0,128.5,24.0,188.0,514.0,24.0,4,1,370;371;372;373,junction
141,junction,1,5.0,48.0,161.0,20.0,192.0,644.0,20.0,3,1,360;374;375,junction
142,junction,3,5.0,49.666666666666664,154.33333333333334,20.0,198.66666666666666,617.3333333333334,20.0,3,1,366;376;377,junction
143,junction,1,5.0,50.0,41.0,20.0,200.0,164.0,20.0,3,1,87;378;379,junction
144,junction,3,5.333333333333333,50.333333333333336,84.33333333333333,21.333333333333332,201.33333333333334,337.3333333333333,21.333333333333332,3,1,364;380;381,junction
145,junction,1,5.0,50.0,111.0,20.0,200.0,444.0,20.0,3,1,340;382;383,junction
146,junction,1,5.0,50.0,158.0,20.0,200.0,632.0,20.0,3,1,85;374;377,junction
147,junction,1,5.0,51.0,127.0,20.0,204.0,508.0,20.0,3,1,370;384;385,junction
148,junction,3,5.0,54.333333333333336,149.33333333333334,20.0,217.33333333333334,597.3333333333334,20.0,4,1,376;386;387;388,junction
149,junction,1,5.0,56.0,51.0,20.0,224.0,204.0,20.0,4,1,97;100;389;390,junction
150,junction,3,5.0,57.666666666666664,147.33333333333334,20.0,230.66666666666666,589.3333333333334,20.0,3,1,388;391;392,junction
151,junction,1,5.0,58.0,157.0,20.0,232.0,628.0,20.0,3,1,106;393;394,junction
152,junction,1,5.0,59.0,87.0,20.0,236.0,348.0,20.0,3,1,380;395;396,junction
153,junction,3,5.0,59.666666666666664,144.33333333333334,20.0,238.66666666666666,577.3333333333334,20.0,3,1,391;397;398,junction
154,junction,3,5.333333333333333,60.0,50.666666666666664,21.333333333333332,240.0,202.66666666666666,21.333333333333332,3,1,102;399;400,junction
155,junction,1,5.0,60.0,105.0,20.0,240.0,420.0,20.0,3,1,401;402;403,junction
156,junction,1,5.0,60.0,109.0,20.0,240.0,436.0,20.0,3,1,383;404;405,junction
157,junction,2,5.5,61.5,71.5,22.0,246.0,286.0,22.0,4,1,117;406;407;408,junction
158,junction,3,5.0,62.666666666666664,142.33333333333334,20.0,250.66666666666666,569.3333333333334,20.0,3,1,398;409;410,junction
159,junction,2,5.5,62.5,107.5,22.0,250.0,430.0,22.0,4,1,403;405;411;412,junction
160,junction,1,5.0,63.0,129.0,20.0,252.0,516.0,20.0,3,1,385;413;414,junction
161,junction,1,5.0,65.0,180.0,20.0,260.0,720.0,20.0,3,1,415;416;417,junction
162,junction,4,5.0,67.25,135.5,20.0,269.0,542.0,20.0,4,1,418;419;420;421,junction
163,junction,1,5.0,66.0,139.0,20.0,264.0,556.0,20.0,3,1,409;421;422,junction
164,junction,5,5.2,67.0,165.0,20.8,268.0,660.0,20.8,4,1,415;423;424;425,junction
165,junction,7,6.714285714285714,67.14285714285714,147.42857142857142,26.857142857142858,268.57142857142856,589.7142857142857,26.857142857142858,5,1,422;426;427;428;429,junction
166,junction,1,5.0,68.0,98.0,20.0,272.0,392.0,20.0,3,1,430;431;432,junction
167,junction,1,5.0,68.0,130.0,20.0,272.0,520.0,20.0,3,1,413;433;434,junction
168,junction,6,5.166666666666667,70.33333333333333,107.16666666666667,20.666666666666668,281.3333333333333,428.6666666666667,20.666666666666668,5,1,411;435;436;437;438,junction
169,junction,1,5.0,69.0,156.0,20.0,276.0,624.0,20.0,3,1,423;439;440,junction
170,junction,4,5.0,70.75,132.0,20.0,283.0,528.0,20.0,5,1,420;434;441;442;443,junction
171,junction,1,5.0,72.0,36.0,20.0,288.0,144.0,20.0,3,1,119;444;445,junction
172,junction,1,5.0,72.0,148.0,20.0,288.0,592.0,20.0,3,1,439;441;446,junction
173,junction,3,5.333333333333333,72.0,173.66666666666666,21.333333333333332,288.0,694.6666666666666,21.333333333333332,3,1,447;448;449,junction
174,junction,1,5.0,73.0,52.0,20.0,292.0,208.0,20.0,3,1,122;125;450,junction
175,junction,3,5.0,74.66666666666667,130.33333333333334,20.0,298.6666666666667,521.3333333333334,20.0,3,1,443;451;452,junction
176,junction,1,5.0,75.0,106.0,20.0,300.0,424.0,20.0,3,1,437;453;454,junction
177,junction,4,5.25,77.0,74.0,21.0,308.0,296.0,21.0,5,1,124;455;456;457;458,junction
178,junction,1,5.0,77.0,91.0,20.0,308.0,364.0,20.0,3,1,396;459;460,junction
179,junction,5,5.8,76.8,94.4,23.2,307.2,377.6,23.2,5,1,431;461;462;463;464,junction
180,junction,1,5.0,77.0,115.0,20.0,308.0,460.0,20.0,3,1,465;466;467,junction
181,junction,1,5.0,77.0,128.0,20.0,308.0,512.0,20.0,3,1,451;468;469,junction
182,junction,4,5.5,80.0,68.75,22.0,320.0,275.0,22.0,4,1,130;456;470;471,junction
183,junction,1,5.0,80.0,80.0,20.0,320.0,320.0,20.0,3,1,457;472;473,junction
184,junction,3,5.0,81.33333333333333,105.33333333333333,20.0,325.3333333333333,421.3333333333333,20.0,3,1,474;475;476,junction
185,junction,4,5.25,83.25,83.0,21.0,333.0,332.0,21.0,4,1,473;477;478;479,junction
186,junction,1,5.0,82.0,148.0,20.0,328.0,592.0,20.0,3,1,480;481;482,junction
187,junction,1,5.0,84.0,86.0,20.0,336.0,344.0,20.0,3,1,478;483;484,junction
188,junction,1,5.0,84.0,93.0,20.0,336.0,372.0,20.0,3,1,460;461;485,junction
189,junction,1,5.0,84.0,116.0,20.0,336.0,464.0,20.0,3,1,467;486;487,junction
190,junction,1,5.0,85.0,124.0,20.0,340.0,496.0,20.0,3,1,469;488;489,junction
191,junction,1,5.0,85.0,155.0,20.0,340.0,620.0,20.0,3,1,482;490;491,junction
192,junction,1,5.0,86.0,132.0,20.0,344.0,528.0,20.0,3,1,481;492;493,junction
193,junction,1,5.0,87.0,62.0,20.0,348.0,248.0,20.0,3,1,494;495;496,junction
194,junction,3,5.333333333333333,87.66666666666667,75.33333333333333,21.333333333333332,350.6666666666667,301.3333333333333,21.333333333333332,3,1,495;497;498,junction
195,junction,1,5.0,87.0,89.0,20.0,348.0,356.0,20.0,3,1,484;499;500,junction
196,junction,1,5.0,88.0,136.0,20.0,352.0,544.0,20.0,3,1,493;501;502,junction
197,junction,1,5.0,89.0,79.0,20.0,356.0,316.0,20.0,3,1,497;499;503,junction
198,junction,4,5.0,90.0,93.0,20.0,360.0,372.0,20.0,5,1,485;500;504;505;506,junction
199,junction,1,5.0,89.0,120.0,20.0,356.0,480.0,20.0,3,1,488;507;508,junction
200,junction,1,5.0,89.0,182.0,20.0,356.0,728.0,20.0,3,1,136;509;510,junction
201,junction,3,5.333333333333333,90.33333333333333,109.33333333333333,21.333333333333332,361.3333333333333,437.3333333333333,21.333333333333332,3,1,511;512;513,junction
202,junction,1,5.0,91.0,59.0,20.0,364.0,236.0,20.0,3,1,147;514;515,junction
203,junction,1,5.0,92.0,55.0,20.0,368.0,220.0,20.0,4,1,141;514;516;517,junction
204,junction,1,5.0,92.0,117.0,20.0,368.0,468.0,20.0,3,1,487;508;518,junction
205,junction,1,5.0,93.0,52.0,20.0,372.0,208.0,20.0,3,1,143;516;519,junction
206,junction,3,5.0,94.66666666666667,97.33333333333333,20.0,378.6666666666667,389.3333333333333,20.0,4,1,506;520;521;522,junction
207,junction,5,6.8,94.6,115.8,27.2,378.4,463.2,27.2,6,1,518;523;524;525;526;527,junction
208,junction,1,5.0,96.0,113.0,20.0,384.0,452.0,20.0,3,1,524;528;529,junction
209,junction,2,5.0,97.5,102.5,20.0,390.0,410.0,20.0,4,1,522;530;531;532,junction
210,junction,5,6.0,98.2,69.0,24.0,392.8,276.0,24.0,4,1,146;154;533;534,junction
211,junction,3,5.0,98.66666666666667,108.33333333333333,20.0,394.6666666666667,433.3333333333333,20.0,3,1,512;528;535,junction
212,junction,3,5.333333333333333,98.33333333333333,118.33333333333333,21.333333333333332,393.3333333333333,473.3333333333333,21.333333333333332,4,1,529;536;537;538,junction
213,junction,8,5.0,102.0,105.125,20.0,408.0,420.5,20.0,6,1,531;535;539;540;541;542,junction
214,junction,3,5.0,101.66666666666667,166.33333333333334,20.0,406.6666666666667,665.3333333333334,20.0,3,1,543;544;545,junction
215,junction,1,5.0,102.0,171.0,20.0,408.0,684.0,20.0,3,1,151;160;545,junction
216,junction,3,5.333333333333333,105.0,84.0,21.333333333333332,420.0,336.0,21.333333333333332,5,1,546;547;548;549;550,junction
217,junction,1,5.0,104.0,164.0,20.0,416.0,656.0,20.0,3,1,544;551;552,junction
218,junction,1,5.0,105.0,109.0,20.0,420.0,436.0,20.0,3,1,542;553;554,junction
219,junction,3,5.333333333333333,104.66666666666667,154.33333333333334,21.333333333333332,418.6666666666667,617.3333333333334,21.333333333333332,3,1,555;556;557,junction
220,junction,4,5.25,106.0,103.0,21.0,424.0,412.0,21.0,4,1,541;558;559;560,junction
221,junction,1,5.0,106.0,113.0,20.0,424.0,452.0,20.0,3,1,553;561;562,junction
222,junction,1,5.0,106.0,117.0,20.0,424.0,468.0,20.0,3,1,561;563;564,junction
223,junction,1,5.0,107.0,149.0,20.0,428.0,596.0,20.0,3,1,565;566;567,junction
224,junction,3,5.333333333333333,107.66666666666667,151.66666666666666,21.333333333333332,430.6666666666667,606.6666666666666,21.333333333333332,3,1,555;567;568,junction
225,junction,2,5.5,108.0,93.5,22.0,432.0,374.0,22.0,4,1,549;569;570;571,junction
226,junction,3,5.333333333333333,108.66666666666667,74.33333333333333,21.333333333333332,434.6666666666667,297.3333333333333,21.333333333333332,3,1,572;573;574,junction
227,junction,1,5.0,109.0,98.0,20.0,436.0,392.0,20.0,3,1,558;570;575,junction
228,junction,1,5.0,109.0,104.0,20.0,436.0,416.0,20.0,3,1,167;178;559,junction
229,junction,2,5.5,108.5,113.5,22.0,434.0,454.0,22.0,4,1,562;576;577;578,junction
230,junction,3,5.0,110.33333333333333,120.33333333333333,20.0,441.3333333333333,481.3333333333333,20.0,3,1,564;579;580,junction
231,junction,5,5.2,111.0,130.4,20.8,444.0,521.6,20.8,5,1,579;581;582;583;584,junction
232,junction,1,5.0,110.0,138.0,20.0,440.0,552.0,20.0,3,1,566;585;586,junction
233,junction,1,5.0,111.0,59.0,20.0,444.0,236.0,20.0,3,1,169;587;588,junction
234,junction,1,5.0,112.0,35.0,20.0,448.0,140.0,20.0,3,1,163;589;590,junction
235,junction,1,5.0,113.0,55.0,20.0,452.0,220.0,20.0,3,1,164;170;591,junction
236,junction,1,5.0,114.0,122.0,20.0,456.0,488.0,20.0,3,1,580;592;593,junction
237,junction,2,5.5,114.0,133.5,22.0,456.0,534.0,22.0,4,1,583;594;595;596,junction
238,junction,1,5.0,115.0,165.0,20.0,460.0,660.0,20.0,3,1,597;598;599,junction
239,junction,4,5.25,117.0,143.0,21.0,468.0,572.0,21.0,4,1,594;600;601;602,junction
240,junction,1,5.0,116.0,148.0,20.0,464.0,592.0,20.0,3,1,600;603;604,junction
241,junction,1,5.0,116.0,155.0,20.0,464.0,620.0,20.0,3,1,598;605;606,junction
242,junction,1,5.0,117.0,122.0,20.0,468.0,488.0,20.0,3,1,592;607;608,junction
243,junction,1,5.0,118.0,83.0,20.0,472.0,332.0,20.0,3,1,176;187;609,junction
244,junction,1,5.0,119.0,102.0,20.0,476.0,408.0,20.0,3,1,168;610;611,junction
245,junction,1,5.0,119.0,165.0,20.0,476.0,660.0,20.0,3,1,198;612;613,junction
246,junction,1,5.0,121.0,64.0,20.0,484.0,256.0,20.0,3,1,614;615;616,junction
247,junction,1,5.0,121.0,67.0,20.0,484.0,268.0,20.0,3,1,186;615;617,junction
248,junction,1,5.0,122.0,83.0,20.0,488.0,332.0,20.0,3,1,182;201;618,junction
249,junction,1,5.0,122.0,103.0,20.0,488.0,412.0,20.0,4,1,610;619;620;621,junction
250,junction,1,5.0,127.0,134.0,20.0,508.0,536.0,20.0,3,1,204;622;623,junction
251,junction,3,5.333333333333333,129.0,54.666666666666664,21.333333333333332,516.0,218.66666666666666,21.333333333333332,4,1,211;624;625;626,junction
252,junction,1,5.0,130.0,58.0,20.0,520.0,232.0,20.0,3,1,237;625;627,junction
253,junction,1,5.0,130.0,115.0,20.0,520.0,460.0,20.0,3,1,192;628;629,junction
254,junction,1,5.0,130.0,175.0,20.0,520.0,700.0,20.0,3,1,630;631;632,junction
255,junction,1,5.0,131.0,35.0,20.0,524.0,140.0,20.0,3,1,633;634;635,junction
256,junction,1,5.0,131.0,38.0,20.0,524.0,152.0,20.0,3,1,222;634;636,junction
257,junction,1,5.0,131.0,93.0,20.0,524.0,372.0,20.0,3,1,174;637;638,junction
258,junction,1,5.0,131.0,172.0,20.0,524.0,688.0,20.0,3,1,219;630;639,junction
259,junction,1,5.0,132.0,114.0,20.0,528.0,456.0,20.0,3,1,628;640;641,junction
260,junction,1,5.0,138.0,123.0,20.0,552.0,492.0,20.0,3,1,195;642;643,junction
261,junction,1,5.0,139.0,104.0,20.0,556.0,416.0,20.0,3,1,620;644;645,junction
262,junction,4,6.25,140.0,181.0,25.0,560.0,724.0,25.0,5,1,252;646;647;648;649,junction
263,junction,1,5.0,141.0,47.0,20.0,564.0,188.0,20.0,3,1,254;650;651,junction
264,junction,1,5.0,141.0,122.0,20.0,564.0,488.0,20.0,3,1,642;652;653,junction
265,junction,1,5.0,142.0,45.0,20.0,568.0,180.0,20.0,3,1,650;654;655,junction
266,junction,1,5.0,143.0,122.0,20.0,572.0,488.0,20.0,3,1,258;652;656,junction
267,junction,3,5.333333333333333,147.33333333333334,172.33333333333334,21.333333333333332,589.3333333333334,689.3333333333334,21.333333333333332,3,1,264;657;658,junction
268,junction,1,5.0,148.0,74.0,20.0,592.0,296.0,20.0,3,1,227;659;660,junction
269,junction,1,5.0,148.0,94.0,20.0,592.0,376.0,20.0,3,1,637;661;662,junction
270,junction,2,5.5,150.5,169.0,22.0,602.0,676.0,22.0,4,1,268;663;664;665,junction
271,junction,1,5.0,151.0,95.0,20.0,604.0,380.0,20.0,3,1,661;666;667,junction
272,junction,1,5.0,153.0,56.0,20.0,612.0,224.0,20.0,3,1,271;668;669,junction
273,junction,1,5.0,159.0,144.0,20.0,636.0,576.0,20.0,3,1,240;670;671,junction
274,junction,1,5.0,160.0,123.0,20.0,640.0,492.0,20.0,3,1,260;672;673,junction
275,junction,1,5.0,160.0,163.0,20.0,640.0,652.0,20.0,3,1,279;674;675,junction
276,junction,1,5.0,161.0,84.0,20.0,644.0,336.0,20.0,3,1,233;676;677,junction
277,junction,1,5.0,161.0,104.0,20.0,644.0,416.0,20.0,3,1,644;678;679,junction
278,junction,1,5.0,161.0,143.0,20.0,644.0,572.0,20.0,3,1,670;680;681,junction
279,junction,1,6.0,16.0,93.0,24.0,64.0,372.0,24.0,3,1,315;682;683,junction
280,junction,1,6.0,26.0,63.0,24.0,104.0,252.0,24.0,3,1,303;684;685,junction
281,junction,1,6.0,32.0,127.0,24.0,128.0,508.0,24.0,3,1,308;686;687,junction
282,junction,1,6.0,33.0,78.0,24.0,132.0,312.0,24.0,3,1,61;688;689,junction
283,junction,1,6.0,36.0,88.0,24.0,144.0,352.0,24.0,3,1,356;690;691,junction
284,junction,1,6.0,39.0,155.0,24.0,156.0,620.0,24.0,4,1,46;330;365;692,junction
285,junction,1,6.0,40.0,102.0,24.0,160.0,408.0,24.0,3,1,41;693;694,junction
286,junction,1,6.0,43.0,123.0,24.0,172.0,492.0,24.0,3,1,686;695;696,junction
287,junction,1,6.0,43.0,141.0,24.0,172.0,564.0,24.0,3,1,338;358;697,junction
288,junction,1,6.0,47.0,104.0,24.0,188.0,416.0,24.0,3,1,693;698;699,junction
289,junction,1,6.0,47.0,125.0,24.0,188.0,500.0,24.0,3,1,384;695;700,junction
290,junction,3,6.666666666666667,46.666666666666664,147.33333333333334,26.666666666666668,186.66666666666666,589.3333333333334,26.666666666666668,3,1,386;701;702,junction
291,junction,1,6.0,48.0,110.0,24.0,192.0,440.0,24.0,3,1,350;382;703,junction
292,junction,1,6.0,50.0,104.0,24.0,200.0,416.0,24.0,3,1,402;698;704,junction
293,junction,1,6.0,52.0,89.0,24.0,208.0,356.0,24.0,3,1,705;706;707,junction
294,junction,1,6.0,52.0,93.0,24.0,208.0,372.0,24.0,3,1,357;708;709,junction
295,junction,1,6.0,52.0,99.0,24.0,208.0,396.0,24.0,3,1,710;711;712,junction
296,junction,1,6.0,53.0,108.0,24.0,212.0,432.0,24.0,3,1,404;713;714,junction
297,junction,1,6.0,54.0,77.0,24.0,216.0,308.0,24.0,3,1,715;716;717,junction
298,junction,1,6.0,55.0,137.0,24.0,220.0,548.0,24.0,3,1,359;419;718,junction
299,junction,1,6.0,56.0,173.0,24.0,224.0,692.0,24.0,3,1,393;719;720,junction
300,junction,1,6.0,56.0,175.0,24.0,224.0,700.0,24.0,3,1,719;721;722,junction
301,junction,1,6.0,57.0,88.0,24.0,228.0,352.0,24.0,4,1,395;706;723;724,junction
302,junction,2,6.5,57.5,93.0,26.0,230.0,372.0,26.0,4,1,462;708;725;726,junction
303,junction,1,6.0,57.0,113.0,24.0,228.0,452.0,24.0,3,1,436;727;728,junction
304,junction,1,6.0,57.0,118.0,24.0,228.0,472.0,24.0,3,1,466;729;730,junction
305,junction,1,6.0,57.0,155.0,24.0,228.0,620.0,24.0,3,1,392;394;731,junction
306,junction,1,6.0,59.0,69.0,24.0,236.0,276.0,24.0,3,1,407;732;733,junction
307,junction,1,6.0,59.0,135.0,24.0,236.0,540.0,24.0,3,1,418;734;735,junction
308,junction,1,6.0,62.0,100.0,24.0,248.0,400.0,24.0,3,1,430;711;736,junction
309,junction,2,6.5,66.0,81.0,26.0,264.0,324.0,26.0,4,1,716;737;738;739,junction
310,junction,1,6.0,67.0,126.0,24.0,268.0,504.0,24.0,3,1,442;740;741,junction
311,junction,1,6.0,69.0,81.0,24.0,276.0,324.0,24.0,3,1,737;742;743,junction
312,junction,1,6.0,73.0,170.0,24.0,292.0,680.0,24.0,3,1,446;447;744,junction
313,junction,2,6.0,76.5,138.5,24.0,306.0,554.0,24.0,4,1,745;746;747;748,junction
314,junction,1,6.0,77.0,99.0,24.0,308.0,396.0,24.0,3,1,749;750;751,junction
315,junction,1,6.0,77.0,119.0,24.0,308.0,476.0,24.0,3,1,752;753;754,junction
316,junction,1,6.0,77.0,136.0,24.0,308.0,544.0,24.0,3,1,452;747;755,junction
317,junction,4,6.75,77.0,157.0,27.0,308.0,628.0,27.0,5,1,480;756;757;758;759,junction
318,junction,1,6.0,79.0,84.0,24.0,316.0,336.0,24.0,3,1,483;742;760,junction
319,junction,1,6.0,79.0,108.0,24.0,316.0,432.0,24.0,3,1,453;475;761,junction
320,junction,1,6.0,81.0,119.0,24.0,324.0,476.0,24.0,3,1,507;753;762,junction
321,junction,1,6.0,83.0,166.0,24.0,332.0,664.0,24.0,3,1,134;490;763,junction
322,junction,1,6.0,84.0,183.0,24.0,336.0,732.0,24.0,3,1,135;764;765,junction
323,junction,1,6.0,85.0,44.0,24.0,340.0,176.0,24.0,3,1,137;766;767,junction
324,junction,5,6.2,86.4,127.6,24.8,345.6,510.4,24.8,8,1,489;492;768;769;770;771;772;773,junction
325,junction,1,6.0,86.0,106.0,24.0,344.0,424.0,24.0,3,1,476;530;774,junction
326,junction,4,6.25,87.0,147.0,25.0,348.0,588.0,25.0,5,1,501;775;776;777;778,junction
327,junction,1,6.0,88.0,95.0,24.0,352.0,380.0,24.0,3,1,504;750;779,junction
328,junction,4,7.25,87.75,165.0,29.0,351.0,660.0,29.0,4,1,491;780;781;782,junction
329,junction,1,6.0,94.0,156.0,24.0,376.0,624.0,24.0,4,1,502;783;784;785,junction
330,junction,1,6.0,94.0,172.0,24.0,376.0,688.0,24.0,3,1,783;786;787,junction
331,junction,1,6.0,95.0,94.0,24.0,380.0,376.0,24.0,3,1,521;788;789,junction
332,junction,1,6.0,98.0,84.0,24.0,392.0,336.0,24.0,3,1,145;788;790,junction
333,junction,1,6.0,100.0,125.0,24.0,400.0,500.0,24.0,3,1,537;791;792,junction
334,junction,1,6.0,101.0,100.0,24.0,404.0,400.0,24.0,3,1,539;793;794,junction
335,junction,1,6.0,102.0,141.0,24.0,408.0,564.0,24.0,3,1,795;796;797,junction
336,junction,1,6.0,103.0,123.0,24.0,412.0,492.0,24.0,3,1,563;795;798,junction
337,junction,1,6.0,103.0,161.0,24.0,412.0,644.0,24.0,3,1,551;556;799,junction
338,junction,1,6.0,109.0,78.0,24.0,436.0,312.0,24.0,3,1,548;573;800,junction
339,junction,1,6.0,110.0,150.0,24.0,440.0,600.0,24.0,3,1,586;801;802,junction
340,junction,1,6.0,110.0,156.0,24.0,440.0,624.0,24.0,3,1,801;803;804,junction
341,junction,1,6.0,110.0,168.0,24.0,440.0,672.0,24.0,3,1,803;805;806,junction
342,junction,1,6.0,111.0,136.0,24.0,444.0,544.0,24.0,3,1,581;585;807,junction
343,junction,1,6.0,114.0,152.0,24.0,456.0,608.0,24.0,3,1,603;605;808,junction
344,junction,2,6.5,120.0,182.5,26.0,480.0,730.0,26.0,4,1,612;809;810;811,junction
345,junction,1,6.0,122.0,27.0,24.0,488.0,108.0,24.0,3,1,210;812;813,junction
346,junction,4,7.25,161.0,45.75,29.0,644.0,183.0,29.0,5,1,278;814;815;816;817,junction
347,junction,1,7.0,16.0,133.0,28.0,64.0,532.0,28.0,3,1,32;818;819,junction
348,junction,4,8.25,23.0,24.75,33.0,92.0,99.0,33.0,4,1,21;820;821;822,junction
349,junction,1,7.0,31.0,57.0,28.0,124.0,228.0,28.0,3,1,58;823;824,junction
350,junction,1,7.0,31.0,148.0,28.0,124.0,592.0,28.0,3,1,325;825;826,junction
351,junction,4,8.0,33.0,16.75,32.0,132.0,67.0,32.0,4,1,7;827;828;829,junction
352,junction,1,7.0,35.0,31.0,28.0,140.0,124.0,28.0,3,1,327;830;831,junction
353,junction,1,7.0,44.0,183.0,28.0,176.0,732.0,28.0,3,1,361;832;833,junction
354,junction,1,7.0,45.0,42.0,28.0,180.0,168.0,28.0,3,1,82;834;835,junction
355,junction,1,7.0,65.0,43.0,28.0,260.0,172.0,28.0,3,1,114;836;837,junction
356,junction,1,7.0,65.0,61.0,28.0,260.0,244.0,28.0,3,1,110;838;839,junction
357,junction,1,7.0,70.0,58.0,28.0,280.0,232.0,28.0,3,1,121;840;841,junction
358,junction,1,7.0,79.0,177.0,28.0,316.0,708.0,28.0,3,1,132;842;843,junction
359,junction,1,7.0,86.0,63.0,28.0,344.0,252.0,28.0,3,1,496;844;845,junction
360,junction,3,7.666666666666667,94.66666666666667,135.0,30.666666666666668,378.6666666666667,540.0,30.666666666666668,3,1,525;846;847,junction
361,junction,7,8.428571428571429,101.71428571428571,26.0,33.714285714285715,406.85714285714283,104.0,33.714285714285715,5,1,158;848;849;850;851,junction
362,junction,1,7.0,104.0,44.0,28.0,416.0,176.0,28.0,3,1,159;852;853,junction
363,junction,1,7.0,111.0,73.0,28.0,444.0,292.0,28.0,3,1,572;854;855,junction
364,junction,1,7.0,119.0,102.0,28.0,476.0,408.0,28.0,3,1,611;856;857,junction
365,junction,3,7.666666666666667,121.0,45.0,30.666666666666668,484.0,180.0,30.666666666666668,5,1,614;858;859;860;861,junction
366,junction,1,7.0,121.0,160.0,28.0,484.0,640.0,28.0,3,1,604;862;863,junction
367,junction,1,7.0,132.0,56.0,28.0,528.0,224.0,28.0,3,1,627;864;865,junction
368,junction,1,7.0,140.0,84.0,28.0,560.0,336.0,28.0,3,1,236;866;867,junction
369,junction,6,8.0,141.0,26.833333333333332,32.0,564.0,107.33333333333333,32.0,5,1,654;868;869;870;871,junction
370,junction,1,7.0,142.0,105.0,28.0,568.0,420.0,28.0,3,1,213;872;873,junction
371,junction,1,7.0,149.0,133.0,28.0,596.0,532.0,28.0,4,1,208;874;875;876,junction
372,junction,5,8.2,150.0,114.2,32.8,600.0,456.8,32.8,5,1,640;877;878;879;880,junction
373,junction,4,8.25,149.0,190.75,33.0,596.0,763.0,33.0,4,1,663;881;882;883,junction
374,junction,3,7.666666666666667,150.66666666666666,17.666666666666668,30.666666666666668,602.6666666666666,70.66666666666667,30.666666666666668,4,1,277;884;885;886,junction
375,junction,6,8.0,151.0,36.0,32.0,604.0,144.0,32.0,5,1,256;887;888;889;890,junction
376,junction,1,7.0,151.0,151.0,28.0,604.0,604.0,28.0,3,1,261;891;892,junction
377,junction,6,8.166666666666666,160.0,163.0,32.666666666666664,640.0,652.0,32.666666666666664,5,1,675;893;894;895;896,junction
378,junction,5,8.2,159.8,182.6,32.8,639.2,730.4,32.8,5,1,286;897;898;899;900,junction
379,junction,5,8.2,161.0,27.0,32.8,644.0,108.0,32.8,5,1,9;901;902;903;904,junction
380,junction,6,8.166666666666666,161.0,84.0,32.666666666666664,644.0,336.0,32.666666666666664,5,1,677;905;906;907;908,junction
381,junction,6,8.166666666666666,161.0,104.0,32.666666666666664,644.0,416.0,32.666666666666664,5,1,679;909;910;911;912,junction
382,junction,3,8.0,171.0,55.333333333333336,32.0,684.0,221.33333333333334,32.0,5,1,668;913;914;915;916,junction
383,junction,5,8.2,170.0,94.0,32.8,680.0,376.0,32.8,5,1,666;917;918;919;920,junction
384,junction,6,8.166666666666666,171.0,36.0,32.666666666666664,684.0,144.0,32.666666666666664,5,1,13;921;922;923;924,junction
385,junction,6,8.333333333333334,171.0,75.0,33.333333333333336,684.0,300.0,33.333333333333336,5,1,235;925;926;927;928,junction
386,junction,6,8.333333333333334,179.83333333333334,163.0,33.333333333333336,719.3333333333334,652.0,33.333333333333336,5,1,674;929;930;931;932,junction
387,junction,5,8.2,179.8,183.0,32.8,719.2,732.0,32.8,5,1,289;933;934;935;936,junction
388,junction,5,8.2,180.0,84.2,32.8,720.0,336.8,32.8,5,1,676;937;938;939;940,junction
389,junction,6,8.333333333333334,180.0,124.0,33.333333333333336,720.0,496.0,33.333333333333336,5,1,672;941;942;943;944,junction
390,junction,6,8.166666666666666,181.0,46.0,32.666666666666664,724.0,184.0,32.666666666666664,5,1,276;945;946;947;948,junction
391,junction,5,8.2,180.2,66.0,32.8,720.8,264.0,32.8,5,1,283;949;950;951;952,junction
392,junction,3,8.666666666666666,14.333333333333334,35.333333333333336,34.666666666666664,57.333333333333336,141.33333333333334,34.666666666666664,3,1,6;953;954,junction
393,junction,2,8.5,14.5,73.5,34.0,58.0,294.0,34.0,4,1,60;955;956;957,junction
394,junction,4,8.75,14.5,54.0,35.0,58.0,216.0,35.0,4,1,29;958;959;960,junction
395,junction,1,8.0,16.0,154.0,32.0,64.0,616.0,32.0,3,1,294;961;962,junction
396,junction,9,9.88888888888889,17.555555555555557,112.11111111111111,39.55555555555556,70.22222222222223,448.44444444444446,39.55555555555556,6,1,292;300;963;964;964;965,junction
397,junction,1,8.0,21.0,179.0,32.0,84.0,716.0,32.0,3,1,16;966;967,junction
398,junction,1,8.0,24.0,183.0,32.0,96.0,732.0,32.0,3,1,19;968;969,junction
399,junction,3,8.666666666666666,24.666666666666668,43.333333333333336,34.666666666666664,98.66666666666667,173.33333333333334,34.666666666666664,3,1,27;970;971,junction
400,junction,1,8.0,25.0,145.0,32.0,100.0,580.0,32.0,3,1,324;972;973,junction
401,junction,1,8.0,26.0,164.0,32.0,104.0,656.0,32.0,3,1,309;974;975,junction
402,junction,1,8.0,33.0,35.0,32.0,132.0,140.0,32.0,3,1,328;976;977,junction
403,junction,1,8.0,35.0,174.0,32.0,140.0,696.0,32.0,3,1,50;978;979,junction
404,junction,1,8.0,36.0,135.0,32.0,144.0,540.0,32.0,3,1,348;980;981,junction
405,junction,1,8.0,39.0,155.0,32.0,156.0,620.0,32.0,3,1,692;982;983,junction
406,junction,4,8.75,43.0,24.75,35.0,172.0,99.0,35.0,4,1,77;984;985;986,junction
407,junction,1,8.0,52.0,17.0,32.0,208.0,68.0,32.0,4,1,93;987;988;989,junction
408,junction,6,9.5,53.666666666666664,32.5,38.0,214.66666666666666,130.0,38.0,4,1,94;96;990;991,junction
409,junction,1,8.0,55.0,158.0,32.0,220.0,632.0,32.0,3,1,387;992;993,junction
410,junction,1,8.0,58.0,155.0,32.0,232.0,620.0,32.0,3,1,731;994;995,junction
411,junction,2,8.5,62.5,24.5,34.0,250.0,98.0,34.0,4,1,112;996;997;998,junction
412,junction,1,8.0,68.0,165.0,32.0,272.0,660.0,32.0,3,1,425;999;1000,junction
413,junction,2,8.5,72.5,16.5,34.0,290.0,66.0,34.0,4,1,444;1001;1002;1003,junction
414,junction,1,8.0,74.0,34.0,32.0,296.0,136.0,32.0,3,1,127;1004;1005,junction
415,junction,1,8.0,81.0,27.0,32.0,324.0,108.0,32.0,3,1,128;1006;1007,junction
416,junction,1,8.0,83.0,25.0,32.0,332.0,100.0,32.0,3,1,138;1008;1009,junction
417,junction,1,8.0,91.0,37.0,32.0,364.0,148.0,32.0,3,1,140;1010;1011,junction
418,junction,1,8.0,91.0,58.0,32.0,364.0,232.0,32.0,3,1,515;1012;1013,junction
419,junction,2,8.5,91.5,17.5,34.0,366.0,70.0,34.0,4,1,142;1014;1015;1016,junction
420,junction,3,8.666666666666666,93.0,34.666666666666664,34.666666666666664,372.0,138.66666666666666,34.666666666666664,3,1,144;1017;1018,junction
421,junction,3,8.666666666666666,98.33333333333333,159.33333333333334,34.666666666666664,393.3333333333333,637.3333333333334,34.666666666666664,3,1,771;1019;1020,junction
422,junction,1,8.0,99.0,141.0,32.0,396.0,564.0,32.0,3,1,791;1021;1022,junction
423,junction,3,8.666666666666666,101.66666666666667,182.33333333333334,34.666666666666664,406.6666666666667,729.3333333333334,34.666666666666664,3,1,161;1023;1024,junction
424,junction,1,8.0,104.0,63.0,32.0,416.0,252.0,32.0,3,1,547;1025;1026,junction
425,junction,3,8.666666666666666,110.33333333333333,37.666666666666664,34.666666666666664,441.3333333333333,150.66666666666666,34.666666666666664,3,1,165;1027;1028,junction
426,junction,1,8.0,110.0,191.0,32.0,440.0,764.0,32.0,3,1,599;1029;1030,junction
427,junction,1,8.0,111.0,18.0,32.0,444.0,72.0,32.0,4,1,589;1031;1032;1033,junction
428,junction,3,8.666666666666666,112.33333333333333,34.666666666666664,34.666666666666664,449.3333333333333,138.66666666666666,34.666666666666664,3,1,590;1034;1035,junction
429,junction,3,8.666666666666666,112.66666666666667,54.666666666666664,34.666666666666664,450.6666666666667,218.66666666666666,34.666666666666664,3,1,591;1036;1037,junction
430,junction,3,8.666666666666666,120.66666666666667,64.0,34.666666666666664,482.6666666666667,256.0,34.666666666666664,3,1,616;1038;1039,junction
431,junction,2,8.5,121.5,25.5,34.0,486.0,102.0,34.0,4,1,813;1040;1041;1042,junction
432,junction,1,8.0,122.0,83.0,32.0,488.0,332.0,32.0,3,1,618;1043;1044,junction
433,junction,3,8.666666666666666,129.0,170.66666666666666,34.666666666666664,516.0,682.6666666666666,34.666666666666664,3,1,217;1045;1046,junction
434,junction,3,8.666666666666666,129.66666666666666,151.66666666666666,34.666666666666664,518.6666666666666,606.6666666666666,34.666666666666664,3,1,220;1047;1048,junction
435,junction,5,9.0,130.0,190.8,36.0,520.0,763.2,36.0,4,1,631;1049;1050;1051,junction
436,junction,3,8.666666666666666,131.33333333333334,17.333333333333332,34.666666666666664,525.3333333333334,69.33333333333333,34.666666666666664,3,1,633;1052;1053,junction
437,junction,1,8.0,131.0,35.0,32.0,524.0,140.0,32.0,3,1,635;1054;1055,junction
438,junction,4,8.75,131.0,93.5,35.0,524.0,374.0,35.0,4,1,638;1056;1057;1058,junction
439,junction,1,8.0,141.0,47.0,32.0,564.0,188.0,32.0,3,1,651;1059;1060,junction
440,junction,1,8.0,142.0,45.0,32.0,568.0,180.0,32.0,3,1,655;1061;1062,junction
441,junction,1,8.0,142.0,66.0,32.0,568.0,264.0,32.0,3,1,243;1063;1064,junction
442,junction,1,8.0,150.0,55.0,32.0,600.0,220.0,32.0,3,1,272;1065;1066,junction
443,junction,3,8.666666666666666,151.33333333333334,73.66666666666667,34.666666666666664,605.3333333333334,294.6666666666667,34.666666666666664,3,1,659;1067;1068,junction
444,junction,2,8.5,151.5,94.5,34.0,606.0,378.0,34.0,4,1,667;1069;1070;1071,junction
445,junction,2,8.5,160.5,64.5,34.0,642.0,258.0,34.0,4,1,285;1072;1073;1074,junction
446,junction,3,8.666666666666666,160.0,123.33333333333333,34.666666666666664,640.0,493.3333333333333,34.666666666666664,5,1,673;1075;1076;1077;1078,junction
447,junction,3,8.666666666666666,169.0,173.33333333333334,34.666666666666664,676.0,693.3333333333334,34.666666666666664,3,1,288;1079;1080,junction
448,junction,2,8.5,169.5,191.0,34.0,678.0,764.0,34.0,4,1,287;1081;1082;1083,junction
449,junction,2,8.5,170.5,17.5,34.0,682.0,70.0,34.0,4,1,14;1084;1085;1086,junction
450,junction,5,8.8,170.0,114.0,35.2,680.0,456.0,35.2,5,1,259;1087;1088;1089;1090,junction
451,junction,3,8.666666666666666,170.0,133.66666666666666,34.666666666666664,680.0,534.6666666666666,34.666666666666664,5,1,239;1091;1092;1093;1094,junction
452,junction,3,8.666666666666666,170.0,153.66666666666666,34.666666666666664,680.0,614.6666666666666,34.666666666666664,5,1,273;1095;1096;1097;1098,junction
453,junction,5,8.8,181.0,26.0,35.2,724.0,104.0,35.2,5,1,15;1099;1100;1101;1102,junction
454,junction,4,8.75,180.0,144.0,35.0,720.0,576.0,35.0,5,1,680;1103;1104;1105;1106,junction
455,junction,3,8.666666666666666,180.0,104.66666666666667,34.666666666666664,720.0,418.6666666666667,34.666666666666664,5,1,678;1107;1108;1109;1110,junction
456,junction,3,9.333333333333334,11.666666666666666,148.66666666666666,37.333333333333336,46.666666666666664,594.6666666666666,37.333333333333336,2,1,44;1112,degree_two
457,junction,3,9.666666666666666,12.333333333333334,169.33333333333334,38.666666666666664,49.333333333333336,677.3333333333334,38.666666666666664,3,1,47;1113;1114,junction
458,junction,1,9.0,14.0,92.0,36.0,56.0,368.0,36.0,3,1,683;1115;1116,junction
459,junction,1,9.0,14.0,114.0,36.0,56.0,456.0,36.0,3,1,37;963;1117,junction
460,junction,1,9.0,14.0,135.0,36.0,56.0,540.0,36.0,3,1,819;1118;1119,junction
461,junction,3,9.333333333333334,20.666666666666668,44.666666666666664,37.333333333333336,82.66666666666667,178.66666666666666,37.333333333333336,3,1,25;42;1120,junction
462,junction,2,9.5,31.5,189.5,38.0,126.0,758.0,38.0,4,1,49;1121;1122;1123,junction
463,junction,3,9.666666666666666,49.666666666666664,144.0,38.666666666666664,198.66666666666666,576.0,38.666666666666664,3,1,397;1124;1125,junction
464,junction,1,9.0,50.0,190.0,36.0,200.0,760.0,36.0,3,1,86;1126;1127,junction
465,junction,3,9.666666666666666,54.666666666666664,140.0,38.666666666666664,218.66666666666666,560.0,38.666666666666664,3,1,718;1128;1129,junction
466,junction,2,9.5,70.5,189.5,38.0,282.0,758.0,38.0,4,1,448;1130;1131;1132,junction
467,junction,3,9.666666666666666,70.66666666666667,72.66666666666667,38.666666666666664,282.6666666666667,290.6666666666667,38.666666666666664,3,1,472;1133;1134,junction
468,junction,2,9.5,89.5,189.5,38.0,358.0,758.0,38.0,4,1,509;1135;1136;1137,junction
469,junction,1,9.0,119.0,181.0,36.0,476.0,724.0,36.0,3,1,809;1138;1139,junction
470,junction,1,9.0,130.0,115.0,36.0,520.0,460.0,36.0,3,1,629;1140;1141,junction
471,junction,1,9.0,139.0,163.0,36.0,556.0,652.0,36.0,3,1,249;1142;1143,junction
472,junction,1,9.0,141.0,142.0,36.0,564.0,568.0,36.0,3,1,247;1144;1145,junction
473,junction,1,9.0,141.0,161.0,36.0,564.0,644.0,36.0,3,1,251;1146;1147,junction
474,junction,1,9.0,151.0,134.0,36.0,604.0,536.0,36.0,3,1,876;1148;1149,junction
475,junction,1,9.0,159.0,144.0,36.0,636.0,576.0,36.0,3,1,671;1150;1151,junction
476,junction,1,9.0,161.0,142.0,36.0,644.0,568.0,36.0,3,1,681;1152;1153,junction
477,junction,1,9.0,171.0,172.0,36.0,684.0,688.0,36.0,3,1,290;1154;1155,junction
478,junction,1,10.0,12.0,128.0,40.0,48.0,512.0,40.0,3,1,22;31;1156,junction
479,junction,1,10.0,34.0,31.0,40.0,136.0,124.0,40.0,3,1,830;831;1157,junction
480,junction,1,11.0,26.0,141.0,44.0,104.0,564.0,44.0,3,1,312;973;1158,junction
481,junction,3,11.333333333333334,27.666666666666668,64.33333333333333,45.333333333333336,110.66666666666667,257.3333333333333,45.333333333333336,3,1,305;685;1159,junction
482,junction,3,11.333333333333334,38.333333333333336,45.333333333333336,45.333333333333336,153.33333333333334,181.33333333333334,45.333333333333336,3,1,335;342;1160,junction
483,junction,3,11.333333333333334,64.66666666666667,181.0,45.333333333333336,258.6666666666667,724.0,45.333333333333336,3,1,107;417;1161,junction
484,junction,3,11.333333333333334,72.0,40.333333333333336,45.333333333333336,288.0,161.33333333333334,45.333333333333336,3,1,115;116;1162,junction
485,junction,3,11.333333333333334,87.33333333333333,55.0,45.333333333333336,349.3333333333333,220.0,45.333333333333336,3,1,494;1012;1163,junction
486,junction,3,12.333333333333334,13.333333333333334,137.66666666666666,49.333333333333336,53.333333333333336,550.6666666666666,49.333333333333336,3,1,1118;1119;1164,junction
487,junction,3,12.333333333333334,37.333333333333336,83.66666666666667,49.333333333333336,149.33333333333334,334.6666666666667,49.333333333333336,3,1,355;691;1165,junction
488,junction,3,12.333333333333334,52.0,68.66666666666667,49.333333333333336,208.0,274.6666666666667,49.333333333333336,3,1,103;732;1166,junction
489,junction,3,12.333333333333334,67.66666666666667,64.33333333333333,49.333333333333336,270.6666666666667,257.3333333333333,49.333333333333336,3,1,111;839;1167,junction
490,junction,1,12.0,90.0,187.0,48.0,360.0,748.0,48.0,3,1,510;1137;1168,junction
491,junction,2,12.5,105.5,153.0,50.0,422.0,612.0,50.0,4,1,557;565;568;1169,junction
492,junction,3,13.333333333333334,48.666666666666664,103.33333333333333,53.333333333333336,194.66666666666666,413.3333333333333,53.333333333333336,3,1,699;704;1170,junction
493,junction,3,13.333333333333334,58.666666666666664,94.0,53.333333333333336,234.66666666666666,376.0,53.333333333333336,3,1,725;726;1171,junction
494,junction,3,13.333333333333334,75.33333333333333,104.0,53.333333333333336,301.3333333333333,416.0,53.333333333333336,3,1,454;474;1172,junction
495,junction,3,13.333333333333334,82.0,116.66666666666667,53.333333333333336,328.0,466.6666666666667,53.333333333333336,3,1,486;762;1173,junction
496,junction,3,13.333333333333334,85.33333333333333,133.0,53.333333333333336,341.3333333333333,532.0,53.333333333333336,3,1,770;773;1174,junction
497,junction,3,13.666666666666666,121.66666666666667,98.33333333333333,54.666666666666664,486.6666666666667,393.3333333333333,54.666666666666664,2,1,857;1175,degree_two
498,junction,9,17.11111111111111,14.444444444444445,25.555555555555557,68.44444444444444,57.77777777777778,102.22222222222223,57.77777777777778,6,1,20;821;1177;1178;1179;1180,junction
499,junction,12,16.916666666666668,52.666666666666664,25.5,67.66666666666667,210.66666666666666,102.0,67.66666666666667,12,1,986;989;991;997;1181;1182;1183;1184;1185;1186;1187;1188,junction
500,junction,17,17.0,72.11764705882354,45.11764705882353,68.0,288.47058823529414,180.47058823529412,68.0,12,1,129;450;837;1162;1189;1190;1191;1192;1193;1194;1195;1196,junction
501,junction,16,17.1875,72.5625,64.4375,68.75,290.25,257.75,68.75,12,1,470;841;1134;1167;1197;1198;1199;1200;1201;1202;1203;1204,junction
502,junction,15,17.133333333333333,81.93333333333334,35.266666666666666,68.53333333333333,327.73333333333335,141.06666666666666,68.53333333333333,12,1,766;1005;1007;1010;1192;1205;1206;1207;1208;1209;1210;1211,junction
503,junction,16,17.125,92.0,45.125,68.5,368.0,180.5,68.5,12,1,153;519;767;1011;1207;1212;1213;1214;1215;1216;1217;1218,junction
504,junction,14,17.071428571428573,112.0,45.92857142857143,68.28571428571429,448.0,183.71428571428572,68.28571428571429,14,1,853;859;1028;1036;1219;1219;1220;1221;1222;1223;1224;1225;1226;1227,junction
505,junction,16,17.0,111.8125,26.1875,68.0,447.25,104.75,68.0,12,1,851;1033;1034;1041;1228;1229;1230;1231;1232;1233;1234;1235,junction
506,junction,10,16.8,140.9,35.7,67.2,563.6,142.8,67.2,12,1,223;871;887;1061;1236;1237;1238;1239;1240;1241;1242;1243,junction
507,junction,8,17.125,14.125,83.625,68.5,56.5,334.5,56.5,8,1,298;956;1115;1244;1245;1246;1247;1248,junction
508,junction,7,17.0,13.714285714285714,103.0,68.0,54.857142857142854,412.0,54.857142857142854,8,1,36;319;682;1249;1250;1251;1252;1253,junction
509,junction,9,17.333333333333332,14.11111111111111,142.33333333333334,69.33333333333333,56.44444444444444,569.3333333333334,56.44444444444444,8,1,337;1112;1164;1254;1255;1256;1257;1258,junction
510,junction,5,17.2,14.4,44.8,68.8,57.6,179.2,57.6,8,1,953;958;1120;1259;1260;1261;1262;1263,junction
511,junction,11,17.181818181818183,14.363636363636363,64.18181818181819,68.72727272727273,57.45454545454545,256.72727272727275,57.45454545454545,8,1,297;955;959;1264;1265;1266;1267;1268,junction
512,junction,8,17.75,13.75,122.5,71.0,55.0,490.0,55.0,8,1,24;1117;1156;1269;1270;1271;1272;1273,junction
513,junction,7,18.0,13.428571428571429,162.0,72.0,53.714285714285715,648.0,53.714285714285715,7,1,329;961;1113;1274;1275;1276;1277,junction
514,junction,8,18.0,13.5,181.5,72.0,54.0,726.0,54.0,7,1,17;34;966;1278;1280;1281;1282,junction
515,junction,10,17.8,22.3,171.3,71.2,89.2,685.2,71.2,10,1,310;967;974;1114;1274;1283;1284;1285;1286;1287,junction
516,junction,9,17.0,22.77777777777778,35.0,68.0,91.11111111111111,140.0,68.0,12,1,1;954;970;976;1178;1259;1288;1289;1290;1291;1292;1293,junction
517,junction,10,17.0,23.3,54.5,68.0,93.2,218.0,68.0,12,1,28;684;823;960;1261;1264;1294;1295;1296;1297;1298;1299,junction
518,junction,11,16.90909090909091,23.181818181818183,73.72727272727273,67.63636363636364,92.72727272727273,294.90909090909093,67.63636363636364,12,1,51;296;689;957;1245;1265;1300;1301;1302;1303;1304;1305,junction
519,junction,14,17.214285714285715,22.928571428571427,93.21428571428571,68.85714285714286,91.71428571428571,372.85714285714283,68.85714285714286,12,1,39;299;318;1116;1244;1249;1306;1307;1308;1309;1310;1311,junction
520,junction,14,17.642857142857142,22.857142857142858,112.92857142857143,70.57142857142857,91.42857142857143,451.7142857142857,70.57142857142857,12,1,293;302;323;965;1250;1271;1312;1313;1314;1315;1316;1317,junction
521,junction,9,16.77777777777778,23.0,132.55555555555554,67.11111111111111,92.0,530.2222222222222,67.11111111111111,9,1,306;314;347;818;1256;1269;1318;1319;1321,junction
522,junction,6,17.5,24.166666666666668,16.5,70.0,96.66666666666667,66.0,66.0,7,1,822;827;1177;1322;1323;1324;1325,junction
523,junction,12,17.333333333333332,22.666666666666668,152.33333333333334,69.33333333333333,90.66666666666667,609.3333333333334,69.33333333333333,10,1,295;825;962;972;1257;1327;1328;1329;1330;1331,junction
524,junction,14,17.785714285714285,32.214285714285715,161.5,71.14285714285714,128.85714285714286,646.0,71.14285714285714,11,1,311;331;351;975;1327;1332;1333;1334;1335;1336;1337,junction
525,junction,13,17.153846153846153,33.0,25.23076923076923,68.61538461538461,132.0,100.92307692307692,68.61538461538461,12,1,820;829;984;1157;1291;1323;1338;1339;1340;1341;1342;1343,junction
526,junction,11,16.90909090909091,33.27272727272727,44.81818181818182,67.63636363636364,133.0909090909091,179.27272727272728,67.63636363636364,12,1,66;333;971;1160;1288;1295;1344;1345;1346;1347;1348;1349,junction
527,junction,14,17.214285714285715,32.92857142857143,64.21428571428571,68.85714285714286,131.71428571428572,256.85714285714283,68.85714285714286,12,1,64;89;824;1159;1294;1301;1350;1351;1352;1353;1354;1355,junction
528,junction,11,17.181818181818183,33.0,103.18181818181819,68.72727272727273,132.0,412.72727272727275,68.72727272727273,11,1,40;317;321;694;1306;1312;1356;1357;1358;1359;1360,junction
529,junction,11,17.727272727272727,33.0,141.8181818181818,70.9090909090909,132.0,567.2727272727273,70.9090909090909,10,1,697;826;980;1158;1361;1362;1363;1364;1365;1366,junction
530,junction,13,17.846153846153847,31.923076923076923,181.07692307692307,71.38461538461539,127.6923076923077,724.3076923076923,71.38461538461539,11,1,74;969;978;1123;1283;1367;1368;1369;1370;1371;1372,junction
531,junction,8,16.875,33.125,84.0,67.5,132.5,336.0,67.5,12,1,52;688;690;1165;1300;1308;1373;1374;1375;1376;1377;1378,junction
532,junction,9,17.11111111111111,33.111111111111114,122.66666666666667,68.44444444444444,132.44444444444446,490.6666666666667,68.44444444444444,11,1,307;339;687;696;1313;1379;1380;1381;1382;1383;1384,junction
533,junction,10,17.3,42.6,93.7,69.2,170.4,374.8,69.2,12,1,345;705;709;710;1356;1373;1385;1386;1387;1388;1389;1390,junction
534,junction,8,17.75,42.75,113.125,71.0,171.0,452.5,71.0,11,1,341;703;713;727;1357;1380;1391;1392;1393;1394;1395,junction
535,junction,12,17.833333333333332,42.333333333333336,133.08333333333334,71.33333333333333,169.33333333333334,532.3333333333334,71.33333333333333,11,1,349;372;373;981;1362;1382;1396;1397;1398;1399;1400,junction
536,junction,8,17.25,42.0,152.25,69.0,168.0,609.0,69.0,9,1,701;702;982;983;1401;1402;1403;1404;1405,junction
537,junction,7,17.428571428571427,42.57142857142857,16.857142857142858,69.71428571428571,170.28571428571428,67.42857142857143,67.42857142857143,8,1,828;985;988;1181;1338;1406;1407;1408,junction
538,junction,15,17.2,43.0,35.4,68.8,172.0,141.6,68.8,12,1,68;378;834;977;1182;1339;1345;1409;1410;1411;1412;1413,junction
539,junction,12,17.166666666666668,42.666666666666664,54.75,68.66666666666667,170.66666666666666,219.0,68.66666666666667,12,1,92;334;343;368;1344;1352;1414;1415;1416;1417;1418;1419,junction
540,junction,6,17.666666666666668,42.166666666666664,190.0,70.66666666666667,168.66666666666666,760.0,70.66666666666667,8,1,832;1122;1126;1368;1420;1421;1422;1423,junction
541,junction,11,17.09090909090909,43.18181818181818,74.0909090909091,68.36363636363636,172.72727272727272,296.3636363636364,68.36363636363636,12,1,63;65;363;715;1350;1376;1424;1425;1426;1427;1428;1429,junction
542,junction,16,17.1875,52.875,84.125,68.75,211.5,336.5,68.75,12,1,381;707;717;723;1385;1425;1430;1431;1432;1433;1434;1435,junction
543,junction,10,17.3,51.9,103.4,69.2,207.6,413.6,69.2,11,1,401;712;714;1170;1387;1391;1436;1437;1438;1439;1440,junction
544,junction,12,17.333333333333332,52.416666666666664,122.75,69.33333333333333,209.66666666666666,491.0,69.33333333333333,10,1,371;468;700;729;1441;1442;1443;1444;1445;1446,junction
545,junction,11,17.636363636363637,52.27272727272727,142.1818181818182,70.54545454545455,209.0909090909091,568.7272727272727,70.54545454545455,11,1,1124;1125;1128;1129;1396;1447;1448;1449;1450;1451;1452,junction
546,junction,10,17.6,51.8,181.3,70.4,207.2,725.2,70.4,12,1,84;105;722;833;1420;1453;1454;1455;1456;1457;1458;1459,junction
547,junction,15,17.2,52.8,64.66666666666667,68.8,211.2,258.6666666666667,68.8,12,1,367;369;733;1166;1415;1424;1460;1461;1462;1463;1464;1465,junction
548,junction,13,17.76923076923077,51.84615384615385,161.84615384615384,71.07692307692308,207.3846153846154,647.3846153846154,71.07692307692308,12,1,353;375;992;993;1401;1466;1467;1468;1469;1470;1471;1472,junction
549,junction,10,17.2,53.2,44.9,68.8,212.8,179.6,68.8,12,1,379;389;399;835;1409;1414;1473;1474;1475;1476;1477;1478,junction
550,junction,8,16.875,62.125,16.5,67.5,248.5,66.0,66.0,8,1,987;998;1001;1183;1479;1480;1481;1482,junction
551,junction,12,17.0,62.5,35.416666666666664,68.0,250.0,141.66666666666666,68.0,12,1,101;445;836;990;1184;1189;1473;1483;1484;1485;1486;1487,junction
552,junction,8,17.375,62.625,54.875,69.5,250.5,219.5,69.5,12,1,390;400;838;840;1190;1198;1460;1474;1488;1489;1490;1491,junction
553,junction,14,17.142857142857142,62.57142857142857,74.35714285714286,68.57142857142857,250.28571428571428,297.42857142857144,68.57142857142857,12,1,406;408;738;1133;1199;1430;1461;1492;1493;1494;1495;1496,junction
554,junction,14,17.785714285714285,62.357142857142854,94.07142857142857,71.14285714285714,249.42857142857142,376.2857142857143,71.14285714285714,12,1,432;724;736;1171;1431;1436;1497;1498;1499;1500;1501;1502,junction
555,junction,9,17.555555555555557,62.0,112.88888888888889,70.22222222222223,248.0,451.55555555555554,70.22222222222223,9,1,412;465;728;730;1503;1504;1505;1506;1507,junction
556,junction,12,17.416666666666668,61.916666666666664,132.5,69.66666666666667,247.66666666666666,530.0,69.66666666666667,11,1,414;433;734;735;1442;1447;1508;1509;1510;1511;1512,junction
557,junction,7,17.714285714285715,61.714285714285715,190.14285714285714,70.85714285714286,246.85714285714286,760.5714285714286,70.85714285714286,8,1,416;1127;1130;1455;1513;1514;1515;1516,junction
558,junction,14,17.785714285714285,62.0,152.0,71.14285714285714,248.0,608.0,71.14285714285714,12,1,426;427;994;995;1448;1467;1517;1518;1519;1520;1521;1522,junction
559,junction,11,17.636363636363637,62.0,171.9090909090909,70.54545454545455,248.0,687.6363636363636,70.54545454545455,12,1,410;424;720;721;1453;1468;1523;1524;1525;1526;1527;1528,junction
560,junction,15,17.8,71.13333333333334,181.4,71.2,284.53333333333336,725.6,71.2,12,1,449;842;1132;1161;1513;1524;1529;1530;1531;1532;1533;1534,junction
561,junction,9,17.11111111111111,72.33333333333333,26.0,68.44444444444444,289.3333333333333,104.0,68.44444444444444,12,1,996;1003;1004;1006;1206;1479;1483;1535;1536;1537;1538;1539,junction
562,junction,13,17.23076923076923,72.15384615384616,84.3076923076923,68.92307692307692,288.61538461538464,337.2307692307692,68.92307692307692,12,1,459;739;743;760;1492;1497;1540;1541;1542;1543;1544;1545,junction
563,junction,14,17.428571428571427,71.92857142857143,103.28571428571429,69.71428571428571,287.7142857142857,413.14285714285717,69.71428571428571,12,1,435;438;749;1172;1498;1504;1546;1547;1548;1549;1550;1551,junction
564,junction,9,17.77777777777778,72.0,142.22222222222223,71.11111111111111,288.0,568.8888888888889,71.11111111111111,10,1,428;429;745;746;1552;1553;1554;1555;1556;1557,junction
565,junction,13,17.76923076923077,71.76923076923077,161.92307692307693,71.07692307692308,287.0769230769231,647.6923076923077,71.07692307692308,12,1,756;758;999;1000;1518;1523;1558;1559;1560;1561;1562;1563,junction
566,junction,11,17.454545454545453,72.0,123.0,69.81818181818181,288.0,492.0,69.81818181818181,9,1,740;741;752;754;1564;1566;1567;1568;1569,junction
567,junction,9,17.666666666666668,81.0,172.22222222222223,70.66666666666667,324.0,688.8888888888889,70.66666666666667,11,1,744;763;780;843;1529;1561;1570;1571;1572;1573;1574,junction
568,junction,4,17.25,80.75,190.0,69.0,323.0,760.0,69.0,7,1,764;1131;1135;1530;1575;1576;1577,junction
569,junction,6,17.0,81.66666666666667,16.833333333333332,68.0,326.6666666666667,67.33333333333333,67.33333333333333,8,1,1002;1008;1015;1536;1578;1579;1580;1581,junction
570,junction,12,17.416666666666668,82.33333333333333,55.333333333333336,69.66666666666667,329.3333333333333,221.33333333333334,69.66666666666667,12,1,131;455;844;1163;1191;1197;1212;1582;1583;1584;1585;1586,junction
571,junction,14,17.571428571428573,81.92857142857143,74.28571428571429,70.28571428571429,327.7142857142857,297.14285714285717,70.28571428571429,12,1,458;471;477;498;1200;1541;1587;1588;1589;1590;1591;1592,junction
572,junction,11,17.545454545454547,81.9090909090909,113.0,70.18181818181819,327.6363636363636,452.0,70.18181818181819,10,1,511;523;761;1173;1546;1593;1594;1595;1596;1597,junction
573,junction,10,17.7,82.0,93.7,70.8,328.0,374.8,70.8,10,1,463;464;751;779;1547;1598;1599;1600;1601;1602,junction
574,junction,13,17.615384615384617,82.07692307692308,133.23076923076923,70.46153846153847,328.3076923076923,532.9230769230769,70.46153846153847,12,1,748;755;768;1174;1555;1564;1603;1604;1605;1606;1607;1608,junction
575,junction,10,17.6,81.9,152.3,70.4,327.6,609.2,70.4,11,1,757;759;775;777;1558;1609;1610;1611;1612;1613;1614,junction
576,junction,11,17.181818181818183,92.0909090909091,26.09090909090909,68.72727272727273,368.3636363636364,104.36363636363636,68.72727272727273,12,1,848;1009;1016;1017;1205;1579;1615;1616;1617;1618;1619;1620,junction
577,junction,11,17.636363636363637,91.81818181818181,64.18181818181819,70.54545454545455,367.27272727272725,256.72727272727275,70.54545454545455,12,1,148;533;845;1013;1583;1587;1621;1622;1623;1624;1625;1626,junction
578,junction,13,17.46153846153846,92.15384615384616,83.76923076923077,69.84615384615384,368.61538461538464,335.0769230769231,69.84615384615384,12,1,479;503;505;790;1588;1598;1627;1628;1629;1630;1631;1632,junction
579,junction,10,17.9,91.9,142.6,71.6,367.6,570.4,71.6,12,1,776;778;846;1021;1604;1610;1633;1634;1635;1636;1637;1638,junction
580,junction,12,17.916666666666668,91.16666666666667,162.66666666666666,71.66666666666667,364.6666666666667,650.6666666666666,71.66666666666667,12,1,781;782;784;1019;1612;1639;1640;1641;1642;1643;1644;1645,junction
581,junction,13,17.615384615384617,91.0,181.46153846153845,70.46153846153847,364.0,725.8461538461538,70.46153846153847,12,1,150;765;786;1168;1570;1576;1646;1647;1648;1649;1650;1651,junction
582,junction,9,17.444444444444443,92.11111111111111,123.33333333333333,69.77777777777777,368.44444444444446,493.3333333333333,69.77777777777777,11,1,526;536;769;772;1603;1652;1653;1654;1655;1656;1657,junction
583,junction,8,17.875,91.875,103.875,71.5,367.5,415.5,71.5,11,1,513;520;532;774;1593;1658;1659;1660;1661;1662;1663,junction
584,junction,7,17.285714285714285,100.28571428571429,190.42857142857142,69.14285714285714,401.14285714285717,761.7142857142857,69.14285714285714,8,1,1023;1029;1136;1647;1664;1665;1666;1667,junction
585,junction,10,17.3,101.6,94.1,69.2,406.4,376.4,69.2,12,1,571;789;793;794;1627;1658;1668;1669;1670;1671;1672;1673,junction
586,junction,11,17.545454545454547,101.54545454545455,133.27272727272728,70.18181818181819,406.1818181818182,533.0909090909091,70.18181818181819,11,1,582;792;847;1022;1633;1656;1674;1675;1676;1677;1678,junction
587,junction,15,17.8,101.13333333333334,152.46666666666667,71.2,404.53333333333336,609.8666666666667,71.2,12,1,785;796;1020;1169;1634;1640;1679;1680;1681;1682;1683;1684,junction
588,junction,9,17.22222222222222,101.66666666666667,35.333333333333336,68.88888888888889,406.6666666666667,141.33333333333334,68.88888888888889,12,1,849;852;1018;1027;1213;1220;1229;1616;1685;1686;1687;1688,junction
589,junction,15,17.2,102.0,55.13333333333333,68.8,408.0,220.53333333333333,68.8,12,1,156;517;587;1025;1214;1224;1621;1689;1690;1691;1692;1693,junction
590,junction,10,16.8,101.9,74.7,67.2,407.6,298.8,67.2,11,1,149;534;546;574;1624;1629;1694;1695;1696;1697;1698,junction
591,junction,14,17.785714285714285,101.0,172.0,71.14285714285714,404.0,688.0,71.14285714285714,12,1,152;543;552;787;1641;1646;1699;1700;1701;1702;1703;1704,junction
592,junction,4,17.0,102.25,17.5,68.0,409.0,70.0,68.0,8,1,850;1014;1031;1228;1615;1705;1706;1707,junction
593,junction,12,17.666666666666668,102.0,113.75,70.66666666666667,408.0,455.0,70.66666666666667,11,1,527;538;540;578;1653;1708;1709;1710;1711;1712;1713,junction
594,junction,16,17.125,111.875,65.125,68.5,447.5,260.5,68.5,12,1,588;854;1026;1038;1689;1694;1714;1715;1716;1717;1718;1719,junction
595,junction,15,17.8,111.13333333333334,123.46666666666667,71.2,444.53333333333336,493.8666666666667,71.2,12,1,577;584;608;798;1675;1710;1720;1721;1722;1723;1724;1725,junction
596,junction,13,17.846153846153847,110.61538461538461,182.07692307692307,71.38461538461539,442.46153846153845,728.3076923076923,71.38461538461539,12,1,162;805;1024;1138;1665;1700;1726;1727;1728;1729;1730;1731,junction
597,junction,10,17.8,111.1,162.3,71.2,444.4,649.2,71.2,12,1,606;799;804;806;1680;1699;1732;1733;1734;1735;1736;1737,junction
598,junction,11,17.454545454545453,112.0909090909091,84.45454545454545,69.81818181818181,448.3636363636364,337.8181818181818,69.81818181818181,12,1,550;569;609;800;1669;1695;1738;1739;1740;1741;1742;1743,junction
599,junction,12,17.25,112.16666666666667,103.66666666666667,69.0,448.6666666666667,414.6666666666667,69.0,12,1,554;560;575;856;1668;1708;1744;1745;1746;1747;1748;1749,junction
600,junction,12,17.916666666666668,120.33333333333333,172.25,71.66666666666667,481.3333333333333,689.0,71.66666666666667,11,1,597;613;1046;1139;1729;1733;1750;1751;1752;1753;1754,junction
601,junction,11,17.272727272727273,121.36363636363636,35.45454545454545,69.0909090909091,485.45454545454544,141.8181818181818,69.0909090909091,12,1,812;860;1035;1054;1221;1231;1755;1756;1757;1758;1759;1760,junction
602,junction,11,17.272727272727273,121.81818181818181,55.18181818181818,69.0909090909091,487.27272727272725,220.72727272727272,69.0909090909091,12,1,626;858;1037;1039;1222;1714;1761;1762;1763;1764;1765;1766,junction
603,junction,11,17.727272727272727,120.9090909090909,113.81818181818181,70.9090909090909,483.6363636363636,455.27272727272725,70.9090909090909,11,1,179;576;607;1140;1720;1745;1767;1768;1769;1770;1771,junction
604,junction,8,17.625,120.0,190.5,70.5,480.0,762.0,70.5,6,1,810;1049;1726;1772;1773;1774,junction
605,junction,7,18.142857142857142,121.14285714285714,17.0,72.57142857142857,484.57142857142856,68.0,68.0,7,1,1032;1042;1230;1775;1776;1777;1778,junction
606,junction,12,17.833333333333332,120.83333333333333,133.33333333333334,71.33333333333333,483.3333333333333,533.3333333333334,71.33333333333333,12,1,593;595;596;623;1721;1779;1780;1781;1782;1783;1784;1785,junction
607,junction,13,17.76923076923077,121.07692307692308,152.6153846153846,71.07692307692308,484.3076923076923,610.4615384615385,71.07692307692308,12,1,601;808;862;1047;1732;1786;1787;1788;1789;1790;1791;1792,junction
608,junction,11,17.181818181818183,121.54545454545455,74.9090909090909,68.72727272727273,486.1818181818182,299.6363636363636,68.72727272727273,12,1,202;617;855;1043;1715;1738;1793;1794;1795;1796;1797;1798,junction
609,junction,11,17.454545454545453,121.72727272727273,94.36363636363636,69.81818181818181,486.90909090909093,377.45454545454544,69.81818181818181,12,1,175;183;1056;1175;1739;1744;1799;1800;1801;1802;1803;1804,junction
610,junction,15,17.8,130.13333333333333,162.53333333333333,71.2,520.5333333333333,650.1333333333333,71.2,12,1,200;863;1045;1142;1750;1787;1805;1806;1807;1808;1809;1810,junction
611,junction,10,16.8,131.1,25.5,67.2,524.4,102.0,67.2,12,1,868;1040;1052;1055;1236;1755;1775;1811;1812;1813;1814;1815,junction
612,junction,9,17.22222222222222,130.88888888888889,44.888888888888886,68.88888888888889,523.5555555555555,179.55555555555554,68.88888888888889,12,1,624;636;861;1059;1238;1757;1761;1816;1817;1818;1819;1820,junction
613,junction,14,17.5,131.21428571428572,84.57142857142857,70.0,524.8571428571429,338.2857142857143,70.0,12,1,228;866;1044;1057;1794;1799;1821;1822;1823;1824;1825;1826,junction
614,junction,11,17.636363636363637,129.9090909090909,182.0909090909091,70.54545454545455,519.6363636363636,728.3636363636364,70.54545454545455,11,1,632;646;811;1051;1772;1827;1828;1829;1830;1831;1832,junction
615,junction,11,17.454545454545453,131.45454545454547,64.9090909090909,69.81818181818181,525.8181818181819,259.6363636363636,69.81818181818181,12,1,188;224;244;864;1762;1793;1833;1834;1835;1836;1837;1838,junction
616,junction,10,17.7,131.0,103.5,70.8,524.0,414.0,70.8,10,1,172;214;621;645;1803;1839;1840;1841;1842;1843,junction
617,junction,12,17.916666666666668,131.33333333333334,123.25,71.66666666666667,525.3333333333334,493.0,71.66666666666667,12,1,193;205;643;1141;1767;1781;1844;1845;1846;1847;1848;1849,junction
618,junction,11,17.90909090909091,131.0909090909091,142.9090909090909,71.63636363636364,524.3636363636364,571.6363636363636,71.63636363636364,12,1,207;248;622;1048;1779;1786;1850;1851;1852;1853;1854;1855,junction
619,junction,15,17.8,140.13333333333333,172.4,71.2,560.5333333333333,689.6,71.2,12,1,639;648;658;1143;1806;1827;1856;1857;1858;1859;1860;1861,junction
620,junction,9,17.333333333333332,140.88888888888889,74.66666666666667,69.33333333333333,563.5555555555555,298.6666666666667,69.33333333333333,12,1,229;234;660;1063;1821;1834;1862;1863;1864;1865;1866;1867,junction
621,junction,14,17.642857142857142,141.35714285714286,94.07142857142857,70.57142857142857,565.4285714285714,376.2857142857143,70.57142857142857,12,1,190;619;662;1058;1822;1839;1868;1869;1870;1871;1872;1873,junction
622,junction,8,17.625,139.5,190.625,70.5,558.0,762.5,70.5,8,1,647;882;1050;1828;1874;1875;1876;1877,junction
623,junction,5,16.8,141.6,17.4,67.2,566.4,69.6,67.2,8,1,869;884;1053;1811;1878;1879;1880;1881,junction
624,junction,9,17.22222222222222,141.33333333333334,55.44444444444444,68.88888888888889,565.3333333333334,221.77777777777777,68.88888888888889,12,1,245;865;1060;1065;1816;1833;1882;1883;1884;1885;1886;1887,junction
625,junction,8,17.5,141.0,113.625,70.0,564.0,454.5,70.0,10,1,641;653;872;878;1845;1889;1890;1891;1892;1893,junction
626,junction,11,17.818181818181817,141.0,133.1818181818182,71.27272727272727,564.0,532.7272727272727,71.27272727272727,11,1,197;209;874;1144;1844;1850;1894;1895;1896;1897;1898,junction
627,junction,10,17.6,141.1,153.0,70.4,564.4,612.0,70.4,12,1,221;250;263;1146;1805;1851;1899;1900;1901;1902;1903;1904,junction
628,junction,10,17.3,150.8,123.5,69.2,603.2,494.0,69.2,12,1,656;875;877;1075;1891;1894;1905;1906;1907;1908;1909;1910,junction
629,junction,10,17.5,149.9,143.6,70.0,599.6,574.4,70.0,10,1,891;1145;1148;1150;1902;1911;1912;1913;1914;1915,junction
630,junction,16,17.875,150.0,162.0625,71.5,600.0,648.25,71.5,11,1,265;664;893;1147;1856;1899;1916;1917;1918;1919;1920,junction
631,junction,15,17.133333333333333,151.0,26.133333333333333,68.53333333333333,604.0,104.53333333333333,68.53333333333333,12,1,870;885;888;901;1237;1879;1921;1922;1923;1924;1925;1926,junction
632,junction,11,16.818181818181817,150.63636363636363,45.27272727272727,67.27272727272727,602.5454545454545,181.0909090909091,67.27272727272727,12,1,814;890;1062;1066;1239;1882;1927;1928;1929;1930;1931;1932,junction
633,junction,12,17.083333333333332,151.25,65.5,68.33333333333333,605.0,262.0,68.33333333333333,12,1,267;1064;1067;1072;1862;1883;1933;1934;1935;1936;1937;1938,junction
634,junction,10,17.3,151.0,84.7,69.2,604.0,338.8,69.2,12,1,225;867;905;1070;1863;1869;1939;1940;1941;1942;1943;1944,junction
635,junction,12,17.75,149.83333333333334,181.91666666666666,71.0,599.3333333333334,727.6666666666666,71.0,12,1,649;657;883;897;1857;1875;1945;1946;1947;1948;1949;1950,junction
636,junction,11,17.181818181818183,151.1818181818182,104.0909090909091,68.72727272727273,604.7272727272727,416.3636363636364,68.72727272727273,11,1,873;880;909;1069;1870;1951;1952;1953;1954;1955;1956,junction
637,junction,15,17.8,160.13333333333333,133.46666666666667,71.2,640.5333333333333,533.8666666666667,71.2,11,1,1077;1091;1149;1152;1907;1911;1958;1959;1960;1961;1962,junction
638,junction,8,17.625,159.875,153.125,70.5,639.5,612.5,70.5,11,1,892;894;1095;1151;1916;1963;1964;1965;1966;1967;1968,junction
639,junction,9,17.0,161.0,17.11111111111111,68.0,644.0,68.44444444444444,68.0,8,1,886;903;1084;1921;1969;1970;1971;1972,junction
640,junction,12,17.0,160.75,35.833333333333336,68.0,643.0,143.33333333333334,68.0,12,1,815;889;902;921;1922;1927;1973;1974;1975;1976;1977;1978,junction
641,junction,13,17.23076923076923,161.0,55.23076923076923,68.92307692307692,644.0,220.92307692307693,68.92307692307692,12,1,669;816;913;1074;1930;1933;1979;1980;1981;1982;1983;1984,junction
642,junction,11,17.818181818181817,159.9090909090909,172.63636363636363,71.27272727272727,639.6363636363636,690.5454545454545,71.27272727272727,10,1,665;895;899;1079;1945;1985;1986;1987;1988;1989,junction
643,junction,5,17.6,159.2,190.8,70.4,636.8,763.2,70.4,8,1,881;898;1081;1948;1990;1991;1992;1993,junction
644,junction,9,16.88888888888889,161.11111111111111,74.88888888888889,67.55555555555556,644.4444444444445,299.55555555555554,67.55555555555556,12,1,284;907;925;1068;1937;1939;1994;1995;1996;1997;1998;1999,junction
645,junction,13,17.846153846153847,160.84615384615384,94.23076923076923,71.38461538461539,643.3846153846154,376.9230769230769,71.38461538461539,12,1,906;910;919;1071;1942;1951;2000;2001;2002;2003;2004;2005,junction
646,junction,9,17.333333333333332,160.44444444444446,114.0,69.33333333333333,641.7777777777778,456.0,69.33333333333333,11,1,879;911;1076;1087;1905;1952;2006;2007;2008;2009;2010,junction
647,junction,11,17.181818181818183,170.72727272727272,105.0,68.72727272727273,682.9090909090909,420.0,68.72727272727273,12,1,912;917;1088;1109;2001;2006;2011;2012;2013;2014;2015;2016,junction
648,junction,11,17.727272727272727,170.27272727272728,123.54545454545455,70.9090909090909,681.0909090909091,494.1818181818182,70.9090909090909,11,1,942;1078;1089;1093;2007;2017;2018;2019;2020;2021;2022,junction
649,junction,13,17.615384615384617,170.15384615384616,143.53846153846155,70.46153846153847,680.6153846153846,574.1538461538462,70.46153846153847,12,1,1092;1097;1103;1153;1958;1965;2023;2024;2025;2026;2027;2028,junction
650,junction,12,17.166666666666668,170.91666666666666,26.0,68.66666666666667,683.6666666666666,104.0,68.66666666666667,12,1,904;923;1086;1099;1969;1973;2029;2030;2031;2032;2033;2034,junction
651,junction,12,17.0,170.75,45.833333333333336,68.0,683.0,183.33333333333334,68.0,12,1,817;915;922;945;1974;1979;2035;2036;2037;2038;2039;2040,junction
652,junction,10,17.1,171.0,65.1,68.4,684.0,260.4,68.4,12,1,914;926;951;1073;1980;1994;2041;2042;2043;2044;2045;2046,junction
653,junction,10,17.7,169.9,182.6,70.8,679.6,730.4,70.8,10,1,900;934;1080;1083;1991;2047;2048;2049;2050;2051,junction
654,junction,14,17.5,171.14285714285714,84.92857142857143,70.0,684.5714285714286,339.7142857142857,70.0,12,1,908;920;927;939;1995;2000;2052;2053;2054;2055;2056;2057,junction
655,junction,10,17.7,179.3,172.6,70.8,717.2,690.4,70.8,10,1,931;933;1155;2048;2058;2059;2060;2061;2062;2063,junction
656,junction,15,17.666666666666668,180.0,114.06666666666666,70.66666666666667,720.0,456.26666666666665,70.66666666666667,12,1,941;1090;1110;2011;2017;2064;2065;2066;2067;2068;2069;2070,junction
657,junction,13,17.692307692307693,179.84615384615384,133.3846153846154,70.76923076923077,719.3846153846154,533.5384615384615,70.76923076923077,12,1,943;1094;1105;2019;2023;2071;2072;2073;2074;2075;2076;2077,junction
658,junction,9,17.333333333333332,180.66666666666666,17.333333333333332,69.33333333333333,722.6666666666666,69.33333333333333,69.33333333333333,7,1,1085;1100;2030;2078;2079;2080;2082,junction
659,junction,13,17.153846153846153,181.07692307692307,36.0,68.61538461538461,724.3076923076923,144.0,68.61538461538461,12,1,924;947;1101;2029;2035;2083;2084;2085;2086;2087;2088;2089,junction
660,junction,12,17.416666666666668,180.66666666666666,55.5,69.66666666666667,722.6666666666666,222.0,69.66666666666667,11,1,916;946;950;2036;2041;2090;2091;2092;2093;2094;2095,junction
661,junction,11,18.0,180.27272727272728,94.54545454545455,72.0,721.0909090909091,378.1818181818182,72.0,11,1,918;937;1108;2013;2055;2096;2097;2098;2099;2100;2101,junction
662,junction,11,17.272727272727273,180.0,153.1818181818182,69.0909090909091,720.0,612.7272727272727,69.0909090909091,12,1,930;1098;1104;2024;2102;2103;2104;2105;2106;2107;2108;2109,junction
663,junction,4,17.5,179.5,191.0,70.0,718.0,764.0,70.0,7,1,935;1082;2110;2111;2112;2113;2114,junction
664,junction,13,17.46153846153846,180.69230769230768,75.0,69.84615384615384,722.7692307692307,300.0,69.84615384615384,12,1,928;940;952;2043;2052;2115;2116;2117;2118;2119;2120;2121,junction
665,junction,1,17.0,23.0,191.0,68.0,92.0,764.0,68.0,3,1,968;1121;2122,junction
666,junction,8,18.375,42.0,171.0,73.5,168.0,684.0,73.5,9,1,75;362;979;1333;1454;1466;2123;2124;2125,junction
667,junction,8,18.125,110.875,143.0,72.5,443.5,572.0,72.5,10,1,602;797;802;807;1679;1780;2127;2128;2129;2130,junction
668,junction,8,18.25,169.875,163.0,73.0,679.5,652.0,73.0,10,1,896;929;1096;1154;1985;2103;2131;2132;2133;2134,junction
669,junction,3,23.333333333333332,131.0,39.333333333333336,93.33333333333333,524.0,157.33333333333334,93.33333333333333,2,1,1820;2136,degree_two
670,junction,11,26.818181818181817,14.363636363636363,34.81818181818182,107.27272727272727,57.45454545454545,139.27272727272728,57.45454545454545,8,1,1179;1260;1289;2137;2138;2139;2140;2141,junction
671,junction,12,27.0,14.333333333333334,73.83333333333333,108.0,57.333333333333336,295.3333333333333,57.333333333333336,8,1,1246;1267;1302;2142;2143;2144;2145;2146,junction
672,junction,10,26.7,14.3,93.7,106.8,57.2,374.8,57.2,7,1,1247;1252;1310;2147;2148;2149;2150,junction
673,junction,11,27.0,23.636363636363637,25.181818181818183,108.0,94.54545454545455,100.72727272727273,94.54545454545455,11,1,1180;1292;1324;1340;2137;2151;2152;2153;2154;2155;2156,junction
674,junction,7,27.0,23.0,44.142857142857146,108.0,92.0,176.57142857142858,92.0,11,1,1263;1290;1346;2138;2157;2158;2159;2160;2161;2162;2163,junction
675,junction,7,26.285714285714285,32.714285714285715,16.428571428571427,105.14285714285714,130.85714285714286,65.71428571428571,65.71428571428571,7,1,1325;1341;1406;2151;2164;2165;2166,junction
676,junction,12,26.583333333333332,42.833333333333336,25.5,106.33333333333333,171.33333333333334,102.0,102.0,11,1,1185;1342;1408;1411;2167;2169;2170;2171;2172;2173;2174,junction
677,junction,8,26.875,42.875,64.375,107.5,171.5,257.5,107.5,11,1,1353;1416;1427;1462;2175;2176;2177;2178;2179;2180;2181,junction
678,junction,16,27.0,53.0,35.125,108.0,212.0,140.5,108.0,12,1,1186;1413;1476;1486;2170;2182;2183;2184;2185;2186;2187;2188,junction
679,junction,7,26.714285714285715,62.42857142857143,25.857142857142858,106.85714285714286,249.71428571428572,103.42857142857143,103.42857142857143,12,1,1188;1481;1487;1538;2183;2189;2190;2191;2192;2193;2194;2195,junction
680,junction,12,26.583333333333332,72.66666666666667,35.416666666666664,106.33333333333333,290.6666666666667,141.66666666666666,106.33333333333333,11,1,1196;1209;1485;1535;2193;2196;2197;2198;2199;2200;2201,junction
681,junction,15,27.0,101.93333333333334,45.333333333333336,108.0,407.73333333333335,181.33333333333334,108.0,11,1,1218;1223;1686;1692;2202;2203;2204;2205;2206;2207;2208,junction
682,junction,12,27.083333333333332,121.16666666666667,143.16666666666666,108.33333333333333,484.6666666666667,572.6666666666666,108.33333333333333,10,1,1785;1790;1852;2127;2209;2209;2210;2211;2212;2213,junction
683,junction,13,27.23076923076923,121.6923076923077,45.30769230769231,108.92307692307692,486.7692307692308,181.23076923076923,108.92307692307692,12,1,1227;1758;1765;1819;2214;2215;2216;2217;2218;2219;2220;2221,junction
684,junction,14,26.857142857142858,141.0,26.0,107.42857142857143,564.0,104.0,104.0,12,1,1243;1815;1880;1923;2222;2223;2224;2225;2226;2227;2228;2229,junction
685,junction,17,27.0,141.11764705882354,45.11764705882353,108.0,564.4705882352941,180.47058823529412,108.0,11,1,1240;1818;1884;1928;2230;2231;2232;2233;2234;2235;2237,junction
686,junction,12,26.666666666666668,160.91666666666666,25.916666666666668,106.66666666666667,643.6666666666666,103.66666666666667,103.66666666666667,11,1,1924;1971;1976;2031;2238;2239;2240;2241;2242;2243;2244,junction
687,junction,15,27.0,181.06666666666666,65.13333333333334,108.0,724.2666666666667,260.53333333333336,87.73333333333335,12,1,2045;2093;2120;2245;2246;2247;2248;2249;2250;2251;2252;2253,junction
688,junction,8,27.125,13.5,112.875,108.5,54.0,451.5,54.0,6,1,1251;1314;2254;2255;2257;2258,junction
689,junction,7,27.571428571428573,13.714285714285714,133.0,110.28571428571429,54.857142857142854,532.0,54.857142857142854,6,1,1254;1270;2259;2260;2261;2262,junction
690,junction,5,27.0,13.6,151.8,108.0,54.4,607.2,54.4,7,1,1255;1329;2264;2265;2266;2267;2268,junction
691,junction,7,27.0,13.285714285714286,172.0,108.0,53.142857142857146,688.0,53.142857142857146,6,1,1276;1280;1284;2269;2270;2271,junction
692,junction,6,27.5,13.5,190.5,110.0,54.0,762.0,54.0,4,1,1281;2122;2273;2274,junction
693,junction,5,26.8,14.8,54.6,107.2,59.2,218.4,59.2,8,1,1262;1266;1296;2160;2275;2276;2277;2278,junction
694,junction,13,26.923076923076923,23.0,83.84615384615384,107.6923076923077,92.0,335.38461538461536,92.0,12,1,1248;1303;1311;1374;2143;2147;2279;2280;2281;2282;2283;2284,junction
695,junction,15,27.066666666666666,23.0,103.13333333333334,108.26666666666667,92.0,412.53333333333336,92.0,12,1,1253;1307;1315;1358;2148;2254;2285;2286;2287;2288;2289;2290,junction
696,junction,10,27.0,23.1,123.2,108.0,92.4,492.8,92.4,12,1,1273;1316;1319;1379;2255;2260;2291;2292;2293;2294;2295;2296,junction
697,junction,9,27.22222222222222,22.88888888888889,141.77777777777777,108.88888888888889,91.55555555555556,567.1111111111111,91.55555555555556,11,1,1258;1321;1330;1363;2259;2264;2297;2298;2299;2300;2301,junction
698,junction,8,28.0,22.625,181.25,112.0,90.5,725.0,90.5,9,1,1282;1286;1369;2302;2303;2304;2305;2306;2307,junction
699,junction,8,27.25,23.0,63.875,109.0,92.0,255.5,92.0,12,1,1268;1297;1304;1354;2142;2276;2308;2309;2310;2311;2312;2313,junction
700,junction,10,27.7,23.1,162.1,110.8,92.4,648.4,92.4,10,1,1277;1285;1331;1334;2266;2314;2315;2316;2317;2318,junction
701,junction,11,27.727272727272727,32.27272727272727,171.54545454545453,110.9090909090909,129.0909090909091,686.1818181818181,110.9090909090909,10,1,1287;1336;1370;2124;2315;2319;2320;2321;2322;2323,junction
702,junction,14,27.0,32.92857142857143,35.142857142857146,108.0,131.71428571428572,140.57142857142858,108.0,12,1,1293;1343;1348;1410;2154;2157;2169;2324;2325;2326;2327;2328,junction
703,junction,13,27.0,33.0,74.0,108.0,132.0,296.0,108.0,12,1,1305;1351;1377;1426;2177;2279;2308;2329;2330;2331;2332;2333,junction
704,junction,10,26.8,32.7,93.6,107.2,130.8,374.4,107.2,12,1,1309;1359;1375;1386;2280;2285;2334;2335;2336;2337;2338;2339,junction
705,junction,11,27.363636363636363,32.72727272727273,112.81818181818181,109.45454545454545,130.9090909090909,451.27272727272725,109.45454545454545,11,1,1317;1360;1381;1392;2286;2291;2340;2341;2342;2343;2344,junction
706,junction,13,27.307692307692307,33.23076923076923,54.38461538461539,109.23076923076923,132.92307692307693,217.53846153846155,109.23076923076923,11,1,1347;1355;1418;2162;2176;2312;2345;2346;2347;2348;2349,junction
707,junction,7,27.285714285714285,32.857142857142854,132.42857142857142,109.14285714285714,131.42857142857142,529.7142857142857,109.14285714285714,9,1,1364;1383;1397;2292;2300;2350;2351;2352;2353,junction
708,junction,7,27.142857142857142,32.857142857142854,151.71428571428572,108.57142857142857,131.42857142857142,606.8571428571429,108.57142857142857,8,1,1328;1335;1365;1404;2297;2354;2355;2356,junction
709,junction,11,27.636363636363637,42.18181818181818,142.63636363636363,110.54545454545455,168.72727272727272,570.5454545454545,110.54545454545455,11,1,1366;1398;1403;1449;2352;2358;2359;2360;2361;2362;2363,junction
710,junction,10,27.6,42.0,162.0,110.4,168.0,648.0,110.4,8,1,1337;1405;1469;2125;2364;2365;2366;2367,junction
711,junction,12,27.083333333333332,43.0,44.916666666666664,108.33333333333333,172.0,179.66666666666666,108.33333333333333,11,1,1349;1412;1475;2182;2324;2345;2368;2369;2370;2371;2372,junction
712,junction,10,27.0,42.9,83.8,108.0,171.6,335.2,108.0,12,1,1378;1389;1428;1432;2329;2334;2373;2374;2375;2376;2377;2378,junction
713,junction,9,27.22222222222222,42.44444444444444,123.33333333333333,108.88888888888889,169.77777777777777,493.3333333333333,108.88888888888889,10,1,1384;1394;1399;1443;2341;2379;2380;2381;2382;2383,junction
714,junction,9,27.88888888888889,42.0,180.77777777777777,111.55555555555556,168.0,723.1111111111111,111.55555555555556,7,1,1456;2123;2319;2384;2385;2386;2387,junction
715,junction,7,26.857142857142858,42.857142857142854,103.85714285714286,107.42857142857143,171.42857142857142,415.42857142857144,107.42857142857143,9,1,1388;1393;1439;2337;2340;2388;2389;2390;2391,junction
716,junction,9,26.88888888888889,52.22222222222222,132.55555555555554,107.55555555555556,208.88888888888889,530.2222222222222,107.55555555555556,10,1,1400;1444;1450;1511;2358;2379;2392;2393;2394;2395,junction
717,junction,9,27.333333333333332,52.0,152.0,109.33333333333333,208.0,608.0,109.33333333333333,9,1,1402;1451;1470;1519;2396;2397;2398;2399;2400,junction
718,junction,6,27.166666666666668,52.666666666666664,16.5,108.66666666666667,210.66666666666666,66.0,66.0,8,1,1187;1407;1480;2167;2190;2401;2402;2403,junction
719,junction,11,26.818181818181817,53.0,54.63636363636363,107.27272727272727,212.0,218.54545454545453,107.27272727272727,11,1,1417;1464;1477;1489;2175;2368;2404;2405;2406;2407;2408,junction
720,junction,13,27.076923076923077,52.84615384615385,74.15384615384616,108.3076923076923,211.3846153846154,296.61538461538464,108.3076923076923,11,1,1429;1433;1463;1495;2180;2409;2411;2412;2413;2414;2415,junction
721,junction,9,26.88888888888889,52.55555555555556,93.77777777777777,107.55555555555556,210.22222222222223,375.1111111111111,107.55555555555556,11,1,1390;1434;1438;1499;2376;2416;2417;2418;2419;2420;2421,junction
722,junction,9,27.666666666666668,53.111111111111114,112.88888888888889,110.66666666666667,212.44444444444446,451.55555555555554,110.66666666666667,9,1,1395;1440;1445;1506;2422;2423;2424;2425;2426,junction
723,junction,14,27.214285714285715,62.357142857142854,103.64285714285714,108.85714285714286,249.42857142857142,414.57142857142856,108.85714285714286,11,1,1437;1500;1507;1549;2419;2424;2427;2428;2429;2430;2431,junction
724,junction,11,27.454545454545453,62.18181818181818,123.27272727272727,109.81818181818181,248.72727272727272,493.09090909090907,109.81818181818181,9,1,1446;1503;1509;1566;2433;2434;2435;2436;2437,junction
725,junction,10,27.5,62.1,142.1,110.0,248.4,568.4,110.0,9,1,1452;1512;1520;1554;2392;2438;2439;2440;2442,junction
726,junction,11,26.818181818181817,62.90909090909091,45.27272727272727,107.27272727272727,251.63636363636363,181.0909090909091,107.27272727272727,12,1,1195;1478;1484;1490;2184;2197;2404;2443;2444;2445;2446;2447,junction
727,junction,11,26.90909090909091,62.63636363636363,64.72727272727273,107.63636363636364,250.54545454545453,258.90909090909093,107.63636363636364,10,1,1201;1465;1488;1494;2406;2413;2449;2450;2451;2452,junction
728,junction,10,27.4,62.6,84.1,109.6,250.4,336.4,109.6,10,1,1435;1496;1501;1544;2409;2454;2456;2457;2458;2459,junction
729,junction,10,27.5,62.1,161.9,110.0,248.4,647.6,110.0,10,1,1472;1521;1526;1559;2396;2460;2461;2462;2463;2464,junction
730,junction,11,27.727272727272727,61.81818181818182,181.8181818181818,110.9090909090909,247.27272727272728,727.2727272727273,108.72727272727275,9,1,1459;1515;1527;1531;2465;2466;2467;2468;2469,junction
731,junction,10,27.7,71.8,171.7,110.8,287.2,686.8,110.8,10,1,1528;1532;1562;1572;2460;2470;2471;2472;2473;2474,junction
732,junction,7,27.714285714285715,70.71428571428571,190.42857142857142,110.85714285714286,282.85714285714283,761.7142857142857,74.28571428571433,7,1,1516;1533;1575;2465;2475;2476;2477,junction
733,junction,14,27.142857142857142,72.14285714285714,93.85714285714286,108.57142857142857,288.57142857142856,375.42857142857144,108.57142857142857,8,1,1502;1545;1550;1600;2480;2481;2482;2483,junction
734,junction,11,27.454545454545453,72.0909090909091,113.0909090909091,109.81818181818181,288.3636363636364,452.3636363636364,109.81818181818181,11,1,1505;1551;1569;1595;2428;2485;2486;2487;2488;2489;2490,junction
735,junction,14,27.214285714285715,71.85714285714286,132.78571428571428,108.85714285714286,287.42857142857144,531.1428571428571,108.85714285714286,10,1,1510;1557;1567;1605;2433;2492;2493;2494;2495;2496,junction
736,junction,11,27.363636363636363,71.9090909090909,151.9090909090909,109.45454545454545,287.6363636363636,607.6363636363636,109.45454545454545,10,1,1522;1553;1560;1609;2438;2497;2498;2499;2500;2501,junction
737,junction,8,27.125,72.125,16.5,108.5,288.5,66.0,66.0,8,1,1482;1539;1578;2189;2502;2503;2504;2505,junction
738,junction,8,27.0,72.75,54.5,108.0,291.0,218.0,108.0,11,1,1193;1202;1491;1584;2443;2506;2507;2508;2509;2510;2511,junction
739,junction,11,26.818181818181817,72.63636363636364,74.54545454545455,107.27272727272727,290.54545454545456,298.1818181818182,107.27272727272727,11,1,1203;1493;1543;1589;2449;2454;2512;2513;2514;2515;2516,junction
740,junction,9,27.444444444444443,81.44444444444444,162.0,109.77777777777777,325.77777777777777,648.0,109.77777777777777,8,1,1563;1573;1613;1642;2518;2519;2520;2521,junction
741,junction,9,27.444444444444443,81.0,180.88888888888889,109.77777777777777,324.0,723.5555555555555,109.77777777777777,9,1,1534;1574;1648;2471;2522;2523;2524;2525;2526,junction
742,junction,11,26.90909090909091,82.0909090909091,26.09090909090909,107.63636363636364,328.3636363636364,104.36363636363636,104.36363636363636,12,1,1210;1537;1580;1619;2196;2502;2527;2528;2529;2530;2531;2532,junction
743,junction,15,27.0,82.13333333333334,45.13333333333333,108.0,328.53333333333336,180.53333333333333,108.0,12,1,1194;1208;1216;1582;2198;2507;2533;2534;2535;2536;2537;2538,junction
744,junction,18,27.944444444444443,82.33333333333333,64.44444444444444,111.77777777777777,329.3333333333333,257.77777777777777,111.77777777777777,11,1,1204;1585;1590;1622;2506;2512;2539;2540;2541;2542;2543,junction
745,junction,15,27.0,82.06666666666666,84.13333333333334,108.0,328.26666666666665,336.53333333333336,108.0,12,1,1542;1591;1601;1628;2513;2544;2545;2546;2547;2548;2549;2550,junction
746,junction,12,27.166666666666668,82.0,103.66666666666667,108.66666666666667,328.0,414.6666666666667,108.66666666666667,10,1,1548;1596;1602;1660;2485;2551;2553;2554;2555;2556,junction
747,junction,11,27.0,82.0,123.18181818181819,108.0,328.0,492.72727272727275,108.0,11,1,1568;1597;1606;1652;2486;2557;2558;2559;2560;2561;2562,junction
748,junction,8,26.875,81.625,142.625,107.5,326.5,570.5,107.5,8,1,1556;1607;1611;1635;2492;2563;2564;2566,junction
749,junction,10,27.5,91.0,172.0,110.0,364.0,688.0,110.0,8,1,1571;1644;1649;1701;2567;2568;2569;2570,junction
750,junction,8,27.0,92.25,17.0,108.0,369.0,68.0,68.0,8,1,1581;1620;1705;2527;2571;2572;2573;2574,junction
751,junction,11,26.90909090909091,92.0909090909091,35.90909090909091,107.63636363636364,368.3636363636364,143.63636363636363,107.63636363636364,11,1,1211;1217;1617;1685;2202;2528;2534;2575;2576;2577;2578,junction
752,junction,11,27.0,92.0,55.0,108.0,368.0,220.0,108.0,10,1,1215;1586;1623;1690;2533;2580;2581;2582;2583;2584,junction
753,junction,10,27.2,92.1,74.7,108.8,368.4,298.8,108.8,10,1,1592;1625;1631;2539;2546;2585;2586;2587;2588;2589,junction
754,junction,14,27.285714285714285,91.92857142857143,94.21428571428571,109.14285714285714,367.7142857142857,376.85714285714283,109.14285714285714,11,1,1599;1632;1661;1670;2545;2553;2590;2591;2592;2593;2594,junction
755,junction,11,27.454545454545453,91.9090909090909,113.36363636363636,109.81818181818181,367.6363636363636,453.45454545454544,109.81818181818181,9,1,1594;1654;1662;1709;2595;2597;2598;2599;2600,junction
756,junction,8,27.75,91.75,152.5,111.0,367.0,610.0,111.0,10,1,1614;1637;1643;1681;2601;2603;2604;2605;2606;2607,junction
757,junction,5,27.2,91.0,190.2,108.8,364.0,760.8,75.20000000000005,4,1,1650;1664;2608;2610,junction
758,junction,10,27.4,92.2,132.8,109.6,368.8,531.2,109.6,11,1,1608;1636;1655;1674;2558;2611;2612;2614;2615;2616;2617,junction
759,junction,10,27.6,101.0,143.0,110.4,404.0,572.0,110.4,9,1,1638;1677;1682;2128;2612;2618;2619;2620;2621,junction
760,junction,13,27.46153846153846,101.23076923076923,162.15384615384616,109.84615384615384,404.9230769230769,648.6153846153846,109.84615384615384,10,1,1645;1683;1702;1735;2604;2623;2624;2625;2626;2627,junction
761,junction,11,27.09090909090909,101.72727272727273,25.818181818181817,108.36363636363636,406.90909090909093,103.27272727272727,103.27272727272727,12,1,1232;1618;1688;1706;2571;2575;2628;2629;2630;2631;2632;2633,junction
762,junction,10,27.0,101.9,64.8,108.0,407.6,259.2,108.0,11,1,1626;1691;1716;2580;2586;2634;2635;2636;2637;2638;2639,junction
763,junction,10,27.6,101.9,83.9,110.4,407.6,335.6,110.4,10,1,1630;1672;1698;1740;2588;2640;2641;2642;2643;2644,junction
764,junction,8,27.0,101.375,103.375,108.0,405.5,413.5,108.0,12,1,1663;1671;1711;1746;2590;2595;2645;2646;2647;2648;2649;2650,junction
765,junction,9,27.444444444444443,101.11111111111111,182.0,109.77777777777777,404.44444444444446,728.0,108.0,9,1,1651;1667;1703;1727;2651;2652;2653;2654;2655,junction
766,junction,10,27.4,102.1,123.8,109.6,408.4,495.2,109.6,10,1,1657;1676;1712;1722;2611;2656;2657;2658;2659;2660,junction
767,junction,9,27.22222222222222,110.22222222222223,190.44444444444446,108.88888888888889,440.8888888888889,761.7777777777778,74.22222222222217,7,1,1666;1728;1773;2653;2663;2664;2665,junction
768,junction,10,27.4,111.6,132.9,109.6,446.4,531.6,109.6,10,1,1678;1724;1783;2129;2666;2668;2669;2670;2671;2672,junction
769,junction,12,27.333333333333332,111.25,152.75,109.33333333333333,445.0,611.0,109.33333333333333,8,1,1684;1736;1789;2130;2675;2676;2677;2678,junction
770,junction,6,26.666666666666668,111.83333333333333,17.166666666666668,106.66666666666667,447.3333333333333,68.66666666666667,68.66666666666667,8,1,1234;1707;1776;2628;2679;2680;2681;2682,junction
771,junction,10,26.9,111.7,35.8,107.6,446.8,143.2,107.6,11,1,1226;1233;1687;1756;2214;2629;2683;2684;2685;2686;2687,junction
772,junction,14,26.928571428571427,112.0,55.142857142857146,107.71428571428571,448.0,220.57142857142858,107.71428571428571,12,1,1225;1693;1718;1763;2204;2215;2634;2688;2689;2690;2691;2692,junction
773,junction,10,26.9,111.6,74.7,107.6,446.4,298.8,107.6,11,1,1697;1717;1742;1798;2637;2694;2695;2696;2697;2698;2699,junction
774,junction,13,27.23076923076923,112.07692307692308,94.0,108.92307692307692,448.3076923076923,376.0,108.92307692307692,12,1,1673;1741;1748;1801;2640;2645;2700;2701;2702;2703;2704;2705,junction
775,junction,13,27.76923076923077,110.76923076923077,172.0,111.07692307692308,443.0769230769231,688.0,111.07692307692308,9,1,1704;1730;1734;1751;2623;2707;2708;2709;2710,junction
776,junction,7,27.285714285714285,112.0,114.0,109.14285714285714,448.0,456.0,109.14285714285714,9,1,1713;1723;1747;1769;2648;2711;2712;2713;2714,junction
777,junction,9,27.666666666666668,120.0,182.0,110.66666666666667,480.0,728.0,108.0,8,1,1731;1754;1774;1830;2715;2716;2717;2718,junction
778,junction,8,26.75,121.375,84.625,107.0,485.5,338.5,107.0,10,1,1743;1796;1802;1824;2697;2700;2719;2720;2721;2722,junction
779,junction,11,26.818181818181817,121.36363636363636,104.36363636363636,107.27272727272727,485.45454545454544,417.45454545454544,107.27272727272727,10,1,1749;1770;1804;1841;2701;2725;2726;2727;2728;2729,junction
780,junction,14,27.285714285714285,121.0,123.28571428571429,109.14285714285714,484.0,493.14285714285717,109.14285714285714,12,1,1725;1771;1784;1846;2669;2711;2730;2731;2732;2733;2734;2735,junction
781,junction,9,27.22222222222222,121.0,25.666666666666668,108.88888888888889,484.0,102.66666666666667,102.66666666666667,12,1,1235;1759;1777;1812;2680;2736;2737;2738;2739;2740;2741;2742,junction
782,junction,9,27.0,121.66666666666667,64.55555555555556,108.0,486.6666666666667,258.22222222222223,108.0,12,1,1719;1764;1795;1836;2688;2694;2743;2744;2745;2746;2747;2748,junction
783,junction,8,27.625,120.875,162.5,110.5,483.5,650.0,110.5,7,1,1737;1752;1791;1807;2749;2750;2751,junction
784,junction,8,27.125,130.125,172.0,108.5,520.5,688.0,108.5,9,1,1753;1809;1831;1858;2752;2753;2754;2755;2756,junction
785,junction,13,27.0,131.15384615384616,35.84615384615385,108.0,524.6153846153846,143.3846153846154,108.0,12,1,1242;1760;1814;2136;2218;2223;2230;2736;2757;2758;2759;2760,junction
786,junction,13,27.53846153846154,130.76923076923077,74.3076923076923,110.15384615384616,523.0769230769231,297.2307692307692,110.15384615384616,10,1,1797;1823;1838;1865;2746;2761;2763;2764;2765;2766,junction
787,junction,12,27.416666666666668,131.08333333333334,94.0,109.66666666666667,524.3333333333334,376.0,109.66666666666667,12,1,1800;1825;1842;1868;2719;2727;2767;2768;2769;2770;2771;2772,junction
788,junction,11,27.272727272727273,131.0,114.0,109.0909090909091,524.0,456.0,109.0909090909091,10,1,1768;1843;1849;1889;2730;2774;2775;2776;2777;2778,junction
789,junction,13,27.615384615384617,131.0,133.15384615384616,110.46153846153847,524.0,532.6153846153846,110.46153846153847,10,1,1782;1847;1853;1895;2731;2779;2780;2781;2782;2783,junction
790,junction,12,27.333333333333332,131.41666666666666,55.25,109.33333333333333,525.6666666666666,221.0,109.33333333333333,12,1,1766;1817;1837;1887;2216;2231;2743;2784;2785;2786;2787;2788,junction
791,junction,5,27.2,130.8,17.0,108.8,523.2,68.0,68.0,7,1,1778;1813;1878;2222;2741;2789;2790,junction
792,junction,8,27.625,131.25,153.0,110.5,525.0,612.0,110.5,8,1,1792;1808;1900;2791;2792;2793;2794;2795,junction
793,junction,10,27.5,140.0,182.0,110.0,560.0,728.0,108.0,8,1,1829;1860;1877;1946;2796;2797;2798;2799,junction
794,junction,12,27.0,141.08333333333334,64.91666666666667,108.0,564.3333333333334,259.6666666666667,108.0,11,1,1835;1866;1885;1934;2784;2800;2801;2802;2803;2804;2805,junction
795,junction,11,27.272727272727273,141.0909090909091,84.18181818181819,109.0909090909091,564.3636363636364,336.72727272727275,109.0909090909091,11,1,1826;1867;1871;1940;2761;2767;2806;2807;2808;2809;2810,junction
796,junction,11,27.181818181818183,141.0909090909091,104.0,108.72727272727273,564.3636363636364,416.0,108.72727272727273,10,1,1840;1872;1890;1953;2768;2811;2812;2813;2814;2815,junction
797,junction,14,27.285714285714285,140.92857142857142,123.28571428571429,109.14285714285714,563.7142857142857,493.14285714285717,109.14285714285714,9,1,1848;1892;1896;1906;2816;2820;2821;2822;2823,junction
798,junction,10,27.8,140.5,163.1,111.2,562.0,652.4,111.2,10,1,1810;1859;1901;1917;2753;2824;2825;2826;2827;2828,junction
799,junction,12,27.583333333333332,141.16666666666666,143.0,110.33333333333333,564.6666666666666,572.0,110.33333333333333,12,1,1855;1897;1903;1914;2779;2791;2829;2830;2831;2832;2833;2834,junction
800,junction,10,27.4,150.2,152.4,109.6,600.8,609.6,109.6,10,1,1904;1915;1920;1967;2829;2835;2836;2837;2838;2839,junction
801,junction,12,27.416666666666668,150.16666666666666,172.58333333333334,109.66666666666667,600.6666666666666,690.3333333333334,109.66666666666667,11,1,1861;1918;1947;1987;2824;2841;2842;2843;2844;2845;2846,junction
802,junction,11,27.09090909090909,151.0909090909091,36.09090909090909,108.36363636363636,604.3636363636364,144.36363636363637,108.36363636363636,12,1,1241;1926;1929;1975;2225;2233;2239;2847;2848;2849;2850;2851,junction
803,junction,13,27.153846153846153,150.92307692307693,55.61538461538461,108.61538461538461,603.6923076923077,222.46153846153845,108.61538461538461,12,1,1886;1931;1935;1981;2232;2800;2852;2853;2854;2855;2856;2857,junction
804,junction,11,27.09090909090909,151.0909090909091,75.0909090909091,108.36363636363636,604.3636363636364,300.3636363636364,108.36363636363636,12,1,1864;1936;1941;1996;2801;2807;2858;2859;2860;2861;2862;2863,junction
805,junction,10,27.3,151.0,93.9,109.2,604.0,375.6,109.2,11,1,1873;1944;1954;2002;2806;2864;2865;2866;2867;2868;2869,junction
806,junction,12,27.083333333333332,151.16666666666666,113.75,108.33333333333333,604.6666666666666,455.0,108.33333333333333,12,1,1893;1909;1955;2008;2811;2816;2870;2871;2872;2873;2874;2875,junction
807,junction,11,27.545454545454547,151.0909090909091,133.27272727272728,110.18181818181819,604.3636363636364,533.0909090909091,110.18181818181819,9,1,1898;1908;1913;1959;2876;2877;2878;2879;2880,junction
808,junction,5,27.4,149.2,190.8,109.6,596.8,763.2,72.79999999999995,7,1,1874;1949;1990;2881;2883;2884;2885,junction
809,junction,6,27.166666666666668,150.83333333333334,17.333333333333332,108.66666666666667,603.3333333333334,69.33333333333333,69.33333333333333,7,1,1881;1925;1970;2224;2238;2886;2887,junction
810,junction,15,27.266666666666666,160.46666666666667,143.4,109.06666666666666,641.8666666666667,573.6,109.06666666666666,12,1,1912;1961;1968;2026;2836;2878;2888;2889;2890;2891;2892;2893,junction
811,junction,8,27.375,159.875,163.125,109.5,639.5,652.5,109.5,9,1,1919;1964;1988;2131;2895;2896;2897;2898;2899,junction
812,junction,13,27.23076923076923,160.76923076923077,45.61538461538461,108.92307692307692,643.0769230769231,182.46153846153845,108.92307692307692,12,1,1932;1977;1983;2037;2847;2852;2900;2901;2902;2903;2904;2905,junction
813,junction,15,27.066666666666666,161.0,65.13333333333334,108.26666666666667,644.0,260.53333333333336,108.26666666666667,12,1,1938;1982;1998;2042;2853;2858;2906;2907;2908;2909;2910;2911,junction
814,junction,11,26.90909090909091,160.72727272727272,84.72727272727273,107.63636363636364,642.9090909090909,338.90909090909093,107.63636363636364,12,1,1943;1997;2003;2053;2859;2864;2912;2913;2914;2915;2916;2917,junction
815,junction,13,27.153846153846153,160.76923076923077,104.15384615384616,108.61538461538461,643.0769230769231,416.61538461538464,108.61538461538461,12,1,1956;2004;2009;2012;2865;2870;2918;2919;2920;2921;2922;2923,junction
816,junction,10,27.4,161.2,123.7,109.6,644.8,494.8,109.6,12,1,1910;1960;2010;2020;2871;2877;2924;2925;2926;2927;2928;2929,junction
817,junction,7,27.428571428571427,160.0,181.71428571428572,109.71428571428571,640.0,726.8571428571429,109.14285714285711,9,1,1950;1989;1993;2047;2930;2931;2932;2933;2934,junction
818,junction,12,27.416666666666668,170.0,133.08333333333334,109.66666666666667,680.0,532.3333333333334,109.66666666666667,12,1,1962;2018;2025;2075;2888;2927;2935;2936;2937;2938;2939;2940,junction
819,junction,9,27.22222222222222,169.88888888888889,152.88888888888889,108.88888888888889,679.5555555555555,611.5555555555555,108.88888888888889,10,1,1966;2027;2107;2132;2890;2941;2943;2944;2945;2946,junction
820,junction,9,27.555555555555557,169.88888888888889,172.55555555555554,110.22222222222223,679.5555555555555,690.2222222222222,110.22222222222223,9,1,1986;2049;2061;2133;2948;2949;2950;2951;2952,junction
821,junction,11,27.09090909090909,170.72727272727272,35.81818181818182,108.36363636363636,682.9090909090909,143.27272727272728,108.36363636363636,12,1,1978;2033;2038;2086;2243;2903;2953;2954;2955;2956;2957;2958,junction
822,junction,11,27.272727272727273,170.63636363636363,55.27272727272727,109.0909090909091,682.5454545454545,221.0909090909091,109.0909090909091,12,1,1984;2039;2046;2091;2249;2900;2906;2959;2960;2961;2962;2963,junction
823,junction,8,26.875,171.25,75.125,107.5,685.0,300.5,107.5,11,1,1999;2044;2054;2119;2246;2907;2912;2964;2965;2966;2967,junction
824,junction,13,27.307692307692307,170.76923076923077,94.46153846153847,109.23076923076923,683.0769230769231,377.84615384615387,109.23076923076923,12,1,2005;2014;2056;2098;2913;2918;2968;2969;2970;2971;2972;2973,junction
825,junction,6,27.333333333333332,169.83333333333334,190.66666666666666,109.33333333333333,679.3333333333334,762.6666666666666,73.33333333333337,7,1,1992;2050;2112;2974;2975;2976;2977,junction
826,junction,3,27.0,171.66666666666666,17.333333333333332,108.0,686.6666666666666,69.33333333333333,69.33333333333333,7,1,1972;2032;2080;2240;2978;2979;2980,junction
827,junction,12,28.0,170.91666666666666,113.83333333333333,112.0,683.6666666666666,455.3333333333333,112.0,11,1,2016;2021;2068;2919;2924;2982;2983;2984;2985;2986;2987,junction
828,junction,11,26.90909090909091,180.27272727272728,104.45454545454545,107.63636363636364,721.0909090909091,417.8181818181818,90.90909090909088,11,1,2015;2069;2100;2968;2983;2988;2989;2990;2991;2992;2993,junction
829,junction,8,26.75,180.0,124.125,107.0,720.0,496.5,92.0,12,1,2022;2070;2076;2936;2984;2994;2995;2996;2997;2998;2999;3000,junction
830,junction,14,27.357142857142858,180.28571428571428,143.14285714285714,109.42857142857143,721.1428571428571,572.5714285714286,90.85714285714289,12,1,2028;2077;2109;2935;2941;3001;3002;3003;3004;3005;3006;3007,junction
831,junction,15,27.666666666666668,180.2,163.13333333333333,110.66666666666667,720.8,652.5333333333333,91.20000000000005,11,1,2063;2106;2134;2949;3008;3010;3011;3012;3013;3014;3015,junction
832,junction,8,27.25,180.0,182.125,109.0,720.0,728.5,92.0,8,1,2051;2062;2114;3016;3017;3019;3020;3021,junction
833,junction,11,27.272727272727273,180.8181818181818,26.363636363636363,109.0909090909091,723.2727272727273,105.45454545454545,88.72727272727275,11,1,2034;2082;2089;2953;2978;3022;3023;3024;3025;3026;3027,junction
834,junction,8,27.0,180.625,45.5,108.0,722.5,182.0,89.5,11,1,2040;2087;2094;2954;2961;3028;3029;3030;3031;3032;3033,junction
835,junction,8,27.0,181.125,85.125,108.0,724.5,340.5,87.5,12,1,2057;2099;2121;2964;2970;3034;3035;3036;3037;3038;3039;3040,junction
836,junction,1,27.0,15.0,17.0,108.0,60.0,68.0,60.0,3,1,3041;3042;3043,junction
837,junction,3,28.0,31.666666666666668,190.0,112.0,126.66666666666667,760.0,76.0,7,1,1371;1421;2304;3044;3045;3046;3047,junction
838,junction,3,28.0,51.333333333333336,190.0,112.0,205.33333333333334,760.0,76.0,6,1,1423;1458;1514;3048;3049;3050,junction
839,junction,5,28.0,52.0,171.4,112.0,208.0,685.6,112.0,4,1,1457;1471;3052;3053,junction
840,junction,6,28.666666666666668,130.0,190.83333333333334,114.66666666666667,520.0,763.3333333333334,72.66666666666663,5,1,1832;3055;3057;3058;3059,junction
841,junction,2,33.5,72.0,127.5,134.0,288.0,510.0,134.0,4,1,2493;3060;3060;3061,junction
842,junction,6,36.833333333333336,14.5,25.0,147.33333333333334,58.0,100.0,58.0,7,1,2139;2152;3043;3062;3063;3064;3065,junction
843,junction,9,36.666666666666664,14.333333333333334,45.111111111111114,146.66666666666666,57.333333333333336,180.44444444444446,57.333333333333336,7,1,2140;2158;2275;3066;3067;3068;3069,junction
844,junction,8,36.5,14.375,64.0,146.0,57.5,256.0,57.5,6,1,2277;2309;3070;3071;3072;3073,junction
845,junction,11,36.81818181818182,14.363636363636363,83.81818181818181,147.27272727272728,57.45454545454545,335.27272727272725,57.45454545454545,8,1,2145;2149;2281;3074;3075;3076;3077;3078,junction
846,junction,9,36.666666666666664,23.444444444444443,35.0,146.66666666666666,93.77777777777777,140.0,93.77777777777777,8,1,2141;2155;2159;2325;3079;3080;3081;3082,junction
847,junction,10,36.8,22.9,74.1,147.2,91.6,296.4,91.6,9,1,2146;2282;2311;2330;3074;3083;3084;3085;3086,junction
848,junction,6,36.833333333333336,22.833333333333332,16.666666666666668,147.33333333333334,91.33333333333333,66.66666666666667,66.66666666666667,6,1,2153;2164;3063;3087;3088;3089,junction
849,junction,8,37.0,23.25,54.875,148.0,93.0,219.5,93.0,12,1,2161;2278;2310;2346;3067;3072;3090;3091;3092;3093;3094;3095,junction
850,junction,11,36.36363636363637,33.27272727272727,25.363636363636363,145.45454545454547,133.0909090909091,101.45454545454545,101.45454545454545,9,1,2156;2166;2171;3087;3096;3097;3098;3099;3100,junction
851,junction,12,36.833333333333336,33.0,45.0,147.33333333333334,132.0,180.0,132.0,10,1,2163;2327;2349;2369;3090;3101;3102;3103;3104;3105,junction
852,junction,14,37.07142857142857,33.142857142857146,64.21428571428571,148.28571428571428,132.57142857142858,256.85714285714283,132.57142857142858,11,1,2313;2331;2347;3094;3106;3107;3108;3109;3110;3111;3112,junction
853,junction,11,36.54545454545455,42.81818181818182,35.0,146.1818181818182,171.27272727272728,140.0,140.0,9,1,2173;2185;2328;2370;3096;3114;3116;3117;3118,junction
854,junction,10,36.6,43.0,74.1,146.4,172.0,296.4,146.4,10,1,2179;2333;2375;2411;3107;3119;3120;3121;3122;3123,junction
855,junction,14,36.785714285714285,53.0,45.0,147.14285714285714,212.0,180.0,147.14285714285714,12,1,2186;2372;2405;2444;3116;3124;3125;3126;3127;3128;3129;3130,junction
856,junction,9,36.666666666666664,53.111111111111114,26.0,146.66666666666666,212.44444444444446,104.0,104.0,7,1,2174;2188;2191;2402;3131;3132;3133,junction
857,junction,17,37.0,72.17647058823529,84.11764705882354,148.0,288.70588235294116,336.47058823529414,148.0,12,1,2458;2480;2516;2547;3134;3135;3136;3137;3138;3139;3140;3141,junction
858,junction,13,36.69230769230769,72.76923076923077,45.0,146.76923076923077,291.0769230769231,180.0,146.76923076923077,11,1,2201;2447;2510;2535;3142;3143;3144;3146;3147;3148;3149,junction
859,junction,13,36.76923076923077,81.84615384615384,35.30769230769231,147.07692307692307,327.38461538461536,141.23076923076923,141.23076923076923,11,1,2531;2536;2576;3143;3151;3152;3153;3154;3155;3156;3157,junction
860,junction,14,36.857142857142854,82.14285714285714,54.857142857142854,147.42857142857142,328.57142857142856,219.42857142857142,147.42857142857142,10,1,2511;2537;2542;2581;3142;3158;3159;3160;3161;3162,junction
861,junction,11,37.09090909090909,91.45454545454545,142.72727272727272,148.36363636363637,365.8181818181818,570.9090909090909,148.36363636363637,10,1,2605;2615;2619;3164;3165;3166;3167;3168;3169;3170,junction
862,junction,12,36.666666666666664,92.0,26.0,146.66666666666666,368.0,104.0,104.0,10,1,2532;2573;2577;2630;3151;3171;3172;3173;3174;3175,junction
863,junction,12,36.666666666666664,92.0,45.0,146.66666666666666,368.0,180.0,146.66666666666666,10,1,2205;2538;2578;2582;3156;3176;3177;3178;3179;3180,junction
864,junction,15,36.86666666666667,92.0,64.86666666666666,147.46666666666667,368.0,259.46666666666664,147.46666666666667,12,1,2543;2583;2587;2635;3158;3181;3182;3183;3184;3185;3186;3187,junction
865,junction,11,37.18181818181818,101.54545454545455,132.9090909090909,148.72727272727272,406.1818181818182,531.6363636363636,148.72727272727272,12,1,2617;2620;2660;2670;3164;3188;3189;3190;3191;3192;3193;3194,junction
866,junction,11,36.54545454545455,101.72727272727273,74.36363636363636,146.1818181818182,406.90909090909093,297.45454545454544,146.1818181818182,12,1,2589;2638;2642;2695;3183;3195;3196;3197;3198;3199;3200;3201,junction
867,junction,10,36.7,111.9,83.9,146.8,447.6,335.6,146.8,10,1,2644;2698;2704;2720;3199;3203;3204;3205;3206;3207,junction
868,junction,10,36.7,111.6,26.0,146.8,446.4,104.0,104.0,11,1,2633;2682;2685;2737;3208;3209;3210;3211;3212;3213;3214,junction
869,junction,7,36.57142857142857,121.42857142857143,17.428571428571427,146.28571428571428,485.7142857142857,69.71428571428571,69.71428571428571,6,1,2679;2738;2789;3216;3217;3218,junction
870,junction,8,36.75,121.625,36.125,147.0,486.5,144.5,144.5,9,1,2220;2687;2740;2757;3209;3220;3221;3222;3223,junction
871,junction,8,36.25,131.0,26.25,145.0,524.0,105.0,105.0,9,1,2226;2742;2758;2790;3224;3225;3226;3227;3228,junction
872,junction,11,36.72727272727273,130.9090909090909,45.09090909090909,146.9090909090909,523.6363636363636,180.36363636363637,146.9090909090909,11,1,2221;2759;2788;3220;3229;3230;3231;3232;3233;3234;3235,junction
873,junction,15,36.86666666666667,131.26666666666668,64.8,147.46666666666667,525.0666666666667,259.2,147.46666666666667,10,1,2748;2765;2785;2802;3236;3238;3239;3240;3241;3242,junction
874,junction,16,36.875,141.1875,35.8125,147.5,564.75,143.25,143.25,11,1,2228;2234;2760;2848;3224;3234;3244;3245;3246;3247;3248,junction
875,junction,12,36.833333333333336,141.33333333333334,55.166666666666664,147.33333333333334,565.3333333333334,220.66666666666666,147.33333333333334,11,1,2235;2786;2803;2854;3229;3249;3250;3251;3252;3253;3254,junction
876,junction,3,36.0,141.33333333333334,17.333333333333332,144.0,565.3333333333334,69.33333333333333,69.33333333333333,5,1,2227;2886;3256;3257;3258,junction
877,junction,11,36.72727272727273,151.0909090909091,26.0,146.9090909090909,604.3636363636364,104.0,104.0,10,1,2229;2241;2849;2887;3256;3259;3260;3261;3262;3263,junction
878,junction,13,37.0,151.23076923076923,45.61538461538461,148.0,604.9230769230769,182.46153846153845,148.0,11,1,2850;2855;2901;3244;3249;3264;3265;3266;3267;3268;3269,junction
879,junction,8,37.125,160.75,54.75,148.5,643.0,219.0,148.5,9,1,2857;2902;2959;3265;3270;3271;3272;3273;3274,junction
880,junction,11,36.63636363636363,170.36363636363637,103.81818181818181,146.54545454545453,681.4545454545455,415.27272727272725,130.5454545454545,11,1,2922;2971;2986;2993;3275;3276;3277;3278;3279;3280;3281,junction
881,junction,10,36.7,169.9,124.1,146.8,679.6,496.4,132.39999999999998,11,1,2929;2939;2982;2996;3282;3283;3284;3285;3286;3287;3288,junction
882,junction,8,36.75,171.125,25.875,147.0,684.5,103.5,103.5,11,1,2244;2956;2980;3024;3289;3290;3291;3292;3293;3294;3295,junction
883,junction,13,36.76923076923077,171.0,65.07692307692308,147.07692307692307,684.0,260.3076923076923,128.0,10,1,2250;2910;2960;3272;3297;3298;3299;3300;3301;3302,junction
884,junction,16,36.875,180.1875,114.125,147.5,720.75,456.5,91.25,10,1,2987;2992;2999;3280;3303;3304;3305;3307;3309;3310,junction
885,junction,17,37.0,180.11764705882354,133.23529411764707,148.0,720.4705882352941,532.9411764705883,91.52941176470586,11,1,2940;2997;3006;3283;3311;3312;3313;3314;3315;3316;3318,junction
886,junction,7,36.857142857142854,180.57142857142858,55.0,147.42857142857142,722.2857142857143,220.0,89.71428571428567,9,1,2253;2962;3032;3319;3320;3321;3322;3324;3325,junction
887,junction,8,36.875,13.625,122.875,147.5,54.5,491.5,54.5,8,1,2257;2261;2293;3326;3327;3328;3329;3330,junction
888,junction,9,37.0,13.444444444444445,142.0,148.0,53.77777777777778,568.0,53.77777777777778,8,1,2262;2265;2298;3331;3332;3333;3334;3335,junction
889,junction,6,37.166666666666664,13.5,161.66666666666666,148.66666666666666,54.0,646.6666666666666,54.0,8,1,2267;2270;2314;3336;3337;3338;3339;3340,junction
890,junction,8,37.0,13.375,181.25,148.0,53.5,725.0,53.5,7,1,2271;2273;2305;3341;3342;3343;3344,junction
891,junction,5,37.2,14.4,102.8,148.8,57.6,411.2,57.6,8,1,2150;2287;3345;3346;3347;3348;3349;3350,junction
892,junction,9,36.888888888888886,22.333333333333332,190.33333333333334,147.55555555555554,89.33333333333333,761.3333333333334,74.66666666666663,8,1,2274;2303;3045;3342;3351;3352;3353;3354,junction
893,junction,13,37.0,23.0,113.0,148.0,92.0,452.0,92.0,11,1,2258;2288;2294;2342;3326;3348;3355;3356;3357;3358;3360,junction
894,junction,17,37.705882352941174,23.0,152.0,150.8235294117647,92.0,608.0,92.0,11,1,2268;2299;2316;2354;3332;3336;3361;3362;3363;3365;3366,junction
895,junction,9,37.111111111111114,22.88888888888889,93.66666666666667,148.44444444444446,91.55555555555556,374.6666666666667,91.55555555555556,10,1,2283;2290;2335;3075;3347;3367;3368;3369;3370;3371,junction
896,junction,6,37.0,23.0,132.83333333333334,148.0,92.0,531.3333333333334,92.0,11,1,2295;2301;2350;3327;3331;3372;3373;3374;3375;3376;3377,junction
897,junction,9,36.888888888888886,23.11111111111111,171.44444444444446,147.55555555555554,92.44444444444444,685.7777777777778,92.44444444444444,10,1,2306;2317;2320;3338;3341;3378;3379;3380;3381;3382,junction
898,junction,13,36.92307692307692,32.76923076923077,161.69230769230768,147.69230769230768,131.07692307692307,646.7692307692307,131.07692307692307,9,1,2318;2321;2364;3362;3385;3386;3387;3388;3389,junction
899,junction,11,36.81818181818182,32.09090909090909,181.1818181818182,147.27272727272728,128.36363636363637,724.7272727272727,111.27272727272725,9,1,2307;2322;2384;3047;3379;3391;3392;3393;3394,junction
900,junction,13,37.0,33.0,84.0,148.0,132.0,336.0,132.0,11,1,2284;2332;2336;2374;3120;3367;3396;3397;3398;3399;3400,junction
901,junction,15,37.13333333333333,33.0,103.13333333333334,148.53333333333333,132.0,412.53333333333336,132.0,12,1,2289;2338;2344;2389;3355;3368;3401;3402;3403;3404;3405;3406,junction
902,junction,12,37.0,32.75,122.83333333333333,148.0,131.0,491.3333333333333,131.0,12,1,2296;2351;2381;3356;3372;3407;3408;3409;3410;3411;3412;3413,junction
903,junction,12,37.333333333333336,32.916666666666664,142.5,149.33333333333334,131.66666666666666,570.0,131.66666666666666,10,1,2353;2356;2361;3361;3375;3415;3416;3418;3419;3420,junction
904,junction,13,37.0,42.23076923076923,151.92307692307693,148.0,168.92307692307693,607.6923076923077,148.0,11,1,2355;2362;2365;2399;3415;3421;3422;3423;3424;3425;3426,junction
905,junction,9,37.111111111111114,42.0,171.11111111111111,148.44444444444446,168.0,684.4444444444445,148.44444444444446,9,1,2323;2366;2385;3387;3427;3428;3429;3430;3431,junction
906,junction,6,37.0,41.666666666666664,190.16666666666666,148.0,166.66666666666666,760.6666666666666,75.33333333333337,8,1,2386;3046;3048;3391;3432;3433;3434;3435,junction
907,junction,7,36.857142857142854,42.714285714285715,55.0,147.42857142857142,170.85714285714286,220.0,147.42857142857142,9,1,2178;2348;2371;3108;3124;3436;3437;3438;3439,junction
908,junction,11,36.90909090909091,42.72727272727273,93.72727272727273,147.63636363636363,170.9090909090909,374.90909090909093,147.63636363636363,12,1,2339;2377;2390;2417;3396;3401;3440;3441;3442;3443;3444;3445,junction
909,junction,9,37.0,42.888888888888886,113.44444444444444,148.0,171.55555555555554,453.77777777777777,148.0,12,1,2343;2383;2391;2422;3402;3408;3446;3447;3448;3449;3450;3451,junction
910,junction,8,37.0,43.0,132.25,148.0,172.0,529.0,148.0,11,1,2360;2380;2395;3409;3452;3453;3454;3455;3456;3457;3458,junction
911,junction,4,37.25,43.5,16.75,149.0,174.0,67.0,67.0,5,1,2172;2401;3460;3461;3462,junction
912,junction,14,37.0,52.285714285714285,122.78571428571429,148.0,209.14285714285714,491.14285714285717,148.0,11,1,2382;2393;2423;2435;3446;3463;3464;3465;3466;3467;3468,junction
913,junction,14,37.285714285714285,52.0,142.64285714285714,149.14285714285714,208.0,570.5714285714286,149.14285714285714,11,1,2363;2394;2400;2440;3421;3453;3470;3471;3472;3473;3474,junction
914,junction,15,37.2,51.93333333333333,162.06666666666666,148.8,207.73333333333332,648.2666666666667,148.8,12,1,2367;2397;2461;3052;3422;3427;3475;3476;3477;3478;3479;3480,junction
915,junction,10,37.2,52.7,64.0,148.8,210.8,256.0,148.8,10,1,2181;2407;2415;2450;3482;3483;3484;3485;3486;3487,junction
916,junction,13,37.0,53.0,84.0,148.0,212.0,336.0,148.0,11,1,2378;2412;2418;2457;3119;3440;3488;3489;3490;3492;3493,junction
917,junction,10,37.4,52.0,181.4,149.6,208.0,725.6,110.39999999999998,11,1,2466;3050;3053;3430;3433;3494;3495;3496;3497;3498;3499,junction
918,junction,8,36.875,53.0,104.0,147.5,212.0,416.0,147.5,10,1,2420;2425;2430;3441;3449;3500;3501;3502;3503;3504,junction
919,junction,8,37.375,61.0,190.0,149.5,244.0,760.0,76.0,7,1,2468;2475;3049;3494;3505;3506;3507,junction
920,junction,12,37.0,62.333333333333336,113.25,148.0,249.33333333333334,453.0,148.0,12,1,2426;2431;2436;2487;3463;3501;3508;3509;3510;3511;3512;3513,junction
921,junction,13,37.07692307692308,61.92307692307692,152.23076923076923,148.30769230769232,247.69230769230768,608.9230769230769,148.30769230769232,11,1,2398;2439;2463;2499;3470;3475;3514;3515;3516;3517;3518,junction
922,junction,8,36.875,61.625,171.625,147.5,246.5,686.5,147.5,8,1,2467;2470;3476;3520;3521;3522;3523;3524,junction
923,junction,7,37.0,63.0,16.571428571428573,148.0,252.0,66.28571428571429,66.28571428571429,7,1,2192;2403;2503;3525;3526;3527;3528,junction
924,junction,6,37.166666666666664,62.833333333333336,35.166666666666664,148.66666666666666,251.33333333333334,140.66666666666666,140.66666666666666,8,1,2187;2194;2445;3125;3529;3530;3531;3532,junction
925,junction,10,37.1,62.6,54.8,148.4,250.4,219.2,148.4,11,1,2408;2446;2508;3126;3147;3486;3533;3534;3535;3536;3537,junction
926,junction,8,36.875,62.75,74.5,147.5,251.0,298.0,147.5,12,1,2414;2452;2459;2514;3134;3482;3488;3538;3539;3540;3541;3542,junction
927,junction,8,37.25,62.375,94.125,149.0,249.5,376.5,149.0,11,1,2421;2429;2456;2483;3489;3500;3543;3544;3545;3546;3547,junction
928,junction,13,37.38461538461539,62.46153846153846,132.6153846153846,149.53846153846155,249.84615384615384,530.4615384615385,149.53846153846155,9,1,2434;2495;3464;3549;3550;3551;3552;3553;3554,junction
929,junction,13,37.0,71.15384615384616,181.6153846153846,148.0,284.61538461538464,726.4615384615385,109.53846153846155,12,1,2469;2473;2476;2524;3522;3555;3556;3557;3558;3559;3560;3561,junction
930,junction,10,37.1,72.0,122.9,148.4,288.0,491.6,148.4,10,1,2437;2489;2559;3061;3509;3562;3563;3564;3565;3566,junction
931,junction,12,36.916666666666664,71.91666666666667,142.58333333333334,147.66666666666666,287.6666666666667,570.3333333333334,147.66666666666666,9,1,2442;2494;2500;2563;3550;3568;3569;3570;3572,junction
932,junction,8,36.875,71.75,162.0,147.5,287.0,648.0,147.5,10,1,2464;2472;2498;2518;3514;3574;3575;3576;3577;3578,junction
933,junction,9,37.0,73.11111111111111,25.555555555555557,148.0,292.44444444444446,102.22222222222223,102.22222222222223,10,1,2195;2200;2504;2529;3152;3526;3579;3580;3581;3582,junction
934,junction,7,37.0,73.0,64.85714285714286,148.0,292.0,259.42857142857144,148.0,9,1,2509;2515;2540;3535;3538;3583;3584;3585;3586,junction
935,junction,7,37.142857142857146,72.14285714285714,104.14285714285714,148.57142857142858,288.57142857142856,416.57142857142856,148.57142857142858,8,1,2481;2488;3508;3546;3587;3588;3589;3590,junction
936,junction,9,36.77777777777778,81.55555555555556,152.44444444444446,147.11111111111111,326.22222222222223,609.7777777777778,147.11111111111111,10,1,2501;2520;2566;2603;3568;3592;3593;3594;3595;3596,junction
937,junction,11,37.45454545454545,81.45454545454545,172.1818181818182,149.8181818181818,325.8181818181818,688.7272727272727,147.27272727272725,11,1,2474;2519;2525;2567;3556;3576;3597;3598;3599;3600;3601,junction
938,junction,7,37.57142857142857,80.71428571428571,190.28571428571428,150.28571428571428,322.85714285714283,761.1428571428571,74.85714285714289,7,1,2477;2608;3558;3602;3603;3604;3605,junction
939,junction,12,37.0,81.91666666666667,94.08333333333333,148.0,327.6666666666667,376.3333333333333,148.0,11,1,2482;2549;2554;2591;3136;3587;3606;3607;3608;3609;3610,junction
940,junction,13,37.30769230769231,82.07692307692308,113.15384615384616,149.23076923076923,328.3076923076923,452.61538461538464,149.23076923076923,11,1,2490;2555;2560;2598;3590;3611;3612;3613;3614;3615;3616,junction
941,junction,12,37.5,82.25,132.66666666666666,150.0,329.0,530.6666666666666,150.0,10,1,2496;2561;2564;2614;3166;3562;3618;3619;3620;3622,junction
942,junction,6,37.166666666666664,82.16666666666667,16.333333333333332,148.66666666666666,328.6666666666667,65.33333333333333,65.33333333333333,7,1,2505;2530;2572;3623;3624;3625;3626,junction
943,junction,10,37.0,81.9,74.6,148.0,327.6,298.4,148.0,9,1,2541;2548;3137;3181;3583;3627;3628;3629;3630,junction
944,junction,10,37.2,91.4,162.3,148.8,365.6,649.2,148.8,11,1,2521;2568;2606;2625;3595;3631;3632;3633;3634;3635;3636,junction
945,junction,15,37.266666666666666,91.0,181.4,149.06666666666666,364.0,725.6,110.39999999999998,10,1,2526;2569;2610;2651;3597;3638;3639;3640;3641;3643,junction
946,junction,11,37.0,92.0,84.0,148.0,368.0,336.0,148.0,10,1,2550;2585;2592;2641;3627;3644;3645;3646;3647;3648,junction
947,junction,12,37.0,91.83333333333333,103.83333333333333,148.0,367.3333333333333,415.3333333333333,148.0,12,1,2556;2593;2599;2646;3606;3614;3649;3650;3651;3652;3653;3654,junction
948,junction,11,37.54545454545455,91.63636363636364,122.81818181818181,150.1818181818182,366.54545454545456,491.27272727272725,150.1818181818182,11,1,2562;2597;2616;2657;3188;3611;3619;3655;3657;3658;3659,junction
949,junction,14,37.357142857142854,101.14285714285714,152.5,149.42857142857142,404.57142857142856,610.0,149.42857142857142,11,1,2607;2621;2626;2676;3165;3632;3660;3661;3662;3663;3664,junction
950,junction,15,37.06666666666667,101.0,172.13333333333333,148.26666666666668,404.0,688.5333333333333,147.4666666666667,12,1,2570;2627;2652;2707;3631;3638;3665;3666;3667;3668;3669;3670,junction
951,junction,6,37.333333333333336,101.83333333333333,17.0,149.33333333333334,407.3333333333333,68.0,68.0,6,1,2574;2631;3171;3208;3671;3672,junction
952,junction,8,37.0,101.75,36.0,148.0,407.0,144.0,144.0,8,1,2208;2632;2684;3213;3675;3676;3677;3678,junction
953,junction,13,37.0,102.0,55.0,148.0,408.0,220.0,148.0,11,1,2206;2584;2636;2689;3176;3182;3680;3681;3682;3683;3684,junction
954,junction,13,37.07692307692308,102.0,94.15384615384616,148.30769230769232,408.0,376.61538461538464,148.30769230769232,12,1,2594;2643;2647;2702;3644;3649;3685;3686;3687;3688;3689;3690,junction
955,junction,9,36.888888888888886,101.77777777777777,113.66666666666667,147.55555555555554,407.1111111111111,454.6666666666667,147.55555555555554,10,1,2600;2649;2659;2713;3650;3691;3692;3693;3694;3695,junction
956,junction,5,36.8,101.2,190.2,147.2,404.8,760.8,75.20000000000005,6,1,2654;2663;3639;3696;3697;3698,junction
957,junction,12,37.083333333333336,111.08333333333333,123.0,148.33333333333334,444.3333333333333,492.0,148.33333333333334,9,1,2671;2712;2733;3189;3691;3700;3701;3702;3703,junction
958,junction,11,36.90909090909091,111.0,142.8181818181818,147.63636363636363,444.0,571.2727272727273,147.63636363636363,10,1,2210;2618;2668;2677;3191;3704;3705;3706;3707;3708,junction
959,junction,11,36.81818181818182,110.81818181818181,162.63636363636363,147.27272727272728,443.27272727272725,650.5454545454545,147.27272727272728,11,1,2624;2675;2709;2749;3660;3709;3711;3712;3713;3714;3715,junction
960,junction,7,36.857142857142854,111.71428571428571,45.57142857142857,147.42857142857142,446.85714285714283,182.28571428571428,147.42857142857142,11,1,2207;2217;2686;2690;3675;3717;3718;3719;3720;3721;3722,junction
961,junction,10,37.2,112.0,65.1,148.8,448.0,260.4,148.8,12,1,2639;2691;2696;2744;3195;3680;3723;3724;3725;3726;3727;3728,junction
962,junction,13,37.23076923076923,111.76923076923077,103.53846153846153,148.92307692307693,447.0769230769231,414.15384615384613,148.92307692307693,11,1,2650;2703;2714;2725;3685;3730;3731;3732;3733;3734;3735,junction
963,junction,7,36.857142857142854,111.0,181.85714285714286,147.42857142857142,444.0,727.4285714285714,108.57142857142856,11,1,2655;2665;2708;2716;3666;3736;3737;3738;3739;3740;3741,junction
964,junction,10,36.8,121.6,94.3,147.2,486.4,377.2,147.2,12,1,2705;2722;2728;2769;3205;3733;3742;3743;3744;3745;3746;3747,junction
965,junction,7,36.857142857142854,121.28571428571429,113.85714285714286,147.42857142857142,485.14285714285717,455.42857142857144,147.42857142857142,9,1,2726;2734;2775;3730;3749;3750;3751;3752;3753,junction
966,junction,11,37.09090909090909,121.0909090909091,133.0909090909091,148.36363636363637,484.3636363636364,532.3636363636364,148.36363636363637,9,1,2211;2672;2732;2780;3754;3755;3756;3757;3758,junction
967,junction,10,37.1,120.8,152.8,148.4,483.2,611.2,148.4,12,1,2212;2678;2750;2793;3704;3709;3759;3760;3761;3762;3763;3764,junction
968,junction,6,37.833333333333336,120.16666666666667,190.33333333333334,151.33333333333334,480.6666666666667,761.3333333333334,74.66666666666663,6,1,2664;2718;3739;3765;3766;3767,junction
969,junction,8,37.125,121.625,55.25,148.5,486.5,221.0,148.5,12,1,2219;2692;2745;2787;3232;3236;3720;3723;3768;3769;3770;3771,junction
970,junction,8,37.0,121.625,74.625,148.0,486.5,298.5,148.0,10,1,2699;2721;2747;2766;3724;3772;3773;3774;3775;3776,junction
971,junction,10,37.4,121.1,172.4,149.6,484.4,689.6,146.39999999999998,11,1,2710;2717;2751;2756;3711;3736;3778;3779;3780;3781;3782,junction
972,junction,10,37.1,130.0,182.0,148.4,520.0,728.0,108.0,11,1,2715;2752;2796;3059;3765;3783;3784;3785;3786;3787;3788,junction
973,junction,11,37.0,131.0,104.0,148.0,524.0,416.0,148.0,10,1,2729;2771;2777;2812;3743;3789;3790;3791;3792;3793,junction
974,junction,9,36.888888888888886,131.11111111111111,123.11111111111111,147.55555555555554,524.4444444444445,492.44444444444446,147.55555555555554,11,1,2735;2776;2781;2821;3749;3794;3795;3796;3797;3798;3799,junction
975,junction,10,37.0,131.0,84.5,148.0,524.0,338.0,148.0,9,1,2763;2770;3742;3772;3800;3801;3802;3803;3804,junction
976,junction,8,37.625,130.875,142.875,150.5,523.5,571.5,150.5,11,1,2213;2782;2794;2830;3754;3759;3805;3806;3807;3808;3809,junction
977,junction,5,36.8,131.0,161.8,147.2,524.0,647.2,147.2,7,1,2755;2792;2825;3760;3810;3811;3812,junction
978,junction,14,37.214285714285715,140.0,172.57142857142858,148.85714285714286,560.0,690.2857142857143,145.71428571428567,11,1,2754;2797;2827;2843;3783;3810;3813;3814;3815;3817;3818,junction
979,junction,8,37.125,139.5,190.375,148.5,558.0,761.5,74.5,7,1,2798;2883;3058;3784;3819;3820;3821,junction
980,junction,14,36.92857142857143,141.14285714285714,74.92857142857143,147.71428571428572,564.5714285714286,299.7142857142857,147.71428571428572,12,1,2764;2804;2808;2860;3238;3800;3823;3824;3825;3826;3827;3828,junction
981,junction,9,36.888888888888886,140.88888888888889,93.88888888888889,147.55555555555554,563.5555555555555,375.55555555555554,147.55555555555554,10,1,2772;2809;2815;2866;3801;3829;3830;3831;3832;3833,junction
982,junction,11,37.09090909090909,141.0909090909091,114.0909090909091,148.36363636363637,564.3636363636364,456.3636363636364,148.36363636363637,12,1,2778;2813;2822;2872;3789;3796;3834;3835;3836;3837;3838;3839,junction
983,junction,10,37.6,140.9,132.9,150.4,563.6,531.6,150.4,10,1,2783;2820;2832;2876;3795;3840;3841;3842;3843;3844,junction
984,junction,12,37.166666666666664,141.08333333333334,152.66666666666666,148.66666666666666,564.3333333333334,610.6666666666666,148.66666666666666,12,1,2795;2826;2833;2835;3805;3845;3846;3847;3848;3849;3850;3851,junction
985,junction,7,36.857142857142854,150.28571428571428,142.85714285714286,147.42857142857142,601.1428571428571,571.4285714285714,147.42857142857142,11,1,2834;2837;2880;2891;3840;3846;3852;3853;3854;3855;3856,junction
986,junction,10,37.0,150.4,162.8,148.0,601.6,651.2,148.0,11,1,2828;2838;2844;2898;3813;3849;3857;3858;3859;3860;3861,junction
987,junction,9,36.888888888888886,150.11111111111111,181.88888888888889,147.55555555555554,600.4444444444445,727.5555555555555,108.44444444444446,12,1,2799;2842;2885;2931;3814;3819;3862;3863;3864;3865;3866;3867,junction
988,junction,11,37.0,151.0,65.0,148.0,604.0,260.0,148.0,10,1,2805;2856;2861;2908;3250;3868;3869;3870;3871;3872,junction
989,junction,11,36.90909090909091,150.72727272727272,84.63636363636364,147.63636363636363,602.9090909090909,338.54545454545456,147.63636363636363,11,1,2810;2862;2867;2914;3824;3874;3875;3876;3877;3878;3879,junction
990,junction,14,36.92857142857143,151.0,104.14285714285714,147.71428571428572,604.0,416.57142857142856,147.71428571428572,11,1,2814;2868;2874;2921;3831;3834;3881;3882;3883;3884;3885,junction
991,junction,10,37.1,151.1,124.0,148.4,604.4,496.0,148.4,11,1,2823;2873;2879;2925;3835;3886;3887;3888;3890;3891;3892,junction
992,junction,10,36.9,159.8,153.3,147.6,639.2,613.2,147.6,10,1,2839;2889;2896;2945;3858;3893;3894;3895;3896;3897,junction
993,junction,16,37.125,160.125,172.1875,148.5,640.5,688.75,147.25,11,1,2846;2899;2932;2950;3857;3862;3898;3899;3901;3902;3903,junction
994,junction,6,36.666666666666664,160.0,191.16666666666666,146.66666666666666,640.0,764.6666666666666,71.33333333333337,7,1,2884;2933;2975;3863;3904;3905;3906,junction
995,junction,8,37.25,161.0,35.875,149.0,644.0,143.5,143.5,10,1,2851;2905;2955;3259;3291;3907;3908;3909;3910;3911,junction
996,junction,12,37.0,160.83333333333334,74.83333333333333,148.0,643.3333333333334,299.3333333333333,148.0,12,1,2863;2909;2915;2965;3297;3868;3874;3912;3913;3914;3915;3916,junction
997,junction,13,37.0,161.0,114.0,148.0,644.0,456.0,148.0,11,1,2875;2920;2926;2985;3275;3282;3881;3918;3919;3920;3921,junction
998,junction,4,37.0,161.0,17.5,148.0,644.0,70.0,70.0,4,1,2242;3289;3922;3923,junction
999,junction,10,37.5,161.2,93.9,150.0,644.8,375.6,150.0,10,1,2869;2916;2923;2969;3276;3875;3925;3926;3927;3928,junction
1000,junction,10,37.3,161.1,134.1,149.2,644.4,536.4,149.2,11,1,2892;2928;2938;3284;3854;3887;3929;3930;3931;3932;3933,junction
1001,junction,10,36.9,169.9,143.4,147.6,679.6,573.6,132.39999999999998,11,1,2893;2937;2946;3005;3312;3895;3929;3934;3935;3936;3937,junction
1002,junction,12,37.0,169.91666666666666,162.91666666666666,148.0,679.6666666666666,651.6666666666666,132.33333333333337,11,1,2897;2943;2951;3010;3899;3938;3939;3940;3941;3942;3943,junction
1003,junction,14,37.214285714285715,169.78571428571428,182.21428571428572,148.85714285714286,679.1428571428571,728.8571428571429,107.14285714285711,12,1,2934;2948;2977;3020;3898;3905;3944;3945;3946;3947;3948;3949,junction
1004,junction,8,36.75,170.75,45.625,147.0,683.0,182.5,129.0,8,1,2904;2957;2963;3030;3320;3950;3951;3952,junction
1005,junction,7,37.142857142857146,171.0,85.14285714285714,148.57142857142858,684.0,340.57142857142856,128.0,11,1,2917;2966;2972;3036;3912;3953;3954;3955;3956;3957;3958,junction
1006,junction,15,36.93333333333333,180.13333333333333,153.06666666666666,147.73333333333332,720.5333333333333,612.2666666666667,91.4666666666667,12,1,2944;3004;3013;3934;3939;3959;3960;3961;3962;3963;3964;3965,junction
1007,junction,10,37.1,179.9,172.9,148.4,719.6,691.6,92.39999999999998,10,1,2952;3014;3019;3945;3966;3967;3968;3969;3970;3971,junction
1008,junction,9,37.44444444444444,180.11111111111111,191.33333333333334,149.77777777777777,720.4444444444445,765.3333333333334,70.66666666666663,8,1,2976;3021;3944;3972;3973;3974;3975;3976,junction
1009,junction,11,37.18181818181818,181.0,36.27272727272727,148.72727272727272,724.0,145.0909090909091,88.0,11,1,2958;3026;3031;3290;3977;3978;3980;3981;3982;3983;3984,junction
1010,junction,13,37.0,180.84615384615384,74.92307692307692,148.0,723.3846153846154,299.6923076923077,88.61538461538464,12,1,2251;2967;3039;3299;3956;3985;3986;3987;3988;3989;3990;3991,junction
1011,junction,11,37.27272727272727,180.36363636363637,95.0909090909091,149.0909090909091,721.4545454545455,380.3636363636364,90.5454545454545,9,1,2973;2991;3037;3277;3953;3992;3993;3994;3996,junction
1012,junction,1,38.0,182.0,17.0,152.0,728.0,68.0,68.0,4,1,3025;3997;3998;3999,junction
1013,junction,11,46.36363636363637,101.63636363636364,83.0909090909091,185.45454545454547,406.54545454545456,332.3636363636364,185.45454545454547,10,1,3200;3203;3648;3690;4001;4002;4003;4004;4005;4006,junction
1014,junction,3,45.333333333333336,14.666666666666666,16.666666666666668,181.33333333333334,58.666666666666664,66.66666666666667,58.666666666666664,4,1,3064;3088;4007;4008,junction
1015,junction,7,46.0,14.571428571428571,35.0,184.0,58.285714285714285,140.0,58.285714285714285,8,1,3062;3066;3079;4009;4010;4011;4012;4013,junction
1016,junction,7,46.42857142857143,14.428571428571429,53.857142857142854,185.71428571428572,57.714285714285715,215.42857142857142,57.714285714285715,5,1,3068;3091;4014;4015;4016,junction
1017,junction,9,46.888888888888886,13.444444444444445,152.11111111111111,187.55555555555554,53.77777777777778,608.4444444444445,53.77777777777778,8,1,3334;3337;3363;4017;4018;4019;4020;4021,junction
1018,junction,8,46.75,13.5,171.875,187.0,54.0,687.5,54.0,8,1,3339;3343;3380;4022;4023;4024;4025;4026,junction
1019,junction,8,46.75,14.25,74.0,187.0,57.0,296.0,57.0,6,1,3071;3076;3083;4027;4028;4029,junction
1020,junction,10,46.8,21.9,181.0,187.2,87.6,724.0,87.6,12,1,3353;3381;3393;4023;4030;4031;4032;4033;4034;4035;4036;4037,junction
1021,junction,11,46.36363636363637,23.454545454545453,24.818181818181817,185.45454545454547,93.81818181818181,99.27272727272727,93.81818181818181,11,1,3065;3081;3089;3098;4007;4010;4038;4039;4040;4041;4042,junction
1022,junction,10,46.4,23.2,64.0,185.6,92.8,256.0,92.8,8,1,3073;3084;3093;3109;4044;4045;4046;4048,junction
1023,junction,11,46.72727272727273,23.272727272727273,84.18181818181819,186.9090909090909,93.0909090909091,336.72727272727275,93.0909090909091,9,1,3078;3085;3370;3397;4050;4051;4052;4053;4054,junction
1024,junction,10,46.6,22.9,102.9,186.4,91.6,411.6,91.6,8,1,3371;3403;4056;4057;4058;4059;4060;4061,junction
1025,junction,5,46.8,24.2,44.4,187.2,96.8,177.6,96.8,7,1,3080;3092;3102;4062;4063;4064;4065,junction
1026,junction,10,46.9,32.4,151.7,187.6,129.6,606.8,129.6,11,1,3366;3386;3418;3423;4066;4067;4068;4069;4070;4071;4072,junction
1027,junction,8,46.75,33.0,34.75,187.0,132.0,139.0,132.0,8,1,3082;3099;3103;3114;4073;4074;4075;4076,junction
1028,junction,12,46.5,33.416666666666664,54.5,186.0,133.66666666666666,218.0,133.66666666666666,9,1,3095;3104;3436;4077;4078;4080;4081;4082;4083,junction
1029,junction,11,46.45454545454545,33.09090909090909,93.0,185.8181818181818,132.36363636363637,372.0,132.36363636363637,9,1,3399;3406;3442;4085;4086;4087;4088;4089;4090,junction
1030,junction,10,46.5,33.4,16.5,186.0,133.6,66.0,66.0,6,1,3097;4039;4093;4094;4095;4096,junction
1031,junction,14,46.857142857142854,33.0,113.0,187.42857142857142,132.0,452.0,132.0,12,1,3360;3404;3411;3447;4057;4097;4098;4099;4100;4101;4102;4103,junction
1032,junction,9,46.77777777777778,42.77777777777778,24.77777777777778,187.11111111111111,171.11111111111111,99.11111111111111,99.11111111111111,6,1,3100;3461;4093;4105;4106;4108,junction
1033,junction,6,46.5,42.5,45.0,186.0,170.0,180.0,170.0,9,1,3105;3117;3127;3437;4078;4109;4110;4111;4112,junction
1034,junction,11,46.54545454545455,42.63636363636363,103.18181818181819,186.1818181818182,170.54545454545453,412.72727272727275,170.54545454545453,11,1,3405;3444;3450;3502;4089;4098;4113;4114;4115;4116;4117,junction
1035,junction,13,46.76923076923077,43.0,83.92307692307692,187.07692307692307,172.0,335.6923076923077,172.0,11,1,3122;3400;3443;3490;4086;4118;4119;4120;4121;4122;4123,junction
1036,junction,9,46.666666666666664,53.0,35.0,186.66666666666666,212.0,140.0,140.0,8,1,3118;3128;3132;3529;4124;4125;4126;4127,junction
1037,junction,14,46.785714285714285,52.142857142857146,132.42857142857142,187.14285714285714,208.57142857142858,529.7142857142857,187.14285714285714,11,1,3458;3467;3471;3552;4128;4129;4130;4131;4132;4133;4134,junction
1038,junction,9,46.666666666666664,52.0,171.11111111111111,186.66666666666666,208.0,684.4444444444445,151.55555555555554,11,1,3431;3478;3499;3520;4135;4136;4137;4138;4139;4140;4141,junction
1039,junction,7,46.57142857142857,62.714285714285715,64.71428571428571,186.28571428571428,250.85714285714286,258.85714285714283,186.28571428571428,6,1,3487;3536;4142;4143;4144;4145,junction
1040,junction,17,46.88235294117647,62.23529411764706,84.0,187.52941176470588,248.94117647058823,336.0,187.52941176470588,12,1,3141;3493;3541;3545;4146;4147;4148;4149;4150;4151;4152;4153,junction
1041,junction,7,46.857142857142854,61.857142857142854,104.0,187.42857142857142,247.42857142857142,416.0,187.42857142857142,8,1,3511;3544;4154;4155;4156;4157;4158;4159,junction
1042,junction,9,46.666666666666664,63.0,45.0,186.66666666666666,252.0,180.0,180.0,8,1,3130;3144;3531;3534;4160;4161;4162;4163,junction
1043,junction,6,46.666666666666664,62.833333333333336,26.166666666666668,186.66666666666666,251.33333333333334,104.66666666666667,104.66666666666667,8,1,3527;3530;3579;4164;4165;4166;4167;4168,junction
1044,junction,9,46.55555555555556,72.0,93.77777777777777,186.22222222222223,288.0,375.1111111111111,186.22222222222223,10,1,3139;3547;3588;3607;4149;4169;4170;4171;4172;4173,junction
1045,junction,5,46.2,72.4,17.0,184.8,289.6,68.0,68.0,6,1,3528;3581;3624;4174;4175;4176,junction
1046,junction,9,46.44444444444444,72.88888888888889,74.55555555555556,185.77777777777777,291.55555555555554,298.22222222222223,185.77777777777777,11,1,3138;3542;3585;3628;4148;4177;4178;4179;4180;4181;4182,junction
1047,junction,16,46.875,72.125,113.125,187.5,288.5,452.5,187.5,9,1,3513;3564;3589;3612;4156;4184;4186;4188;4189,junction
1048,junction,9,46.55555555555556,73.0,35.55555555555556,186.22222222222223,292.0,142.22222222222223,142.22222222222223,7,1,3146;3153;3532;4191;4192;4193;4194,junction
1049,junction,10,46.7,73.1,55.1,186.8,292.4,220.4,186.8,9,1,3148;3159;3537;3584;4195;4196;4197;4198;4199,junction
1050,junction,15,47.0,81.2,161.8,188.0,324.8,647.2,188.0,11,1,3578;3596;3599;3635;4200;4201;4202;4203;4204;4205;4206,junction
1051,junction,9,46.666666666666664,82.0,26.0,186.66666666666666,328.0,104.0,104.0,9,1,3154;3172;3582;3625;4207;4208;4209;4210;4211,junction
1052,junction,8,46.75,82.0,44.75,187.0,328.0,179.0,179.0,8,1,3149;3155;3160;3177;4212;4213;4214;4215,junction
1053,junction,15,46.8,82.13333333333334,64.53333333333333,187.2,328.53333333333336,258.1333333333333,187.2,11,1,3161;3184;3586;3629;4177;4195;4216;4217;4218;4219;4220,junction
1054,junction,11,46.72727272727273,81.9090909090909,84.0,186.9090909090909,327.6363636363636,336.0,186.9090909090909,10,1,3140;3608;3630;3645;4178;4221;4222;4223;4224;4225,junction
1055,junction,9,46.44444444444444,92.0,35.44444444444444,185.77777777777777,368.0,141.77777777777777,141.77777777777777,8,1,3157;3174;3178;3676;4226;4227;4228;4229,junction
1056,junction,10,46.7,92.1,55.2,186.8,368.4,220.8,186.8,8,1,3162;3185;3681;4230;4231;4232;4233;4234,junction
1057,junction,10,46.9,91.5,152.9,187.6,366.0,611.6,187.6,10,1,3169;3633;3662;4202;4235;4236;4237;4238;4239;4240,junction
1058,junction,8,47.0,92.125,73.875,188.0,368.5,295.5,188.0,9,1,3186;3197;3646;4001;4216;4241;4242;4243;4244,junction
1059,junction,16,46.875,101.1875,142.875,187.5,404.75,571.5,187.5,11,1,3170;3192;3663;3706;4238;4245;4247;4248;4249;4250;4251,junction
1060,junction,7,46.0,102.14285714285714,26.142857142857142,184.0,408.57142857142856,104.57142857142857,104.57142857142857,8,1,3175;3211;3672;3677;4252;4253;4254;4255,junction
1061,junction,9,47.111111111111114,102.22222222222223,45.44444444444444,188.44444444444446,408.8888888888889,181.77777777777777,181.77777777777777,8,1,3678;3682;3718;4256;4257;4258;4259;4260,junction
1062,junction,14,46.857142857142854,110.92857142857143,133.21428571428572,187.42857142857142,443.7142857142857,532.8571428571429,187.42857142857142,10,1,3194;3702;3707;3758;4261;4263;4264;4265;4266;4267,junction
1063,junction,8,46.875,112.125,74.875,187.5,448.5,299.5,187.5,7,1,3201;3204;3773;4269;4270;4271;4272,junction
1064,junction,11,46.63636363636363,112.0,94.0,186.54545454545453,448.0,376.0,186.54545454545453,11,1,3206;3689;3735;3744;4005;4273;4274;4275;4276;4277;4278,junction
1065,junction,11,46.72727272727273,112.0,54.90909090909091,186.9090909090909,448.0,219.63636363636363,186.9090909090909,10,1,3684;3721;3726;3768;4256;4279;4280;4281;4282;4283,junction
1066,junction,6,46.5,121.33333333333333,84.5,186.0,485.3333333333333,338.0,186.0,9,1,3207;3745;3775;4269;4284;4286;4287;4288;4289,junction
1067,junction,14,46.857142857142854,121.42857142857143,103.78571428571429,187.42857142857142,485.7142857142857,415.14285714285717,187.42857142857142,10,1,3734;3746;3752;3790;4273;4291;4292;4293;4294;4295,junction
1068,junction,9,46.666666666666664,121.55555555555556,26.11111111111111,186.66666666666666,486.22222222222223,104.44444444444444,104.44444444444444,9,1,3210;3218;3221;3227;4296;4297;4298;4299;4300,junction
1069,junction,9,46.666666666666664,122.0,45.55555555555556,186.66666666666666,488.0,182.22222222222223,182.22222222222223,8,1,3222;3230;3722;3769;4301;4302;4303;4304,junction
1070,junction,10,46.6,121.5,64.7,186.4,486.0,258.8,186.4,10,1,3239;3728;3770;3774;4279;4305;4306;4307;4308;4309,junction
1071,junction,17,47.0,130.23529411764707,172.0,188.0,520.9411764705883,688.0,148.0,12,1,3781;3787;3812;3817;4310;4311;4312;4313;4314;4315;4316;4317,junction
1072,junction,12,46.75,131.25,35.75,187.0,525.0,143.0,143.0,10,1,3223;3228;3231;3245;4296;4318;4319;4320;4321;4322,junction
1073,junction,9,46.55555555555556,131.0,55.0,186.22222222222223,524.0,220.0,186.22222222222223,8,1,3233;3240;3251;3771;4323;4324;4325;4326,junction
1074,junction,9,47.0,129.77777777777777,190.44444444444446,188.0,519.1111111111111,761.7777777777778,74.22222222222217,8,1,3767;3785;3820;4327;4328;4329;4330;4331,junction
1075,junction,8,46.75,131.625,17.5,187.0,526.5,70.0,70.0,6,1,3217;3226;3257;4332;4334;4335,junction
1076,junction,11,46.72727272727273,131.72727272727272,74.81818181818181,186.9090909090909,526.9090909090909,299.27272727272725,186.9090909090909,10,1,3241;3776;3803;3825;4305;4337;4338;4339;4340;4341,junction
1077,junction,10,46.5,141.0,26.0,186.0,564.0,104.0,104.0,8,1,3225;3246;3258;3260;4342;4343;4344;4345,junction
1078,junction,11,46.72727272727273,141.27272727272728,45.54545454545455,186.9090909090909,565.0909090909091,182.1818181818182,182.1818181818182,10,1,3235;3247;3252;3266;4318;4346;4347;4348;4349;4350,junction
1079,junction,10,46.7,141.0,65.0,186.8,564.0,260.0,186.8,8,1,3242;3253;3826;3869;4351;4352;4353;4354,junction
1080,junction,12,46.666666666666664,141.0,123.25,186.66666666666666,564.0,493.0,186.66666666666666,11,1,3799;3838;3842;3888;4355;4356;4357;4358;4359;4360;4361,junction
1081,junction,9,47.111111111111114,140.88888888888889,84.55555555555556,188.44444444444446,563.5555555555555,338.22222222222223,188.44444444444446,9,1,3827;3830;3876;4337;4362;4363;4364;4365;4366,junction
1082,junction,9,46.55555555555556,151.0,36.0,186.22222222222223,604.0,144.0,144.0,8,1,3248;3262;3267;3908;4367;4368;4369;4370,junction
1083,junction,13,46.69230769230769,151.0,55.15384615384615,186.76923076923077,604.0,220.6153846153846,186.76923076923077,10,1,3254;3268;3270;3870;4347;4371;4372;4373;4374;4375,junction
1084,junction,10,46.9,150.9,75.1,187.6,603.6,300.4,187.6,8,1,3828;3871;3877;3913;4377;4378;4379;4380,junction
1085,junction,8,47.125,151.125,17.25,188.5,604.5,69.0,69.0,7,1,3261;3922;4381;4382;4383;4384;4385,junction
1086,junction,9,46.44444444444444,150.88888888888889,133.44444444444446,185.77777777777777,603.5555555555555,533.7777777777778,185.77777777777777,10,1,3844;3855;3890;3930;4386;4387;4388;4389;4390;4391,junction
1087,junction,10,46.7,159.9,142.9,186.8,639.6,571.6,172.39999999999998,11,1,3856;3896;3932;3937;4392;4393;4395;4396;4397;4398;4399,junction
1088,junction,12,46.666666666666664,161.25,45.166666666666664,186.66666666666666,645.0,180.66666666666666,167.0,10,1,3269;3271;3910;3951;4400;4401;4402;4403;4404;4405,junction
1089,junction,12,46.75,159.83333333333334,162.41666666666666,187.0,639.3333333333334,649.6666666666666,172.66666666666663,12,1,3894;3903;3940;4406;4407;4408;4409;4410;4411;4412;4413;4414,junction
1090,junction,9,46.888888888888886,161.11111111111111,64.88888888888889,187.55555555555554,644.4444444444445,259.55555555555554,167.55555555555554,10,1,3273;3300;3872;3914;4371;4415;4416;4417;4418;4419,junction
1091,junction,12,46.666666666666664,160.91666666666666,103.91666666666667,186.66666666666666,643.6666666666666,415.6666666666667,168.33333333333337,12,1,3278;3885;3919;3926;4420;4421;4422;4423;4424;4425;4426;4427,junction
1092,junction,10,46.8,170.0,133.7,187.2,680.0,534.8,132.0,11,1,3286;3933;3936;4393;4428;4429;4430;4431;4432;4433;4434,junction
1093,junction,10,46.4,171.0,36.0,185.6,684.0,144.0,128.0,8,1,3293;3911;3952;3981;4435;4436;4437;4438,junction
1094,junction,12,46.666666666666664,169.75,172.5,186.66666666666666,679.0,690.0,133.0,11,1,3902;3942;3948;3970;4413;4439;4440;4441;4442;4443;4444,junction
1095,junction,8,46.75,171.0,94.75,187.0,684.0,379.0,128.0,8,1,3279;3927;3955;3996;4422;4446;4447;4448,junction
1096,junction,10,46.6,171.1,74.9,186.4,684.4,299.6,127.60000000000002,10,1,3301;3916;3957;3988;4415;4449;4450;4451;4452;4453,junction
1097,junction,13,46.76923076923077,179.92307692307693,123.92307692307692,187.07692307692307,719.6923076923077,495.6923076923077,92.30769230769226,11,1,3288;3309;3318;4431;4454;4455;4456;4457;4458;4459;4460,junction
1098,junction,10,46.8,180.9,25.9,187.2,723.6,103.6,88.39999999999998,10,1,3295;3982;3998;4461;4462;4463;4464;4465;4466;4467,junction
1099,junction,16,46.9375,180.0,182.125,187.75,720.0,728.5,92.0,12,1,3947;3968;3975;4441;4468;4469;4470;4471;4472;4473;4474;4475,junction
1100,junction,13,46.61538461538461,180.76923076923077,64.92307692307692,186.46153846153845,723.0769230769231,259.6923076923077,88.9230769230769,12,1,3302;3324;3990;4476;4477;4478;4479;4480;4481;4482;4483;4484,junction
1101,junction,7,47.0,181.0,84.85714285714286,188.0,724.0,339.42857142857144,88.0,9,1,3958;3989;4450;4485;4486;4487;4488;4489;4490,junction
1102,junction,7,46.857142857142854,13.714285714285714,113.28571428571429,187.42857142857142,54.857142857142854,453.14285714285717,54.857142857142854,7,1,3328;3349;3357;4491;4492;4493;4494,junction
1103,junction,5,47.0,13.4,132.6,188.0,53.6,530.4,53.6,6,1,3329;3333;3373;4495;4496;4497,junction
1104,junction,4,47.25,13.5,190.25,189.0,54.0,761.0,54.0,5,1,3344;3352;4032;4498;4499,junction
1105,junction,5,47.0,14.4,93.8,188.0,57.6,375.2,57.6,6,1,3077;3369;4056;4500;4501;4502,junction
1106,junction,11,47.36363636363637,23.0,123.0909090909091,189.45454545454547,92.0,492.3636363636364,92.0,10,1,3330;3374;3410;4097;4492;4505;4506;4507;4508;4509,junction
1107,junction,12,47.0,23.25,142.25,188.0,93.0,569.0,93.0,11,1,3335;3376;3416;4066;4496;4510;4511;4512;4513;4514;4515,junction
1108,junction,7,47.142857142857146,23.0,162.14285714285714,188.57142857142858,92.0,648.5714285714286,92.0,11,1,3340;3365;3382;3385;4018;4022;4516;4517;4518;4519;4520,junction
1109,junction,9,47.0,32.0,190.44444444444446,188.0,128.0,761.7777777777778,74.22222222222217,7,1,3354;3432;4035;4521;4522;4523;4525,junction
1110,junction,9,46.888888888888886,33.111111111111114,74.0,187.55555555555554,132.44444444444446,296.0,132.44444444444446,9,1,3086;3111;3121;3398;4118;4526;4527;4528;4529,junction
1111,junction,9,46.888888888888886,32.55555555555556,132.44444444444446,187.55555555555554,130.22222222222223,529.7777777777778,130.22222222222223,10,1,3377;3412;3419;4505;4511;4531;4532;4533;4534;4535,junction
1112,junction,8,47.0,32.5,171.375,188.0,130.0,685.5,130.0,8,1,3388;3392;4031;4516;4536;4537;4538;4539,junction
1113,junction,13,46.92307692307692,42.0,161.84615384615384,187.69230769230768,168.0,647.3846153846154,168.0,11,1,3389;3425;3428;3479;4067;4136;4536;4541;4542;4543;4544,junction
1114,junction,10,47.2,41.7,181.2,188.8,166.8,724.8,111.20000000000005,12,1,3394;3429;3434;3495;4522;4537;4545;4546;4547;4548;4549;4550,junction
1115,junction,5,47.0,42.4,63.4,188.0,169.6,253.6,169.6,7,1,3112;3438;3483;4551;4552;4553;4554,junction
1116,junction,7,47.142857142857146,43.0,123.14285714285714,188.57142857142858,172.0,492.57142857142856,172.0,10,1,3413;3448;3456;3465;4099;4128;4555;4556;4557;4558,junction
1117,junction,9,47.333333333333336,42.333333333333336,142.22222222222223,189.33333333333334,169.33333333333334,568.8888888888889,169.33333333333334,10,1,3420;3424;3457;4129;4531;4559;4560;4561;4562;4563,junction
1118,junction,12,47.083333333333336,51.916666666666664,152.08333333333334,188.33333333333334,207.66666666666666,608.3333333333334,188.33333333333334,9,1,3426;3473;3516;4559;4566;4567;4568;4569;4570,junction
1119,junction,8,47.0,51.5,190.125,188.0,206.0,760.5,75.5,8,1,3435;3496;3505;4545;4571;4572;4573;4574,junction
1120,junction,4,46.5,52.75,16.5,186.0,211.0,66.0,66.0,7,1,3131;3462;3525;4164;4575;4576;4577,junction
1121,junction,6,47.0,53.0,55.0,188.0,212.0,220.0,188.0,7,1,3129;3439;3484;3533;4578;4579;4580,junction
1122,junction,6,47.0,53.0,74.33333333333333,188.0,212.0,297.3333333333333,188.0,9,1,3123;3485;3539;4119;4146;4581;4582;4583;4584,junction
1123,junction,6,47.0,53.166666666666664,94.0,188.0,212.66666666666666,376.0,188.0,9,1,3445;3492;3503;3543;4120;4157;4585;4586;4587,junction
1124,junction,6,47.0,53.0,113.33333333333333,188.0,212.0,453.3333333333333,188.0,11,1,3451;3466;3504;3510;4115;4155;4588;4589;4590;4591;4592,junction
1125,junction,11,47.09090909090909,61.90909090909091,123.0,188.36363636363637,247.63636363636363,492.0,188.36363636363637,10,1,3468;3512;3563;4131;4589;4593;4594;4595;4596;4597,junction
1126,junction,12,47.333333333333336,61.833333333333336,142.25,189.33333333333334,247.33333333333334,569.0,189.33333333333334,11,1,3474;3518;3551;3569;4130;4598;4600;4601;4602;4603;4604,junction
1127,junction,11,46.90909090909091,62.09090909090909,162.0909090909091,187.63636363636363,248.36363636363637,648.3636363636364,187.63636363636363,12,1,3480;3517;3521;3574;4135;4566;4605;4606;4607;4608;4609;4610,junction
1128,junction,10,47.5,62.2,181.4,190.0,248.8,725.6,110.39999999999998,12,1,3498;3506;3523;3561;4137;4571;4611;4612;4613;4614;4615;4616,junction
1129,junction,9,47.0,71.0,190.44444444444446,188.0,284.0,761.7777777777778,74.22222222222217,8,1,3507;3557;3602;4612;4617;4618;4619;4620,junction
1130,junction,11,47.09090909090909,72.0909090909091,133.0909090909091,188.36363636363637,288.3636363636364,532.3636363636364,188.36363636363637,11,1,3554;3572;3618;4593;4600;4621;4622;4623;4624;4625;4626,junction
1131,junction,12,47.0,71.83333333333333,152.25,188.0,287.3333333333333,609.0,188.0,11,1,3515;3570;3575;3593;4200;4598;4605;4627;4628;4629;4630,junction
1132,junction,13,47.30769230769231,71.76923076923077,172.0,189.23076923076923,287.0769230769231,688.0,148.0,12,1,3524;3560;3577;3598;4606;4611;4631;4632;4633;4634;4635;4636,junction
1133,junction,13,46.84615384615385,81.15384615384616,181.6153846153846,187.3846153846154,324.61538461538464,726.4615384615385,109.53846153846155,12,1,3559;3600;3605;3641;4617;4632;4637;4638;4639;4640;4641;4642,junction
1134,junction,10,47.0,81.9,122.8,188.0,327.6,491.2,188.0,10,1,3566;3613;3658;4184;4621;4643;4644;4646;4647;4648,junction
1135,junction,9,46.888888888888886,81.88888888888889,103.22222222222223,187.55555555555554,327.55555555555554,412.8888888888889,187.55555555555554,10,1,3609;3616;3651;4169;4649;4650;4651;4652;4653;4654,junction
1136,junction,8,46.875,82.125,143.125,187.5,328.5,572.5,187.5,10,1,3167;3594;3620;4235;4622;4655;4656;4657;4658;4659,junction
1137,junction,15,47.2,91.13333333333334,171.73333333333332,188.8,364.53333333333336,686.9333333333333,149.06666666666672,11,1,3601;3636;3667;4201;4637;4660;4661;4662;4663;4664;4665,junction
1138,junction,10,47.2,91.0,190.5,188.8,364.0,762.0,74.0,7,1,3604;3640;3697;4638;4666;4667;4669,junction
1139,junction,9,47.22222222222222,91.88888888888889,94.22222222222223,188.88888888888889,367.55555555555554,376.8888888888889,188.88888888888889,11,1,3610;3647;3652;3686;4221;4652;4670;4671;4672;4673;4674,junction
1140,junction,9,46.888888888888886,91.66666666666667,113.44444444444444,187.55555555555554,366.6666666666667,453.77777777777777,187.55555555555554,10,1,3615;3653;3659;3692;4649;4675;4676;4677;4678;4679,junction
1141,junction,7,47.142857142857146,92.0,133.14285714285714,188.57142857142858,368.0,532.5714285714286,188.57142857142858,11,1,3168;3190;3622;3655;4245;4646;4680;4681;4682;4683;4684,junction
1142,junction,4,47.0,92.25,17.5,188.0,369.0,70.0,70.0,6,1,3173;3626;4685;4686;4687;4688,junction
1143,junction,12,47.0,101.08333333333333,161.91666666666666,188.0,404.3333333333333,647.6666666666666,188.0,11,1,3634;3661;3668;3712;4236;4689;4690;4691;4692;4693;4694,junction
1144,junction,11,46.90909090909091,100.72727272727273,181.72727272727272,187.63636363636363,402.90909090909093,726.9090909090909,109.09090909090912,12,1,3643;3669;3698;3737;4660;4666;4695;4696;4697;4698;4699;4700,junction
1145,junction,10,47.4,102.1,104.0,189.6,408.4,416.0,189.6,11,1,3654;3687;3693;3731;4274;4670;4701;4702;4703;4704;4705,junction
1146,junction,9,47.333333333333336,101.66666666666667,123.55555555555556,189.33333333333334,406.6666666666667,494.22222222222223,189.33333333333334,12,1,3193;3657;3694;3703;4261;4675;4682;4706;4707;4708;4709;4710,junction
1147,junction,5,47.2,101.4,65.0,188.8,405.6,260.0,188.8,9,1,3187;3198;3725;4230;4241;4711;4712;4713;4714,junction
1148,junction,12,47.25,110.75,152.5,189.0,443.0,610.0,189.0,11,1,3664;3708;3713;3763;4247;4689;4715;4716;4717;4718;4719,junction
1149,junction,12,47.083333333333336,111.0,171.91666666666666,188.33333333333334,444.0,687.6666666666666,148.33333333333337,11,1,3670;3714;3778;4690;4695;4720;4721;4722;4723;4724;4725,junction
1150,junction,6,47.333333333333336,110.16666666666667,190.16666666666666,189.33333333333334,440.6666666666667,760.6666666666666,75.33333333333337,4,1,3740;4696;4726;4728,junction
1151,junction,4,46.5,111.75,16.5,186.0,447.0,66.0,66.0,6,1,3212;3216;3671;4729;4731;4732,junction
1152,junction,5,46.4,111.8,36.0,185.6,447.2,144.0,144.0,5,1,3214;3719;4253;4733;4734,junction
1153,junction,7,47.142857142857146,112.0,114.14285714285714,188.57142857142858,448.0,456.57142857142856,188.57142857142858,9,1,3695;3701;3732;4701;4706;4735;4736;4738;4739,junction
1154,junction,13,47.0,121.0,143.0,188.0,484.0,572.0,188.0,12,1,3705;3756;3808;4263;4718;4740;4741;4742;4743;4744;4745;4746,junction
1155,junction,11,47.27272727272727,120.81818181818181,162.72727272727272,189.0909090909091,483.27272727272725,650.9090909090909,185.09090909090912,12,1,3715;3761;3782;4310;4715;4720;4747;4748;4749;4750;4751;4752,junction
1156,junction,10,47.0,120.5,181.9,188.0,482.0,727.6,108.39999999999998,12,1,3741;3766;3779;3786;4311;4327;4721;4726;4753;4754;4755;4756,junction
1157,junction,7,47.285714285714285,121.0,123.0,189.14285714285714,484.0,492.0,189.14285714285714,8,1,3751;3755;4735;4758;4759;4760;4761;4762,junction
1158,junction,13,47.0,131.30769230769232,93.92307692307692,188.0,525.2307692307693,375.6923076923077,188.0,11,1,3747;3791;3804;3829;4287;4362;4763;4764;4765;4766;4767,junction
1159,junction,14,46.92857142857143,131.14285714285714,113.92857142857143,187.71428571428572,524.5714285714286,455.7142857142857,187.71428571428572,12,1,3753;3792;3797;3836;4291;4355;4758;4768;4769;4770;4771;4772,junction
1160,junction,11,47.09090909090909,130.9090909090909,133.0,188.36363636363637,523.6363636363636,532.0,188.36363636363637,10,1,3757;3798;3841;4741;4759;4773;4774;4775;4776;4777,junction
1161,junction,11,46.90909090909091,130.8181818181818,152.63636363636363,187.63636363636363,523.2727272727273,610.5454545454545,187.63636363636363,12,1,3762;3806;3811;3847;4742;4748;4778;4779;4780;4781;4782;4783,junction
1162,junction,11,47.18181818181818,140.0,182.0,188.72727272727272,560.0,728.0,108.0,9,1,3788;3864;4312;4328;4784;4785;4786;4787;4789,junction
1163,junction,12,47.0,140.91666666666666,104.08333333333333,188.0,563.6666666666666,416.3333333333333,188.0,11,1,3793;3832;3837;3882;4763;4768;4790;4791;4792;4793;4794,junction
1164,junction,8,46.875,141.25,143.125,187.5,565.0,572.5,187.5,11,1,3807;3843;3848;3852;4387;4773;4778;4795;4796;4797;4798,junction
1165,junction,10,46.8,140.7,162.5,187.2,562.8,650.0,186.0,12,1,3815;3850;3859;4313;4779;4799;4800;4801;4802;4803;4804;4805,junction
1166,junction,15,47.0,150.26666666666668,152.86666666666667,188.0,601.0666666666667,611.4666666666667,188.0,12,1,3851;3853;3861;3893;4392;4408;4795;4800;4806;4807;4808;4809,junction
1167,junction,11,46.81818181818182,149.72727272727272,172.36363636363637,187.27272727272728,598.9090909090909,689.4545454545455,146.5454545454545,10,1,3818;3860;3866;4409;4784;4801;4811;4812;4813;4814,junction
1168,junction,7,47.142857142857146,150.14285714285714,191.42857142857142,188.57142857142858,600.5714285714286,765.7142857142857,70.28571428571433,8,1,3821;3865;3906;4785;4815;4816;4817;4818,junction
1169,junction,9,47.22222222222222,151.0,94.33333333333333,188.88888888888889,604.0,377.3333333333333,188.88888888888889,10,1,3833;3878;3883;3925;4366;4420;4819;4820;4821;4822,junction
1170,junction,11,47.09090909090909,150.72727272727272,113.81818181818181,188.36363636363637,602.9090909090909,455.27272727272725,188.36363636363637,12,1,3839;3884;3891;3918;4356;4421;4790;4823;4824;4825;4826;4827,junction
1171,junction,10,47.0,160.1,181.8,188.0,640.4,727.2,108.79999999999995,10,1,3867;3901;3946;4440;4811;4815;4828;4829;4830;4831,junction
1172,junction,7,47.0,160.71428571428572,84.42857142857143,188.0,642.8571428571429,337.7142857142857,169.1428571428571,9,1,3879;3915;3928;3954;4832;4833;4834;4835;4836,junction
1173,junction,10,47.1,160.6,123.8,188.4,642.4,495.2,169.60000000000002,11,1,3285;3892;3920;3931;4386;4428;4823;4837;4838;4839;4840,junction
1174,junction,8,47.25,161.0,25.875,189.0,644.0,103.5,103.5,9,1,3263;3292;3909;3923;4382;4841;4842;4843;4844,junction
1175,junction,14,47.0,170.14285714285714,152.92857142857142,188.0,680.5714285714286,611.7142857142857,131.42857142857144,12,1,3897;3935;3941;3962;4397;4407;4845;4846;4847;4848;4849;4850,junction
1176,junction,6,47.166666666666664,169.66666666666666,191.33333333333334,188.66666666666666,678.6666666666666,765.3333333333334,70.66666666666663,7,1,3904;3949;3973;4469;4828;4851;4852,junction
1177,junction,7,47.142857142857146,170.71428571428572,55.0,188.57142857142858,682.8571428571429,220.0,129.1428571428571,7,1,3274;3321;4401;4477;4854;4855;4856,junction
1178,junction,8,47.25,170.5,113.875,189.0,682.0,455.5,130.0,11,1,3281;3287;3307;3921;4425;4455;4857;4858;4859;4860;4861,junction
1179,junction,12,46.916666666666664,179.75,143.25,187.66666666666666,719.0,573.0,93.0,10,1,3316;3963;4433;4846;4863;4864;4865;4866;4867;4868,junction
1180,junction,13,47.0,180.0,163.0,188.0,720.0,652.0,92.0,11,1,3943;3964;4439;4845;4869;4870;4871;4872;4873;4875;4876,junction
1181,junction,7,47.142857142857146,180.71428571428572,104.57142857142857,188.57142857142858,722.8571428571429,418.2857142857143,89.14285714285711,7,1,3993;4857;4877;4879;4880;4881;4882,junction
1182,junction,1,47.0,172.0,18.0,188.0,688.0,72.0,72.0,3,1,3294;4463;4883,junction
1183,junction,2,47.5,181.5,46.5,190.0,726.0,186.0,86.0,4,1,3983;4884;4885;4886,junction
1184,junction,10,55.9,171.2,46.3,223.6,684.8,185.2,127.20000000000005,9,1,4405;4436;4855;4887;4887;4889;4891;4893;4894,junction
1185,junction,9,56.666666666666664,14.444444444444445,24.88888888888889,226.66666666666666,57.77777777777778,99.55555555555556,57.77777777777778,7,1,4040;4895;4896;4897;4898;4899;4900,junction
1186,junction,6,55.833333333333336,14.5,64.33333333333333,223.33333333333334,58.0,257.3333333333333,58.0,6,1,4014;4027;4045;4901;4902;4904,junction
1187,junction,5,55.4,14.4,84.2,221.6,57.6,336.8,57.6,4,1,4028;4052;4906;4907,junction
1188,junction,2,55.5,13.5,122.5,222.0,54.0,490.0,54.0,4,1,4493;4495;4506;4908,junction
1189,junction,3,56.0,13.666666666666666,162.66666666666666,224.0,54.666666666666664,650.6666666666666,54.666666666666664,5,1,4020;4024;4517;4909;4910,junction
1190,junction,8,56.75,13.25,181.0,227.0,53.0,724.0,53.0,6,1,4025;4033;4498;4911;4912;4913,junction
1191,junction,5,56.8,14.4,103.4,227.2,57.6,413.6,57.6,6,1,4059;4491;4501;4914;4915;4916,junction
1192,junction,11,56.72727272727273,22.363636363636363,171.54545454545453,226.9090909090909,89.45454545454545,686.1818181818181,89.45454545454545,10,1,4026;4034;4519;4909;4918;4919;4920;4921;4922;4923,junction
1193,junction,8,55.75,22.875,35.625,223.0,91.5,142.5,91.5,10,1,4013;4038;4063;4074;4898;4924;4925;4926;4927;4928,junction
1194,junction,12,56.166666666666664,23.833333333333332,54.583333333333336,224.66666666666666,95.33333333333333,218.33333333333334,95.33333333333333,10,1,4016;4046;4064;4081;4929;4931;4932;4933;4934;4935,junction
1195,junction,12,56.333333333333336,22.916666666666668,73.75,225.33333333333334,91.66666666666667,295.0,91.66666666666667,8,1,4029;4044;4051;4527;4937;4938;4939;4940,junction
1196,junction,13,56.30769230769231,22.846153846153847,93.3076923076923,225.23076923076923,91.38461538461539,373.2307692307692,91.38461538461539,9,1,4053;4060;4087;4502;4907;4942;4943;4944;4945,junction
1197,junction,11,56.63636363636363,22.818181818181817,112.9090909090909,226.54545454545453,91.27272727272727,451.6363636363636,91.27272727272727,10,1,4061;4100;4494;4507;4946;4947;4948;4949;4950;4951,junction
1198,junction,6,55.666666666666664,23.5,16.5,222.66666666666666,94.0,66.0,66.0,7,1,4041;4094;4897;4952;4953;4954;4955,junction
1199,junction,13,56.69230769230769,23.153846153846153,151.76923076923077,226.76923076923077,92.61538461538461,607.0769230769231,92.61538461538461,11,1,4021;4068;4514;4518;4956;4957;4958;4959;4960;4961;4962,junction
1200,junction,3,56.0,23.666666666666668,133.0,224.0,94.66666666666667,532.0,94.66666666666667,4,1,4509;4513;4532;4964,junction
1201,junction,15,56.2,32.93333333333333,25.333333333333332,224.8,131.73333333333332,101.33333333333333,101.33333333333333,11,1,4042;4075;4095;4106;4953;4965;4967;4968;4969;4970;4971,junction
1202,junction,13,56.15384615384615,33.30769230769231,45.0,224.6153846153846,133.23076923076923,180.0,133.23076923076923,11,1,4065;4076;4080;4110;4926;4929;4972;4974;4975;4976;4977,junction
1203,junction,13,56.61538461538461,33.0,64.23076923076923,226.46153846153845,132.0,256.9230769230769,132.0,10,1,4048;4082;4528;4553;4931;4978;4979;4980;4981;4982,junction
1204,junction,11,56.45454545454545,32.90909090909091,84.0909090909091,225.8181818181818,131.63636363636363,336.3636363636364,131.63636363636363,8,1,4054;4088;4121;4526;4984;4985;4986;4987,junction
1205,junction,8,56.125,33.0,103.25,224.5,132.0,413.0,132.0,8,1,4090;4101;4113;4988;4989;4990;4991;4992,junction
1206,junction,8,56.375,42.25,132.875,225.5,169.0,531.5,169.0,10,1,4132;4535;4557;4561;4993;4994;4995;4996;4997;4998,junction
1207,junction,10,56.8,42.0,152.0,227.2,168.0,608.0,168.0,8,1,4071;4542;4563;4567;4999;5000;5001;5002,junction
1208,junction,10,56.2,43.0,16.4,224.8,172.0,65.6,65.6,6,1,4096;4575;4965;5004;5006;5007,junction
1209,junction,12,56.333333333333336,43.083333333333336,34.833333333333336,225.33333333333334,172.33333333333334,139.33333333333334,139.33333333333334,11,1,4073;4105;4112;4124;4967;5008;5009;5010;5011;5012;5013,junction
1210,junction,7,55.57142857142857,42.857142857142854,54.57142857142857,222.28571428571428,171.42857142857142,218.28571428571428,171.42857142857142,6,1,4083;4109;4554;5014;5016;5017,junction
1211,junction,6,56.666666666666664,42.166666666666664,190.0,226.66666666666666,168.66666666666666,760.0,76.0,8,1,4525;4547;4572;5018;5019;5020;5021;5022,junction
1212,junction,11,56.72727272727273,43.0,73.9090909090909,226.9090909090909,172.0,295.6363636363636,172.0,10,1,4122;4529;4552;4581;4978;5023;5024;5025;5026;5027,junction
1213,junction,3,55.666666666666664,43.333333333333336,94.0,222.66666666666666,173.33333333333334,376.0,173.33333333333334,4,1,4114;5029;5030;5031,junction
1214,junction,13,56.84615384615385,42.76923076923077,113.0,227.3846153846154,171.07692307692307,452.0,171.07692307692307,10,1,4103;4116;4556;4588;4989;5032;5033;5034;5035;5036,junction
1215,junction,14,57.0,52.357142857142854,123.07142857142857,228.0,209.42857142857142,492.2857142857143,209.42857142857142,12,1,4134;4558;4591;4594;5032;5037;5038;5038;5039;5040;5041;5042,junction
1216,junction,12,56.5,52.0,141.91666666666666,226.0,208.0,567.6666666666666,208.0,11,1,4133;4562;4570;4601;4997;5043;5044;5045;5046;5047;5048,junction
1217,junction,11,56.18181818181818,52.90909090909091,25.272727272727273,224.72727272727272,211.63636363636363,101.0909090909091,101.0909090909091,8,1,4108;4125;4165;4576;5004;5050;5051;5052,junction
1218,junction,15,56.2,53.0,45.13333333333333,224.8,212.0,180.53333333333333,180.53333333333333,12,1,4111;4126;4160;4579;5009;5053;5054;5055;5056;5057;5058;5059,junction
1219,junction,3,56.0,52.333333333333336,64.33333333333333,224.0,209.33333333333334,257.3333333333333,209.33333333333334,6,1,4578;4583;5060;5061;5062;5063,junction
1220,junction,16,56.9375,52.0,181.125,227.75,208.0,724.5,111.5,12,1,4140;4549;4573;4613;5019;5064;5065;5066;5067;5068;5069;5070,junction
1221,junction,10,56.5,53.1,83.9,226.0,212.4,335.6,212.4,10,1,4123;4150;4582;4585;5023;5071;5072;5073;5074;5075,junction
1222,junction,9,56.333333333333336,62.0,93.77777777777777,225.33333333333334,248.0,375.1111111111111,225.33333333333334,10,1,4152;4158;4172;4587;5072;5076;5077;5078;5079;5080,junction
1223,junction,8,56.25,62.0,113.25,225.0,248.0,453.0,225.0,9,1,4159;4186;4592;4595;5081;5082;5083;5084;5085,junction
1224,junction,7,56.857142857142854,61.714285714285715,151.85714285714286,227.42857142857142,246.85714285714286,607.4285714285714,227.42857142857142,9,1,4569;4602;4627;5044;5086;5087;5088;5089;5090,junction
1225,junction,10,56.4,63.0,35.4,225.6,252.0,141.6,141.6,9,1,4127;4161;4168;4191;5054;5091;5092;5093;5094,junction
1226,junction,8,56.375,63.125,54.5,225.5,252.5,218.0,218.0,10,1,4142;4162;4196;4580;5055;5095;5096;5097;5098;5099,junction
1227,junction,9,56.55555555555556,63.0,74.0,226.22222222222223,252.0,296.0,226.22222222222223,8,1,4144;4151;4180;4584;5100;5101;5102;5103,junction
1228,junction,7,55.857142857142854,73.0,26.0,223.42857142857142,292.0,104.0,104.0,11,1,4176;4192;4209;5092;5104;5105;5106;5107;5108;5109;5110,junction
1229,junction,8,56.5,73.125,44.875,226.0,292.5,179.5,179.5,9,1,4163;4193;4197;4213;5113;5114;5115;5116;5117,junction
1230,junction,12,56.75,72.0,123.0,227.0,288.0,492.0,227.0,10,1,4188;4597;4624;4644;5081;5118;5119;5120;5121;5122,junction
1231,junction,8,57.0,71.75,141.875,228.0,287.0,567.5,228.0,9,1,4603;4625;4628;4656;5123;5124;5125;5126;5127,junction
1232,junction,11,56.54545454545455,73.0909090909091,65.0909090909091,226.1818181818182,292.3636363636364,260.3636363636364,226.1818181818182,8,1,4145;4179;4198;4217;5128;5129;5131;5132,junction
1233,junction,10,56.6,73.0,84.0,226.4,292.0,336.0,226.4,8,1,4153;4173;4181;4223;5133;5134;5135;5136,junction
1234,junction,9,57.0,72.44444444444444,103.44444444444444,228.0,289.77777777777777,413.77777777777777,228.0,7,1,4171;4653;5077;5138;5139;5140;5141,junction
1235,junction,12,56.75,72.08333333333333,161.91666666666666,227.0,288.3333333333333,647.6666666666666,188.33333333333337,11,1,4206;4610;4629;4634;5088;5143;5144;5145;5146;5147;5148,junction
1236,junction,17,56.94117647058823,81.23529411764706,171.94117647058823,227.76470588235293,324.94117647058823,687.7647058823529,148.23529411764707,12,1,4204;4635;4640;4665;5143;5149;5150;5151;5152;5153;5154;5155,junction
1237,junction,6,56.0,82.0,16.5,224.0,328.0,66.0,66.0,7,1,4175;4208;4685;5104;5156;5157;5158,junction
1238,junction,14,56.357142857142854,82.21428571428571,35.285714285714285,225.42857142857142,328.85714285714283,141.14285714285714,141.14285714285714,11,1,4194;4214;4227;5105;5115;5159;5160;5161;5162;5163;5164,junction
1239,junction,6,56.666666666666664,82.83333333333333,54.833333333333336,226.66666666666666,331.3333333333333,219.33333333333334,219.33333333333334,6,1,4199;4215;4218;4231;5166;5167,junction
1240,junction,7,56.57142857142857,82.0,73.71428571428571,226.28571428571428,328.0,294.85714285714283,226.28571428571428,8,1,4182;4219;4224;4242;5168;5169;5170;5171,junction
1241,junction,11,56.63636363636363,81.9090909090909,94.0909090909091,226.54545454545453,327.6363636363636,376.3636363636364,226.54545454545453,8,1,4170;4225;4654;4671;5173;5174;5175;5176,junction
1242,junction,5,56.2,82.4,113.6,224.8,329.6,454.4,224.8,8,1,4651;4676;5138;5177;5178;5179;5180;5181,junction
1243,junction,15,56.86666666666667,82.0,132.86666666666667,227.46666666666667,328.0,531.4666666666667,227.46666666666667,11,1,4626;4647;4657;4680;5118;5183;5184;5185;5186;5187;5188,junction
1244,junction,12,56.916666666666664,92.16666666666667,25.75,227.66666666666666,368.6666666666667,103.0,103.0,10,1,4211;4226;4688;5160;5189;5190;5191;5192;5193;5194,junction
1245,junction,9,56.77777777777778,91.88888888888889,44.888888888888886,227.11111111111111,367.55555555555554,179.55555555555554,179.55555555555554,10,1,4212;4228;4232;4257;5159;5195;5196;5197;5198;5199,junction
1246,junction,9,56.666666666666664,92.0,65.11111111111111,226.66666666666666,368.0,260.44444444444446,226.66666666666666,8,1,4220;4233;4243;4712;5200;5201;5202;5203,junction
1247,junction,8,56.75,92.0,83.875,227.0,368.0,335.5,227.0,9,1,4003;4222;4244;4672;5204;5205;5206;5207;5208,junction
1248,junction,12,56.75,91.66666666666667,123.0,227.0,366.6666666666667,492.0,227.0,11,1,4648;4678;4683;4707;5178;5183;5209;5210;5211;5212;5213,junction
1249,junction,7,56.42857142857143,101.0,132.71428571428572,225.71428571428572,404.0,530.8571428571429,225.71428571428572,9,1,4249;4264;4684;4710;5211;5214;5215;5216;5217,junction
1250,junction,9,56.22222222222222,102.11111111111111,54.888888888888886,224.88888888888889,408.44444444444446,219.55555555555554,219.55555555555554,10,1,4234;4259;4281;4714;5195;5218;5219;5220;5221;5222,junction
1251,junction,5,56.2,102.0,17.2,224.8,408.0,68.8,68.8,8,1,4252;4686;4729;5189;5223;5224;5225;5226,junction
1252,junction,5,56.0,102.2,75.0,224.0,408.8,300.0,224.0,2,1,4002;5229,degree_two
1253,junction,14,56.785714285714285,101.78571428571429,94.07142857142857,227.14285714285714,407.14285714285717,376.2857142857143,227.14285714285714,11,1,4004;4275;4674;4703;5204;5230;5231;5232;5233;5234;5235,junction
1254,junction,6,56.5,111.33333333333333,84.66666666666667,226.0,445.3333333333333,338.6666666666667,226.0,6,1,4006;4271;4277;5236;5238;5239,junction
1255,junction,12,56.75,111.25,122.83333333333333,227.0,445.0,491.3333333333333,227.0,10,1,4265;4709;4736;4760;5240;5242;5243;5244;5245;5246,junction
1256,junction,11,56.72727272727273,110.9090909090909,143.0,226.9090909090909,443.6363636363636,572.0,226.9090909090909,10,1,4251;4266;4719;4743;5247;5248;5249;5250;5251;5252,junction
1257,junction,13,56.76923076923077,111.92307692307692,25.46153846153846,227.07692307692307,447.6923076923077,101.84615384615384,101.84615384615384,11,1,4255;4298;4733;5223;5253;5254;5255;5256;5257;5258;5259,junction
1258,junction,9,56.55555555555556,112.0,45.0,226.22222222222223,448.0,180.0,180.0,8,1,4260;4282;4301;4734;5261;5262;5263;5264,junction
1259,junction,10,56.5,112.1,65.0,226.0,448.4,260.0,226.0,9,1,4270;4280;4308;4713;5265;5266;5267;5268;5269,junction
1260,junction,11,56.72727272727273,112.0909090909091,104.0,226.9090909090909,448.3636363636364,416.0,226.9090909090909,10,1,4276;4292;4704;4738;5231;5270;5271;5272;5273;5274,junction
1261,junction,13,56.76923076923077,120.38461538461539,172.30769230769232,227.07692307692307,481.53846153846155,689.2307692307693,146.76923076923072,11,1,4317;4725;4751;4755;5275;5276;5277;5278;5279;5280;5281,junction
1262,junction,11,56.36363636363637,121.81818181818181,74.9090909090909,225.45454545454547,487.27272727272725,299.6363636363636,225.45454545454547,8,1,4272;4306;4338;5282;5284;5285;5286;5287,junction
1263,junction,9,56.666666666666664,121.0,114.22222222222223,226.66666666666666,484.0,456.8888888888889,226.66666666666666,11,1,4294;4739;4761;4769;5242;5271;5288;5289;5290;5291;5292,junction
1264,junction,12,56.833333333333336,121.0,133.0,227.33333333333334,484.0,532.0,227.33333333333334,10,1,4267;4744;4762;4774;5293;5294;5295;5296;5297;5298,junction
1265,junction,6,56.166666666666664,121.83333333333333,17.166666666666668,224.66666666666666,487.3333333333333,68.66666666666667,68.66666666666667,7,1,4299;4332;4732;5255;5300;5301;5302,junction
1266,junction,9,56.55555555555556,122.0,36.111111111111114,226.22222222222223,488.0,144.44444444444446,144.44444444444446,8,1,4300;4302;4319;5256;5303;5304;5305;5306,junction
1267,junction,7,56.714285714285715,121.0,152.85714285714286,226.85714285714286,484.0,611.4285714285714,224.57142857142856,9,1,4745;4750;4780;5308;5309;5310;5311;5312;5313,junction
1268,junction,10,56.6,122.0,54.9,226.4,488.0,219.6,219.6,8,1,4283;4303;4309;4324;5315;5316;5317;5318,junction
1269,junction,16,57.0,130.0,181.875,228.0,520.0,727.5,108.5,12,1,4315;4331;4756;4786;5278;5319;5320;5321;5322;5323;5324;5325,junction
1270,junction,11,56.09090909090909,131.0,45.63636363636363,224.36363636363637,524.0,182.54545454545453,182.54545454545453,11,1,4304;4321;4325;4348;5304;5326;5328;5329;5330;5331;5332,junction
1271,junction,11,56.72727272727273,130.9090909090909,64.63636363636364,226.9090909090909,523.6363636363636,258.54545454545456,226.9090909090909,9,1,4307;4326;4339;4351;5333;5334;5335;5336;5337,junction
1272,junction,10,56.8,131.4,84.8,227.2,525.6,339.2,227.2,9,1,4289;4340;4363;4765;5338;5339;5340;5341;5342,junction
1273,junction,12,56.75,130.91666666666666,103.75,227.0,523.6666666666666,415.0,227.0,8,1,4295;4766;4770;4791;5344;5345;5346;5347,junction
1274,junction,8,56.75,131.0,25.75,227.0,524.0,103.0,103.0,8,1,4297;4320;4334;4343;5349;5350;5351;5352,junction
1275,junction,7,57.0,131.0,123.28571428571429,228.0,524.0,493.14285714285717,228.0,9,1,4358;4771;4775;5288;5353;5354;5355;5356;5357,junction
1276,junction,14,56.857142857142854,131.0,143.0,227.42857142857142,524.0,572.0,227.42857142857142,12,1,4746;4776;4781;4796;5294;5308;5358;5359;5360;5361;5362;5363,junction
1277,junction,10,56.8,140.2,152.5,227.2,560.8,610.0,226.0,11,1,4783;4797;4803;4806;5359;5364;5365;5366;5367;5368;5369,junction
1278,junction,16,56.875,140.1875,172.125,227.5,560.75,688.5,147.5,12,1,4316;4787;4804;4812;5320;5370;5371;5372;5373;5374;5375;5376,junction
1279,junction,13,56.0,141.30769230769232,35.76923076923077,224.0,565.2307692307693,143.07692307692307,143.07692307692307,11,1,4322;4345;4349;4368;5326;5377;5378;5380;5381;5382;5383,junction
1280,junction,10,56.3,141.1,55.3,225.2,564.4,221.2,221.2,10,1,4323;4346;4352;4372;5329;5385;5386;5387;5388;5389,junction
1281,junction,8,56.5,141.0,75.125,226.0,564.0,300.5,226.0,8,1,4341;4353;4364;4377;5390;5391;5392;5393,junction
1282,junction,11,56.63636363636363,140.9090909090909,93.9090909090909,226.54545454545453,563.6363636363636,375.6363636363636,226.54545454545453,9,1,4365;4767;4792;4819;5338;5394;5395;5396;5397,junction
1283,junction,5,56.4,141.4,17.2,225.6,565.6,68.8,68.8,7,1,4335;4344;4383;5398;5399;5400;5401,junction
1284,junction,10,56.6,140.7,133.1,226.4,562.8,532.4,226.4,10,1,4360;4388;4777;5353;5358;5402;5403;5404;5405;5406,junction
1285,junction,11,56.72727272727273,150.27272727272728,162.45454545454547,226.9090909090909,601.0909090909091,649.8181818181819,186.18181818181813,12,1,4410;4805;4808;4814;5367;5372;5407;5408;5409;5410;5411;5412,junction
1286,junction,12,56.416666666666664,150.83333333333334,26.083333333333332,225.66666666666666,603.3333333333334,104.33333333333333,104.33333333333333,11,1,4342;4369;4385;4841;5377;5398;5413;5414;5415;5416;5417,junction
1287,junction,13,56.30769230769231,151.30769230769232,45.07692307692308,225.23076923076923,605.2307692307693,180.30769230769232,180.30769230769232,11,1,4350;4367;4373;4402;5378;5418;5419;5420;5421;5422;5423,junction
1288,junction,10,56.7,150.9,64.9,226.8,603.6,259.6,208.39999999999998,10,1,4354;4374;4378;4416;5385;5424;5425;5426;5427;5428,junction
1289,junction,6,57.0,151.16666666666666,84.83333333333333,228.0,604.6666666666666,339.3333333333333,207.33333333333337,7,1,4379;4820;4833;5429;5430;5431;5432,junction
1290,junction,9,56.666666666666664,151.11111111111111,124.0,226.66666666666666,604.4444444444445,496.0,207.55555555555554,7,1,4361;4389;4826;4837;5433;5434;5435,junction
1291,junction,11,56.72727272727273,151.1818181818182,143.0,226.9090909090909,604.7272727272727,572.0,207.27272727272725,11,1,4390;4395;4798;4807;5364;5436;5437;5438;5439;5440;5441,junction
1292,junction,13,56.38461538461539,161.23076923076923,36.07692307692308,225.53846153846155,644.9230769230769,144.30769230769232,144.30769230769232,11,1,4370;4403;4435;4843;4889;5413;5418;5442;5443;5445;5446,junction
1293,junction,9,56.666666666666664,160.88888888888889,55.0,226.66666666666666,643.5555555555555,220.0,168.44444444444446,10,1,4375;4417;4854;5419;5447;5448;5449;5450;5451;5452,junction
1294,junction,10,56.4,161.0,74.9,225.6,644.0,299.6,168.0,11,1,4380;4418;4449;4834;5424;5453;5454;5455;5456;5457;5458,junction
1295,junction,6,56.666666666666664,160.16666666666666,191.0,226.66666666666666,640.6666666666666,764.0,72.0,7,1,4818;4851;5460;5461;5462;5463;5464,junction
1296,junction,11,56.45454545454545,160.9090909090909,133.72727272727272,225.8181818181818,643.6363636363636,534.9090909090909,168.36363636363637,11,1,4391;4396;4429;4839;5436;5465;5466;5467;5468;5469;5470,junction
1297,junction,11,56.72727272727273,160.63636363636363,114.0909090909091,226.9090909090909,642.5454545454545,456.3636363636364,169.4545454545455,10,1,4426;4827;4838;4858;5472;5473;5474;5475;5476;5477,junction
1298,junction,17,56.88235294117647,170.23529411764707,143.11764705882354,227.52941176470588,680.9411764705883,572.4705882352941,131.0588235294117,11,1,4399;4430;4848;4866;5479;5480;5481;5482;5483;5484;5485,junction
1299,junction,9,56.666666666666664,169.88888888888889,162.88888888888889,226.66666666666666,679.5555555555555,651.5555555555555,132.44444444444446,9,1,4414;4443;4849;4873;5486;5487;5488;5489;5491,junction
1300,junction,15,56.06666666666667,171.0,26.133333333333333,224.26666666666668,684.0,104.53333333333333,104.53333333333333,11,1,4437;4464;4844;4883;5442;5492;5494;5495;5496;5497;5498,junction
1301,junction,7,56.285714285714285,170.85714285714286,84.42857142857143,225.14285714285714,683.4285714285714,337.7142857142857,128.57142857142856,8,1,4446;4451;4486;4836;5500;5501;5502;5503,junction
1302,junction,11,57.0,170.54545454545453,104.36363636363636,228.0,682.1818181818181,417.45454545454544,129.81818181818187,9,1,4427;4447;4859;4880;5504;5506;5507;5508;5509,junction
1303,junction,10,56.6,171.1,64.9,226.4,684.4,259.6,127.60000000000002,9,1,4419;4452;4480;4856;5448;5511;5512;5513;5514,junction
1304,junction,8,55.875,180.625,94.75,223.5,722.5,379.0,89.5,7,1,4448;4489;5502;5517;5518;5519;5520,junction
1305,junction,15,56.8,180.13333333333333,133.46666666666667,227.2,720.5333333333333,533.8666666666667,91.4666666666667,12,1,4434;4460;4867;5481;5521;5522;5523;5524;5525;5526;5527;5528,junction
1306,junction,11,55.90909090909091,180.9090909090909,35.63636363636363,223.63636363636363,723.6363636363636,142.54545454545453,88.36363636363637,10,1,4438;4466;4885;4891;5494;5530;5531;5533;5534;5535,junction
1307,junction,4,55.75,182.0,17.5,223.0,728.0,70.0,70.0,5,1,4465;5536;5538;5539;5540,junction
1308,junction,11,56.63636363636363,181.1818181818182,74.9090909090909,226.54545454545453,724.7272727272727,299.6363636363636,87.27272727272725,10,1,4453;4483;4488;5541;5542;5543;5544;5545;5546;5547,junction
1309,junction,4,56.75,13.75,142.5,227.0,55.0,570.0,55.0,7,1,4019;4497;4512;4956;5548;5549;5550,junction
1310,junction,2,56.5,14.5,43.5,226.0,58.0,174.0,58.0,4,1,4012;4062;4924;5551,junction
1311,junction,5,57.0,22.6,190.4,228.0,90.4,761.6,74.39999999999998,7,1,4036;4499;4523;5553;5554;5555;5556,junction
1312,junction,8,57.125,33.125,122.875,228.5,132.5,491.5,132.5,9,1,4102;4508;4533;4555;4995;5557;5558;5559;5560,junction
1313,junction,8,56.875,33.0,142.25,227.5,132.0,569.0,132.0,10,1,4072;4515;4534;4560;4958;4993;5561;5562;5563;5564,junction
1314,junction,10,57.2,32.4,162.2,228.8,129.6,648.8,129.6,11,1,4069;4520;4538;4541;4918;4959;5565;5566;5567;5568;5569,junction
1315,junction,9,57.111111111111114,32.333333333333336,181.11111111111111,228.44444444444446,129.33333333333334,724.4444444444445,111.55555555555554,11,1,4539;4546;4920;5018;5553;5570;5571;5572;5573;5574;5575,junction
1316,junction,6,57.0,42.166666666666664,172.0,228.0,168.66666666666666,688.0,148.0,9,1,4138;4543;4550;5064;5565;5576;5577;5578;5579,junction
1317,junction,9,57.111111111111114,51.666666666666664,162.22222222222223,228.44444444444446,206.66666666666666,648.8888888888889,187.1111111111111,10,1,4139;4544;4568;4607;5576;5580;5581;5582;5583;5584,junction
1318,junction,4,57.0,52.75,103.75,228.0,211.0,415.0,211.0,7,1,4117;4586;4590;5585;5586;5587;5588,junction
1319,junction,4,56.5,62.5,16.75,226.0,250.0,67.0,67.0,8,1,4166;4174;4577;5106;5589;5590;5591;5592,junction
1320,junction,7,57.0,62.0,172.0,228.0,248.0,688.0,148.0,10,1,4141;4609;4615;4633;5065;5581;5593;5594;5595;5596,junction
1321,junction,8,57.125,61.125,190.375,228.5,244.5,761.5,74.5,8,1,4574;4614;4618;5066;5597;5598;5599;5600,junction
1322,junction,8,57.0,62.125,133.25,228.0,248.5,533.0,228.0,10,1,4596;4604;4623;5037;5043;5123;5601;5602;5603;5604,junction
1323,junction,7,57.142857142857146,72.0,182.0,228.57142857142858,288.0,728.0,108.0,9,1,4619;4636;4639;5593;5597;5605;5606;5607;5608,junction
1324,junction,9,57.0,81.0,190.44444444444446,228.0,324.0,761.7777777777778,74.22222222222217,8,1,4620;4641;4667;5605;5610;5611;5612;5613,junction
1325,junction,7,57.0,82.0,151.85714285714286,228.0,328.0,607.4285714285714,228.0,10,1,4237;4630;4658;5614;5615;5616;5617;5618;5619;5620,junction
1326,junction,15,57.333333333333336,91.13333333333334,181.66666666666666,229.33333333333334,364.53333333333336,726.6666666666666,109.33333333333337,12,1,4642;4663;4669;4697;5151;5610;5621;5622;5623;5624;5625;5626,junction
1327,junction,8,56.875,91.875,143.125,227.5,367.5,572.5,227.5,9,1,4239;4248;4659;4681;5184;5627;5628;5629;5630,junction
1328,junction,11,57.18181818181818,91.45454545454545,161.8181818181818,228.72727272727272,365.8181818181818,647.2727272727273,188.72727272727275,10,1,4205;4240;4691;5618;5631;5632;5633;5634;5636;5637,junction
1329,junction,3,57.0,91.66666666666667,104.0,228.0,366.6666666666667,416.0,228.0,5,1,4673;4677;4702;5639;5640,junction
1330,junction,13,57.0,101.0,172.0,228.0,404.0,688.0,148.0,12,1,4664;4693;4698;4722;5624;5631;5641;5642;5643;5644;5645;5646,junction
1331,junction,8,57.0,102.0,35.25,228.0,408.0,141.0,141.0,7,1,4254;4258;5190;5253;5649;5650;5651,junction
1332,junction,5,57.2,101.4,112.8,228.8,405.6,451.2,228.8,5,1,4679;4705;4708;5652;5654,junction
1333,junction,11,57.18181818181818,101.27272727272727,152.8181818181818,228.72727272727272,405.09090909090907,611.2727272727273,224.72727272727275,11,1,4250;4692;4716;5247;5628;5632;5655;5656;5657;5658;5659,junction
1334,junction,6,57.166666666666664,101.16666666666667,190.33333333333334,228.66666666666666,404.6666666666667,761.3333333333334,74.66666666666663,5,1,4699;5621;5661;5662;5663,junction
1335,junction,13,57.0,110.92307692307692,162.23076923076923,228.0,443.6923076923077,648.9230769230769,187.0769230769231,11,1,4694;4717;4723;4749;5275;5641;5655;5664;5665;5666;5667,junction
1336,junction,8,56.875,111.25,181.875,227.5,445.0,727.5,108.5,12,1,4700;4724;4728;4753;5276;5642;5661;5668;5669;5670;5671;5672,junction
1337,junction,7,57.142857142857146,121.14285714285714,94.0,228.57142857142858,484.57142857142856,376.0,228.57142857142858,8,1,4278;4288;4293;4764;5673;5674;5675;5676,junction
1338,junction,5,57.2,119.8,190.2,228.8,479.2,760.8,75.20000000000005,6,1,4329;4754;5319;5668;5677;5678,junction
1339,junction,8,57.0,131.0,162.75,228.0,524.0,651.0,185.0,11,1,4314;4752;4782;4802;5277;5370;5679;5680;5681;5682;5683,junction
1340,junction,5,56.8,140.4,114.0,227.2,561.6,456.0,227.2,9,1,4359;4772;4793;4824;5355;5684;5685;5686;5687,junction
1341,junction,13,57.0,150.0,182.0,228.0,600.0,728.0,108.0,12,1,4789;4813;4817;4829;5371;5460;5688;5689;5690;5691;5692;5693,junction
1342,junction,9,57.0,151.11111111111111,103.88888888888889,228.0,604.4444444444445,415.55555555555554,207.55555555555554,9,1,4423;4794;4821;4825;5473;5694;5696;5697;5698,junction
1343,junction,5,56.8,160.8,94.0,227.2,643.2,376.0,168.79999999999995,6,1,4424;4822;4835;5699;5700;5701,junction
1344,junction,8,57.125,160.0,153.125,228.5,640.0,612.5,172.0,10,1,4398;4411;4809;4847;5407;5479;5702;5703;5704;5705,junction
1345,junction,11,57.0,159.9090909090909,172.36363636363637,228.0,639.6363636363636,689.4545454545455,146.5454545454545,10,1,4412;4442;4830;5411;5486;5689;5706;5707;5708;5709,junction
1346,junction,3,56.666666666666664,161.33333333333334,17.333333333333332,226.66666666666666,645.3333333333334,69.33333333333333,69.33333333333333,6,1,4384;4842;5492;5710;5711;5712,junction
1347,junction,13,57.0,170.0,182.0,228.0,680.0,728.0,108.0,11,1,4444;4472;4831;5461;5706;5714;5715;5716;5717;5718;5719,junction
1348,junction,7,57.142857142857146,171.0,124.14285714285714,228.57142857142858,684.0,496.57142857142856,128.0,10,1,4432;4458;4840;4860;5475;5523;5720;5721;5722;5723,junction
1349,junction,12,57.0,179.91666666666666,152.91666666666666,228.0,719.6666666666666,611.6666666666666,92.33333333333337,9,1,4850;4868;5480;5487;5725;5727;5728;5729;5730,junction
1350,junction,7,57.142857142857146,180.14285714285714,191.42857142857142,228.57142857142858,720.5714285714286,765.7142857142857,70.28571428571433,7,1,4473;4852;5715;5731;5732;5733;5735,junction
1351,junction,6,57.166666666666664,180.83333333333334,114.0,228.66666666666666,723.3333333333334,456.0,88.66666666666663,8,1,4459;4861;4882;5736;5737;5738;5739;5740,junction
1352,junction,6,56.666666666666664,179.83333333333334,173.0,226.66666666666666,719.3333333333334,692.0,92.66666666666663,8,1,4475;4875;5714;5741;5742;5743;5744;5745,junction
1353,junction,4,57.0,180.75,55.5,228.0,723.0,222.0,89.0,5,1,4481;4884;5746;5747;5748,junction
1354,junction,1,57.0,15.0,46.0,228.0,60.0,184.0,60.0,3,1,5551;5749;5750,junction
1355,junction,4,57.5,140.25,191.0,230.0,561.0,764.0,72.0,7,1,4330;4816;5321;5688;5751;5752;5753,junction
1356,junction,1,58.0,14.0,122.0,232.0,56.0,488.0,56.0,3,1,4908;5754;5755,junction
1357,junction,1,58.0,15.0,84.0,232.0,60.0,336.0,60.0,3,1,4906;5756;5757,junction
1358,junction,1,62.0,140.0,177.0,248.0,560.0,708.0,128.0,2,1,5375;5759,degree_two
1359,junction,9,65.66666666666667,53.111111111111114,55.0,262.6666666666667,212.44444444444446,220.0,212.44444444444446,12,1,5017;5056;5063;5095;5760;5761;5762;5763;5764;5765;5766;5767,junction
1360,junction,14,66.14285714285714,111.92857142857143,34.92857142857143,264.57142857142856,447.7142857142857,139.71428571428572,139.71428571428572,10,1,5257;5262;5303;5651;5768;5770;5771;5772;5773;5774,junction
1361,junction,5,66.0,13.4,112.4,264.0,53.6,449.6,53.6,6,1,4915;4949;5755;5775;5776;5777,junction
1362,junction,9,65.88888888888889,14.444444444444445,34.666666666666664,263.55555555555554,57.77777777777778,138.66666666666666,57.77777777777778,8,1,4896;4927;5778;5779;5780;5781;5782;5783,junction
1363,junction,8,66.0,14.5,54.25,264.0,58.0,217.0,58.0,7,1,4932;5750;5784;5785;5786;5787;5788,junction
1364,junction,11,66.18181818181819,14.363636363636363,73.81818181818181,264.72727272727275,57.45454545454545,295.27272727272725,57.45454545454545,7,1,4904;4939;5790;5791;5792;5793;5794,junction
1365,junction,9,66.0,14.444444444444445,93.44444444444444,264.0,57.77777777777778,373.77777777777777,57.77777777777778,8,1,4914;4943;5756;5795;5796;5797;5798;5799,junction
1366,junction,9,66.66666666666667,13.444444444444445,151.88888888888889,266.6666666666667,53.77777777777778,607.5555555555555,53.77777777777778,8,1,4957;5548;5800;5801;5802;5803;5804;5805,junction
1367,junction,6,66.66666666666667,13.333333333333334,172.0,266.6666666666667,53.333333333333336,688.0,53.333333333333336,6,1,4911;4921;5806;5807;5808;5809,junction
1368,junction,10,66.7,22.3,181.3,266.8,89.2,725.2,89.2,10,1,4913;4919;5555;5573;5808;5810;5811;5812;5813;5814,junction
1369,junction,9,65.88888888888889,23.11111111111111,83.22222222222223,263.55555555555554,92.44444444444444,332.8888888888889,92.44444444444444,10,1,4940;4944;4984;5757;5791;5795;5815;5816;5817;5818,junction
1370,junction,11,66.27272727272727,23.0,102.9090909090909,265.09090909090907,92.0,411.6363636363636,92.0,10,1,4916;4942;4950;4991;5796;5819;5820;5821;5822;5823,junction
1371,junction,7,66.0,23.0,123.14285714285714,264.0,92.0,492.57142857142856,92.0,8,1,4948;5558;5754;5825;5826;5827;5828;5829,junction
1372,junction,8,66.375,23.625,24.75,265.5,94.5,99.0,94.5,10,1,4900;4955;4969;5779;5830;5831;5832;5833;5834;5835,junction
1373,junction,7,66.42857142857143,23.0,161.71428571428572,265.7142857142857,92.0,646.8571428571429,92.0,8,1,4922;4961;5566;5802;5837;5838;5839;5840,junction
1374,junction,8,66.0,23.75,44.25,264.0,95.0,177.0,95.0,9,1,4928;4933;4975;5780;5784;5841;5842;5844;5845,junction
1375,junction,14,66.28571428571429,24.071428571428573,64.21428571428571,265.14285714285717,96.28571428571429,256.85714285714283,96.28571428571429,10,1,4934;4937;4979;5790;5847;5848;5849;5850;5851;5852,junction
1376,junction,10,66.7,32.7,151.9,266.8,130.8,607.6,130.8,9,1,4962;4999;5563;5567;5853;5854;5855;5856;5857,junction
1377,junction,7,66.28571428571429,32.42857142857143,172.0,265.14285714285717,129.71428571428572,688.0,129.71428571428572,6,1,4923;5574;5577;5859;5860;5861,junction
1378,junction,13,66.0,33.0,35.0,264.0,132.0,140.0,132.0,12,1,4925;4968;4974;5010;5842;5862;5863;5864;5865;5866;5867;5868,junction
1379,junction,10,66.1,33.3,54.4,264.4,133.2,217.6,133.2,10,1,4935;4976;4980;5841;5847;5870;5871;5872;5873;5874,junction
1380,junction,15,66.13333333333334,33.13333333333333,74.0,264.53333333333336,132.53333333333333,296.0,132.53333333333333,12,1,4938;4981;4985;5025;5815;5848;5875;5876;5877;5878;5879;5880,junction
1381,junction,9,66.0,32.888888888888886,93.66666666666667,264.0,131.55555555555554,374.6666666666667,131.55555555555554,9,1,4945;4986;4990;5881;5883;5884;5885;5886;5887,junction
1382,junction,12,66.25,32.75,113.25,265.0,131.0,453.0,131.0,12,1,4951;4992;5033;5559;5819;5825;5888;5889;5890;5891;5892;5893,junction
1383,junction,7,65.71428571428571,34.0,16.285714285714285,262.85714285714283,136.0,65.14285714285714,65.14285714285714,4,1,4970;5831;5896;5897,junction
1384,junction,10,66.7,42.6,142.7,266.8,170.4,570.8,170.4,8,1,4994;5045;5564;5900;5901;5902;5903;5904,junction
1385,junction,10,66.6,42.1,162.1,266.4,168.4,648.4,168.4,9,1,5001;5569;5578;5582;5905;5906;5907;5908;5909,junction
1386,junction,12,66.0,42.833333333333336,25.166666666666668,264.0,171.33333333333334,100.66666666666667,100.66666666666667,12,1,4971;5007;5012;5051;5863;5896;5910;5911;5912;5913;5914;5915,junction
1387,junction,10,66.1,42.9,44.8,264.4,171.6,179.2,171.6,11,1,4977;5011;5057;5762;5864;5870;5916;5917;5918;5919;5920,junction
1388,junction,6,66.16666666666667,42.666666666666664,63.833333333333336,264.6666666666667,170.66666666666666,255.33333333333334,170.66666666666666,9,1,4982;5016;5026;5062;5872;5921;5922;5923;5924,junction
1389,junction,9,65.77777777777777,43.0,84.0,263.1111111111111,172.0,336.0,172.0,12,1,4987;5024;5030;5071;5876;5881;5925;5926;5927;5928;5929;5930,junction
1390,junction,7,66.42857142857143,42.57142857142857,103.28571428571429,265.7142857142857,170.28571428571428,413.14285714285717,170.28571428571428,8,1,5031;5035;5585;5884;5888;5932;5933;5934,junction
1391,junction,9,66.55555555555556,43.0,123.0,266.22222222222223,172.0,492.0,172.0,9,1,4996;5034;5039;5560;5889;5935;5936;5937;5938,junction
1392,junction,12,66.66666666666667,42.0,181.25,266.6666666666667,168.0,725.0,111.0,9,1,5021;5067;5575;5579;5860;5939;5940;5941;5942,junction
1393,junction,9,66.55555555555556,52.55555555555556,133.11111111111111,266.22222222222223,210.22222222222223,532.4444444444445,210.22222222222223,9,1,4998;5042;5046;5602;5943;5944;5945;5946;5947,junction
1394,junction,8,66.125,52.0,152.25,264.5,208.0,609.0,208.0,9,1,5002;5048;5086;5583;5948;5949;5950;5951;5952,junction
1395,junction,6,66.16666666666667,52.666666666666664,16.5,264.6666666666667,210.66666666666666,66.0,66.0,8,1,5006;5052;5590;5913;5953;5954;5955;5956,junction
1396,junction,9,66.0,52.77777777777778,35.0,264.0,211.11111111111111,140.0,140.0,12,1,5013;5050;5058;5091;5910;5916;5957;5958;5959;5960;5961;5962,junction
1397,junction,8,66.5,52.75,74.125,266.0,211.0,296.5,211.0,11,1,5027;5061;5074;5100;5921;5925;5963;5964;5965;5966;5967,junction
1398,junction,6,66.66666666666667,52.166666666666664,190.0,266.6666666666667,208.66666666666666,760.0,76.0,8,1,5022;5068;5598;5939;5968;5969;5970;5971,junction
1399,junction,8,66.5,53.0,93.5,266.0,212.0,374.0,212.0,7,1,5073;5080;5586;5928;5972;5973;5974,junction
1400,junction,9,66.55555555555556,53.0,113.0,266.22222222222223,212.0,452.0,212.0,9,1,5036;5040;5084;5587;5976;5977;5978;5979;5980,junction
1401,junction,13,66.76923076923077,61.69230769230769,181.53846153846155,267.0769230769231,246.76923076923077,726.1538461538462,109.84615384615381,11,1,5069;5595;5599;5606;5968;5981;5982;5983;5984;5985;5986,junction
1402,junction,10,66.4,62.5,84.0,265.6,250.0,336.0,250.0,9,1,5075;5076;5102;5133;5987;5988;5989;5990;5991,junction
1403,junction,11,66.0909090909091,62.63636363636363,103.45454545454545,264.3636363636364,250.54545454545453,413.8181818181818,250.54545454545453,10,1,5079;5083;5139;5588;5993;5994;5995;5996;5997;5998,junction
1404,junction,8,66.375,62.0,122.75,265.5,248.0,491.0,248.0,8,1,5041;5085;5119;5603;6000;6001;6002;6003,junction
1405,junction,11,65.9090909090909,62.72727272727273,25.545454545454547,263.6363636363636,250.9090909090909,102.18181818181819,102.18181818181819,11,1,5093;5107;5591;5954;5960;6004;6005;6006;6007;6008;6009,junction
1406,junction,11,66.54545454545455,63.18181818181818,44.63636363636363,266.1818181818182,252.72727272727272,178.54545454545453,178.54545454545453,12,1,5059;5094;5096;5113;5761;5957;6010;6011;6012;6013;6014;6015,junction
1407,junction,10,66.5,63.0,64.5,266.0,252.0,258.0,252.0,10,1,5098;5101;5128;5765;5965;6016;6017;6018;6019;6020,junction
1408,junction,8,67.125,62.0,142.0,268.5,248.0,568.0,248.0,8,1,5087;5124;5604;5944;6021;6022;6023;6024,junction
1409,junction,6,66.83333333333333,62.166666666666664,161.83333333333334,267.3333333333333,248.66666666666666,647.3333333333334,188.66666666666663,8,1,5089;5145;5594;5948;6025;6026;6027;6028,junction
1410,junction,8,66.375,71.5,172.125,265.5,286.0,688.5,147.5,8,1,5146;5152;5596;5607;6029;6030;6031;6032,junction
1411,junction,11,65.81818181818181,72.45454545454545,35.45454545454545,263.27272727272725,289.8181818181818,141.8181818181818,141.8181818181818,11,1,5109;5116;5161;6005;6011;6033;6034;6035;6036;6037;6038,junction
1412,junction,7,65.85714285714286,72.0,55.142857142857146,263.42857142857144,288.0,220.57142857142858,220.57142857142858,11,1,5099;5114;5129;6012;6016;6039;6040;6041;6042;6043;6044,junction
1413,junction,9,66.33333333333333,72.11111111111111,94.11111111111111,265.3333333333333,288.44444444444446,376.44444444444446,265.3333333333333,9,1,5078;5135;5140;5173;5994;6046;6047;6048;6049,junction
1414,junction,10,66.7,71.9,112.9,266.8,287.6,451.6,266.8,9,1,5082;5120;5141;5179;5998;6050;6051;6052;6053,junction
1415,junction,8,66.375,72.0,132.5,265.5,288.0,530.0,265.5,7,1,5121;5125;5185;6055;6056;6057;6058,junction
1416,junction,5,65.8,73.2,16.8,263.2,292.8,67.2,67.2,7,1,5108;5156;5592;6004;6059;6060;6061,junction
1417,junction,9,66.33333333333333,72.66666666666667,74.44444444444444,265.3333333333333,290.6666666666667,297.77777777777777,265.3333333333333,10,1,5103;5131;5134;5170;6062;6064;6065;6066;6067;6068,junction
1418,junction,8,66.25,72.0,152.25,265.0,288.0,609.0,227.0,8,1,5090;5127;5147;5615;6069;6070;6071;6072,junction
1419,junction,9,66.55555555555556,81.0,162.0,266.22222222222223,324.0,648.0,188.0,8,1,5148;5153;5619;5633;6074;6075;6076;6077,junction
1420,junction,12,65.91666666666667,82.16666666666667,25.833333333333332,263.6666666666667,328.6666666666667,103.33333333333333,103.33333333333333,11,1,5110;5157;5162;5192;6034;6059;6078;6079;6080;6081;6082,junction
1421,junction,16,66.125,82.125,45.125,264.5,328.5,180.5,180.5,12,1,5117;5163;5166;5196;6035;6042;6084;6085;6086;6087;6088;6089,junction
1422,junction,11,66.18181818181819,82.36363636363636,64.9090909090909,264.72727272727275,329.45454545454544,259.6363636363636,259.6363636363636,10,1,5132;5171;5201;6039;6062;6090;6091;6092;6093;6094,junction
1423,junction,8,66.75,82.0,84.25,267.0,328.0,337.0,267.0,9,1,5136;5168;5174;5206;6095;6096;6097;6098;6099,junction
1424,junction,6,66.0,82.0,103.0,264.0,328.0,412.0,264.0,5,1,5175;6101;6102;6103;6104,junction
1425,junction,10,66.5,82.0,123.1,266.0,328.0,492.4,266.0,9,1,5122;5181;5186;5209;6105;6106;6107;6108;6109,junction
1426,junction,9,66.11111111111111,91.55555555555556,152.11111111111111,264.44444444444446,366.22222222222223,608.4444444444445,227.55555555555554,9,1,5620;5629;5634;5656;6111;6112;6113;6114;6115,junction
1427,junction,11,66.63636363636364,90.9090909090909,172.0,266.54545454545456,363.6363636363636,688.0,148.0,9,1,5155;5626;5636;5643;6116;6118;6119;6120;6121,junction
1428,junction,8,66.0,92.25,16.75,264.0,369.0,67.0,67.0,7,1,5158;5193;5224;6078;6122;6123;6125,junction
1429,junction,10,66.3,92.0,35.9,265.2,368.0,143.6,143.6,9,1,5164;5197;6079;6085;6126;6128;6129;6130;6131,junction
1430,junction,14,66.14285714285714,92.0,55.0,264.57142857142856,368.0,220.0,220.0,11,1,5167;5198;5220;6084;6092;6133;6134;6135;6136;6137;6138,junction
1431,junction,10,66.8,92.2,74.6,267.2,368.8,298.4,267.2,10,1,5169;5202;5207;6090;6139;6140;6141;6142;6143;6144,junction
1432,junction,13,66.38461538461539,91.92307692307692,93.92307692307692,265.53846153846155,367.6923076923077,375.6923076923077,265.53846153846155,10,1,5176;5208;5232;5640;6102;6146;6147;6148;6149;6150,junction
1433,junction,7,67.0,91.0,190.28571428571428,268.0,364.0,761.1428571428571,74.85714285714289,7,1,5613;5623;6152;6153;6154;6155;6156,junction
1434,junction,7,66.71428571428571,92.0,132.42857142857142,266.85714285714283,368.0,529.7142857142857,266.85714285714283,9,1,5188;5212;5216;6106;6157;6158;6159;6160;6161,junction
1435,junction,11,66.81818181818181,101.36363636363636,143.0909090909091,267.27272727272725,405.45454545454544,572.3636363636364,263.6363636363636,8,1,5214;5250;5630;6158;6164;6165;6166;6167,junction
1436,junction,11,66.45454545454545,100.9090909090909,162.0,265.8181818181818,403.6363636363636,648.0,188.0,10,1,5637;5644;5658;5664;6114;6168;6169;6170;6171;6172,junction
1437,junction,11,65.9090909090909,101.81818181818181,25.727272727272727,263.6363636363636,407.27272727272725,102.9090909090909,102.9090909090909,12,1,5194;5225;5254;5650;5768;6122;6126;6173;6174;6175;6176;6177,junction
1438,junction,14,66.07142857142857,101.92857142857143,45.142857142857146,264.2857142857143,407.7142857142857,180.57142857142858,180.57142857142858,12,1,5199;5221;5261;5649;6130;6133;6178;6179;6180;6181;6182;6183,junction
1439,junction,14,66.42857142857143,101.57142857142857,65.0,265.7142857142857,406.2857142857143,260.0,260.0,11,1,5203;5219;5265;6134;6139;6185;6186;6187;6188;6189;6190,junction
1440,junction,11,66.27272727272727,101.63636363636364,84.27272727272727,265.09090909090907,406.54545454545456,337.09090909090907,265.09090909090907,11,1,5205;5229;5233;5236;6140;6146;6191;6192;6193;6194;6195,junction
1441,junction,13,66.6923076923077,101.15384615384616,181.69230769230768,266.7692307692308,404.61538461538464,726.7692307692307,109.23076923076928,10,1,5625;5645;5662;5669;6153;6196;6197;6198;6199;6200,junction
1442,junction,7,66.14285714285714,102.0,104.0,264.57142857142856,408.0,416.0,264.57142857142856,6,1,5234;5270;5654;6202;6203;6205,junction
1443,junction,9,66.44444444444444,102.0,123.0,265.77777777777777,408.0,492.0,265.77777777777777,8,1,5213;5217;5244;5652;6207;6208;6209;6210,junction
1444,junction,11,66.63636363636364,111.63636363636364,93.9090909090909,266.54545454545456,446.54545454545456,375.6363636363636,266.54545454545456,9,1,5235;5272;5674;6191;6212;6213;6214;6215;6216,junction
1445,junction,9,66.66666666666667,111.0,133.0,266.6666666666667,444.0,532.0,266.6666666666667,8,1,5215;5243;5251;5295;6217;6218;6219;6220,junction
1446,junction,9,66.44444444444444,111.0,152.44444444444446,265.77777777777777,444.0,609.7777777777778,226.22222222222217,9,1,5252;5309;5659;5665;6221;6222;6223;6224;6225,junction
1447,junction,6,66.66666666666667,111.0,190.0,266.6666666666667,444.0,760.0,76.0,7,1,5663;5671;5677;6197;6226;6227;6228,junction
1448,junction,10,66.4,112.1,55.4,265.6,448.4,221.6,221.6,12,1,5222;5263;5268;5315;6178;6185;6229;6230;6231;6232;6233;6234,junction
1449,junction,4,66.0,112.0,17.5,264.0,448.0,70.0,70.0,8,1,5226;5258;5300;6173;6235;6236;6237;6238,junction
1450,junction,6,66.0,112.16666666666667,75.0,264.0,448.6666666666667,300.0,264.0,7,1,5267;5284;6187;6239;6240;6241;6243,junction
1451,junction,16,66.875,110.875,172.125,267.5,443.5,688.5,147.5,12,1,5279;5646;5666;5670;6168;6196;6244;6245;6246;6247;6248;6249,junction
1452,junction,8,66.5,121.5,25.75,266.0,486.0,103.0,103.0,10,1,5259;5301;5305;5351;6236;6250;6251;6252;6253;6254,junction
1453,junction,16,66.1875,121.8125,45.25,264.75,487.25,181.0,181.0,11,1,5264;5306;5317;5332;5770;6229;6255;6257;6258;6259;6260,junction
1454,junction,7,66.28571428571429,121.14285714285714,124.0,265.14285714285717,484.57142857142856,496.0,265.14285714285717,9,1,5246;5292;5296;5354;6261;6262;6263;6264;6265,junction
1455,junction,10,66.5,122.1,65.1,266.0,488.4,260.4,260.4,10,1,5269;5285;5316;5335;6232;6266;6267;6268;6269;6270,junction
1456,junction,13,66.46153846153847,121.92307692307692,84.53846153846153,265.84615384615387,487.6923076923077,338.15384615384613,265.84615384615387,11,1,5239;5286;5339;5675;6214;6271;6272;6273;6274;6275;6276,junction
1457,junction,14,66.78571428571429,120.64285714285714,182.07142857142858,267.14285714285717,482.57142857142856,728.2857142857143,107.71428571428567,11,1,5280;5325;5672;5678;6226;6245;6277;6278;6279;6280;6281,junction
1458,junction,7,66.0,121.85714285714286,104.0,264.0,487.42857142857144,416.0,264.0,9,1,5274;5291;5345;5676;6282;6283;6284;6285;6286,junction
1459,junction,11,66.0909090909091,131.27272727272728,54.90909090909091,264.3636363636364,525.0909090909091,219.63636363636363,219.63636363636363,8,1,5318;5328;5336;5388;6287;6288;6289;6290,junction
1460,junction,8,66.0,131.125,74.25,264.0,524.5,297.0,264.0,11,1,5287;5337;5340;5392;6268;6272;6291;6292;6293;6294;6295,junction
1461,junction,12,66.66666666666667,130.83333333333334,113.33333333333333,266.6666666666667,523.3333333333334,453.3333333333333,266.6666666666667,9,1,5289;5347;5356;5686;6298;6299;6300;6301;6302,junction
1462,junction,8,66.625,130.125,190.375,266.5,520.5,761.5,74.5,6,1,5323;5751;6277;6303;6304;6305,junction
1463,junction,7,65.85714285714286,131.57142857142858,17.428571428571427,263.42857142857144,526.2857142857143,69.71428571428571,69.71428571428571,8,1,5302;5349;5399;6306;6307;6308;6309;6310,junction
1464,junction,9,66.22222222222223,131.0,35.55555555555556,264.8888888888889,524.0,142.22222222222223,142.22222222222223,10,1,5331;5352;5381;6250;6255;6311;6312;6313;6314;6315,junction
1465,junction,11,66.63636363636364,130.9090909090909,132.9090909090909,266.54545454545456,523.6363636363636,531.6363636363636,266.54545454545456,9,1,5298;5357;5361;5403;6262;6316;6317;6318;6319,junction
1466,junction,9,66.44444444444444,131.11111111111111,153.0,265.77777777777777,524.4444444444445,612.0,224.0,6,1,5313;5362;5365;5681;6320;6321,junction
1467,junction,10,66.7,130.6,171.9,266.8,522.4,687.6,148.39999999999998,10,1,5281;5322;5373;5682;6323;6324;6325;6326;6327;6328,junction
1468,junction,8,66.5,139.75,182.0,266.0,559.0,728.0,108.0,8,1,5324;5690;5752;5759;6303;6329;6330;6331,junction
1469,junction,14,66.0,141.0,25.857142857142858,264.0,564.0,103.42857142857143,103.42857142857143,12,1,5350;5380;5400;5416;6308;6312;6332;6333;6334;6335;6336;6337,junction
1470,junction,16,66.25,141.1875,45.1875,265.0,564.75,180.75,180.75,12,1,5330;5383;5389;5421;6287;6311;6338;6339;6340;6341;6342;6343,junction
1471,junction,13,66.15384615384616,141.0,65.0,264.61538461538464,564.0,260.0,248.0,10,1,5334;5386;5391;5426;6292;6346;6347;6348;6349;6350,junction
1472,junction,14,66.14285714285714,141.28571428571428,84.0,264.57142857142856,565.1428571428571,336.0,246.8571428571429,10,1,5342;5393;5395;5430;6291;6351;6352;6353;6354;6355,junction
1473,junction,11,66.27272727272727,141.1818181818182,103.9090909090909,265.09090909090907,564.7272727272727,415.6363636363636,247.27272727272725,9,1,5344;5396;5687;5696;6356;6357;6358;6359;6360,junction
1474,junction,10,66.5,141.0,143.0,266.0,564.0,572.0,248.0,8,1,5363;5366;5405;5438;6361;6362;6363;6364,junction
1475,junction,14,66.71428571428571,150.21428571428572,172.28571428571428,266.85714285714283,600.8571428571429,689.1428571428571,146.8571428571429,10,1,5376;5409;5691;5707;6366;6367;6368;6369;6370;6371,junction
1476,junction,14,66.07142857142857,151.14285714285714,35.92857142857143,264.2857142857143,604.5714285714286,143.71428571428572,143.71428571428572,12,1,5382;5414;5422;5443;6333;6339;6372;6373;6374;6375;6376;6377,junction
1477,junction,14,66.14285714285714,151.35714285714286,54.785714285714285,264.57142857142856,605.4285714285714,219.14285714285714,206.57142857142856,10,1,5387;5420;5427;5450;6338;6378;6380;6381;6382;6383,junction
1478,junction,11,65.9090909090909,151.0,74.72727272727273,263.6363636363636,604.0,298.90909090909093,208.0,10,1,5390;5428;5429;5454;6352;6384;6385;6386;6387;6388,junction
1479,junction,10,66.4,151.1,94.0,265.6,604.4,376.0,207.60000000000002,10,1,5397;5431;5697;5699;6351;6390;6391;6392;6393;6394,junction
1480,junction,8,66.25,151.125,113.875,265.0,604.5,455.5,207.5,11,1,5433;5472;5685;5694;6357;6395;6396;6397;6398;6399;6400,junction
1481,junction,5,65.8,151.6,17.4,263.2,606.4,69.6,69.6,8,1,5401;5417;5710;6332;6401;6402;6403;6404,junction
1482,junction,10,66.7,150.5,153.0,266.8,602.0,612.0,210.0,8,1,5369;5410;5439;5703;6405;6406;6407;6408,junction
1483,junction,15,66.8,160.13333333333333,162.46666666666667,267.2,640.5333333333333,649.8666666666667,171.4666666666667,11,1,5412;5489;5705;5708;6366;6409;6410;6411;6412;6413;6414,junction
1484,junction,13,66.0,161.0,26.0,264.0,644.0,104.0,104.0,12,1,5415;5495;5711;6372;6402;6415;6416;6417;6418;6419;6420;6421,junction
1485,junction,12,66.25,160.91666666666666,45.083333333333336,265.0,643.6666666666666,180.33333333333334,168.33333333333337,11,1,5423;5445;5451;6373;6422;6423;6425;6426;6427;6428;6429,junction
1486,junction,11,65.9090909090909,161.0909090909091,64.9090909090909,263.6363636363636,644.3636363636364,259.6363636363636,167.63636363636363,12,1,5425;5449;5457;5511;6378;6384;6430;6431;6432;6433;6434;6435,junction
1487,junction,6,66.0,161.16666666666666,84.16666666666667,264.0,644.6666666666666,336.6666666666667,167.33333333333337,7,1,5432;5458;5500;6385;6437;6438;6439,junction
1488,junction,15,66.6,160.86666666666667,104.13333333333334,266.4,643.4666666666667,416.53333333333336,168.5333333333333,11,1,5474;5506;5698;5700;6390;6395;6441;6442;6443;6444;6445,junction
1489,junction,7,66.28571428571429,160.85714285714286,123.42857142857143,265.14285714285717,643.4285714285714,493.7142857142857,168.57142857142856,9,1,5435;5467;5476;5720;6396;6446;6447;6448;6449,junction
1490,junction,10,66.6,160.5,143.0,266.4,642.0,572.0,170.0,8,1,5441;5469;5482;5704;6450;6451;6452;6453,junction
1491,junction,13,66.84615384615384,159.92307692307693,182.07692307692307,267.38461538461536,639.6923076923077,728.3076923076923,107.69230769230774,11,1,5463;5693;5709;5716;6370;6454;6455;6456;6457;6458;6459,junction
1492,junction,15,66.8,170.13333333333333,133.46666666666667,267.2,680.5333333333333,533.8666666666667,131.4666666666667,12,1,5470;5483;5525;5722;6448;6460;6461;6462;6463;6464;6465;6466,junction
1493,junction,10,66.5,170.0,153.0,266.0,680.0,612.0,132.0,8,1,5484;5491;5702;5727;6467;6468;6469;6470,junction
1494,junction,8,66.0,171.25,17.0,264.0,685.0,68.0,68.0,8,1,5498;5712;6416;6471;6472;6473;6474;6475,junction
1495,junction,13,66.0,171.0,36.0,264.0,684.0,144.0,128.0,11,1,5446;5496;5531;6417;6426;6477;6478;6479;6480;6481;6482,junction
1496,junction,8,66.25,170.875,55.375,265.0,683.5,221.5,128.5,11,1,4893;5452;5513;5746;6423;6430;6483;6484;6485;6486;6487,junction
1497,junction,10,66.1,171.1,75.0,264.4,684.4,300.0,127.60000000000002,9,1,5456;5512;5542;6431;6488;6490;6491;6492;6493,junction
1498,junction,6,65.83333333333333,171.0,94.0,263.3333333333333,684.0,376.0,128.0,10,1,5503;5508;5517;5701;6442;6494;6495;6496;6497;6498,junction
1499,junction,9,66.44444444444444,171.0,114.0,265.77777777777777,684.0,456.0,128.0,9,1,5477;5507;5721;5737;6499;6500;6501;6502;6503,junction
1500,junction,8,67.125,170.0,171.875,268.5,680.0,687.5,132.0,8,1,5744;6410;6504;6505;6506;6508;6509;6510,junction
1501,junction,9,66.77777777777777,169.77777777777777,190.88888888888889,267.1111111111111,679.1111111111111,763.5555555555555,72.44444444444446,8,1,5464;5718;5733;6455;6511;6512;6513;6514,junction
1502,junction,11,66.36363636363636,180.63636363636363,104.0909090909091,265.45454545454544,722.5454545454545,416.3636363636364,89.4545454545455,11,1,5509;5518;5738;6500;6515;6516;6517;6518;6519;6520;6521,junction
1503,junction,8,66.625,180.0,124.0,266.5,720.0,496.0,92.0,8,1,5526;5723;5739;6522;6523;6524;6525;6526,junction
1504,junction,11,66.63636363636364,180.27272727272728,143.0909090909091,266.54545454545456,721.0909090909091,572.3636363636364,90.90909090909088,10,1,5485;5527;5728;6462;6527;6528;6529;6530;6531;6532,junction
1505,junction,11,66.63636363636364,179.9090909090909,163.0,266.54545454545456,719.6363636363636,652.0,92.36363636363637,10,1,5488;5729;5745;6505;6533;6534;6535;6536;6537;6538,junction
1506,junction,13,66.0,181.0,26.0,264.0,724.0,104.0,88.0,11,1,5497;5539;6472;6477;6539;6540;6541;6542;6543;6544;6546,junction
1507,junction,13,66.3076923076923,180.92307692307693,45.38461538461539,265.2307692307692,723.6923076923077,181.53846153846155,88.30769230769226,11,1,4894;5534;5747;6478;6547;6548;6549;6550;6551;6552;6553,junction
1508,junction,9,66.66666666666667,181.0,64.77777777777777,266.6666666666667,724.0,259.1111111111111,88.0,12,1,5514;5546;5748;6483;6488;6554;6555;6556;6557;6558;6559;6560,junction
1509,junction,9,66.44444444444444,180.77777777777777,84.11111111111111,265.77777777777777,723.1111111111111,336.44444444444446,88.88888888888891,8,1,5545;6491;6497;6561;6562;6563;6564;6565,junction
1510,junction,10,67.1,179.8,181.8,268.4,719.2,727.2,92.79999999999995,9,1,5719;6510;6512;6566;6567;6568;6569;6571;6572,junction
1511,junction,4,67.25,13.25,190.25,269.0,53.0,761.0,53.0,4,1,4912;5554;6574;6575,junction
1512,junction,2,66.5,15.5,16.5,266.0,62.0,66.0,62.0,4,1,4954;5830;6576;6577,junction
1513,junction,8,67.125,23.0,141.75,268.5,92.0,567.0,92.0,10,1,4960;4964;5550;5561;5801;6578;6579;6581;6582;6583,junction
1514,junction,6,67.16666666666667,31.833333333333332,190.33333333333334,268.6666666666667,127.33333333333333,761.3333333333334,74.66666666666663,7,1,5020;5556;5571;5811;6584;6585;6586,junction
1515,junction,8,67.0,51.875,170.875,268.0,207.5,683.5,152.5,5,1,5584;5905;6588;6590;6591,junction
1516,junction,5,66.8,71.4,190.0,267.2,285.6,760.0,76.0,8,1,5600;5608;5611;5983;6592;6593;6594;6595,junction
1517,junction,8,67.25,81.0,181.0,269.0,324.0,724.0,112.0,11,1,5154;5612;5622;6029;6116;6152;6592;6596;6597;6598;6599,junction
1518,junction,7,67.0,82.0,142.85714285714286,268.0,328.0,571.4285714285714,264.57142857142856,4,1,5187;5617;6601;6602,junction
1519,junction,5,67.0,91.8,113.0,268.0,367.2,452.0,268.0,4,1,5210;6604;6605;6607,junction
1520,junction,6,67.0,111.16666666666667,113.83333333333333,268.0,444.6666666666667,455.3333333333333,268.0,7,1,5245;5273;5290;6608;6609;6610;6611,junction
1521,junction,7,67.14285714285714,120.71428571428571,161.71428571428572,268.57142857142856,482.85714285714283,646.8571428571429,189.1428571428571,8,1,5312;5667;5679;6224;6612;6613;6614;6615,junction
1522,junction,8,67.25,121.0,143.125,269.0,484.0,572.5,263.5,9,1,5249;5297;5310;5360;6616;6617;6618;6619;6620,junction
1523,junction,7,67.14285714285714,131.0,93.85714285714286,268.57142857142856,524.0,375.42857142857144,268.57142857142856,10,1,5341;5346;5394;5673;6273;6621;6622;6623;6624;6625,junction
1524,junction,10,67.1,140.2,162.8,268.4,560.8,651.2,184.79999999999995,10,1,5368;5374;5408;5683;6323;6626;6628;6629;6630;6631,junction
1525,junction,5,67.0,140.8,123.0,268.0,563.2,492.0,248.79999999999995,4,1,5684;6632;6633;6634,junction
1526,junction,7,67.0,150.85714285714286,133.85714285714286,268.0,603.4285714285714,535.4285714285714,208.57142857142856,7,1,5406;5434;5465;6635;6636;6637;6638,junction
1527,junction,4,67.0,150.25,191.25,268.0,601.0,765.0,71.0,4,1,5462;6454;6639;6640,junction
1528,junction,3,67.66666666666667,13.333333333333334,131.66666666666666,270.6666666666667,53.333333333333336,526.6666666666666,53.333333333333336,4,1,5549;5826;6641;6642,junction
1529,junction,3,73.33333333333333,12.333333333333334,145.33333333333334,293.3333333333333,49.333333333333336,581.3333333333334,49.333333333333336,2,1,5804;6644,degree_two
1530,junction,10,75.8,14.4,64.0,303.2,57.6,256.0,57.6,8,1,5787;5792;5849;6645;6646;6647;6648;6649,junction
1531,junction,7,76.0,14.428571428571429,103.42857142857143,304.0,57.714285714285715,413.7142857142857,57.714285714285715,6,1,5776;5798;5820;6650;6651;6654,junction
1532,junction,13,75.92307692307692,22.846153846153847,54.30769230769231,303.6923076923077,91.38461538461539,217.23076923076923,91.38461538461539,10,1,5788;5844;5851;6645;6655;6656;6657;6658;6659;6660,junction
1533,junction,15,75.8,33.2,25.2,303.2,132.8,100.8,100.8,11,1,5834;5866;5897;5912;6661;6662;6663;6664;6665;6666;6667,junction
1534,junction,9,76.11111111111111,52.77777777777778,25.444444444444443,304.44444444444446,211.11111111111111,101.77777777777777,101.77777777777777,12,1,5914;5955;5961;6006;6668;6669;6670;6671;6672;6673;6674;6675,junction
1535,junction,11,75.63636363636364,62.45454545454545,34.63636363636363,302.54545454545456,249.8181818181818,138.54545454545453,138.54545454545453,12,1,5962;6008;6014;6036;6673;6676;6677;6678;6679;6680;6681;6682,junction
1536,junction,16,75.875,72.0625,45.125,303.5,288.25,180.5,180.5,12,1,6015;6038;6043;6089;6680;6683;6684;6685;6686;6687;6688;6689,junction
1537,junction,9,75.88888888888889,72.11111111111111,103.44444444444444,303.55555555555554,288.44444444444446,413.77777777777777,288.44444444444446,9,1,6049;6052;6690;6690;6691;6692;6693;6694;6695,junction
1538,junction,15,75.93333333333334,82.0,54.86666666666667,303.73333333333335,328.0,219.46666666666667,219.46666666666667,12,1,6044;6087;6094;6138;6684;6697;6698;6699;6700;6701;6702;6703,junction
1539,junction,16,75.875,131.25,25.875,303.5,525.0,103.5,103.5,12,1,6254;6309;6313;6334;6704;6705;6706;6707;6708;6709;6710;6711,junction
1540,junction,12,75.66666666666667,131.41666666666666,45.25,302.6666666666667,525.6666666666666,181.0,181.0,12,1,6260;6288;6314;6341;6712;6713;6714;6715;6716;6717;6718;6719,junction
1541,junction,8,76.5,151.25,123.0,306.0,605.0,492.0,207.0,7,1,6397;6446;6636;6721;6722;6723;6724,junction
1542,junction,7,75.42857142857143,161.28571428571428,17.142857142857142,301.7142857142857,645.1428571428571,68.57142857142857,68.57142857142857,8,1,6404;6419;6473;6725;6726;6727;6728;6729,junction
1543,junction,7,75.57142857142857,180.71428571428572,16.857142857142858,302.2857142857143,722.8571428571429,67.42857142857143,67.42857142857143,7,1,6475;6544;6730;6731;6732;6733;6734,junction
1544,junction,6,76.16666666666667,13.333333333333334,142.33333333333334,304.6666666666667,53.333333333333336,569.3333333333334,53.333333333333336,8,1,6579;6644;6735;6736;6737;6738;6739;6740,junction
1545,junction,5,75.6,13.4,181.8,302.4,53.6,727.2,53.6,6,1,5809;5812;6574;6741;6742;6743,junction
1546,junction,8,75.875,14.5,24.875,303.5,58.0,99.5,58.0,8,1,5781;5832;6576;6744;6745;6746;6747;6748,junction
1547,junction,9,75.88888888888889,14.444444444444445,44.666666666666664,303.55555555555554,57.77777777777778,178.66666666666666,57.77777777777778,8,1,5782;5786;6655;6749;6750;6751;6752;6753,junction
1548,junction,6,76.66666666666667,13.5,162.16666666666666,306.6666666666667,54.0,648.6666666666666,54.0,6,1,5803;5837;6754;6755;6756;6757,junction
1549,junction,9,76.44444444444444,22.11111111111111,190.11111111111111,305.77777777777777,88.44444444444444,760.4444444444445,75.55555555555554,7,1,5810;6575;6585;6741;6758;6759;6760,junction
1550,junction,10,75.7,22.8,93.1,302.8,91.2,372.4,91.2,10,1,5799;5817;5823;6761;6762;6763;6765;6766;6767;6768,junction
1551,junction,13,76.0,23.0,113.0,304.0,92.0,452.0,92.0,11,1,5777;5821;5891;6651;6770;6771;6772;6773;6774;6775;6776,junction
1552,junction,8,76.0,22.25,132.0,304.0,89.0,528.0,89.0,10,1,5829;6581;6642;6738;6777;6778;6779;6780;6781;6782,junction
1553,junction,6,76.33333333333333,22.166666666666668,171.0,305.3333333333333,88.66666666666667,684.0,88.66666666666667,6,1,5813;5839;6754;6783;6784;6785,junction
1554,junction,7,76.0,24.0,16.285714285714285,304.0,96.0,65.14285714285714,65.14285714285714,7,1,5835;6577;6661;6744;6786;6787;6788,junction
1555,junction,11,76.18181818181819,23.272727272727273,35.36363636363637,304.72727272727275,93.0909090909091,141.45454545454547,93.0909090909091,10,1,5783;5833;5845;5865;6745;6750;6789;6791;6792;6793,junction
1556,junction,8,75.875,23.75,74.375,303.5,95.0,297.5,95.0,10,1,5794;5816;5850;5879;6646;6794;6795;6796;6797;6798,junction
1557,junction,8,76.625,22.625,152.0,306.5,90.5,608.0,90.5,9,1,5805;5838;5853;6582;6799;6800;6801;6802;6803,junction
1558,junction,9,76.55555555555556,32.55555555555556,162.0,306.22222222222223,130.22222222222223,648.0,130.22222222222223,8,1,5840;5856;5859;5907;6804;6805;6806;6807,junction
1559,junction,9,76.0,31.88888888888889,181.0,304.0,127.55555555555556,724.0,112.0,7,1,5814;5940;6586;6783;6809;6810;6812,junction
1560,junction,14,76.0,33.0,64.14285714285714,304.0,132.0,256.57142857142856,132.0,12,1,5852;5873;5877;5922;6657;6795;6813;6814;6815;6816;6817;6818,junction
1561,junction,12,75.91666666666667,32.916666666666664,83.66666666666667,303.6666666666667,131.66666666666666,334.6666666666667,131.66666666666666,12,1,5818;5878;5886;5926;6762;6796;6819;6820;6821;6822;6823;6824,junction
1562,junction,14,75.92857142857143,33.0,103.14285714285714,303.7142857142857,132.0,412.57142857142856,132.0,11,1,5822;5885;5893;5932;6766;6771;6825;6826;6828;6829;6830,junction
1563,junction,13,76.23076923076923,32.76923076923077,122.84615384615384,304.9230769230769,131.07692307692307,491.38461538461536,131.07692307692307,11,1,5828;5890;5935;6772;6832;6833;6834;6835;6836;6837;6838,junction
1564,junction,14,76.07142857142857,33.214285714285715,44.857142857142854,304.2857142857143,132.85714285714286,179.42857142857142,132.85714285714286,9,1,5867;5871;5919;6656;6789;6839;6840;6842;6843,junction
1565,junction,9,76.55555555555556,33.111111111111114,141.77777777777777,306.22222222222223,132.44444444444446,567.1111111111111,132.44444444444446,9,1,5855;5902;6583;6799;6845;6846;6847;6848;6849,junction
1566,junction,12,76.16666666666667,42.75,93.83333333333333,304.6666666666667,171.0,375.3333333333333,171.0,11,1,5887;5929;5934;5973;6822;6825;6850;6851;6852;6853;6854,junction
1567,junction,9,76.55555555555556,42.0,152.0,306.22222222222223,168.0,608.0,168.0,8,1,5857;5903;5908;5951;6856;6857;6858;6859,junction
1568,junction,12,76.0,42.916666666666664,34.916666666666664,304.0,171.66666666666666,139.66666666666666,139.66666666666666,11,1,5868;5911;5958;6663;6670;6839;6860;6861;6862;6863;6864,junction
1569,junction,12,75.91666666666667,43.166666666666664,54.833333333333336,303.6666666666667,172.66666666666666,219.33333333333334,172.66666666666666,12,1,5763;5874;5917;5924;6813;6840;6865;6866;6867;6868;6869;6870,junction
1570,junction,13,76.0,43.0,74.0,304.0,172.0,296.0,172.0,10,1,5880;5927;5963;6814;6819;6872;6873;6874;6876;6877,junction
1571,junction,10,76.5,42.8,112.8,306.0,171.2,451.2,171.2,12,1,5892;5933;5937;5977;6826;6833;6878;6879;6880;6881;6882;6883,junction
1572,junction,8,76.125,43.125,16.5,304.5,172.5,66.0,66.0,7,1,5915;5953;6664;6669;6884;6885;6886,junction
1573,junction,7,76.0,42.714285714285715,132.85714285714286,304.0,170.85714285714286,531.4285714285714,170.85714285714286,10,1,5900;5936;5945;6834;6847;6887;6888;6889;6890;6891,junction
1574,junction,2,75.5,42.5,171.5,302.0,170.0,686.0,150.0,4,1,5909;6590;6892;6893,junction
1575,junction,8,76.75,51.375,181.625,307.0,205.5,726.5,109.5,7,1,5942;5970;5981;6894;6895;6896;6897,junction
1576,junction,10,76.2,52.4,123.1,304.8,209.6,492.4,209.6,9,1,5943;5978;6002;6880;6899;6900;6901;6902;6903,junction
1577,junction,10,76.8,52.3,142.6,307.2,209.2,570.4,209.2,10,1,5904;5946;5950;6021;6888;6904;6905;6906;6907;6908,junction
1578,junction,12,76.0,52.833333333333336,44.833333333333336,304.0,211.33333333333334,179.33333333333334,179.33333333333334,12,1,5764;5918;5959;6010;6676;6865;6909;6910;6911;6912;6913;6914,junction
1579,junction,10,76.2,52.6,64.2,304.8,210.4,256.8,210.4,12,1,5766;5923;5967;6019;6866;6872;6915;6916;6917;6918;6919;6920,junction
1580,junction,13,76.23076923076923,53.0,84.07692307692308,304.9230769230769,212.0,336.3076923076923,212.0,12,1,5930;5964;5974;5988;6873;6921;6922;6923;6924;6925;6926;6927,junction
1581,junction,8,75.75,52.625,103.5,303.0,210.5,414.0,210.5,10,1,5972;5979;5995;6850;6879;6928;6929;6930;6931;6932,junction
1582,junction,10,76.1,62.3,73.8,304.4,249.2,295.2,249.2,11,1,5966;5990;6018;6066;6915;6924;6933;6934;6935;6936;6937,junction
1583,junction,14,76.35714285714286,62.285714285714285,113.0,305.42857142857144,249.14285714285714,452.0,249.14285714285714,11,1,5980;5996;6003;6051;6692;6929;6938;6940;6941;6942;6943,junction
1584,junction,10,76.1,61.9,132.6,304.4,247.6,530.4,247.6,11,1,5947;6001;6022;6057;6899;6944;6945;6946;6947;6948;6949,junction
1585,junction,9,77.0,61.77777777777778,151.66666666666666,308.0,247.11111111111111,606.6666666666666,229.33333333333337,9,1,5949;6023;6027;6069;6905;6950;6951;6952;6953,junction
1586,junction,5,76.4,61.4,189.8,305.6,245.6,759.2,76.79999999999995,6,1,5971;5985;6594;6954;6955;6956,junction
1587,junction,9,76.11111111111111,62.666666666666664,16.444444444444443,304.44444444444446,250.66666666666666,65.77777777777777,65.77777777777777,6,1,5956;6007;6668;6957;6959;6960,junction
1588,junction,10,76.0,62.7,55.1,304.0,250.8,220.4,220.4,12,1,5767;6013;6020;6040;6683;6910;6918;6961;6962;6963;6964;6965,junction
1589,junction,10,75.9,62.6,93.6,303.6,250.4,374.4,250.4,10,1,5989;5997;6048;6693;6922;6928;6966;6967;6968;6969,junction
1590,junction,6,76.66666666666667,62.0,171.66666666666666,306.6666666666667,248.0,686.6666666666666,149.33333333333337,6,1,5984;6025;6030;6970;6971;6972,junction
1591,junction,7,76.42857142857143,70.85714285714286,182.0,305.7142857142857,283.42857142857144,728.0,108.0,9,1,5986;6032;6595;6596;6973;6974;6975;6976;6977,junction
1592,junction,15,76.13333333333334,72.26666666666667,83.8,304.53333333333336,289.06666666666666,335.2,289.06666666666666,9,1,5991;6046;6065;6097;6980;6981;6982;6983;6984,junction
1593,junction,12,76.33333333333333,71.83333333333333,122.91666666666667,305.3333333333333,287.3333333333333,491.6666666666667,287.3333333333333,9,1,6000;6050;6056;6105;6987;6988;6989;6990;6991,junction
1594,junction,4,76.5,72.0,142.5,306.0,288.0,570.0,266.0,5,1,6055;6070;6993;6994;6995,junction
1595,junction,11,75.9090909090909,72.63636363636364,25.727272727272727,303.6363636363636,290.54545454545456,102.9090909090909,102.9090909090909,11,1,6009;6037;6060;6080;6677;6957;6996;6997;6998;6999;7000,junction
1596,junction,10,75.9,72.7,64.5,303.6,290.8,258.0,258.0,8,1,6041;6068;6697;6933;6961;7001;7003;7004,junction
1597,junction,11,76.63636363636364,72.18181818181819,161.9090909090909,306.54545454545456,288.72727272727275,647.6363636363636,188.36363636363637,9,1,6028;6031;6071;6076;7005;7006;7008;7009;7010,junction
1598,junction,10,76.5,81.0,172.0,306.0,324.0,688.0,148.0,8,1,6074;6119;6597;7011;7012;7013;7014;7015,junction
1599,junction,8,76.0,82.25,16.75,304.0,329.0,67.0,67.0,7,1,6061;6123;6996;7016;7017;7018;7019,junction
1600,junction,10,76.1,82.2,35.4,304.4,328.8,141.6,141.6,10,1,6082;6086;6685;6997;7020;7021;7022;7023;7024;7025,junction
1601,junction,16,76.1875,82.125,74.125,304.75,328.5,296.5,296.5,12,1,6067;6091;6098;6142;7001;7026;7027;7028;7029;7030;7031;7032,junction
1602,junction,10,75.9,82.0,94.0,303.6,328.0,376.0,303.6,10,1,6047;6096;6147;6691;6980;7034;7035;7036;7037;7038,junction
1603,junction,9,76.44444444444444,81.88888888888889,113.0,305.77777777777777,327.55555555555554,452.0,305.77777777777777,8,1,6053;6103;6108;6694;7039;7040;7042;7043,junction
1604,junction,11,75.72727272727273,81.81818181818181,132.36363636363637,302.90909090909093,327.27272727272725,529.4545454545455,302.90909090909093,10,1,6058;6109;6157;6601;7044;7045;7046;7047;7048;7049,junction
1605,junction,3,76.0,80.0,190.0,304.0,320.0,760.0,76.0,6,1,6154;6593;6598;6976;7050;7051,junction
1606,junction,11,76.54545454545455,82.0909090909091,152.0909090909091,306.1818181818182,328.3636363636364,608.3636363636364,227.63636363636363,10,1,6072;6077;6111;6602;7006;7053;7054;7055;7056;7057,junction
1607,junction,9,76.66666666666667,91.0,162.0,306.6666666666667,364.0,648.0,188.0,8,1,6075;6112;6120;6170;7059;7060;7061;7062,junction
1608,junction,4,76.5,91.0,181.5,306.0,364.0,726.0,110.0,7,1,6121;6155;6599;7063;7064;7065;7066,junction
1609,junction,13,76.0,92.0,45.0,304.0,368.0,180.0,180.0,12,1,6088;6129;6135;6179;6698;7022;7067;7068;7069;7070;7071;7072,junction
1610,junction,13,76.0,92.23076923076923,64.84615384615384,304.0,368.9230769230769,259.38461538461536,259.38461538461536,11,1,6093;6136;6141;6189;6699;7028;7073;7074;7075;7076;7077,junction
1611,junction,14,76.07142857142857,91.92857142857143,84.21428571428571,304.2857142857143,367.7142857142857,336.85714285714283,304.2857142857143,11,1,6099;6143;6148;6193;7027;7034;7078;7079;7080;7081;7082,junction
1612,junction,10,75.8,92.1,103.6,303.2,368.4,414.4,303.2,9,1,6104;6149;6202;6607;7084;7085;7086;7087;7088,junction
1613,junction,13,76.61538461538461,92.15384615384616,122.84615384615384,306.46153846153845,368.61538461538464,491.38461538461536,306.46153846153845,11,1,6107;6160;6207;6605;7039;7045;7090;7091;7092;7093;7094,junction
1614,junction,9,76.0,92.44444444444444,26.22222222222222,304.0,369.77777777777777,104.88888888888889,104.88888888888889,10,1,6128;6174;7016;7021;7095;7096;7097;7098;7099;7100,junction
1615,junction,10,76.0,91.5,143.1,304.0,366.0,572.4,263.6,9,1,6113;6159;6164;7047;7054;7102;7103;7104;7105,junction
1616,junction,10,76.4,101.5,133.0,305.6,406.0,532.0,304.0,9,1,6161;6165;6209;6218;7090;7106;7107;7108;7109,junction
1617,junction,13,76.3076923076923,101.0,152.15384615384616,305.2307692307692,404.0,608.6153846153846,227.38461538461536,11,1,6115;6166;6171;6222;7102;7111;7112;7113;7114;7115;7116,junction
1618,junction,5,75.8,101.6,16.4,303.2,406.4,65.6,65.6,8,1,6125;6175;6237;7095;7117;7118;7119;7120,junction
1619,junction,12,75.83333333333333,102.0,35.75,303.3333333333333,408.0,143.0,143.0,12,1,5771;6131;6176;6183;7067;7096;7121;7122;7123;7124;7125;7126,junction
1620,junction,13,76.0,102.0,55.0,304.0,408.0,220.0,220.0,12,1,6137;6186;6230;7068;7073;7127;7128;7129;7130;7131;7132;7133,junction
1621,junction,8,75.875,101.75,74.5,303.5,407.0,298.0,298.0,9,1,6144;6190;6195;6240;7074;7134;7135;7136;7137,junction
1622,junction,11,76.27272727272727,101.9090909090909,93.81818181818181,305.09090909090907,407.6363636363636,375.27272727272725,305.09090909090907,11,1,6150;6192;6212;7078;7084;7138;7139;7140;7141;7142;7143,junction
1623,junction,4,76.5,100.5,190.0,306.0,402.0,760.0,76.0,6,1,6156;6199;7144;7145;7146;7147,junction
1624,junction,11,76.45454545454545,102.18181818181819,113.54545454545455,305.8181818181818,408.72727272727275,454.1818181818182,305.8181818181818,10,1,6205;6208;6610;7086;7148;7150;7151;7152;7153;7154,junction
1625,junction,11,76.63636363636364,110.63636363636364,182.0909090909091,306.54545454545456,442.54545454545456,728.3636363636364,107.63636363636363,9,1,6200;6227;6248;6278;7155;7156;7158;7159;7160,junction
1626,junction,13,76.23076923076923,111.3076923076923,123.0,304.9230769230769,445.2307692307692,492.0,304.9230769230769,12,1,6210;6219;6265;6611;7150;7161;7162;7163;7164;7165;7166;7167,junction
1627,junction,11,76.45454545454545,110.9090909090909,143.0,305.8181818181818,443.6363636363636,572.0,264.0,10,1,6167;6220;6221;6617;7112;7168;7169;7170;7171;7172,junction
1628,junction,7,76.42857142857143,111.0,161.71428571428572,305.7142857142857,444.0,646.8571428571429,189.1428571428571,9,1,6169;6223;6247;6612;7174;7175;7176;7177;7178,junction
1629,junction,11,76.0,111.72727272727273,25.90909090909091,304.0,446.90909090909093,103.63636363636364,103.63636363636364,11,1,5773;6177;6238;6251;7117;7121;7179;7180;7181;7182;7183,junction
1630,junction,13,75.76923076923077,112.15384615384616,45.46153846153846,303.0769230769231,448.61538461538464,181.84615384615384,181.84615384615384,12,1,5772;6182;6231;6257;7122;7128;7184;7185;7186;7187;7188;7189,junction
1631,junction,16,76.125,111.875,64.375,304.5,447.5,257.5,257.5,11,1,6188;6234;6241;6266;7129;7191;7192;7193;7194;7195;7196,junction
1632,junction,12,76.33333333333333,111.91666666666667,83.83333333333333,305.3333333333333,447.6666666666667,335.3333333333333,305.3333333333333,11,1,6194;6215;6243;6271;7138;7197;7198;7199;7200;7201;7202,junction
1633,junction,7,75.71428571428571,112.0,104.0,302.85714285714283,448.0,416.0,302.85714285714283,7,1,6213;6283;6609;7139;7204;7206;7207,junction
1634,junction,10,76.6,120.2,190.6,306.4,480.8,762.4,73.60000000000002,7,1,6228;6279;6305;7209;7210;7211;7212,junction
1635,junction,10,76.3,121.0,93.9,305.2,484.0,375.6,305.2,10,1,6216;6275;6284;6623;7213;7214;7215;7216;7217;7218,junction
1636,junction,14,76.5,121.21428571428571,113.57142857142857,306.0,484.85714285714283,454.2857142857143,306.0,11,1,6264;6285;6299;7163;7206;7219;7220;7221;7222;7223;7225,junction
1637,junction,8,76.75,120.75,133.125,307.0,483.0,532.5,303.5,10,1,6217;6261;6316;6618;7168;7226;7227;7228;7229;7230,junction
1638,junction,9,76.33333333333333,121.11111111111111,152.33333333333334,305.3333333333333,484.44444444444446,609.3333333333334,226.66666666666663,7,1,6225;6613;6619;7231;7232;7233;7234,junction
1639,junction,7,76.0,121.0,16.857142857142858,304.0,484.0,67.42857142857143,67.42857142857143,7,1,6235;6252;6307;6704;7236;7237;7238,junction
1640,junction,8,75.875,122.125,36.0,303.5,488.5,144.0,144.0,11,1,5774;6253;6258;6315;6705;6713;7179;7184;7239;7240;7241,junction
1641,junction,12,76.33333333333333,121.5,54.666666666666664,305.3333333333333,486.0,218.66666666666666,218.66666666666666,12,1,6233;6259;6267;6290;6712;7185;7191;7242;7243;7244;7245;7246,junction
1642,junction,11,76.54545454545455,121.0909090909091,171.9090909090909,306.1818181818182,484.3636363636364,687.6363636363636,148.36363636363637,9,1,6249;6280;6325;6614;7247;7248;7249;7250;7251,junction
1643,junction,9,76.0,121.55555555555556,74.66666666666667,304.0,486.22222222222223,298.6666666666667,298.6666666666667,9,1,6269;6274;7192;7198;7252;7253;7254;7255;7256,junction
1644,junction,9,76.88888888888889,129.88888888888889,181.88888888888889,307.55555555555554,519.5555555555555,727.5555555555555,108.44444444444446,9,1,6281;6304;6328;6329;7209;7257;7258;7259;7260,junction
1645,junction,16,76.125,131.1875,64.875,304.5,524.75,259.5,259.5,12,1,6270;6289;6294;6348;7242;7252;7261;7262;7263;7264;7265;7266,junction
1646,junction,17,76.11764705882354,131.23529411764707,84.11764705882354,304.47058823529414,524.9411764705883,336.47058823529414,287.0588235294117,11,1,6276;6353;6624;7213;7253;7268;7269;7270;7271;7272;7273,junction
1647,junction,14,76.14285714285714,131.21428571428572,104.07142857142857,304.57142857142856,524.8571428571429,416.2857142857143,287.1428571428571,11,1,6286;6300;6358;6625;7220;7274;7275;7276;7277;7278;7279,junction
1648,junction,10,76.6,131.1,123.4,306.4,524.4,493.6,287.6,11,1,6263;6301;6317;6633;7221;7280;7281;7282;7283;7284;7285,junction
1649,junction,14,76.78571428571429,131.21428571428572,143.21428571428572,307.14285714285717,524.8571428571429,572.8571428571429,263.1428571428571,12,1,6318;6320;6361;6620;7226;7231;7286;7287;7288;7289;7290;7291,junction
1650,junction,8,76.0,130.75,162.875,304.0,523.0,651.5,184.5,9,1,6321;6326;6615;6628;7249;7292;7293;7294;7295,junction
1651,junction,8,76.375,140.5,190.5,305.5,562.0,762.0,74.0,5,1,6639;7298;7299;7300;7301,junction
1652,junction,8,76.0,141.25,16.75,304.0,565.0,67.0,67.0,7,1,6310;6335;6401;6706;7302;7303;7304,junction
1653,junction,10,76.2,140.8,74.3,304.8,563.2,297.2,248.79999999999995,11,1,6295;6350;6354;6388;7262;7269;7306;7307;7309;7310;7311,junction
1654,junction,10,75.9,141.0,94.0,303.6,564.0,376.0,248.0,11,1,6359;6391;6622;7268;7274;7312;7313;7314;7315;7316;7317,junction
1655,junction,9,76.11111111111111,141.0,114.0,304.44444444444446,564.0,456.0,248.0,9,1,6302;6399;7275;7280;7319;7321;7322;7323;7324,junction
1656,junction,8,76.5,140.75,132.75,306.0,563.0,531.0,249.0,11,1,6319;6363;6632;6635;7281;7287;7325;7326;7327;7328;7329,junction
1657,junction,9,76.55555555555556,141.0,172.0,306.22222222222223,564.0,688.0,148.0,8,1,6324;6331;6367;6630;7330;7331;7332;7333,junction
1658,junction,7,75.85714285714286,141.14285714285714,35.285714285714285,303.42857142857144,564.5714285714286,141.14285714285714,141.14285714285714,8,1,6336;6342;6374;6707;6714;7334;7335;7336,junction
1659,junction,12,76.08333333333333,141.33333333333334,54.916666666666664,304.3333333333333,565.3333333333334,219.66666666666666,219.66666666666666,10,1,6340;6347;6383;6715;7337;7338;7339;7340;7341;7342,junction
1660,junction,12,76.33333333333333,141.16666666666666,152.58333333333334,305.3333333333333,564.6666666666666,610.3333333333334,225.66666666666663,10,1,6362;6406;6629;7288;7343;7344;7345;7346;7347;7348,junction
1661,junction,11,76.18181818181819,150.1818181818182,162.27272727272728,304.72727272727275,600.7272727272727,649.0909090909091,186.90909090909088,11,1,6368;6408;6411;6631;7346;7349;7350;7351;7352;7353;7354,junction
1662,junction,10,76.4,149.9,182.5,305.6,599.6,730.0,106.0,10,1,6330;6369;6456;6640;7298;7355;7356;7357;7358;7359,junction
1663,junction,13,76.0,151.0,26.0,304.0,604.0,104.0,104.0,12,1,6337;6375;6403;6418;6725;7302;7335;7360;7361;7362;7363;7364,junction
1664,junction,15,76.0,151.13333333333333,45.2,304.0,604.5333333333333,180.8,180.8,12,1,6343;6376;6380;6427;7334;7338;7365;7366;7367;7368;7369;7370,junction
1665,junction,13,76.0,151.0,65.0,304.0,604.0,260.0,208.0,12,1,6349;6381;6432;7309;7337;7371;7372;7373;7374;7375;7376;7377,junction
1666,junction,11,75.9090909090909,151.0909090909091,84.9090909090909,303.6363636363636,604.3636363636364,339.6363636363636,207.63636363636363,11,1,6355;6386;6393;7306;7378;7380;7381;7382;7383;7384;7385,junction
1667,junction,10,76.5,150.9,103.8,306.0,603.6,415.2,208.39999999999998,12,1,6360;6392;6400;6443;7313;7319;7386;7387;7388;7389;7390;7391,junction
1668,junction,9,76.44444444444444,151.11111111111111,143.0,305.77777777777777,604.4444444444445,572.0,207.55555555555554,10,1,6364;6407;6451;6637;7343;7392;7393;7394;7395;7396,junction
1669,junction,8,75.875,160.0,153.0,303.5,640.0,612.0,172.0,9,1,6405;6412;6453;6468;7353;7398;7399;7400;7401,junction
1670,junction,8,76.5,160.0,172.375,306.0,640.0,689.5,146.5,9,1,6371;6413;6457;6506;7402;7404;7405;7406;7407,junction
1671,junction,13,76.0,161.07692307692307,35.92307692307692,304.0,644.3076923076923,143.69230769230768,143.69230769230768,12,1,6377;6420;6428;6479;7360;7366;7408;7409;7410;7411;7412;7413,junction
1672,junction,11,75.9090909090909,160.9090909090909,55.09090909090909,303.6363636363636,643.6363636363636,220.36363636363637,168.36363636363637,12,1,6382;6425;6434;6484;7365;7372;7414;7415;7416;7417;7418;7419,junction
1673,junction,11,76.27272727272727,161.0,75.18181818181819,305.09090909090907,644.0,300.72727272727275,168.0,12,1,6387;6433;6437;6490;7373;7380;7420;7421;7422;7423;7424;7425,junction
1674,junction,13,75.76923076923077,161.15384615384616,94.46153846153847,303.0769230769231,644.6153846153846,377.84615384615387,167.38461538461536,10,1,6394;6438;6444;6496;7387;7427;7429;7430;7431;7432,junction
1675,junction,8,76.125,161.25,113.875,304.5,645.0,455.5,167.0,12,1,6398;6441;6447;6499;7388;7433;7434;7435;7436;7437;7438;7439,junction
1676,junction,7,75.85714285714286,161.14285714285714,133.42857142857142,303.42857142857144,644.5714285714286,533.7142857142857,167.42857142857144,9,1,6449;6452;6463;7394;7440;7441;7442;7443;7444,junction
1677,junction,11,76.18181818181819,170.72727272727272,123.72727272727273,304.72727272727275,682.9090909090909,494.90909090909093,129.09090909090912,10,1,6464;6502;6523;7434;7440;7447;7448;7449;7450;7451,junction
1678,junction,13,76.3076923076923,170.30769230769232,142.84615384615384,305.2307692307692,681.2307692307693,571.3846153846154,130.76923076923072,11,1,6450;6465;6469;6529;7443;7452;7453;7454;7455;7456;7457,junction
1679,junction,9,76.22222222222223,169.88888888888889,163.11111111111111,304.8888888888889,679.5555555555555,652.4444444444445,132.44444444444446,9,1,6414;6470;6536;7402;7459;7460;7461;7462;7463,junction
1680,junction,8,76.25,170.0,182.25,305.0,680.0,729.0,107.0,9,1,6459;6509;6513;6569;7464;7465;7466;7467;7468,junction
1681,junction,13,76.0,171.0,26.0,304.0,684.0,104.0,104.0,11,1,6421;6474;6543;6727;6732;7408;7470;7471;7472;7473;7474,junction
1682,junction,7,76.0,170.57142857142858,45.42857142857143,304.0,682.2857142857143,181.71428571428572,129.71428571428567,10,1,6429;6481;6487;6550;7409;7475;7476;7477;7478;7479,junction
1683,junction,11,76.27272727272727,171.1818181818182,64.9090909090909,305.09090909090907,684.7272727272727,259.6363636363636,127.27272727272725,10,1,6435;6485;6555;7414;7422;7480;7481;7482;7483;7485,junction
1684,junction,10,75.8,170.7,84.5,303.2,682.8,338.0,129.20000000000005,11,1,6439;6493;6498;6563;7420;7427;7486;7487;7488;7489;7490,junction
1685,junction,12,75.91666666666667,171.08333333333334,104.33333333333333,303.6666666666667,684.3333333333334,417.3333333333333,127.66666666666663,10,1,6445;6495;6501;6517;7433;7491;7492;7494;7495;7496,junction
1686,junction,12,76.16666666666667,180.5,114.0,304.6666666666667,722.0,456.0,90.0,10,1,6503;6520;6524;7497;7498;7499;7500;7501;7502;7503,junction
1687,junction,11,76.36363636363636,180.0909090909091,133.72727272727272,305.45454545454544,720.3636363636364,534.9090909090909,91.63636363636363,11,1,6466;6526;6530;7447;7453;7504;7505;7506;7507;7508;7509,junction
1688,junction,13,76.15384615384616,179.84615384615384,153.23076923076923,304.61538461538464,719.3846153846154,612.9230769230769,92.61538461538464,11,1,6467;6531;6537;7452;7459;7511;7512;7513;7514;7515;7516,junction
1689,junction,6,75.66666666666667,180.0,172.0,302.6666666666667,720.0,688.0,92.0,6,1,6538;7517;7518;7519;7520;7521,junction
1690,junction,12,76.25,181.08333333333334,36.083333333333336,305.0,724.3333333333334,144.33333333333334,87.66666666666663,11,1,6482;6552;7470;7522;7523;7524;7525;7526;7527;7528;7529,junction
1691,junction,10,75.8,180.9,55.5,303.2,723.6,222.0,88.39999999999998,12,1,6486;6551;6559;7477;7481;7530;7531;7532;7533;7534;7535;7536,junction
1692,junction,10,75.9,180.9,74.6,303.6,723.6,298.4,88.39999999999998,11,1,6492;6558;6564;7483;7537;7538;7539;7540;7541;7542;7543,junction
1693,junction,10,75.9,180.7,94.6,303.6,722.8,378.4,89.20000000000005,10,1,6519;6565;7486;7492;7544;7545;7546;7547;7548;7549,junction
1694,junction,6,76.5,13.833333333333334,123.16666666666667,306.0,55.333333333333336,492.6666666666667,55.333333333333336,6,1,6641;6770;6778;7550;7551;7552,junction
1695,junction,4,76.5,14.5,83.5,306.0,58.0,334.0,58.0,6,1,5793;5797;6763;6794;7553;7554,junction
1696,junction,3,77.0,41.666666666666664,190.0,308.0,166.66666666666666,760.0,76.0,6,1,5941;5969;6809;7555;7556;7557,junction
1697,junction,7,77.14285714285714,52.142857142857146,162.0,308.57142857142856,208.57142857142858,648.0,188.0,8,1,5906;5952;6026;6591;7559;7560;7561;7562,junction
1698,junction,7,76.85714285714286,101.14285714285714,172.71428571428572,307.42857142857144,404.57142857142856,690.8571428571429,145.1428571428571,11,1,6118;6172;6198;6246;7063;7155;7563;7564;7565;7566;7567,junction
1699,junction,5,77.0,160.0,191.0,308.0,640.0,764.0,72.0,5,1,6458;6511;7464;7569;7570,junction
1700,junction,2,76.5,179.5,191.0,306.0,718.0,764.0,72.0,4,1,6572;7572;7573;7574,junction
1701,junction,9,85.66666666666667,14.333333333333334,53.888888888888886,342.6666666666667,57.333333333333336,215.55555555555554,57.333333333333336,7,1,6647;6660;6752;7575;7576;7577;7578,junction
1702,junction,6,86.16666666666667,14.5,73.33333333333333,344.6666666666667,58.0,293.3333333333333,58.0,6,1,6648;7553;7580;7581;7582;7583,junction
1703,junction,5,85.4,15.0,35.0,341.6,60.0,140.0,60.0,4,1,6751;7585;7586;7587,junction
1704,junction,11,86.0,22.818181818181817,44.45454545454545,344.0,91.27272727272727,177.8181818181818,91.27272727272727,9,1,6658;6753;6792;7576;7589;7590;7591;7592;7593,junction
1705,junction,13,85.76923076923077,22.923076923076923,64.07692307692308,343.0769230769231,91.6923076923077,256.3076923076923,91.6923076923077,9,1,6649;6659;6815;7580;7596;7597;7598;7599;7600,junction
1706,junction,11,85.72727272727273,33.63636363636363,35.0,342.90909090909093,134.54545454545453,140.0,134.54545454545453,9,1,6666;6793;6842;6861;7602;7603;7604;7605;7606,junction
1707,junction,11,85.9090909090909,43.0,45.0,343.6363636363636,172.0,180.0,172.0,10,1,6863;6868;6911;7607;7608;7609;7610;7611;7612;7613,junction
1708,junction,12,85.83333333333333,43.083333333333336,24.916666666666668,343.3333333333333,172.33333333333334,99.66666666666667,99.66666666666667,9,1,6667;6671;6885;7615;7617;7618;7619;7620;7621,junction
1709,junction,11,85.72727272727273,53.0,34.81818181818182,342.90909090909093,212.0,139.27272727272728,139.27272727272728,11,1,6675;6678;6864;6912;7617;7622;7623;7624;7625;7626;7627,junction
1710,junction,6,85.66666666666667,62.5,25.5,342.6666666666667,250.0,102.0,102.0,8,1,6674;6679;6959;7622;7628;7629;7630;7631,junction
1711,junction,11,85.54545454545455,62.72727272727273,64.36363636363636,342.1818181818182,250.9090909090909,257.45454545454544,250.9090909090909,11,1,6919;6934;6964;7633;7634;7635;7636;7637;7638;7639;7640,junction
1712,junction,13,85.76923076923077,71.92307692307692,54.92307692307692,343.0769230769231,287.6923076923077,219.69230769230768,219.69230769230768,11,1,6688;6700;6965;7004;7633;7641;7642;7643;7644;7645;7646,junction
1713,junction,15,85.86666666666666,72.26666666666667,74.2,343.46666666666664,289.06666666666666,296.8,289.06666666666666,10,1,6936;6981;7003;7031;7648;7649;7650;7651;7652;7653,junction
1714,junction,10,85.5,73.1,35.0,342.0,292.4,140.0,140.0,11,1,6682;6687;6999;7023;7654;7655;7656;7657;7658;7659;7660,junction
1715,junction,14,85.64285714285714,82.14285714285714,25.571428571428573,342.57142857142856,328.57142857142856,102.28571428571429,102.28571428571429,12,1,7000;7018;7024;7097;7656;7661;7662;7663;7664;7665;7666;7667,junction
1716,junction,11,85.72727272727273,82.0,44.72727272727273,342.90909090909093,328.0,178.9090909090909,178.9090909090909,9,1,6689;6701;7025;7069;7658;7668;7670;7671;7672,junction
1717,junction,11,85.72727272727273,92.0,74.0,342.90909090909093,368.0,296.0,296.0,11,1,7030;7076;7082;7134;7673;7674;7675;7676;7677;7678;7679,junction
1718,junction,9,85.88888888888889,92.11111111111111,132.55555555555554,343.55555555555554,368.44444444444446,530.2222222222222,305.7777777777778,11,1,7049;7091;7106;7680;7681;7682;7683;7684;7685;7686;7687,junction
1719,junction,7,85.85714285714286,92.0,36.142857142857146,343.42857142857144,368.0,144.57142857142858,144.57142857142858,8,1,7070;7099;7123;7662;7688;7689;7690;7691,junction
1720,junction,11,85.63636363636364,101.9090909090909,45.0,342.54545454545456,407.6363636363636,180.0,180.0,12,1,7072;7125;7131;7186;7689;7692;7693;7694;7695;7696;7697;7698,junction
1721,junction,10,85.9,112.0,94.0,343.6,448.0,376.0,343.6,12,1,7141;7200;7216;7699;7700;7701;7702;7703;7704;7705;7706;7707,junction
1722,junction,15,85.86666666666666,112.0,55.13333333333333,343.46666666666664,448.0,220.53333333333333,220.53333333333333,12,1,7133;7188;7195;7246;7696;7708;7709;7710;7711;7712;7713;7714,junction
1723,junction,10,85.7,121.1,104.1,342.8,484.4,416.4,327.6,10,1,7215;7223;7279;7705;7716;7717;7718;7719;7720;7721,junction
1724,junction,13,85.76923076923077,121.76923076923077,45.0,343.0769230769231,487.0769230769231,180.0,180.0,11,1,6716;7189;7240;7243;7709;7723;7724;7725;7726;7727;7728,junction
1725,junction,9,85.77777777777777,131.0,35.333333333333336,343.1111111111111,524.0,141.33333333333334,141.33333333333334,10,1,6710;6717;7241;7723;7729;7730;7731;7732;7733;7734,junction
1726,junction,15,85.86666666666666,131.33333333333334,54.8,343.46666666666664,525.3333333333334,219.2,219.2,11,1,6718;7245;7263;7339;7726;7735;7736;7737;7738;7739;7740,junction
1727,junction,9,85.77777777777777,131.0,75.0,343.1111111111111,524.0,300.0,288.0,8,1,7264;7273;7742;7743;7744;7745;7746;7747,junction
1728,junction,11,85.36363636363636,141.0909090909091,45.09090909090909,341.45454545454544,564.3636363636364,180.36363636363637,180.36363636363637,11,1,6719;7340;7367;7733;7735;7749;7750;7751;7752;7753;7754,junction
1729,junction,16,85.875,141.125,64.9375,343.5,564.5,259.75,247.5,12,1,7265;7311;7341;7374;7736;7743;7755;7756;7757;7758;7759;7760,junction
1730,junction,16,85.875,141.125,84.125,343.5,564.5,336.5,247.5,11,1,7271;7307;7316;7382;7744;7762;7763;7764;7765;7766;7767,junction
1731,junction,15,85.86666666666666,151.2,35.733333333333334,343.46666666666664,604.8,142.93333333333334,142.93333333333334,12,1,7363;7368;7410;7749;7768;7769;7770;7771;7772;7773;7774;7775,junction
1732,junction,13,85.84615384615384,150.92307692307693,55.07692307692308,343.38461538461536,603.6923076923077,220.30769230769232,208.30769230769226,11,1,7342;7369;7375;7415;7752;7755;7776;7777;7778;7779;7780,junction
1733,junction,6,85.33333333333333,160.33333333333334,104.16666666666667,341.3333333333333,641.3333333333334,416.6666666666667,170.66666666666663,10,1,7391;7431;7438;7781;7782;7783;7784;7785;7786;7787,junction
1734,junction,11,85.63636363636364,160.72727272727272,84.27272727272727,342.54545454545456,642.9090909090909,337.09090909090907,169.09090909090912,9,1,7385;7425;7430;7487;7789;7790;7791;7792;7793,junction
1735,junction,8,85.875,161.125,45.0,343.5,644.5,180.0,167.5,9,1,7412;7418;7475;7771;7794;7795;7796;7797;7798,junction
1736,junction,11,85.9090909090909,170.1818181818182,114.18181818181819,343.6363636363636,680.7272727272727,456.72727272727275,131.27272727272725,12,1,7439;7449;7494;7501;7785;7799;7800;7801;7802;7803;7804;7805,junction
1737,junction,9,85.88888888888889,170.88888888888889,94.44444444444444,343.55555555555554,683.5555555555555,377.77777777777777,128.44444444444446,10,1,7432;7489;7495;7547;7783;7806;7807;7808;7809;7810,junction
1738,junction,12,85.75,170.91666666666666,54.916666666666664,343.0,683.6666666666666,219.66666666666666,128.33333333333337,12,1,7419;7478;7482;7533;7795;7811;7812;7813;7814;7815;7816;7817,junction
1739,junction,14,85.85714285714286,181.0,26.0,343.42857142857144,724.0,104.0,88.0,10,1,6734;7474;7527;7818;7819;7820;7822;7823;7824;7825,junction
1740,junction,12,85.75,180.91666666666666,64.91666666666667,343.0,723.6666666666666,259.6666666666667,88.33333333333337,12,1,7485;7535;7541;7815;7827;7828;7829;7830;7831;7832;7833;7834,junction
1741,junction,4,85.75,13.25,93.75,343.0,53.0,375.0,53.0,3,1,7554;7835;7838,junction
1742,junction,9,86.0,13.444444444444445,113.0,344.0,53.77777777777778,452.0,53.77777777777778,7,1,6773;7840;7841;7842;7843;7844;7845,junction
1743,junction,6,86.16666666666667,13.333333333333334,132.83333333333334,344.6666666666667,53.333333333333336,531.3333333333334,53.333333333333336,7,1,6739;7551;7846;7847;7848;7849;7850,junction
1744,junction,7,86.42857142857143,13.285714285714286,171.42857142857142,345.7142857142857,53.142857142857146,685.7142857142857,53.142857142857146,4,1,6755;7853;7854;7855,junction
1745,junction,2,85.5,14.0,16.0,342.0,56.0,64.0,56.0,4,1,6747;6786;7856;7857,junction
1746,junction,5,86.6,14.0,152.2,346.4,56.0,608.8,56.0,8,1,6737;6756;6801;7858;7859;7860;7861;7862,junction
1747,junction,7,86.85714285714286,21.714285714285715,180.85714285714286,347.42857142857144,86.85714285714286,723.4285714285714,86.85714285714286,7,1,6759;7854;7863;7864;7865;7866;7867,junction
1748,junction,7,86.0,22.428571428571427,103.28571428571429,344.0,89.71428571428571,413.14285714285717,89.71428571428571,7,1,6654;6767;6774;7869;7870;7871;7872,junction
1749,junction,14,86.07142857142857,23.071428571428573,122.85714285714286,344.2857142857143,92.28571428571429,491.42857142857144,92.28571428571429,12,1,6775;6782;6835;7552;7842;7848;7873;7874;7875;7876;7877;7878,junction
1750,junction,9,85.88888888888889,23.11111111111111,141.88888888888889,343.55555555555554,92.44444444444444,567.5555555555555,92.44444444444444,12,1,6740;6779;6803;6846;7846;7858;7879;7880;7881;7882;7883;7884,junction
1751,junction,4,86.25,22.75,162.0,345.0,91.0,648.0,91.0,8,1,6757;6800;6804;7860;7885;7886;7887;7888,junction
1752,junction,7,86.14285714285714,23.285714285714285,24.857142857142858,344.57142857142856,93.14285714285714,99.42857142857143,93.14285714285714,9,1,6665;6748;6787;6791;7889;7890;7891;7892;7893,junction
1753,junction,8,85.75,23.75,84.125,343.0,95.0,336.5,95.0,7,1,6765;6797;6820;7894;7895;7896;7897,junction
1754,junction,11,86.54545454545455,32.27272727272727,171.54545454545453,346.1818181818182,129.0909090909091,686.1818181818181,129.0909090909091,8,1,6785;6806;7887;7899;7900;7901;7902;7904,junction
1755,junction,11,85.9090909090909,33.09090909090909,74.0,343.6363636363636,132.36363636363637,296.0,132.36363636363637,10,1,6798;6817;6821;6874;7894;7905;7906;7907;7908;7909,junction
1756,junction,12,86.08333333333333,32.75,112.91666666666667,344.3333333333333,131.0,451.6666666666667,131.0,11,1,6776;6829;6836;6878;7870;7873;7910;7911;7912;7914;7915,junction
1757,junction,10,85.8,32.6,132.5,343.2,130.4,530.0,130.4,10,1,6781;6837;6848;6891;7874;7879;7916;7917;7918;7919,junction
1758,junction,9,86.55555555555556,33.0,151.88888888888889,346.22222222222223,132.0,607.5555555555555,132.0,9,1,6802;6805;6858;7880;7921;7922;7923;7924;7925,junction
1759,junction,5,86.0,33.0,16.4,344.0,132.0,65.6,65.6,6,1,6788;6884;7615;7889;7926;7927,junction
1760,junction,10,86.1,32.8,54.4,344.4,131.2,217.6,131.2,10,1,6816;6843;6867;7590;7596;7608;7928;7929;7930;7931,junction
1761,junction,13,86.23076923076923,33.0,93.53846153846153,344.9230769230769,132.0,374.15384615384613,132.0,12,1,6768;6823;6828;6851;7896;7932;7933;7934;7935;7936;7937;7938,junction
1762,junction,12,86.25,42.0,142.33333333333334,345.0,168.0,569.3333333333334,168.0,11,1,6849;6856;6906;7921;7939;7940;7941;7942;7943;7944;7945,junction
1763,junction,13,86.38461538461539,42.23076923076923,162.07692307692307,345.53846153846155,168.92307692307693,648.3076923076923,168.92307692307693,11,1,6807;6859;6893;7560;7900;7946;7947;7948;7949;7950;7951,junction
1764,junction,10,86.8,41.5,180.8,347.2,166.0,723.2,112.79999999999995,8,1,6810;6895;7902;7952;7953;7954;7955;7956,junction
1765,junction,11,85.81818181818181,43.0,64.18181818181819,343.27272727272725,172.0,256.72727272727275,172.0,11,1,6818;6869;6916;7905;7928;7957;7958;7959;7960;7961;7962,junction
1766,junction,8,85.875,43.25,83.875,343.5,173.0,335.5,173.0,12,1,6824;6852;6876;6923;7906;7936;7963;7964;7965;7966;7967;7968,junction
1767,junction,16,86.1875,42.875,103.25,344.75,171.5,413.0,171.5,11,1,6830;6853;6882;6930;7911;7933;7969;7971;7972;7973;7974,junction
1768,junction,9,86.22222222222223,42.888888888888886,122.44444444444444,344.8888888888889,171.55555555555554,489.77777777777777,171.55555555555554,10,1,6838;6881;6890;6901;7910;7975;7976;7977;7978;7979,junction
1769,junction,13,86.0,52.0,152.0,344.0,208.0,608.0,208.0,11,1,6857;6904;6950;7559;7941;7946;7982;7983;7984;7985;7986,junction
1770,junction,8,85.875,53.125,55.0,343.5,212.5,220.0,212.5,10,1,6870;6913;6920;6962;7634;7987;7988;7989;7990;7991,junction
1771,junction,11,85.9090909090909,52.90909090909091,73.9090909090909,343.6363636363636,211.63636363636363,295.6363636363636,211.63636363636363,11,1,6877;6917;6925;6937;7635;7958;7963;7992;7994;7995;7996,junction
1772,junction,7,85.85714285714286,53.142857142857146,94.0,343.42857142857144,212.57142857142858,376.0,212.57142857142858,11,1,6854;6926;6931;6967;7964;7969;7997;7998;8000;8001;8002,junction
1773,junction,15,86.13333333333334,53.0,113.2,344.53333333333336,212.0,452.8,212.0,11,1,6883;6903;6932;6940;7977;8004;8005;8006;8007;8008;8009,junction
1774,junction,5,86.4,51.2,189.8,345.6,204.8,759.2,76.79999999999995,6,1,6896;6954;7556;8011;8012;8013,junction
1775,junction,9,85.88888888888889,53.111111111111114,132.44444444444446,343.55555555555554,212.44444444444446,529.7777777777778,212.44444444444446,9,1,6900;6907;6948;7939;7975;8014;8015;8017;8018,junction
1776,junction,16,86.125,62.125,122.875,344.5,248.5,491.5,248.5,12,1,6902;6942;6949;6990;8005;8014;8019;8020;8021;8022;8023;8024,junction
1777,junction,9,86.44444444444444,61.888888888888886,142.0,345.77777777777777,247.55555555555554,568.0,247.55555555555554,9,1,6908;6945;6951;8015;8025;8026;8027;8028;8029,junction
1778,junction,12,86.41666666666667,62.333333333333336,161.66666666666666,345.6666666666667,249.33333333333334,646.6666666666666,189.33333333333337,10,1,6952;6971;7005;7562;7982;8030;8031;8032;8033;8035,junction
1779,junction,8,86.5,61.875,181.5,346.0,247.5,726.0,110.0,9,1,6897;6956;6972;6974;8036;8037;8038;8039;8040,junction
1780,junction,8,86.125,63.125,45.0,344.5,252.5,180.0,180.0,12,1,6681;6686;6914;6963;7625;7641;7654;8041;8042;8043;8044;8045,junction
1781,junction,7,86.14285714285714,63.0,84.14285714285714,344.57142857142856,252.0,336.57142857142856,252.0,11,1,6927;6935;6969;6984;7994;7997;8046;8047;8048;8049;8050,junction
1782,junction,4,85.75,62.5,103.75,343.0,250.0,415.0,250.0,7,1,6941;6968;7998;8004;8052;8053;8054,junction
1783,junction,6,86.0,71.0,190.33333333333334,344.0,284.0,761.3333333333334,74.66666666666663,8,1,6955;6977;7051;8055;8056;8057;8058;8059,junction
1784,junction,13,86.0,72.0,113.0,344.0,288.0,452.0,288.0,12,1,6943;6988;7040;8019;8053;8060;8061;8062;8063;8064;8065;8066,junction
1785,junction,12,86.08333333333333,71.83333333333333,132.66666666666666,344.3333333333333,287.3333333333333,530.6666666666666,287.3333333333333,11,1,6947;6989;6993;8020;8067;8068;8069;8070;8071;8072;8073,junction
1786,junction,11,86.18181818181819,71.81818181818181,152.1818181818182,344.72727272727275,287.27272727272725,608.7272727272727,227.27272727272725,12,1,6953;6994;7009;7053;8025;8031;8074;8075;8076;8077;8078;8079,junction
1787,junction,6,86.0,72.83333333333333,16.666666666666668,344.0,291.3333333333333,66.66666666666667,66.66666666666667,8,1,6960;6998;7017;7628;7661;8080;8081;8082,junction
1788,junction,13,86.0,72.3076923076923,93.84615384615384,344.0,289.2307692307692,375.38461538461536,289.2307692307692,10,1,6695;6982;7035;8046;8052;8083;8084;8085;8086;8087,junction
1789,junction,9,86.22222222222223,71.33333333333333,172.33333333333334,344.8888888888889,285.3333333333333,689.3333333333334,146.66666666666663,9,1,6975;7008;7013;8032;8036;8088;8089;8090;8091,junction
1790,junction,11,86.18181818181819,81.81818181818181,162.0,344.72727272727275,327.27272727272725,648.0,188.0,10,1,7010;7012;7056;7060;8092;8093;8094;8095;8096;8097,junction
1791,junction,11,86.36363636363636,81.0909090909091,181.45454545454547,345.45454545454544,324.3636363636364,725.8181818181819,110.18181818181813,9,1,7014;7050;8055;8088;8098;8099;8100;8101;8103,junction
1792,junction,12,86.0,81.91666666666667,84.08333333333333,344.0,327.6666666666667,336.3333333333333,327.6666666666667,11,1,6983;7029;7036;7079;7648;8083;8104;8105;8106;8107;8108,junction
1793,junction,13,86.0,82.0,123.0,344.0,328.0,492.0,328.0,9,1,6991;7092;7680;8062;8068;8111;8112;8114;8115,junction
1794,junction,11,85.81818181818181,81.9090909090909,142.27272727272728,343.27272727272725,327.6363636363636,569.0909090909091,266.9090909090909,12,1,6995;7048;7055;7105;7683;8072;8074;8116;8117;8118;8119;8120,junction
1795,junction,9,86.11111111111111,81.88888888888889,64.66666666666667,344.44444444444446,327.55555555555554,258.6666666666667,258.6666666666667,9,1,6703;7032;7642;7649;7673;8121;8122;8123;8124,junction
1796,junction,9,85.88888888888889,81.77777777777777,103.66666666666667,343.55555555555554,327.1111111111111,414.6666666666667,327.1111111111111,8,1,7037;7043;8061;8084;8125;8126;8127;8128,junction
1797,junction,12,86.08333333333333,91.41666666666667,152.33333333333334,344.3333333333333,365.6666666666667,609.3333333333334,226.66666666666663,12,1,7057;7061;7104;7115;8095;8116;8129;8130;8131;8132;8133;8134,junction
1798,junction,11,86.0,91.0,172.0,344.0,364.0,688.0,148.0,9,1,7015;7059;7564;8099;8136;8137;8138;8139;8140,junction
1799,junction,7,86.0,90.85714285714286,190.42857142857142,344.0,363.42857142857144,761.7142857142857,74.28571428571433,7,1,7065;7145;8100;8142;8143;8144;8145,junction
1800,junction,5,85.8,91.6,16.4,343.2,366.4,65.6,65.6,7,1,7019;7098;7120;7664;8146;8147;8148,junction
1801,junction,10,86.1,92.0,55.0,344.4,368.0,220.0,220.0,10,1,6702;7075;7130;7692;8121;8150;8151;8152;8153;8154,junction
1802,junction,12,86.0,92.08333333333333,93.91666666666667,344.0,368.3333333333333,375.6666666666667,344.0,10,1,7038;7080;7085;7142;8104;8155;8156;8157;8159;8160,junction
1803,junction,12,86.25,91.91666666666667,112.83333333333333,345.0,367.6666666666667,451.3333333333333,345.0,11,1,7042;7087;7093;7151;8111;8126;8161;8162;8163;8164;8165,junction
1804,junction,11,86.0909090909091,100.9090909090909,162.1818181818182,344.3636363636364,403.6363636363636,648.7272727272727,187.27272727272725,10,1,7062;7175;7565;8130;8136;8166;8167;8168;8169;8170,junction
1805,junction,10,86.4,100.9,181.4,345.6,403.6,725.6,110.39999999999998,10,1,7066;7147;7156;7567;8172;8173;8174;8175;8176;8177,junction
1806,junction,9,85.88888888888889,102.0,26.11111111111111,343.55555555555554,408.0,104.44444444444444,104.44444444444444,9,1,7100;7118;7124;7180;8178;8179;8181;8182;8183,junction
1807,junction,9,85.88888888888889,102.11111111111111,65.0,343.55555555555554,408.44444444444446,260.0,260.0,10,1,7077;7132;7135;7193;7678;7708;8185;8186;8187;8188,junction
1808,junction,9,86.11111111111111,101.77777777777777,83.77777777777777,344.44444444444446,407.1111111111111,335.1111111111111,335.1111111111111,11,1,7081;7136;7199;7674;7699;8155;8189;8190;8191;8192;8193,junction
1809,junction,10,85.9,101.8,103.6,343.6,407.2,414.4,343.6,11,1,7088;7140;7153;7204;7701;8156;8194;8195;8196;8197;8198,junction
1810,junction,10,86.3,102.1,122.9,345.2,408.4,491.6,344.4,10,1,7094;7108;7152;7164;7681;8199;8200;8201;8202;8203,junction
1811,junction,10,85.9,101.6,142.7,343.6,406.4,570.8,265.20000000000005,10,1,7107;7116;7170;7682;8129;8204;8205;8206;8207;8208,junction
1812,junction,13,86.0,111.23076923076923,133.15384615384616,344.0,444.9230769230769,532.6153846153846,303.38461538461536,10,1,7109;7165;7169;7228;8205;8210;8211;8212;8213;8214,junction
1813,junction,10,86.1,110.9,152.8,344.4,443.6,611.2,224.79999999999995,10,1,7114;7171;7176;8204;8216;8217;8218;8219;8220;8221,junction
1814,junction,12,86.25,111.0,172.0,345.0,444.0,688.0,148.0,12,1,7158;7177;7247;7566;8166;8174;8222;8223;8224;8225;8226;8227,junction
1815,junction,6,85.83333333333333,111.83333333333333,17.166666666666668,343.3333333333333,447.3333333333333,68.66666666666667,68.66666666666667,8,1,7119;7181;7237;8179;8228;8229;8230;8231,junction
1816,junction,6,85.83333333333333,111.83333333333333,35.666666666666664,343.3333333333333,447.3333333333333,142.66666666666666,142.66666666666666,8,1,7126;7182;7187;7693;8232;8233;8234;8235,junction
1817,junction,10,85.8,111.7,74.5,343.2,446.8,298.0,298.0,10,1,7137;7194;7201;7254;8189;8236;8239;8240;8241;8242,junction
1818,junction,12,86.33333333333333,112.16666666666667,113.41666666666667,345.3333333333333,448.6666666666667,453.6666666666667,345.3333333333333,11,1,7167;7207;7222;7717;8194;8199;8243;8244;8245;8246;8247,junction
1819,junction,9,86.55555555555556,111.0,190.33333333333334,346.22222222222223,444.0,761.3333333333334,74.66666666666663,8,1,7146;7159;7210;8172;8248;8249;8250;8251,junction
1820,junction,11,85.81818181818181,120.72727272727273,181.8181818181818,343.27272727272725,482.90909090909093,727.2727272727273,108.72727272727275,11,1,7160;7211;7248;7257;8222;8249;8253;8254;8255;8256;8257,junction
1821,junction,12,86.25,121.58333333333333,123.41666666666667,345.0,486.3333333333333,493.6666666666667,325.6666666666667,9,1,7166;7229;7283;8243;8259;8260;8261;8262;8263,junction
1822,junction,13,86.15384615384616,121.07692307692308,143.07692307692307,344.61538461538464,484.3076923076923,572.3076923076923,263.69230769230774,10,1,7172;7230;7286;8218;8265;8266;8267;8268;8269;8270,junction
1823,junction,6,86.33333333333333,120.66666666666667,162.16666666666666,345.3333333333333,482.6666666666667,648.6666666666666,187.33333333333337,10,1,7178;7233;7250;7292;8225;8271;8272;8273;8274;8275,junction
1824,junction,7,86.0,122.0,26.142857142857142,344.0,488.0,104.57142857142857,104.57142857142857,11,1,6708;7183;7238;7239;7729;8230;8276;8277;8278;8279;8280,junction
1825,junction,6,86.0,122.0,65.0,344.0,488.0,260.0,260.0,11,1,7196;7244;7255;7266;7710;7745;8236;8281;8282;8283;8284,junction
1826,junction,11,85.9090909090909,121.63636363636364,84.36363636363636,343.6363636363636,486.54545454545456,337.45454545454544,325.45454545454544,11,1,7202;7218;7256;7272;7703;7742;8286;8287;8288;8289;8290,junction
1827,junction,10,86.4,130.6,171.9,345.6,522.4,687.6,148.39999999999998,10,1,7251;7258;7293;7330;8291;8292;8293;8294;8295;8296,junction
1828,junction,8,86.375,130.0,190.375,345.5,520.0,761.5,74.5,6,1,7212;7259;8253;8297;8298;8299,junction
1829,junction,13,86.0,131.0,94.0,344.0,524.0,376.0,288.0,12,1,7217;7270;7276;7314;7718;8286;8300;8301;8302;8303;8304;8305,junction
1830,junction,16,86.125,131.125,113.1875,344.5,524.5,452.75,287.5,11,1,7225;7277;7282;7323;7716;8260;8306;8307;8309;8310;8311,junction
1831,junction,15,86.06666666666666,131.0,133.13333333333333,344.26666666666665,524.0,532.5333333333333,288.0,12,1,7227;7284;7289;7325;8259;8265;8312;8313;8314;8315;8316;8317,junction
1832,junction,10,85.9,130.6,152.6,343.6,522.4,610.4,225.60000000000002,12,1,7234;7290;7295;7344;8266;8273;8318;8319;8320;8321;8322;8323,junction
1833,junction,7,86.14285714285714,131.0,16.714285714285715,344.57142857142856,524.0,66.85714285714286,66.85714285714286,7,1,6709;7236;7303;8324;8326;8327;8328,junction
1834,junction,12,86.16666666666667,140.0,182.0,344.6666666666667,560.0,728.0,108.0,9,1,7260;7300;7331;7358;8297;8330;8331;8332;8333,junction
1835,junction,13,86.0,141.0,104.0,344.0,564.0,416.0,248.0,11,1,7278;7315;7386;8301;8307;8335;8336;8337;8338;8339;8340,junction
1836,junction,12,86.0,141.08333333333334,123.91666666666667,344.0,564.3333333333334,495.6666666666667,247.66666666666663,12,1,6721;7285;7321;7329;8306;8312;8341;8342;8343;8344;8345;8346,junction
1837,junction,13,86.38461538461539,140.76923076923077,143.23076923076923,345.53846153846155,563.0769230769231,572.9230769230769,248.9230769230769,11,1,7291;7326;7345;7392;8313;8318;8347;8349;8350;8351;8352,junction
1838,junction,10,86.3,141.4,26.2,345.2,565.6,104.8,104.8,11,1,6711;7304;7336;7361;7731;7769;8324;8353;8354;8355;8356,junction
1839,junction,10,85.9,140.7,162.6,343.6,562.8,650.4,185.60000000000002,10,1,7332;7347;7350;8292;8321;8357;8358;8359;8360;8361,junction
1840,junction,10,85.8,150.4,153.2,343.2,601.6,612.8,210.39999999999998,12,1,7348;7354;7393;7398;8349;8357;8362;8363;8364;8365;8366;8367,junction
1841,junction,11,86.36363636363636,150.45454545454547,171.8181818181818,345.45454545454544,601.8181818181819,687.2727272727273,148.72727272727275,11,1,7333;7351;7357;7406;8358;8368;8369;8370;8371;8372;8373,junction
1842,junction,10,85.9,150.7,74.6,343.6,602.8,298.4,209.20000000000005,11,1,7310;7376;7383;7421;7756;7763;8374;8375;8376;8377;8378,junction
1843,junction,14,86.14285714285714,151.0,94.0,344.57142857142856,604.0,376.0,208.0,12,1,7317;7384;7390;7429;7762;7781;7789;8335;8379;8380;8381;8382,junction
1844,junction,10,86.1,151.0,114.2,344.4,604.0,456.8,208.0,12,1,6723;7322;7389;7436;7782;8336;8341;8383;8384;8385;8386;8387,junction
1845,junction,11,85.9090909090909,150.9090909090909,133.63636363636363,343.6363636363636,603.6363636363636,534.5454545454545,208.36363636363637,12,1,6722;7328;7395;7441;8342;8347;8388;8389;8390;8391;8392;8393,junction
1846,junction,4,85.75,150.25,190.5,343.0,601.0,762.0,74.0,6,1,7301;7359;7569;8394;8395;8396,junction
1847,junction,4,86.0,152.0,17.25,344.0,608.0,69.0,69.0,6,1,6726;7362;8397;8398;8399;8400,junction
1848,junction,16,86.125,160.0,142.9375,344.5,640.0,571.75,172.0,11,1,7396;7399;7444;7456;8365;8389;8401;8402;8403;8404;8405,junction
1849,junction,11,86.27272727272727,160.72727272727272,162.8181818181818,345.09090909090907,642.9090909090909,651.2727272727273,169.09090909090912,12,1,7352;7400;7405;7462;8362;8370;8406;8407;8408;8409;8410;8411,junction
1850,junction,14,86.14285714285714,160.0,182.0,344.57142857142856,640.0,728.0,108.0,12,1,7356;7407;7465;7570;8368;8394;8412;8413;8414;8415;8416;8417,junction
1851,junction,11,86.0909090909091,161.0909090909091,26.09090909090909,344.3636363636364,644.3636363636364,104.36363636363636,104.36363636363636,12,1,6728;7364;7411;7471;7770;8398;8418;8419;8420;8421;8422;8423,junction
1852,junction,13,86.0,161.0,65.0,344.0,644.0,260.0,168.0,12,1,7377;7416;7423;7480;7776;7811;8375;8424;8425;8426;8427;8428,junction
1853,junction,7,85.85714285714286,161.14285714285714,124.0,343.42857142857144,644.5714285714286,496.0,167.42857142857144,12,1,6724;7437;7442;7448;7799;8383;8388;8429;8430;8431;8432;8433,junction
1854,junction,11,86.0,169.8181818181818,153.0,344.0,679.2727272727273,612.0,132.72727272727275,9,1,7401;7454;7460;7513;8406;8435;8436;8437;8438,junction
1855,junction,9,86.11111111111111,170.11111111111111,172.55555555555554,344.44444444444446,680.4444444444445,690.2222222222222,131.55555555555554,10,1,7404;7463;7467;8407;8412;8439;8440;8441;8442;8443,junction
1856,junction,6,86.0,169.66666666666666,191.16666666666666,344.0,678.6666666666666,764.6666666666666,71.33333333333337,7,1,7466;7573;8413;8444;8445;8446;8447,junction
1857,junction,14,86.07142857142857,171.07142857142858,35.92857142857143,344.2857142857143,684.2857142857143,143.71428571428572,127.71428571428567,11,1,7413;7473;7476;7526;7794;7820;8419;8449;8450;8451;8452,junction
1858,junction,9,85.88888888888889,171.11111111111111,75.11111111111111,343.55555555555554,684.4444444444445,300.44444444444446,127.55555555555554,11,1,7424;7488;7540;7828;8424;8453;8454;8455;8456;8457;8458,junction
1859,junction,10,86.1,170.4,133.6,344.4,681.6,534.4,130.39999999999998,10,1,7450;7457;7508;8401;8429;8459;8460;8461;8462;8463,junction
1860,junction,4,86.25,171.0,16.75,345.0,684.0,67.0,67.0,4,1,6733;7819;8465;8466,junction
1861,junction,12,86.0,179.91666666666666,123.66666666666667,344.0,719.6666666666666,494.6666666666667,92.33333333333337,11,1,7451;7503;7509;7800;8460;8467;8468;8469;8470;8471;8472,junction
1862,junction,12,86.08333333333333,180.25,142.91666666666666,344.3333333333333,721.0,571.6666666666666,91.0,11,1,7455;7507;7514;8459;8474;8475;8476;8477;8478;8479;8480,junction
1863,junction,10,85.9,180.0,163.1,343.6,720.0,652.4,92.0,9,1,7461;7516;7520;8439;8481;8482;8483;8484;8485,junction
1864,junction,14,86.28571428571429,180.0,182.21428571428572,345.14285714285717,720.0,728.8571428571429,92.0,11,1,7468;7574;8441;8446;8486;8487;8488;8489;8490;8491;8492,junction
1865,junction,5,86.0,180.8,45.2,344.0,723.2,180.8,88.79999999999995,8,1,7479;7529;7534;8493;8494;8495;8496;8497,junction
1866,junction,9,86.0,181.11111111111111,84.44444444444444,344.0,724.4444444444445,337.77777777777777,87.55555555555554,9,1,7490;7542;7548;7806;8454;8499;8500;8501;8502,junction
1867,junction,10,86.3,180.1,104.2,345.2,720.4,416.8,91.60000000000002,9,1,7496;7549;7803;8504;8505;8506;8507;8508;8509,junction
1868,junction,1,86.0,13.0,190.0,344.0,52.0,760.0,52.0,3,1,6743;8510;8511,junction
1869,junction,5,86.4,31.2,190.0,345.6,124.8,760.0,76.0,6,1,6760;7555;8512;8513;8514;8515,junction
1870,junction,5,86.8,52.0,171.8,347.2,208.0,687.2,148.79999999999995,5,1,7561;8517;8518;8519;8520,junction
1871,junction,1,86.0,53.0,17.0,344.0,212.0,68.0,68.0,2,1,6672;8522,degree_two
1872,junction,7,95.0,14.571428571428571,24.714285714285715,380.0,58.285714285714285,98.85714285714286,58.285714285714285,7,1,7856;7891;8523;8524;8525;8526;8527,junction
1873,junction,5,94.6,14.2,44.0,378.4,56.8,176.0,56.8,6,1,7577;7591;8528;8529;8530;8531,junction
1874,junction,5,95.8,14.4,63.4,383.2,57.6,253.6,57.6,4,1,7575;7598;8533;8534,junction
1875,junction,11,95.72727272727273,22.90909090909091,54.27272727272727,382.90909090909093,91.63636363636364,217.0909090909091,91.63636363636364,8,1,7578;7593;7599;7929;8536;8537;8538;8539,junction
1876,junction,8,96.375,23.25,93.25,385.5,93.0,373.0,93.0,8,1,7897;7934;8540;8541;8542;8543;8544;8545,junction
1877,junction,9,95.44444444444444,33.0,25.0,381.77777777777777,132.0,100.0,100.0,8,1,7604;7618;7890;7927;8546;8547;8548;8549,junction
1878,junction,12,95.75,33.166666666666664,64.0,383.0,132.66666666666666,256.0,132.66666666666666,9,1,7597;7908;7931;7959;8551;8552;8553;8554;8555,junction
1879,junction,11,95.72727272727273,32.90909090909091,84.0,382.90909090909093,131.63636363636363,336.0,131.63636363636363,8,1,7938;7965;8544;8557;8558;8559;8560;8561,junction
1880,junction,7,95.57142857142857,33.57142857142857,44.142857142857146,382.2857142857143,134.28571428571428,176.57142857142858,134.28571428571428,7,1,7605;7610;7930;8562;8563;8564;8565,junction
1881,junction,11,95.72727272727273,42.90909090909091,35.09090909090909,382.90909090909093,171.63636363636363,140.36363636363637,140.36363636363637,9,1,7606;7611;7620;7623;8562;8566;8567;8568;8569,junction
1882,junction,9,95.44444444444444,42.77777777777778,54.666666666666664,381.77777777777777,171.11111111111111,218.66666666666666,171.11111111111111,7,1,7612;7960;7988;8570;8571;8572;8573,junction
1883,junction,15,96.06666666666666,52.4,122.8,384.26666666666665,209.6,491.2,209.6,11,1,7979;8008;8018;8024;8574;8575;8577;8578;8579;8580;8581,junction
1884,junction,8,95.125,52.875,24.875,380.5,211.5,99.5,99.5,6,1,7621;7624;8583;8584;8585;8586,junction
1885,junction,11,95.72727272727273,53.0,45.0,382.90909090909093,212.0,180.0,180.0,10,1,7613;7626;7989;8042;8587;8588;8589;8590;8591;8592,junction
1886,junction,9,95.66666666666667,62.111111111111114,93.77777777777777,382.6666666666667,248.44444444444446,375.1111111111111,248.44444444444446,9,1,8002;8049;8054;8593;8594;8595;8596;8597;8598,junction
1887,junction,10,95.6,63.1,73.9,382.4,252.4,295.6,252.4,10,1,7639;7650;7996;8048;8599;8600;8601;8602;8603;8604,junction
1888,junction,9,95.55555555555556,63.111111111111114,34.888888888888886,382.22222222222223,252.44444444444446,139.55555555555554,139.55555555555554,10,1,7627;7630;7655;8043;8588;8605;8606;8607;8608;8609,junction
1889,junction,10,96.2,71.5,161.4,384.8,286.0,645.6,190.39999999999998,11,1,8035;8079;8089;8093;8611;8612;8613;8614;8615;8616;8617,junction
1890,junction,9,95.55555555555556,72.44444444444444,84.0,382.22222222222223,289.77777777777777,336.0,289.77777777777777,8,1,7652;8050;8085;8105;8618;8619;8620;8621,junction
1891,junction,9,95.33333333333333,72.77777777777777,26.0,381.3333333333333,291.1111111111111,104.0,104.0,9,1,7631;7657;7663;8081;8607;8622;8623;8625;8626,junction
1892,junction,11,95.63636363636364,72.72727272727273,64.72727272727273,382.54545454545456,290.90909090909093,258.90909090909093,258.90909090909093,10,1,7640;7646;7651;8122;8599;8627;8628;8629;8630;8631,junction
1893,junction,9,95.55555555555556,73.0,45.0,382.22222222222223,292.0,180.0,180.0,8,1,7645;7659;7670;8045;8633;8634;8635;8636,junction
1894,junction,5,95.4,81.8,16.4,381.6,327.2,65.6,65.6,7,1,7665;8082;8148;8623;8637;8638;8639,junction
1895,junction,8,95.125,82.125,35.0,380.5,328.5,140.0,140.0,9,1,7660;7666;7671;7690;8640;8641;8642;8643;8644,junction
1896,junction,10,95.5,82.0,74.0,382.0,328.0,296.0,296.0,8,1,7653;7675;8106;8124;8645;8646;8647;8648,junction
1897,junction,11,95.72727272727273,81.9090909090909,94.0,382.90909090909093,327.6363636363636,376.0,327.6363636363636,9,1,8087;8107;8127;8157;8649;8651;8652;8653;8654,junction
1898,junction,11,95.72727272727273,82.0,112.81818181818181,382.90909090909093,328.0,451.27272727272725,328.0,9,1,8066;8128;8162;8655;8656;8658;8660;8661;8662,junction
1899,junction,7,95.85714285714286,91.71428571428571,25.142857142857142,383.42857142857144,366.85714285714283,100.57142857142857,100.57142857142857,8,1,7667;8146;8641;8663;8664;8665;8666;8667,junction
1900,junction,9,95.66666666666667,92.0,45.111111111111114,382.6666666666667,368.0,180.44444444444446,180.44444444444446,7,1,7672;7694;8152;8668;8669;8670;8671,junction
1901,junction,8,95.125,92.0,64.0,380.5,368.0,256.0,256.0,8,1,7676;8153;8185;8672;8674;8675;8676;8677,junction
1902,junction,8,95.625,101.875,35.5,382.5,407.5,142.0,142.0,4,1,7695;8183;8681;8682,junction
1903,junction,11,95.63636363636364,102.0,54.90909090909091,382.54545454545456,408.0,219.63636363636363,219.63636363636363,9,1,7697;7711;8154;8186;8675;8683;8685;8686;8687,junction
1904,junction,9,95.55555555555556,102.0,74.0,382.22222222222223,408.0,296.0,296.0,8,1,7679;8187;8191;8239;8688;8689;8690;8691,junction
1905,junction,9,95.44444444444444,101.88888888888889,113.44444444444444,381.77777777777777,407.55555555555554,453.77777777777777,378.22222222222223,10,1,8164;8197;8201;8244;8692;8693;8694;8695;8696;8697,junction
1906,junction,15,95.86666666666666,102.0,94.13333333333334,383.46666666666664,408.0,376.53333333333336,376.53333333333336,11,1,7702;8160;8192;8196;8698;8700;8701;8702;8703;8704;8705,junction
1907,junction,6,95.0,112.0,26.166666666666668,380.0,448.0,104.66666666666667,104.66666666666667,6,1,8231;8232;8276;8706;8707;8708,junction
1908,junction,11,95.63636363636364,111.0909090909091,162.0,382.54545454545456,444.3636363636364,648.0,188.0,12,1,8170;8219;8227;8271;8709;8710;8711;8712;8713;8714;8715;8716,junction
1909,junction,8,95.375,112.25,45.0,381.5,449.0,180.0,180.0,9,1,7698;7712;7724;8234;8717;8718;8719;8720;8721,junction
1910,junction,10,95.5,112.2,84.1,382.0,448.8,336.4,336.4,10,1,7704;8193;8241;8287;8700;8722;8724;8725;8726;8727,junction
1911,junction,10,95.7,120.9,113.7,382.8,483.6,454.8,328.4,10,1,7720;8247;8262;8728;8729;8730;8731;8732;8733;8734,junction
1912,junction,10,95.9,121.1,93.3,383.6,484.4,373.2,327.6,7,1,7707;8289;8302;8736;8737;8738;8739,junction
1913,junction,14,95.85714285714286,121.78571428571429,55.07142857142857,383.42857142857144,487.14285714285717,220.28571428571428,220.28571428571428,11,1,7714;7727;7737;8282;8717;8740;8741;8742;8743;8744;8745,junction
1914,junction,11,95.81818181818181,131.36363636363637,65.0909090909091,383.27272727272725,525.4545454545455,260.3636363636364,260.3636363636364,10,1,7739;7746;7757;8284;8741;8746;8747;8748;8749;8750,junction
1915,junction,10,95.5,130.9,83.9,382.0,523.6,335.6,288.4,8,1,7747;7764;8290;8303;8753;8755;8756;8757,junction
1916,junction,12,95.75,132.08333333333334,45.333333333333336,383.0,528.3333333333334,181.33333333333334,181.33333333333334,9,1,7728;7730;7738;7750;8758;8759;8761;8762;8763,junction
1917,junction,10,95.8,141.3,35.5,383.2,565.2,142.0,142.0,10,1,7734;7751;7772;8355;8764;8765;8766;8767;8768;8769,junction
1918,junction,8,95.625,141.0,55.0,382.5,564.0,220.0,220.0,8,1,7740;7753;7758;7777;8770;8771;8772;8773,junction
1919,junction,14,95.71428571428571,141.14285714285714,74.5,382.85714285714283,564.5714285714286,298.0,247.42857142857144,11,1,7759;7765;8376;8746;8774;8776;8777;8778;8779;8780;8781,junction
1920,junction,12,95.66666666666667,140.91666666666666,132.91666666666666,382.6666666666667,563.6666666666666,531.6666666666666,248.33333333333337,12,1,8316;8345;8390;8782;8783;8784;8785;8786;8787;8788;8789;8790,junction
1921,junction,12,95.75,150.75,143.0,383.0,603.0,572.0,209.0,12,1,8350;8366;8392;8405;8788;8791;8792;8793;8794;8795;8796;8797,junction
1922,junction,9,95.55555555555556,150.88888888888889,45.333333333333336,382.22222222222223,603.5555555555555,181.33333333333334,181.33333333333334,9,1,7754;7774;7778;7797;8766;8798;8799;8800;8801,junction
1923,junction,9,95.55555555555556,151.0,65.0,382.22222222222223,604.0,260.0,208.0,9,1,7760;7779;8377;8425;8778;8802;8803;8804;8805,junction
1924,junction,12,95.66666666666667,150.83333333333334,84.33333333333333,382.6666666666667,603.3333333333334,337.3333333333333,208.66666666666663,9,1,7767;7790;8378;8382;8776;8806;8807;8808;8809,junction
1925,junction,13,95.76923076923077,159.84615384615384,152.76923076923077,383.0769230769231,639.3846153846154,611.0769230769231,172.61538461538464,11,1,8367;8403;8409;8435;8794;8810;8811;8812;8813;8814;8815,junction
1926,junction,12,95.66666666666667,160.91666666666666,35.25,382.6666666666667,643.6666666666666,141.0,141.0,8,1,7775;7798;8422;8449;8817;8818;8819;8820,junction
1927,junction,11,95.54545454545455,160.9090909090909,54.90909090909091,382.1818181818182,643.6363636363636,219.63636363636363,168.36363636363637,8,1,7780;7796;7813;8426;8822;8823;8824;8825,junction
1928,junction,12,95.66666666666667,160.91666666666666,93.91666666666667,382.6666666666667,643.6666666666666,375.6666666666667,168.33333333333337,10,1,7792;7807;8381;8806;8827;8828;8829;8830;8831;8832,junction
1929,junction,7,95.42857142857143,170.42857142857142,84.28571428571429,381.7142857142857,681.7142857142857,337.14285714285717,130.28571428571433,5,1,7793;7808;8457;8834;8835,junction
1930,junction,13,95.76923076923077,170.76923076923077,104.23076923076923,383.0769230769231,683.0769230769231,416.9230769230769,128.9230769230769,12,1,7787;7804;7810;8509;8831;8836;8837;8838;8839;8840;8841;8842,junction
1931,junction,9,95.55555555555556,170.55555555555554,142.77777777777777,382.22222222222223,682.2222222222222,571.1111111111111,129.77777777777783,9,1,8404;8436;8462;8477;8812;8843;8844;8845;8846,junction
1932,junction,10,95.5,171.0,25.9,382.0,684.0,103.6,103.6,9,1,7823;8423;8450;8466;8847;8848;8849;8850;8851,junction
1933,junction,7,95.57142857142857,171.14285714285714,45.57142857142857,382.2857142857143,684.5714285714286,182.28571428571428,127.42857142857144,4,1,8451;8494;8854;8855,junction
1934,junction,12,95.75,170.91666666666666,64.91666666666667,383.0,683.6666666666666,259.6666666666667,128.33333333333337,11,1,7816;7830;8428;8456;8856;8857;8859;8860;8861;8862;8863,junction
1935,junction,16,95.875,180.25,113.875,383.5,721.0,455.5,91.0,11,1,7805;8470;8508;8839;8864;8865;8867;8868;8869;8870;8871,junction
1936,junction,4,95.5,180.5,35.5,382.0,722.0,142.0,90.0,6,1,7825;8452;8872;8873;8874;8875,junction
1937,junction,12,95.58333333333333,180.75,94.25,382.3333333333333,723.0,377.0,89.0,10,1,7809;8501;8507;8838;8876;8877;8878;8880;8881;8882,junction
1938,junction,9,95.66666666666667,181.0,55.0,382.6666666666667,724.0,220.0,88.0,9,1,7817;7831;8497;8883;8884;8885;8886;8887;8888,junction
1939,junction,3,95.33333333333333,13.0,83.33333333333333,381.3333333333333,52.0,333.3333333333333,52.0,2,1,7582;8890,degree_two
1940,junction,7,95.71428571428571,13.571428571428571,103.0,382.85714285714283,54.285714285714285,412.0,54.285714285714285,7,1,7838;7843;7869;8891;8892;8893;8894,junction
1941,junction,6,95.83333333333333,13.833333333333334,122.66666666666667,383.3333333333333,55.333333333333336,490.6666666666667,55.333333333333336,7,1,7844;7849;7875;8895;8896;8897;8898,junction
1942,junction,8,95.875,13.5,161.875,383.5,54.0,647.5,54.0,8,1,7853;7861;7885;8899;8900;8901;8902;8903,junction
1943,junction,8,95.875,13.375,181.375,383.5,53.5,725.5,53.5,6,1,7855;7864;8511;8904;8906;8907,junction
1944,junction,3,96.0,13.666666666666666,142.0,384.0,54.666666666666664,568.0,54.666666666666664,8,1,7847;7859;7881;8908;8909;8910;8911;8912,junction
1945,junction,6,96.0,23.0,34.833333333333336,384.0,92.0,139.33333333333334,92.0,9,1,7587;7592;7603;7893;8524;8529;8914;8915;8916,junction
1946,junction,13,96.0,23.0,113.0,384.0,92.0,452.0,92.0,10,1,7845;7871;7876;7912;8892;8895;8917;8918;8919;8920,junction
1947,junction,12,96.08333333333333,23.083333333333332,152.25,384.3333333333333,92.33333333333333,609.0,92.33333333333333,11,1,7862;7882;7886;7922;8899;8908;8923;8924;8925;8926;8928,junction
1948,junction,5,96.0,23.2,73.4,384.0,92.8,293.6,92.8,7,1,7600;7895;7907;8930;8931;8932;8933,junction
1949,junction,7,95.85714285714286,23.285714285714285,132.71428571428572,383.42857142857144,93.14285714285714,530.8571428571429,93.14285714285714,10,1,7878;7883;7917;8897;8910;8934;8935;8936;8937;8938,junction
1950,junction,9,96.0,22.555555555555557,171.55555555555554,384.0,90.22222222222223,686.2222222222222,90.22222222222223,8,1,7867;7888;8900;8904;8939;8940;8941;8942,junction
1951,junction,4,96.0,23.75,16.25,384.0,95.0,65.0,65.0,6,1,7857;7892;7926;8523;8943;8944,junction
1952,junction,10,96.1,32.0,180.9,384.4,128.0,723.6,112.39999999999998,8,1,7866;7954;8514;8940;8946;8947;8948;8950,junction
1953,junction,12,96.0,33.166666666666664,103.16666666666667,384.0,132.66666666666666,412.6666666666667,132.66666666666666,11,1,7872;7935;7971;8541;8917;8951;8952;8953;8954;8955;8956,junction
1954,junction,11,96.27272727272727,33.18181818181818,123.0,385.09090909090907,132.72727272727272,492.0,132.72727272727272,11,1,7877;7914;7918;7976;8918;8957;8958;8959;8960;8961;8962,junction
1955,junction,10,95.8,32.9,142.5,383.2,131.6,570.0,131.6,12,1,7884;7919;7924;7943;8923;8934;8963;8964;8965;8966;8967;8968,junction
1956,junction,9,95.88888888888889,32.55555555555556,161.55555555555554,383.55555555555554,130.22222222222223,646.2222222222222,130.22222222222223,12,1,7901;7923;7949;8924;8939;8969;8970;8971;8972;8973;8974;8975,junction
1957,junction,13,96.07692307692308,42.23076923076923,151.92307692307693,384.3076923076923,168.92307692307693,607.6923076923077,168.92307692307693,11,1,7925;7948;7983;8964;8976;8977;8978;8979;8980;8981;8982,junction
1958,junction,5,96.2,42.0,171.4,384.8,168.0,685.6,150.39999999999998,9,1,7904;7950;7955;8970;8983;8984;8985;8986;8987,junction
1959,junction,10,96.2,42.0,190.5,384.8,168.0,762.0,74.0,6,1,7953;8011;8946;8989;8990;8991,junction
1960,junction,14,96.0,43.0,74.14285714285714,384.0,172.0,296.57142857142856,172.0,11,1,7909;7961;7966;7992;8558;8994;8995;8996;8997;8998;8999,junction
1961,junction,4,96.25,42.75,93.5,385.0,171.0,374.0,171.0,7,1,7937;7967;7973;9000;9001;9002;9003,junction
1962,junction,10,96.2,43.0,113.0,384.8,172.0,452.0,172.0,11,1,7915;7972;8006;8575;8952;8957;9004;9005;9006;9007;9008,junction
1963,junction,9,95.88888888888889,42.666666666666664,132.33333333333334,383.55555555555554,170.66666666666666,529.3333333333334,170.66666666666666,8,1,7945;7978;8574;8958;8963;9009;9010;9011,junction
1964,junction,1,95.0,43.0,16.0,380.0,172.0,64.0,64.0,2,1,7619;9012,degree_two
1965,junction,13,96.0,52.0,162.0,384.0,208.0,648.0,188.0,12,1,7951;7985;8030;8519;8978;8984;9014;9015;9016;9017;9018;9019,junction
1966,junction,9,96.33333333333333,51.55555555555556,181.11111111111111,385.3333333333333,206.22222222222223,724.4444444444445,111.55555555555554,11,1,7956;8013;8037;8518;8983;8989;9020;9021;9022;9023;9024,junction
1967,junction,5,95.8,52.8,64.2,383.2,211.2,256.8,211.2,8,1,7637;7962;7990;8994;9025;9026;9027;9028,junction
1968,junction,10,96.1,53.1,84.3,384.4,212.4,337.2,212.4,11,1,7968;7995;8000;8047;8593;8600;8995;9030;9031;9032;9033,junction
1969,junction,12,96.16666666666667,52.333333333333336,103.0,384.6666666666667,209.33333333333334,412.0,209.33333333333334,9,1,7974;8001;8007;8594;9004;9035;9036;9037;9038,junction
1970,junction,11,96.0909090909091,52.72727272727273,141.8181818181818,384.3636363636364,210.9090909090909,567.2727272727273,210.9090909090909,8,1,8017;8026;8977;9039;9040;9041;9042;9043,junction
1971,junction,12,96.0,62.0,113.33333333333333,384.0,248.0,453.3333333333333,248.0,8,1,8009;8021;8063;9045;9048;9049;9050;9051,junction
1972,junction,11,95.9090909090909,61.90909090909091,151.9090909090909,383.6363636363636,247.63636363636363,607.6363636363636,228.36363636363637,11,1,7986;8027;8075;8611;9014;9039;9053;9054;9055;9056;9057,junction
1973,junction,11,95.9090909090909,61.72727272727273,171.63636363636363,383.6363636363636,246.9090909090909,686.5454545454545,149.4545454545455,11,1,8033;8038;8091;8520;9015;9022;9059;9060;9061;9062;9063,junction
1974,junction,4,96.5,61.0,190.0,386.0,244.0,760.0,76.0,5,1,8039;8057;9065;9066;9067,junction
1975,junction,5,96.0,62.8,55.0,384.0,251.2,220.0,220.0,6,1,7638;7991;8044;9068;9069;9070,junction
1976,junction,7,96.0,62.142857142857146,133.28571428571428,384.0,248.57142857142858,533.1428571428571,248.57142857142858,9,1,8022;8029;8069;8577;9040;9071;9072;9073;9074,junction
1977,junction,3,95.66666666666667,62.666666666666664,16.666666666666668,382.6666666666667,250.66666666666666,66.66666666666667,66.66666666666667,3,1,7629;8080;9075,junction
1978,junction,11,96.0909090909091,72.0909090909091,123.18181818181819,384.3636363636364,288.3636363636364,492.72727272727275,288.3636363636364,10,1,8023;8070;8112;9071;9077;9078;9079;9080;9081;9082,junction
1979,junction,10,95.8,71.8,142.4,383.2,287.2,569.6,266.4,9,1,8071;8076;8117;9072;9084;9085;9086;9087;9088,junction
1980,junction,9,96.22222222222223,70.88888888888889,181.44444444444446,384.8888888888889,283.55555555555554,725.7777777777778,110.22222222222217,9,1,8059;8090;9059;9089;9090;9091;9092;9093;9094,junction
1981,junction,8,96.125,71.875,103.625,384.5,287.5,414.5,287.5,10,1,8064;8086;8597;8649;8656;9095;9096;9097;9098;9099,junction
1982,junction,5,96.2,80.6,190.4,384.8,322.4,761.6,74.39999999999998,7,1,8058;8143;9090;9100;9101;9102;9103,junction
1983,junction,12,96.25,82.08333333333333,133.08333333333334,385.0,328.3333333333333,532.3333333333334,303.66666666666663,11,1,7684;8073;8118;9078;9104;9105;9106;9107;9108;9109;9110,junction
1984,junction,10,95.8,81.9,152.5,383.2,327.6,610.0,226.0,12,1,8078;8096;8119;8132;8615;9086;9111;9112;9113;9114;9115;9116,junction
1985,junction,9,96.22222222222223,81.0,171.55555555555554,384.8888888888889,324.0,686.2222222222222,149.77777777777783,10,1,8094;8101;8137;8612;9089;9117;9118;9119;9120;9121,junction
1986,junction,6,96.0,82.16666666666667,55.166666666666664,384.0,328.6666666666667,220.66666666666666,220.66666666666666,8,1,7643;8123;8151;9122;9123;9124;9125;9126,junction
1987,junction,12,96.08333333333333,91.25,162.0,384.3333333333333,365.0,648.0,188.0,10,1,8097;8131;8167;9118;9127;9128;9129;9130;9131;9132,junction
1988,junction,11,95.9090909090909,91.0909090909091,181.9090909090909,383.6363636363636,364.3636363636364,727.6363636363636,108.36363636363637,12,1,8103;8139;8145;8173;9101;9117;9133;9134;9135;9136;9137;9138,junction
1989,junction,11,95.9090909090909,91.9090909090909,122.9090909090909,383.6363636363636,367.6363636363636,491.6363636363636,344.3636363636364,12,1,7686;8115;8163;8200;8660;8693;9105;9139;9140;9141;9142;9143,junction
1990,junction,10,96.0,91.6,142.6,384.0,366.4,570.4,265.6,11,1,7685;8120;8134;8206;9106;9111;9145;9146;9147;9148;9149,junction
1991,junction,7,96.28571428571429,92.14285714285714,84.0,385.14285714285717,368.57142857142856,336.0,336.0,8,1,7677;8108;8190;8698;9151;9152;9153;9154,junction
1992,junction,4,95.25,92.25,104.0,381.0,369.0,416.0,369.0,5,1,8159;8165;8195;9155;9156,junction
1993,junction,13,96.0,101.0,172.0,384.0,404.0,688.0,148.0,12,1,8140;8169;8176;8223;8712;9127;9133;9157;9158;9159;9160;9161,junction
1994,junction,8,96.125,102.125,133.0,384.5,408.5,532.0,304.0,10,1,7687;8208;8211;9141;9163;9164;9165;9166;9167;9168,junction
1995,junction,10,96.1,100.9,152.5,384.4,403.6,610.0,226.0,8,1,8168;8207;8709;9128;9145;9169;9171;9172,junction
1996,junction,5,95.8,101.2,190.4,383.2,404.8,761.6,74.39999999999998,6,1,8175;8248;9134;9173;9174;9175,junction
1997,junction,7,96.28571428571429,102.0,16.857142857142858,385.14285714285717,408.0,67.42857142857143,67.42857142857143,8,1,8147;8182;8228;8665;8706;9176;9177;9178,junction
1998,junction,12,95.91666666666667,110.83333333333333,142.75,383.6666666666667,443.3333333333333,571.0,265.0,10,1,8213;8220;8267;9164;9169;9180;9181;9182;9183;9184,junction
1999,junction,11,95.9090909090909,110.72727272727273,181.63636363636363,383.6363636363636,442.90909090909093,726.5454545454545,109.4545454545455,12,1,8177;8224;8250;8254;9157;9173;9185;9186;9187;9188;9189;9190,junction
2000,junction,7,96.28571428571429,111.85714285714286,65.14285714285714,385.14285714285717,447.42857142857144,260.57142857142856,260.57142857142856,5,1,7713;8188;8240;9192;9194,junction
2001,junction,7,96.14285714285714,111.85714285714286,103.85714285714286,384.57142857142856,447.42857142857144,415.42857142857144,364.57142857142856,7,1,7706;8198;8246;8701;9195;9196;9197,junction
2002,junction,9,96.11111111111111,111.11111111111111,123.22222222222223,384.44444444444446,444.44444444444446,492.8888888888889,343.1111111111111,9,1,8203;8212;8245;8729;9163;9198;9199;9200;9201,junction
2003,junction,12,96.0,121.08333333333333,133.08333333333334,384.0,484.3333333333333,532.3333333333334,303.66666666666663,10,1,8214;8261;8314;9181;9202;9203;9205;9206;9207;9208,junction
2004,junction,10,95.8,120.6,152.5,383.2,482.4,610.0,226.0,11,1,8221;8270;8275;8319;8710;9180;9209;9210;9211;9212;9213,junction
2005,junction,10,95.9,120.7,172.3,383.6,482.8,689.2,146.79999999999995,12,1,8226;8256;8272;8293;8711;9185;9214;9215;9216;9217;9218;9219,junction
2006,junction,4,95.5,121.5,16.5,382.0,486.0,66.0,66.0,6,1,8229;8279;8326;9220;9221;9222,junction
2007,junction,7,96.14285714285714,121.85714285714286,36.0,384.57142857142856,487.42857142857144,144.0,144.0,7,1,7725;8235;8277;9223;9225;9226;9227,junction
2008,junction,6,96.16666666666667,122.0,74.0,384.6666666666667,488.0,296.0,296.0,9,1,8242;8283;8288;8722;9228;9229;9230;9231;9232,junction
2009,junction,11,95.9090909090909,130.36363636363637,181.72727272727272,383.6363636363636,521.4545454545455,726.9090909090909,109.09090909090912,12,1,8257;8294;8298;8330;9214;9233;9234;9235;9236;9237;9238;9239,junction
2010,junction,10,95.9,130.9,104.0,383.6,523.6,416.0,288.4,9,1,7721;8304;8311;8337;8733;9240;9241;9242;9243,junction
2011,junction,16,95.9375,131.0625,123.1875,383.75,524.25,492.75,287.75,11,1,8263;8309;8317;8343;8730;8783;9245;9246;9247;9248;9249,junction
2012,junction,12,96.25,131.08333333333334,143.08333333333334,385.0,524.3333333333334,572.3333333333334,263.66666666666663,11,1,8269;8315;8320;8351;8784;9209;9251;9252;9253;9254;9255,junction
2013,junction,8,95.75,130.875,162.75,383.0,523.5,651.0,185.0,10,1,8274;8295;8322;8359;9217;9256;9257;9258;9259;9260,junction
2014,junction,6,96.0,131.83333333333334,26.0,384.0,527.3333333333334,104.0,104.0,9,1,7732;8280;8327;8353;8764;9262;9263;9264;9265,junction
2015,junction,11,96.0909090909091,140.0,172.1818181818182,384.3636363636364,560.0,688.7272727272727,147.27272727272725,10,1,8296;8331;8361;8371;9235;9266;9267;9268;9269;9270,junction
2016,junction,7,96.14285714285714,140.0,190.85714285714286,384.57142857142856,560.0,763.4285714285714,72.57142857142856,6,1,8299;8333;8395;9271;9272;9273,junction
2017,junction,13,96.0,141.0,94.0,384.0,564.0,376.0,248.0,11,1,7766;8305;8338;8379;9240;9274;9276;9277;9278;9279;9280,junction
2018,junction,7,96.0,140.71428571428572,113.85714285714286,384.0,562.8571428571429,455.42857142857144,249.1428571428571,9,1,8310;8339;8344;8384;9245;9281;9282;9283;9284,junction
2019,junction,11,95.9090909090909,140.72727272727272,152.63636363636363,383.6363636363636,562.9090909090909,610.5454545454545,225.4545454545455,12,1,8323;8352;8360;8363;8791;9251;9256;9285;9286;9287;9288;9289,junction
2020,junction,4,95.75,141.5,16.75,383.0,566.0,67.0,67.0,6,1,8328;8354;8399;9290;9291;9292,junction
2021,junction,11,96.0909090909091,150.0909090909091,181.8181818181818,384.3636363636364,600.3636363636364,727.2727272727273,108.72727272727275,9,1,8332;8369;8414;9293;9294;9296;9297;9298;9299,junction
2022,junction,13,96.07692307692308,151.0,104.07692307692308,384.3076923076923,604.0,416.3076923076923,208.0,10,1,7784;8340;8380;8827;9276;9281;9300;9301;9302;9304,junction
2023,junction,15,96.53333333333333,150.06666666666666,124.06666666666666,386.1333333333333,600.2666666666667,496.26666666666665,211.73333333333335,9,1,8346;8386;8391;8430;8785;9306;9307;9308;9309,junction
2024,junction,7,96.14285714285714,151.0,163.14285714285714,384.57142857142856,604.0,652.5714285714286,183.42857142857144,8,1,8364;8372;8811;9266;9285;9311;9312;9313,junction
2025,junction,7,96.14285714285714,151.14285714285714,26.0,384.57142857142856,604.5714285714286,104.0,104.0,8,1,7773;8356;8400;8420;9315;9316;9317;9318,junction
2026,junction,12,96.08333333333333,159.83333333333334,172.33333333333334,384.3333333333333,639.3333333333334,689.3333333333334,146.66666666666663,10,1,8373;8410;8417;9294;9311;9319;9320;9321;9322;9323,junction
2027,junction,9,96.0,160.0,191.44444444444446,384.0,640.0,765.7777777777778,70.22222222222217,8,1,8396;8415;8445;9325;9326;9327;9328;9329,junction
2028,junction,7,96.0,161.14285714285714,113.85714285714286,384.0,644.5714285714286,455.42857142857144,167.42857142857144,12,1,7786;7801;8387;8431;8836;9300;9330;9331;9332;9333;9334;9335,junction
2029,junction,7,95.85714285714286,160.71428571428572,133.57142857142858,383.42857142857144,642.8571428571429,534.2857142857143,169.1428571428571,10,1,8393;8402;8432;8463;8793;9336;9337;9338;9339;9340,junction
2030,junction,3,95.33333333333333,161.33333333333334,16.666666666666668,381.3333333333333,645.3333333333334,66.66666666666667,66.66666666666667,5,1,8397;8421;8465;8847;9341,junction
2031,junction,4,96.25,160.75,75.0,385.0,643.0,300.0,169.0,6,1,7791;8427;8455;9342;9343;9344,junction
2032,junction,8,95.875,169.875,163.125,383.5,679.5,652.5,132.5,9,1,8411;8437;8440;8483;9323;9345;9346;9347;9348,junction
2033,junction,12,96.0,169.91666666666666,182.08333333333334,384.0,679.6666666666666,728.3333333333334,107.66666666666663,11,1,8416;8442;8489;9319;9326;9349;9350;9351;9352;9353;9354,junction
2034,junction,10,96.1,171.1,123.7,384.4,684.4,494.8,127.60000000000002,11,1,7802;8433;8461;8472;8865;9331;9336;9355;9356;9357;9358,junction
2035,junction,10,96.0,180.0,152.8,384.0,720.0,611.2,92.0,8,1,8438;8479;9346;9359;9361;9362;9363;9364,junction
2036,junction,10,96.0,179.9,172.6,384.0,719.6,690.4,92.39999999999998,8,1,8443;8484;8490;9345;9366;9367;9368;9369,junction
2037,junction,9,96.0,180.0,191.44444444444446,384.0,720.0,765.7777777777778,70.22222222222217,7,1,8447;8491;9350;9371;9372;9373;9374,junction
2038,junction,10,96.0,181.1,74.9,384.0,724.4,299.6,87.60000000000002,9,1,7833;8458;8500;8861;9375;9376;9377;9378;9379,junction
2039,junction,9,96.0,180.0,133.33333333333334,384.0,720.0,533.3333333333334,92.0,8,1,8471;8478;8843;9355;9380;9381;9382;9383,junction
2040,junction,3,97.0,22.666666666666668,190.33333333333334,388.0,90.66666666666667,761.3333333333334,74.66666666666663,5,1,7865;9384;9385;9386;9387,junction
2041,junction,4,97.0,120.75,190.5,388.0,483.0,762.0,74.0,4,1,8255;9186;9233;9389,junction
2042,junction,3,96.66666666666667,181.33333333333334,17.333333333333332,386.6666666666667,725.3333333333334,69.33333333333333,69.33333333333333,4,1,7824;9390;9391;9392,junction
2043,junction,11,104.9090909090909,23.181818181818183,24.636363636363637,419.6363636363636,92.72727272727273,98.54545454545455,92.72727272727273,10,1,8527;8546;8944;9394;9395;9396;9397;9398;9399;9400,junction
2044,junction,4,104.75,13.25,112.5,419.0,53.0,450.0,53.0,4,1,8893;8898;8919;9401,junction
2045,junction,4,105.0,14.25,16.5,420.0,57.0,66.0,57.0,4,1,8525;9394;9403;9405,junction
2046,junction,7,105.28571428571429,14.571428571428571,34.857142857142854,421.14285714285717,58.285714285714285,139.42857142857142,58.285714285714285,8,1,8526;8530;8914;9395;9406;9407;9408;9409,junction
2047,junction,5,105.2,14.4,54.2,420.8,57.6,216.8,57.6,6,1,8533;8537;9411;9412;9413;9414,junction
2048,junction,7,105.85714285714286,14.285714285714286,73.85714285714286,423.42857142857144,57.142857142857146,295.42857142857144,57.142857142857146,5,1,8932;9415;9417;9418;9419,junction
2049,junction,5,105.4,14.4,93.4,421.6,57.6,373.6,57.6,5,1,8545;9420;9422;9423;9424,junction
2050,junction,14,105.92857142857143,21.928571428571427,181.21428571428572,423.7142857142857,87.71428571428571,724.8571428571429,87.71428571428571,12,1,8907;8942;8947;9387;9425;9426;9427;9428;9429;9430;9431;9432,junction
2051,junction,14,105.28571428571429,23.0,44.285714285714285,421.14285714285717,92.0,177.14285714285714,92.0,11,1,8531;8538;8564;8916;9406;9411;9433;9435;9436;9437;9438,junction
2052,junction,10,105.6,23.0,64.0,422.4,92.0,256.0,92.0,8,1,8534;8539;8552;8933;9439;9440;9441;9442,junction
2053,junction,8,105.125,23.0,83.125,420.5,92.0,332.5,92.0,9,1,8542;8559;8931;9443;9445;9446;9447;9448;9449,junction
2054,junction,9,105.44444444444444,23.0,103.0,421.77777777777777,92.0,412.0,92.0,7,1,8543;8920;8953;9451;9452;9453;9454,junction
2055,junction,12,105.83333333333333,32.833333333333336,152.0,423.3333333333333,131.33333333333334,608.0,131.33333333333334,12,1,8928;8967;8974;8979;9455;9456;9457;9458;9459;9460;9461;9462,junction
2056,junction,12,105.16666666666667,33.0,35.0,420.6666666666667,132.0,140.0,132.0,10,1,8547;8565;8566;8915;9433;9463;9464;9465;9466;9467,junction
2057,junction,8,105.25,33.0,73.75,421.0,132.0,295.0,132.0,8,1,8554;8560;8930;8996;9468;9469;9470;9471,junction
2058,junction,9,105.55555555555556,33.111111111111114,93.0,422.22222222222223,132.44444444444446,372.0,132.44444444444446,6,1,8561;8954;9000;9472;9473;9474,junction
2059,junction,7,105.85714285714286,33.714285714285715,16.571428571428573,423.42857142857144,134.85714285714286,66.28571428571429,66.28571428571429,8,1,8549;8943;9398;9476;9477;9478;9479;9480,junction
2060,junction,9,105.66666666666667,33.44444444444444,54.44444444444444,422.6666666666667,133.77777777777777,217.77777777777777,133.77777777777777,7,1,8536;8553;8571;9481;9482;9483;9484,junction
2061,junction,11,105.63636363636364,42.45454545454545,142.1818181818182,422.54545454545456,169.8181818181818,568.7272727272727,169.8181818181818,11,1,8968;8982;9010;9041;9457;9485;9486;9487;9488;9489;9490,junction
2062,junction,13,105.38461538461539,42.84615384615385,25.23076923076923,421.53846153846155,171.3846153846154,100.92307692307692,100.92307692307692,10,1,8548;8567;8585;9463;9478;9492;9493;9494;9495;9496,junction
2063,junction,6,104.83333333333333,43.0,43.833333333333336,419.3333333333333,172.0,175.33333333333334,172.0,6,1,8563;8568;8572;9497;9498;9499,junction
2064,junction,10,105.7,43.0,64.0,422.8,172.0,256.0,172.0,8,1,8555;8573;8997;9025;9500;9501;9502;9503,junction
2065,junction,10,105.6,42.9,103.1,422.4,171.6,412.4,171.6,9,1,8956;9002;9006;9035;9504;9505;9506;9507;9508,junction
2066,junction,4,105.25,43.0,84.5,421.0,172.0,338.0,172.0,6,1,8998;9001;9030;9509;9510;9511,junction
2067,junction,13,105.84615384615384,51.84615384615385,152.15384615384616,423.38461538461536,207.3846153846154,608.6153846153846,207.3846153846154,9,1,8981;9017;9043;9054;9488;9513;9514;9515;9516,junction
2068,junction,3,104.33333333333333,52.333333333333336,16.666666666666668,417.3333333333333,209.33333333333334,66.66666666666667,66.66666666666667,3,1,8586;9518;9519,junction
2069,junction,2,104.5,52.5,54.5,418.0,210.0,218.0,210.0,3,1,8591;9026;9521,junction
2070,junction,10,105.6,53.0,74.0,422.4,212.0,296.0,212.0,8,1,8601;8999;9027;9031;9522;9523;9524;9525,junction
2071,junction,11,105.72727272727273,53.18181818181818,113.0,422.90909090909093,212.72727272727272,452.0,212.72727272727272,9,1,8579;9008;9036;9048;9526;9528;9529;9530;9531,junction
2072,junction,10,105.5,62.5,44.9,422.0,250.0,179.6,179.6,8,1,8592;8606;8633;9533;9534;9535;9536;9537,junction
2073,junction,10,105.6,62.0,123.0,422.4,248.0,492.0,248.0,8,1,8581;9050;9073;9079;9538;9539;9540;9541,junction
2074,junction,9,105.55555555555556,63.111111111111114,63.888888888888886,422.22222222222223,252.44444444444446,255.55555555555554,252.44444444444446,8,1,8603;8628;9069;9543;9544;9545;9546;9547,junction
2075,junction,10,105.4,63.0,84.0,421.6,252.0,336.0,252.0,8,1,8596;8602;8619;9033;9548;9549;9550;9551,junction
2076,junction,8,105.375,62.75,103.5,421.5,251.0,414.0,251.0,9,1,8595;9038;9049;9097;9526;9552;9554;9555;9556,junction
2077,junction,4,105.25,63.25,25.25,421.0,253.0,101.0,101.0,8,1,8608;8622;9075;9557;9558;9559;9560;9561,junction
2078,junction,8,105.5,71.625,172.0,422.0,286.5,688.0,148.0,10,1,8614;9063;9092;9562;9563;9564;9565;9566;9567;9568,junction
2079,junction,8,105.625,72.5,74.0,422.5,290.0,296.0,290.0,8,1,8604;8620;8630;8646;9569;9570;9571;9572,junction
2080,junction,10,105.6,72.0,113.0,422.4,288.0,452.0,288.0,8,1,8658;9051;9080;9099;9573;9574;9575;9576,junction
2081,junction,8,105.5,73.125,34.875,422.0,292.5,139.5,139.5,10,1,8609;8626;8635;8644;9533;9577;9578;9579;9580;9581,junction
2082,junction,14,105.85714285714286,72.0,152.0,423.42857142857144,288.0,608.0,228.0,11,1,8617;9057;9087;9113;9582;9583;9585;9586;9587;9588;9589,junction
2083,junction,8,104.75,73.125,54.5,419.0,292.5,218.0,218.0,7,1,8629;8634;9125;9591;9592;9593;9594,junction
2084,junction,5,105.4,73.2,16.6,421.6,292.8,66.4,66.4,5,1,8637;9595;9597;9598;9599,junction
2085,junction,17,105.88235294117646,81.23529411764706,162.0,423.52941176470586,324.94117647058823,648.0,188.0,12,1,8616;9115;9119;9129;9563;9585;9600;9601;9602;9603;9604;9605,junction
2086,junction,9,105.55555555555556,82.0,45.0,422.22222222222223,328.0,180.0,180.0,8,1,8636;8640;8668;9123;9606;9607;9608;9609,junction
2087,junction,12,105.41666666666667,82.33333333333333,63.833333333333336,421.6666666666667,329.3333333333333,255.33333333333334,255.33333333333334,9,1,8631;8647;8676;9126;9610;9611;9612;9613;9614,junction
2088,junction,7,105.57142857142857,82.0,83.71428571428571,422.2857142857143,328.0,334.85714285714283,328.0,8,1,8621;8645;8653;9151;9615;9616;9617;9618,junction
2089,junction,12,105.66666666666667,82.66666666666667,25.666666666666668,422.6666666666667,330.6666666666667,102.66666666666667,102.66666666666667,11,1,8625;8639;8666;9579;9595;9620;9621;9622;9623;9624;9625,junction
2090,junction,12,105.75,82.0,123.0,423.0,328.0,492.0,328.0,10,1,8661;9082;9108;9139;9626;9627;9628;9629;9630;9631,junction
2091,junction,7,105.57142857142857,91.71428571428571,152.0,422.2857142857143,366.85714285714283,608.0,228.0,9,1,9116;9130;9148;9600;9632;9633;9635;9636;9637,junction
2092,junction,11,105.72727272727273,90.9090909090909,172.0,422.90909090909093,363.6363636363636,688.0,148.0,9,1,9131;9136;9158;9638;9639;9641;9642;9643;9644,junction
2093,junction,5,105.0,91.8,16.6,420.0,367.2,66.4,66.4,8,1,8638;8667;9176;9620;9645;9646;9647;9648,junction
2094,junction,9,105.66666666666667,91.88888888888889,35.0,422.6666666666667,367.55555555555554,140.0,140.0,9,1,8642;8663;8669;9621;9650;9651;9652;9653;9654,junction
2095,junction,10,105.5,92.0,55.0,422.0,368.0,220.0,220.0,8,1,8670;8677;8685;9124;9655;9656;9657;9658,junction
2096,junction,10,105.5,92.0,74.0,422.0,368.0,296.0,296.0,8,1,8648;8674;8688;9152;9659;9660;9661;9662,junction
2097,junction,11,105.72727272727273,92.0,132.9090909090909,422.90909090909093,368.0,531.6363636363636,304.3636363636364,10,1,9109;9142;9147;9165;9663;9664;9665;9666;9667;9668,junction
2098,junction,9,104.77777777777777,102.11111111111111,26.333333333333332,419.1111111111111,408.44444444444446,105.33333333333333,105.33333333333333,7,1,8664;8681;9646;9669;9671;9673;9674,junction
2099,junction,13,105.46153846153847,102.07692307692308,45.53846153846154,421.84615384615387,408.3076923076923,182.15384615384616,182.15384615384616,10,1,8671;8682;8686;8719;9650;9676;9677;9678;9679;9680,junction
2100,junction,2,104.5,101.5,64.5,418.0,406.0,258.0,258.0,4,1,8683;8689;9682;9683,junction
2101,junction,10,105.5,102.0,84.0,422.0,408.0,336.0,336.0,8,1,8690;8703;8724;9154;9684;9685;9686;9687,junction
2102,junction,9,105.55555555555556,102.11111111111111,122.88888888888889,422.22222222222223,408.44444444444446,491.55555555555554,337.77777777777777,10,1,8696;9143;9167;9199;9665;9688;9689;9690;9691;9692,junction
2103,junction,13,105.61538461538461,111.76923076923077,54.84615384615385,422.46153846153845,447.0769230769231,219.3846153846154,219.3846153846154,10,1,8687;8718;8742;9192;9677;9693;9694;9696;9697;9698,junction
2104,junction,5,104.8,111.8,35.6,419.2,447.2,142.4,142.4,6,1,8708;8720;9699;9701;9702;9703,junction
2105,junction,13,106.15384615384616,111.3076923076923,152.3846153846154,424.61538461538464,445.2307692307692,609.5384615384615,226.46153846153845,9,1,8715;9184;9210;9705;9706;9707;9708;9709;9710,junction
2106,junction,10,105.6,112.0,94.0,422.4,448.0,376.0,337.6,8,1,8705;8725;8737;9195;9712;9713;9714;9715,junction
2107,junction,10,105.6,121.6,104.1,422.4,486.4,416.4,325.6,9,1,8734;8739;9197;9241;9716;9717;9718;9719;9720,junction
2108,junction,9,105.44444444444444,121.0,123.0,421.77777777777777,484.0,492.0,328.0,8,1,8732;9198;9206;9246;9722;9723;9724;9725,junction
2109,junction,10,105.7,122.1,44.9,422.8,488.4,179.6,179.6,9,1,8721;8743;8759;9226;9727;9728;9729;9730;9731,junction
2110,junction,10,105.5,122.1,83.9,422.0,488.4,335.6,323.6,9,1,8727;8738;8756;9231;9732;9733;9734;9735;9736,junction
2111,junction,12,105.75,122.0,64.75,423.0,488.0,259.0,259.0,8,1,8744;8747;9194;9229;9737;9739;9740;9741,junction
2112,junction,17,105.88235294117646,130.23529411764707,172.0,423.52941176470586,520.9411764705883,688.0,148.0,12,1,9219;9238;9259;9267;9742;9743;9744;9745;9746;9747;9748;9749,junction
2113,junction,8,104.875,131.25,35.375,419.5,525.0,141.5,141.5,11,1,8761;8767;9227;9264;9728;9750;9751;9752;9753;9754;9755,junction
2114,junction,9,105.33333333333333,131.22222222222223,74.44444444444444,421.3333333333333,524.8888888888889,297.77777777777777,287.1111111111111,10,1,8749;8757;8777;9232;9733;9756;9757;9758;9759;9760,junction
2115,junction,10,105.6,131.0,93.9,422.4,524.0,375.6,288.0,8,1,8736;8753;9242;9277;9761;9762;9763;9764,junction
2116,junction,14,105.71428571428571,130.92857142857142,113.21428571428571,422.85714285714283,523.7142857142857,452.85714285714283,288.28571428571433,10,1,9243;9247;9282;9717;9765;9766;9767;9768;9769;9770,junction
2117,junction,6,105.16666666666667,131.16666666666666,17.166666666666668,420.6666666666667,524.6666666666666,68.66666666666667,68.66666666666667,6,1,9222;9263;9291;9773;9774;9775,junction
2118,junction,9,105.44444444444444,132.0,55.0,421.77777777777777,528.0,220.0,220.0,8,1,8745;8748;8762;8770;9776;9777;9778;9779,junction
2119,junction,13,105.76923076923077,139.84615384615384,181.76923076923077,423.0769230769231,559.3846153846154,727.0769230769231,108.9230769230769,11,1,9239;9269;9273;9296;9745;9780;9781;9782;9783;9784;9785,junction
2120,junction,11,105.36363636363636,140.8181818181818,26.0,421.45454545454544,563.2727272727273,104.0,104.0,10,1,8768;9265;9292;9316;9750;9786;9787;9788;9789;9790,junction
2121,junction,13,105.3076923076923,141.6153846153846,45.61538461538461,421.2307692307692,566.4615384615385,182.46153846153845,182.46153846153845,10,1,8763;8765;8773;8800;9754;9791;9794;9795;9796;9797,junction
2122,junction,10,105.4,141.0,84.0,421.6,564.0,336.0,248.0,8,1,8755;8780;8807;9278;9798;9799;9800;9801,junction
2123,junction,9,105.44444444444444,140.88888888888889,104.11111111111111,421.77777777777777,563.5555555555555,416.44444444444446,248.44444444444446,9,1,9279;9283;9301;9767;9802;9803;9804;9805;9806,junction
2124,junction,8,105.625,140.875,123.0,422.5,563.5,492.0,248.5,7,1,9249;9284;9309;9807;9808;9809;9810,junction
2125,junction,15,105.86666666666666,141.0,143.13333333333333,423.46666666666664,564.0,572.5333333333333,248.0,12,1,8789;8792;9254;9287;9811;9812;9813;9814;9815;9816;9817;9818,junction
2126,junction,10,105.6,150.0,172.4,422.4,600.0,689.6,146.39999999999998,10,1,9270;9297;9312;9320;9781;9819;9820;9821;9822;9823,junction
2127,junction,16,105.0625,151.3125,35.8125,420.25,605.25,143.25,143.25,11,1,8769;8801;8817;9318;9791;9824;9825;9826;9827;9828;9829,junction
2128,junction,10,105.4,151.0,55.0,421.6,604.0,220.0,208.0,8,1,8772;8798;8804;8822;9830;9831;9832;9833,junction
2129,junction,9,105.33333333333333,151.0,74.77777777777777,421.3333333333333,604.0,299.1111111111111,208.0,9,1,8781;8803;8808;9342;9834;9835;9836;9837;9838,junction
2130,junction,5,104.8,151.6,17.4,419.2,606.4,69.6,69.6,7,1,9290;9317;9341;9840;9841;9842;9843,junction
2131,junction,10,105.4,151.1,133.0,421.6,604.4,532.0,207.60000000000002,10,1,8790;8795;9308;9337;9813;9844;9845;9846;9847;9848,junction
2132,junction,10,105.7,151.0,94.0,422.8,604.0,376.0,208.0,8,1,8809;8829;9280;9302;9849;9850;9851;9852,junction
2133,junction,8,105.5,151.25,113.75,422.0,605.0,455.0,207.0,8,1,9306;9332;9853;9854;9855;9856;9857;9858,junction
2134,junction,10,105.6,160.4,143.1,422.4,641.6,572.4,170.39999999999998,10,1,8797;8814;8844;9339;9860;9861;9862;9863;9864;9865,junction
2135,junction,13,105.0,161.0,26.0,420.0,644.0,104.0,104.0,10,1,8818;8848;9315;9825;9841;9867;9869;9870;9871;9872,junction
2136,junction,9,105.33333333333333,160.66666666666666,45.0,421.3333333333333,642.6666666666666,180.0,169.33333333333337,11,1,8799;8819;8823;8854;9826;9873;9874;9875;9876;9877;9878,junction
2137,junction,12,105.5,160.66666666666666,64.83333333333333,422.0,642.6666666666666,259.3333333333333,169.33333333333337,9,1,8805;8824;8859;9343;9834;9880;9882;9883;9884,junction
2138,junction,6,105.33333333333333,169.83333333333334,114.16666666666667,421.3333333333333,679.3333333333334,456.6666666666667,132.66666666666663,7,1,8841;8868;9335;9356;9885;9886;9887,junction
2139,junction,12,104.75,171.33333333333334,35.916666666666664,419.0,685.3333333333334,143.66666666666666,126.66666666666663,8,1,8820;8849;8875;9873;9889;9891;9892;9893,junction
2140,junction,8,105.75,171.25,55.0,423.0,685.0,220.0,127.0,9,1,8825;8855;8860;8884;9894;9895;9896;9897;9898,junction
2141,junction,9,105.55555555555556,180.55555555555554,104.0,422.22222222222223,722.2222222222222,416.0,89.77777777777783,8,1,8842;8869;8881;9899;9900;9901;9902;9903,junction
2142,junction,13,105.6923076923077,180.23076923076923,142.84615384615384,422.7692307692308,720.9230769230769,571.3846153846154,91.0769230769231,9,1,8846;9362;9383;9904;9906;9907;9908;9909;9910,junction
2143,junction,8,104.875,181.0,25.875,419.5,724.0,103.5,88.0,11,1,8851;8874;9390;9889;9911;9913;9914;9915;9916;9917;9918,junction
2144,junction,11,105.54545454545455,181.1818181818182,64.9090909090909,422.1818181818182,724.7272727272727,259.6363636363636,87.27272727272725,10,1,8863;8887;9377;9919;9920;9921;9922;9923;9924;9925,junction
2145,junction,6,106.0,13.666666666666666,132.0,424.0,54.666666666666664,528.0,54.666666666666664,5,1,8896;8935;9927;9929;9930,junction
2146,junction,8,105.875,13.5,151.875,423.5,54.0,607.5,54.0,7,1,8901;8909;8925;9931;9932;9933;9934,junction
2147,junction,3,106.0,13.333333333333334,189.66666666666666,424.0,53.333333333333336,758.6666666666666,53.333333333333336,2,1,9386;9427,degree_two
2148,junction,11,105.9090909090909,22.90909090909091,141.9090909090909,423.6363636363636,91.63636363636364,567.6363636363636,91.63636363636364,10,1,8912;8926;8937;8965;9455;9929;9931;9939;9941;9942,junction
2149,junction,11,106.0,22.818181818181817,161.72727272727272,424.0,91.27272727272727,646.9090909090909,91.27272727272727,11,1,8903;8941;8972;9456;9932;9943;9944;9945;9946;9947;9948,junction
2150,junction,4,106.25,22.5,123.25,425.0,90.0,493.0,90.0,7,1,8936;8959;9927;9949;9950;9951;9952,junction
2151,junction,9,106.0,32.0,190.44444444444446,424.0,128.0,761.7777777777778,74.22222222222217,6,1,8990;9385;9428;9954;9955;9957,junction
2152,junction,6,106.0,33.166666666666664,133.0,424.0,132.66666666666666,532.0,132.66666666666666,6,1,8938;8962;8966;9959;9960;9961,junction
2153,junction,6,106.0,32.166666666666664,172.0,424.0,128.66666666666666,688.0,128.66666666666666,8,1,8948;8973;9425;9944;9963;9964;9965;9966,junction
2154,junction,11,106.18181818181819,33.18181818181818,113.36363636363636,424.72727272727275,132.72727272727272,453.45454545454544,132.72727272727272,10,1,8955;8960;9005;9504;9951;9967;9968;9969;9970;9971,junction
2155,junction,15,106.0,42.2,161.86666666666667,424.0,168.8,647.4666666666667,168.8,11,1,8975;8980;8985;9016;9458;9963;9972;9974;9975;9976;9977,junction
2156,junction,12,106.08333333333333,42.0,180.91666666666666,424.3333333333333,168.0,723.6666666666666,112.33333333333337,10,1,8950;8986;9020;9954;9965;9979;9980;9981;9982;9983,junction
2157,junction,7,106.14285714285714,43.0,123.14285714285714,424.57142857142856,172.0,492.57142857142856,172.0,10,1,8578;8961;9007;9009;9967;9984;9985;9986;9987;9988,junction
2158,junction,5,106.0,52.0,171.4,424.0,208.0,685.6,150.39999999999998,9,1,8987;9018;9024;9060;9989;9990;9991;9992;9993,junction
2159,junction,7,106.14285714285714,52.142857142857146,190.42857142857142,424.57142857142856,208.57142857142858,761.7142857142857,74.28571428571433,8,1,8991;9021;9065;9979;9994;9995;9996;9997,junction
2160,junction,3,105.33333333333333,52.666666666666664,93.66666666666667,421.3333333333333,210.66666666666666,374.6666666666667,210.66666666666666,4,1,9032;9037;9998;9999,junction
2161,junction,6,106.0,53.166666666666664,133.33333333333334,424.0,212.66666666666666,533.3333333333334,212.66666666666666,9,1,8580;9011;9042;9486;10000;10001;10002;10003;10004,junction
2162,junction,7,106.28571428571429,52.714285714285715,34.857142857142854,425.14285714285717,210.85714285714286,139.42857142857142,139.42857142857142,10,1,8569;8590;8605;9492;9497;9557;10005;10006;10007;10008,junction
2163,junction,9,106.0,62.0,162.0,424.0,248.0,648.0,188.0,11,1,8613;9019;9056;9061;9565;9583;9989;10009;10010;10011;10012,junction
2164,junction,8,105.875,62.0,181.625,423.5,248.0,726.5,109.5,11,1,9023;9062;9067;9094;9562;9994;10013;10014;10015;10016;10017,junction
2165,junction,9,106.11111111111111,62.111111111111114,141.88888888888889,424.44444444444446,248.44444444444446,567.5555555555555,248.44444444444446,9,1,9055;9074;9084;9582;10002;10018;10019;10020;10022,junction
2166,junction,9,106.0,71.0,190.44444444444446,424.0,284.0,761.7777777777778,74.22222222222217,7,1,9066;9093;9100;10013;10023;10024;10025,junction
2167,junction,6,106.16666666666667,72.83333333333333,93.83333333333333,424.6666666666667,291.3333333333333,375.3333333333333,291.3333333333333,8,1,8598;8618;8652;9098;10027;10028;10029;10030,junction
2168,junction,6,105.66666666666667,72.16666666666667,132.5,422.6666666666667,288.6666666666667,530.0,288.6666666666667,8,1,9081;9085;9107;9626;10018;10031;10032;10033,junction
2169,junction,5,106.0,82.0,142.8,424.0,328.0,571.2,264.79999999999995,7,1,9088;9110;9114;9146;10034;10035;10036,junction
2170,junction,9,106.11111111111111,80.88888888888889,181.55555555555554,424.44444444444446,323.55555555555554,726.2222222222222,109.77777777777783,10,1,9102;9120;9135;9564;9639;10023;10037;10038;10039;10040,junction
2171,junction,4,105.5,82.25,103.25,422.0,329.0,413.0,329.0,5,1,8654;10041;10042;10043;10044,junction
2172,junction,5,105.4,91.0,190.4,421.6,364.0,761.6,74.39999999999998,7,1,9103;9137;9174;10037;10045;10046;10047,junction
2173,junction,6,106.16666666666667,91.83333333333333,113.0,424.6666666666667,367.3333333333333,452.0,335.3333333333333,8,1,8662;8694;9140;9156;10048;10049;10050;10051,junction
2174,junction,8,106.25,92.0,94.125,425.0,368.0,376.5,335.0,9,1,8651;8702;9153;9155;10043;10052;10053;10054;10055,junction
2175,junction,14,106.0,101.14285714285714,162.14285714285714,424.0,404.57142857142856,648.5714285714286,187.42857142857144,9,1,8713;9132;9172;9705;10058;10059;10060;10061;10062,junction
2176,junction,6,105.83333333333333,101.0,181.66666666666666,423.3333333333333,404.0,726.6666666666666,109.33333333333337,10,1,9138;9160;9175;9187;10046;10063;10064;10065;10066;10067,junction
2177,junction,13,106.15384615384616,101.6923076923077,142.84615384615384,424.61538461538464,406.7692307692308,571.3846153846154,264.61538461538464,10,1,9149;9166;9171;9182;9633;10070;10071;10072;10073;10074,junction
2178,junction,3,105.33333333333333,101.66666666666667,104.66666666666667,421.3333333333333,406.6666666666667,418.6666666666667,338.6666666666667,3,1,8695;8704;10076,junction
2179,junction,14,106.0,111.0,172.14285714285714,424.0,444.0,688.5714285714286,147.42857142857144,12,1,8714;9161;9188;9215;10058;10063;10077;10078;10079;10080;10081;10082,junction
2180,junction,7,106.0,112.0,16.857142857142858,424.0,448.0,67.42857142857143,67.42857142857143,8,1,8707;9178;9220;9671;10083;10084;10085;10086,junction
2181,junction,4,105.75,112.0,74.5,423.0,448.0,298.0,298.0,6,1,8691;8726;10087;10088;10089;10090,junction
2182,junction,4,105.75,112.0,113.5,423.0,448.0,454.0,337.0,8,1,8697;8731;9196;9200;9690;10091;10092;10093,junction
2183,junction,7,106.14285714285714,111.14285714285714,133.0,424.57142857142856,444.57142857142856,532.0,304.0,8,1,9168;9183;9201;9205;10094;10095;10096;10097,junction
2184,junction,3,106.0,111.66666666666667,190.33333333333334,424.0,446.6666666666667,761.3333333333334,74.66666666666663,5,1,9189;10098;10099;10100;10101,junction
2185,junction,10,105.8,120.9,162.0,423.2,483.6,648.0,188.0,12,1,8716;9212;9218;9257;9706;9742;10077;10102;10103;10104;10105;10106,junction
2186,junction,6,106.0,121.0,182.0,424.0,484.0,728.0,108.0,12,1,9190;9216;9236;9389;9743;10078;10099;10107;10108;10109;10110;10111,junction
2187,junction,7,106.0,122.0,26.0,424.0,488.0,104.0,104.0,9,1,9221;9225;9262;9751;10084;10112;10113;10114;10115,junction
2188,junction,8,106.375,121.125,143.0,425.5,484.5,572.0,264.0,8,1,9211;9252;9707;10116;10117;10118;10119;10120,junction
2189,junction,12,106.0,131.08333333333334,133.08333333333334,424.0,524.3333333333334,532.3333333333334,287.66666666666663,11,1,8786;9208;9248;9253;9807;9811;10116;10121;10122;10123;10124,junction
2190,junction,8,105.875,130.75,152.875,423.5,523.0,611.5,224.5,9,1,9213;9255;9258;9286;9812;10102;10125;10126;10127,junction
2191,junction,4,106.0,130.0,190.25,424.0,520.0,761.0,75.0,5,1,9237;9271;9780;10107;10128,junction
2192,junction,7,105.85714285714286,140.71428571428572,162.42857142857142,423.42857142857144,562.8571428571429,649.7142857142857,186.28571428571433,8,1,9260;9268;9288;9744;10129;10131;10132;10133,junction
2193,junction,6,106.5,141.0,64.83333333333333,426.0,564.0,259.3333333333333,248.0,7,1,8750;8771;8802;10134;10135;10136;10137,junction
2194,junction,4,106.0,149.75,190.75,424.0,599.0,763.0,73.0,6,1,9272;9298;9327;10139;10140;10141,junction
2195,junction,7,106.14285714285714,151.0,153.14285714285714,424.57142857142856,604.0,612.5714285714286,208.0,12,1,8796;8813;9289;9313;9814;9860;10129;10142;10143;10144;10145;10146,junction
2196,junction,12,106.0,160.08333333333334,182.08333333333334,424.0,640.3333333333334,728.3333333333334,107.66666666666663,11,1,9299;9322;9328;9351;10139;10147;10148;10149;10150;10151;10152,junction
2197,junction,9,106.11111111111111,161.11111111111111,104.44444444444444,424.44444444444446,644.4444444444445,417.77777777777777,167.55555555555554,10,1,8837;9304;9333;9855;10153;10154;10155;10156;10157;10158,junction
2198,junction,4,105.75,161.0,123.5,423.0,644.0,494.0,168.0,7,1,9307;9334;9338;9845;10159;10160;10161,junction
2199,junction,7,105.85714285714286,160.14285714285714,163.0,423.42857142857144,640.5714285714286,652.0,171.42857142857144,9,1,8815;9321;9347;9819;10142;10162;10163;10164;10165,junction
2200,junction,1,105.0,161.0,84.0,420.0,644.0,336.0,168.0,2,1,8830;9344,degree_two
2201,junction,7,106.14285714285714,170.14285714285714,191.42857142857142,424.57142857142856,680.5714285714286,765.7142857142857,70.28571428571433,6,1,9329;9372;10148;10168;10169;10170,junction
2202,junction,5,106.0,170.8,17.0,424.0,683.2,68.0,68.0,6,1,8850;9867;9913;10172;10173;10174,junction
2203,junction,6,105.83333333333333,170.5,94.66666666666667,423.3333333333333,682.0,378.6666666666667,130.0,9,1,8832;8835;8840;8878;10154;10176;10177;10178;10179,junction
2204,junction,9,106.11111111111111,170.0,133.55555555555554,424.44444444444446,680.0,534.2222222222222,132.0,9,1,8845;9340;9357;9863;10180;10181;10182;10183;10184,junction
2205,junction,9,106.11111111111111,169.88888888888889,172.55555555555554,424.44444444444446,679.5555555555555,690.2222222222222,132.44444444444446,9,1,9348;9352;10147;10163;10186;10187;10188;10189;10190,junction
2206,junction,4,105.5,170.75,75.5,422.0,683.0,302.0,129.0,5,1,8834;8862;10191;10192;10193,junction
2207,junction,10,106.0,179.9,181.8,424.0,719.6,727.2,92.39999999999998,9,1,9354;9369;10168;10187;10194;10195;10196;10198;10199,junction
2208,junction,9,106.22222222222223,180.44444444444446,124.11111111111111,424.8888888888889,721.7777777777778,496.44444444444446,90.22222222222217,10,1,8870;9358;9380;9381;10180;10200;10201;10202;10203;10204,junction
2209,junction,7,106.0,180.0,162.85714285714286,424.0,720.0,651.4285714285714,92.0,9,1,9363;9368;10186;10205;10206;10207;10208;10209;10210,junction
2210,junction,4,105.75,180.75,45.0,423.0,723.0,180.0,89.0,5,1,8873;8885;10211;10213;10214,junction
2211,junction,3,105.66666666666667,181.0,84.33333333333333,422.6666666666667,724.0,337.3333333333333,88.0,3,1,9378;10215;10216,junction
2212,junction,4,106.5,13.75,171.5,426.0,55.0,686.0,55.0,7,1,8902;8906;9426;10218;10219;10220;10221,junction
2213,junction,1,106.0,54.0,17.0,424.0,216.0,68.0,68.0,3,1,9519;10222;10223,junction
2214,junction,8,115.375,14.75,25.5,461.5,59.0,102.0,59.0,6,1,9396;9407;10225;10226;10228;10229,junction
2215,junction,6,115.0,14.333333333333334,83.66666666666667,460.0,57.333333333333336,334.6666666666667,57.333333333333336,6,1,9418;9423;9448;10230;10231;10232,junction
2216,junction,5,115.2,14.4,102.4,460.8,57.6,409.6,57.6,5,1,9422;9451;10233;10234;10235,junction
2217,junction,3,115.0,14.666666666666666,44.0,460.0,58.666666666666664,176.0,58.666666666666664,5,1,9413;9436;10237;10238;10239,junction
2218,junction,9,115.66666666666667,14.333333333333334,63.888888888888886,462.6666666666667,57.333333333333336,255.55555555555554,57.333333333333336,7,1,9412;9417;9439;10240;10241;10242;10243,junction
2219,junction,6,115.66666666666667,14.333333333333334,122.66666666666667,462.6666666666667,57.333333333333336,490.6666666666667,57.333333333333336,4,1,9949;10244;10246;10248,junction
2220,junction,9,115.44444444444444,23.333333333333332,34.22222222222222,461.77777777777777,93.33333333333333,136.88888888888889,93.33333333333333,11,1,9399;9409;9437;9467;10225;10238;10249;10250;10251;10252;10253,junction
2221,junction,11,115.36363636363636,23.727272727272727,54.18181818181818,461.45454545454544,94.9090909090909,216.72727272727272,94.9090909090909,9,1,9414;9440;9481;10241;10255;10256;10257;10258;10259,junction
2222,junction,11,115.36363636363636,22.90909090909091,74.0,461.45454545454544,91.63636363636364,296.0,91.63636363636364,10,1,9419;9441;9449;9470;10230;10260;10261;10262;10263;10264,junction
2223,junction,10,115.6,22.9,93.0,462.4,91.6,372.0,91.6,8,1,9424;9452;9473;10265;10266;10267;10268;10269,junction
2224,junction,10,115.3,23.0,113.0,461.2,92.0,452.0,92.0,7,1,9453;9950;9968;10271;10272;10273;10274,junction
2225,junction,8,115.0,23.5,16.375,460.0,94.0,65.5,65.5,7,1,9397;9405;9477;10226;10275;10276;10277,junction
2226,junction,14,115.78571428571429,22.857142857142858,151.92857142857142,463.14285714285717,91.42857142857143,607.7142857142857,91.42857142857143,11,1,9459;9934;9941;9946;10278;10279;10280;10281;10282;10283;10284,junction
2227,junction,16,115.125,33.1875,25.125,460.5,132.75,100.5,100.5,10,1,9400;9464;9479;9493;10250;10275;10287;10288;10289;10290,junction
2228,junction,10,115.5,32.9,84.1,462.0,131.6,336.4,131.6,8,1,9447;9469;9474;9509;10292;10293;10294;10295,junction
2229,junction,10,115.5,33.0,103.0,462.0,132.0,412.0,132.0,8,1,9454;9472;9505;9969;10296;10297;10298;10299,junction
2230,junction,9,115.44444444444444,33.0,142.0,461.77777777777777,132.0,568.0,132.0,9,1,9460;9485;9942;9960;10300;10301;10302;10303;10304,junction
2231,junction,4,115.0,33.0,122.75,460.0,132.0,491.0,132.0,5,1,9959;9970;10306;10307;10308,junction
2232,junction,7,115.71428571428571,33.285714285714285,64.0,462.85714285714283,133.14285714285714,256.0,133.14285714285714,8,1,9442;9471;9483;9500;10310;10311;10312;10313,junction
2233,junction,12,115.66666666666667,41.916666666666664,152.16666666666666,462.6666666666667,167.66666666666666,608.6666666666666,167.66666666666666,9,1,9462;9489;9513;9975;10302;10315;10316;10317;10318,junction
2234,junction,6,114.66666666666667,43.0,16.333333333333332,458.6666666666667,172.0,65.33333333333333,65.33333333333333,4,1,9480;9494;10321;10322,junction
2235,junction,11,115.0,43.0,35.0,460.0,172.0,140.0,140.0,10,1,9466;9495;10006;10323;10324;10325;10326;10327;10328;10329,junction
2236,junction,7,115.28571428571429,42.857142857142854,54.285714285714285,461.14285714285717,171.42857142857142,217.14285714285714,171.42857142857142,5,1,9484;9501;10333;10334;10335,junction
2237,junction,7,114.85714285714286,43.0,74.0,459.42857142857144,172.0,296.0,172.0,10,1,9468;9502;9510;9522;10336;10337;10338;10339;10340;10341,junction
2238,junction,12,115.83333333333333,42.0,171.25,463.3333333333333,168.0,685.0,151.0,9,1,9976;9990;10342;10343;10344;10345;10346;10347;10348,junction
2239,junction,10,115.5,43.0,113.0,462.0,172.0,452.0,172.0,8,1,9507;9528;9971;9986;10349;10350;10351;10352,junction
2240,junction,11,115.81818181818181,52.45454545454545,142.45454545454547,463.27272727272725,209.8181818181818,569.8181818181819,209.8181818181818,8,1,9490;9514;10003;10019;10355;10356;10357;10358,junction
2241,junction,9,115.44444444444444,52.0,162.0,461.77777777777777,208.0,648.0,188.0,8,1,9515;9977;9991;10009;10360;10361;10362;10363,junction
2242,junction,15,115.06666666666666,53.0,25.133333333333333,460.26666666666665,212.0,100.53333333333333,100.53333333333333,12,1,9496;9558;10007;10223;10325;10364;10365;10366;10367;10368;10369;10370,junction
2243,junction,7,114.71428571428571,53.142857142857146,45.0,458.85714285714283,212.57142857142858,180.0,180.0,7,1,9499;9535;10005;10372;10373;10375;10376,junction
2244,junction,10,115.3,53.0,63.9,461.2,212.0,255.6,212.0,9,1,9503;9521;9524;9543;10377;10378;10379;10380;10381,junction
2245,junction,9,115.44444444444444,53.111111111111114,84.0,461.77777777777777,212.44444444444446,336.0,212.44444444444446,6,1,9523;9548;10384;10385;10386;10387,junction
2246,junction,8,115.5,53.0,103.0,462.0,212.0,412.0,212.0,9,1,9508;9530;9552;9999;10388;10389;10390;10391;10392,junction
2247,junction,9,115.33333333333333,52.55555555555556,123.0,461.3333333333333,210.22222222222223,492.0,210.22222222222223,8,1,9529;9539;9988;10001;10393;10394;10395;10396,junction
2248,junction,9,115.44444444444444,61.888888888888886,74.22222222222223,461.77777777777777,247.55555555555554,296.8888888888889,247.55555555555554,9,1,9525;9546;9550;9569;10385;10397;10398;10399;10400,junction
2249,junction,9,115.33333333333333,62.0,113.0,461.3333333333333,248.0,452.0,248.0,8,1,9531;9540;9556;9573;10401;10402;10403;10404,junction
2250,junction,9,115.44444444444444,62.0,132.44444444444446,461.77777777777777,248.0,529.7777777777778,248.0,8,1,9541;10004;10020;10032;10406;10407;10408;10409,junction
2251,junction,10,115.7,62.0,152.0,462.8,248.0,608.0,228.0,8,1,9516;9586;10010;10022;10410;10411;10412;10413,junction
2252,junction,9,115.33333333333333,62.55555555555556,34.77777777777778,461.3333333333333,250.22222222222223,139.11111111111111,139.11111111111111,10,1,9536;9577;10008;10366;10415;10416;10417;10418;10419;10420,junction
2253,junction,5,115.0,63.2,16.6,460.0,252.8,66.4,66.4,6,1,9561;9597;10365;10421;10422;10423,junction
2254,junction,6,114.66666666666667,63.0,55.0,458.6666666666667,252.0,220.0,220.0,6,1,9534;9545;9591;10425;10426;10427,junction
2255,junction,9,114.55555555555556,62.77777777777778,93.66666666666667,458.22222222222223,251.11111111111111,374.6666666666667,251.11111111111111,6,1,9549;9554;10027;10430;10431;10432,junction
2256,junction,10,115.4,71.9,44.5,461.6,287.6,178.0,178.0,9,1,9537;9578;9592;9608;10434;10435;10436;10437;10438,junction
2257,junction,9,115.33333333333333,72.0,84.0,461.3333333333333,288.0,336.0,288.0,8,1,9551;9570;9616;10028;10439;10440;10441;10442,junction
2258,junction,11,115.54545454545455,72.81818181818181,103.36363636363636,462.1818181818182,291.27272727272725,413.45454545454544,291.27272727272725,8,1,9555;9574;10029;10444;10445;10446;10447;10448,junction
2259,junction,9,115.55555555555556,72.0,123.0,462.22222222222223,288.0,492.0,288.0,8,1,9538;9575;9628;10033;10449;10450;10451;10452,junction
2260,junction,12,115.91666666666667,71.83333333333333,181.91666666666666,463.6666666666667,287.3333333333333,727.6666666666666,108.33333333333337,10,1,10017;10025;10038;10453;10454;10455;10456;10457;10458;10459,junction
2261,junction,9,114.77777777777777,72.66666666666667,25.444444444444443,459.1111111111111,290.6666666666667,101.77777777777777,101.77777777777777,10,1,9580;9599;9622;10418;10460;10461;10462;10463;10464;10465,junction
2262,junction,8,114.75,72.875,64.0,459.0,291.5,256.0,256.0,7,1,9571;9593;9612;10467;10468;10469;10470,junction
2263,junction,6,115.0,72.0,142.16666666666666,460.0,288.0,568.6666666666666,267.33333333333337,4,1,9587;10031;10472;10474,junction
2264,junction,12,115.83333333333333,72.0,162.0,463.3333333333333,288.0,648.0,188.0,10,1,9567;9588;9602;10012;10475;10476;10477;10478;10479;10480,junction
2265,junction,7,115.42857142857143,81.28571428571429,171.42857142857142,461.7142857142857,325.14285714285717,685.7142857142857,150.28571428571433,8,1,9568;9604;9642;10039;10481;10482;10483;10484,junction
2266,junction,10,114.8,82.5,35.2,459.2,330.0,140.8,140.8,10,1,9581;9606;9624;9652;10434;10485;10486;10487;10488;10489,junction
2267,junction,14,115.14285714285714,82.0,54.857142857142854,460.57142857142856,328.0,219.42857142857142,219.42857142857142,11,1,9594;9607;9613;9655;10467;10490;10492;10493;10494;10495;10496,junction
2268,junction,9,115.66666666666667,81.88888888888889,94.11111111111111,462.6666666666667,327.55555555555554,376.44444444444446,297.3333333333333,9,1,9615;10030;10052;10444;10498;10499;10500;10501;10502,junction
2269,junction,10,115.4,82.0,113.0,461.6,328.0,452.0,298.4,8,1,9576;9629;10042;10048;10503;10504;10505;10506,junction
2270,junction,8,115.75,82.0,74.0,463.0,328.0,296.0,296.0,10,1,9572;9611;9618;9659;10507;10508;10509;10510;10511;10512,junction
2271,junction,6,115.33333333333333,82.33333333333333,16.666666666666668,461.3333333333333,329.3333333333333,66.66666666666667,66.66666666666667,8,1,9598;9623;9645;10461;10513;10514;10515;10516,junction
2272,junction,7,116.0,82.14285714285714,133.14285714285714,464.0,328.57142857142856,532.5714285714286,296.0,7,1,9630;9666;10034;10517;10518;10519;10520,junction
2273,junction,9,115.55555555555556,82.0,152.0,462.22222222222223,328.0,608.0,228.0,7,1,9589;9603;10035;10522;10523;10524;10525,junction
2274,junction,13,115.15384615384616,91.76923076923077,84.0,460.61538461538464,367.0769230769231,336.0,299.38461538461536,10,1,9617;9661;9684;10053;10498;10527;10528;10529;10530;10531,junction
2275,junction,10,115.6,91.6,161.9,462.4,366.4,647.6,188.39999999999998,9,1,9605;9635;9643;10059;10532;10533;10534;10535;10536,junction
2276,junction,8,115.0,92.0,25.25,460.0,368.0,101.0,101.0,10,1,9625;9647;9653;10485;10513;10537;10538;10539;10540;10541,junction
2277,junction,12,115.0,92.08333333333333,45.083333333333336,460.0,368.3333333333333,180.33333333333334,180.33333333333334,11,1,9609;9651;9656;9678;10490;10542;10543;10544;10545;10546;10547,junction
2278,junction,3,115.0,91.66666666666667,103.33333333333333,460.0,366.6666666666667,413.3333333333333,300.0,4,1,10049;10054;10549;10550,junction
2279,junction,9,115.0,92.11111111111111,64.33333333333333,460.0,368.44444444444446,257.3333333333333,257.3333333333333,9,1,9657;9660;10492;10508;10551;10552;10553;10554;10555,junction
2280,junction,9,115.44444444444444,92.11111111111111,123.0,461.77777777777777,368.44444444444446,492.0,298.22222222222223,8,1,9631;9667;9688;10050;10556;10558;10559;10560,junction
2281,junction,9,116.0,90.88888888888889,181.66666666666666,464.0,363.55555555555554,726.6666666666666,109.33333333333337,8,1,9644;10064;10481;10562;10564;10565;10566;10567,junction
2282,junction,8,115.5,101.0,133.0,462.0,404.0,532.0,298.0,8,1,9668;9689;10072;10095;10568;10569;10570;10571,junction
2283,junction,10,115.6,101.0,171.9,462.4,404.0,687.6,148.39999999999998,8,1,9641;10061;10065;10079;10572;10574;10575;10576,junction
2284,junction,9,115.0,102.0,16.444444444444443,460.0,408.0,65.77777777777777,65.77777777777777,8,1,9648;10083;10537;10577;10578;10579;10580;10581,junction
2285,junction,13,115.15384615384616,102.0,35.30769230769231,460.61538461538464,408.0,141.23076923076923,141.23076923076923,10,1,9654;9673;9679;9702;10539;10582;10583;10584;10585;10586,junction
2286,junction,12,115.0,101.91666666666667,54.916666666666664,460.0,407.6666666666667,219.66666666666666,219.66666666666666,10,1,9658;9676;9682;9696;10552;10588;10589;10590;10591;10592,junction
2287,junction,8,115.625,101.75,74.375,462.5,407.0,297.5,297.5,9,1,9662;9683;9686;10527;10593;10594;10595;10596;10597,junction
2288,junction,9,115.0,101.88888888888889,94.0,460.0,407.55555555555554,376.0,300.0,7,1,9685;9712;10055;10600;10601;10602;10603,junction
2289,junction,8,115.375,101.5,152.625,461.5,406.0,610.5,225.5,8,1,9637;9708;10060;10073;10532;10604;10606;10607,junction
2290,junction,6,115.5,101.66666666666667,113.83333333333333,462.0,406.6666666666667,455.3333333333333,298.0,6,1,9691;10051;10556;10609;10610;10611,junction
2291,junction,7,115.57142857142857,111.0,122.71428571428571,462.2857142857143,444.0,490.85714285714283,297.7142857142857,8,1,9692;9724;10092;10096;10612;10613;10614;10615,junction
2292,junction,8,115.375,110.875,143.125,461.5,443.5,572.5,263.5,10,1,9709;10074;10097;10117;10616;10617;10618;10619;10620;10621,junction
2293,junction,10,115.6,111.0,162.0,462.4,444.0,648.0,188.0,8,1,9710;10062;10080;10103;10622;10623;10624;10625,junction
2294,junction,10,115.4,111.9,25.4,461.6,447.6,101.6,101.6,10,1,9674;9703;10085;10112;10578;10626;10627;10628;10629;10630,junction
2295,junction,12,115.0,111.83333333333333,45.166666666666664,460.0,447.3333333333333,180.66666666666666,180.66666666666666,12,1,9680;9697;9701;9727;10582;10588;10631;10632;10633;10634;10635;10636,junction
2296,junction,11,115.45454545454545,111.54545454545455,64.0909090909091,461.8181818181818,446.1818181818182,256.3636363636364,256.3636363636364,6,1,9694;9737;10640;10641;10642;10643,junction
2297,junction,11,115.18181818181819,111.72727272727273,84.27272727272727,460.72727272727275,446.90909090909093,337.09090909090907,299.27272727272725,10,1,9687;9714;9732;10089;10602;10644;10645;10646;10647;10648,junction
2298,junction,13,115.6923076923077,111.0,181.76923076923077,462.7692307692308,444.0,727.0769230769231,108.9230769230769,10,1,10067;10081;10100;10108;10649;10650;10651;10652;10653;10654,junction
2299,junction,4,114.75,111.75,104.0,459.0,447.0,416.0,301.0,6,1,9713;9718;10655;10656;10657;10658,junction
2300,junction,12,115.5,121.58333333333333,54.75,462.0,486.3333333333333,219.0,219.0,11,1,9698;9730;9739;9776;10631;10660;10661;10662;10663;10664;10665,junction
2301,junction,10,115.2,121.8,74.8,460.8,487.2,299.2,299.2,9,1,9734;9740;9756;10090;10646;10666;10667;10668;10669,junction
2302,junction,9,115.44444444444444,121.55555555555556,94.0,461.77777777777777,486.22222222222223,376.0,298.22222222222223,8,1,9715;9716;9735;9762;10671;10672;10673;10674,junction
2303,junction,9,115.44444444444444,121.0,133.0,461.77777777777777,484.0,532.0,298.22222222222223,8,1,9722;10094;10118;10121;10675;10676;10677;10678,junction
2304,junction,5,115.2,121.4,17.0,460.8,485.6,68.0,68.0,8,1,9773;10086;10114;10679;10680;10681;10682;10683,junction
2305,junction,6,115.0,121.5,35.333333333333336,460.0,486.0,141.33333333333334,141.33333333333334,8,1,9729;9752;10113;10633;10684;10686;10687;10688,junction
2306,junction,11,115.81818181818181,121.72727272727273,113.72727272727273,463.27272727272725,486.90909090909093,454.90909090909093,296.72727272727275,9,1,9719;9725;9768;10093;10689;10690;10691;10692;10693,junction
2307,junction,4,115.5,121.0,152.5,462.0,484.0,610.0,226.0,5,1,10104;10119;10125;10694;10695,junction
2308,junction,9,115.55555555555556,121.11111111111111,171.88888888888889,462.22222222222223,484.44444444444446,687.5555555555555,148.44444444444446,10,1,9746;10082;10105;10109;10649;10697;10698;10699;10700;10701,junction
2309,junction,12,115.66666666666667,130.16666666666666,181.66666666666666,462.6666666666667,520.6666666666666,726.6666666666666,109.33333333333337,10,1,9748;9783;10111;10128;10702;10703;10704;10705;10706;10708,junction
2310,junction,9,115.11111111111111,131.0,64.77777777777777,460.44444444444446,524.0,259.1111111111111,259.1111111111111,9,1,9741;9758;9778;10134;10662;10709;10710;10711;10712,junction
2311,junction,11,115.18181818181819,131.36363636363637,83.9090909090909,460.72727272727275,525.4545454545455,335.6363636363636,286.5454545454545,9,1,9736;9760;9763;9799;10713;10714;10715;10716;10717,junction
2312,junction,11,115.45454545454545,130.9090909090909,104.0909090909091,461.8181818181818,523.6363636363636,416.3636363636364,288.3636363636364,9,1,9720;9764;9769;9805;10689;10718;10719;10720;10721,junction
2313,junction,8,115.125,131.0,123.25,460.5,524.0,493.0,288.0,8,1,9723;9770;9808;10122;10722;10723;10724;10725,junction
2314,junction,7,115.0,131.14285714285714,142.71428571428572,460.0,524.5714285714286,570.8571428571429,265.1428571428571,8,1,9815;10120;10123;10126;10726;10727;10728;10729,junction
2315,junction,16,115.125,131.375,25.9375,460.5,525.5,103.75,103.75,11,1,9753;9774;9790;10680;10684;10730;10731;10732;10733;10734;10735,junction
2316,junction,8,115.625,131.0,162.0,462.5,524.0,648.0,188.0,8,1,9747;10106;10127;10699;10737;10738;10739;10740,junction
2317,junction,9,115.55555555555556,132.11111111111111,44.888888888888886,462.22222222222223,528.4444444444445,179.55555555555554,179.55555555555554,10,1,9731;9755;9777;9794;10661;10741;10742;10743;10744;10745,junction
2318,junction,8,115.0,141.25,16.75,460.0,565.0,67.0,67.0,8,1,9775;9787;9840;10730;10746;10747;10748;10749,junction
2319,junction,10,115.3,141.0,55.0,461.2,564.0,220.0,220.0,8,1,9779;9797;9832;10135;10750;10751;10752;10753,junction
2320,junction,9,115.33333333333333,140.88888888888889,75.11111111111111,461.3333333333333,563.5555555555555,300.44444444444446,248.44444444444446,9,1,9759;9800;9836;10136;10713;10754;10755;10757;10758,junction
2321,junction,12,115.16666666666667,140.83333333333334,94.0,460.6666666666667,563.3333333333334,376.0,248.66666666666663,8,1,9761;9798;9803;9849;10761;10762;10763;10764,junction
2322,junction,6,115.5,140.33333333333334,190.5,462.0,561.3333333333334,762.0,74.0,5,1,9785;10140;10765;10766;10767,junction
2323,junction,9,115.0,141.44444444444446,35.55555555555556,460.0,565.7777777777778,142.22222222222223,142.22222222222223,8,1,9788;9795;10731;10741;10768;10769;10770;10771,junction
2324,junction,10,115.6,141.0,133.0,462.4,564.0,532.0,248.0,8,1,9810;9816;9844;10124;10772;10773;10774;10775,junction
2325,junction,4,115.0,141.5,152.5,460.0,566.0,610.0,226.0,6,1,9817;10131;10143;10776;10777;10778,junction
2326,junction,8,116.0,150.375,163.0,464.0,601.5,652.0,184.0,8,1,9821;10133;10145;10779;10780;10781;10782;10783,junction
2327,junction,7,115.57142857142857,150.28571428571428,181.14285714285714,462.2857142857143,601.1428571428571,724.5714285714286,111.42857142857144,9,1,9782;9823;10141;10149;10784;10785;10786;10787;10788,junction
2328,junction,14,115.0,151.0,25.857142857142858,460.0,604.0,103.42857142857143,103.42857142857143,11,1,9789;9842;9869;10746;10768;10790;10791;10792;10793;10794;10795,junction
2329,junction,12,115.16666666666667,151.25,45.25,460.6666666666667,605.0,181.0,181.0,11,1,9796;9829;9830;9876;10769;10796;10797;10798;10799;10800;10801,junction
2330,junction,11,115.27272727272727,150.9090909090909,65.0,461.09090909090907,603.6363636363636,260.0,208.36363636363637,10,1,9831;9835;9883;10137;10754;10802;10803;10804;10805;10806,junction
2331,junction,11,115.45454545454545,150.9090909090909,83.9090909090909,461.8181818181818,603.6363636363636,335.6363636363636,208.36363636363637,7,1,9801;9837;9850;10809;10810;10811;10812,junction
2332,junction,7,115.57142857142857,150.71428571428572,103.85714285714286,462.2857142857143,602.8571428571429,415.42857142857144,209.1428571428571,10,1,9804;9851;9856;10153;10813;10814;10815;10816;10817;10818,junction
2333,junction,11,115.63636363636364,151.0,143.0,462.54545454545456,604.0,572.0,208.0,10,1,9818;9847;9861;10144;10777;10819;10820;10821;10822;10823,junction
2334,junction,7,116.0,159.85714285714286,152.85714285714286,464.0,639.4285714285714,611.4285714285714,172.57142857142856,6,1,9862;10146;10825;10826;10827;10828,junction
2335,junction,11,115.54545454545455,160.36363636363637,172.27272727272728,462.1818181818182,641.4545454545455,689.0909090909091,146.90909090909088,10,1,9820;10150;10165;10188;10785;10829;10830;10831;10832;10833,junction
2336,junction,8,115.0,161.25,16.75,460.0,645.0,67.0,67.0,8,1,9843;9870;10173;10790;10834;10835;10836;10837,junction
2337,junction,7,115.0,160.28571428571428,35.57142857142857,460.0,641.1428571428571,142.28571428571428,142.28571428571428,9,1,9828;9871;9878;10791;10796;10838;10839;10840;10841,junction
2338,junction,12,115.08333333333333,161.0,54.916666666666664,460.3333333333333,644.0,219.66666666666666,168.0,10,1,9833;9875;9896;10797;10802;10843;10844;10845;10846;10847,junction
2339,junction,8,115.125,161.0,75.0,460.5,644.0,300.0,168.0,9,1,9838;9880;10191;10848;10849;10850;10851;10852;10853,junction
2340,junction,13,115.15384615384616,160.84615384615384,94.15384615384616,460.61538461538464,643.3846153846154,376.61538461538464,168.61538461538464,7,1,9852;10156;10176;10815;10856;10858;10859,junction
2341,junction,9,115.44444444444444,161.0,114.0,461.77777777777777,644.0,456.0,168.0,7,1,9858;9887;10157;10159;10860;10861;10862,junction
2342,junction,10,115.4,161.1,133.4,461.6,644.4,533.6,167.60000000000002,10,1,9848;9864;10160;10182;10821;10864;10865;10866;10867;10868,junction
2343,junction,9,115.44444444444444,170.0,182.11111111111111,461.77777777777777,680.0,728.4444444444445,107.55555555555554,10,1,10152;10170;10190;10196;10869;10870;10871;10872;10873;10874,junction
2344,junction,10,115.1,171.0,25.9,460.4,684.0,103.6,103.6,9,1,9872;9914;10834;10839;10875;10876;10877;10878;10879,junction
2345,junction,11,114.81818181818181,171.27272727272728,45.36363636363637,459.27272727272725,685.0909090909091,181.45454545454547,126.90909090909088,9,1,9877;9891;9897;10838;10882;10883;10884;10885;10886,junction
2346,junction,10,115.3,170.9,64.9,461.2,683.6,259.6,128.39999999999998,12,1,9882;9895;9920;10192;10843;10850;10887;10888;10889;10890;10891;10892,junction
2347,junction,6,115.0,170.83333333333334,103.66666666666667,460.0,683.3333333333334,414.6666666666667,128.66666666666663,7,1,9886;9900;10158;10178;10894;10895;10896,junction
2348,junction,9,116.22222222222223,170.0,162.77777777777777,464.8888888888889,680.0,651.1111111111111,132.0,8,1,10164;10189;10208;10830;10897;10898;10899;10900,junction
2349,junction,6,116.0,170.16666666666666,142.83333333333334,464.0,680.6666666666666,571.3333333333334,131.33333333333337,7,1,9865;9907;10184;10901;10903;10904;10905,junction
2350,junction,5,115.2,170.6,123.8,460.8,682.4,495.2,129.60000000000002,8,1,9885;10161;10183;10201;10865;10906;10907;10908,junction
2351,junction,10,115.9,179.8,172.3,463.6,719.2,689.2,92.79999999999995,7,1,10210;10870;10910;10911;10912;10913;10914,junction
2352,junction,8,115.0,181.25,16.75,460.0,725.0,67.0,67.0,6,1,10174;10875;10916;10917;10918;10919,junction
2353,junction,8,114.875,181.125,36.0,459.5,724.5,144.0,87.5,11,1,9893;9917;10214;10876;10882;10920;10921;10922;10923;10924;10925,junction
2354,junction,15,115.66666666666667,181.2,55.13333333333333,462.6666666666667,724.8,220.53333333333333,87.20000000000005,12,1,9898;9924;10211;10883;10890;10926;10927;10928;10929;10930;10931;10932,junction
2355,junction,8,114.875,180.625,74.625,459.5,722.5,298.5,89.5,9,1,9923;10216;10887;10933;10934;10935;10936;10937;10938,junction
2356,junction,6,114.83333333333333,181.0,95.0,459.3333333333333,724.0,380.0,88.0,7,1,9902;10179;10939;10940;10943;10944;10945,junction
2357,junction,9,116.0,181.0,133.44444444444446,464.0,724.0,533.7777777777778,88.0,9,1,9908;10181;10203;10946;10947;10948;10949;10950;10951,junction
2358,junction,6,115.83333333333333,180.16666666666666,152.83333333333334,463.3333333333333,720.6666666666666,611.3333333333334,91.33333333333337,7,1,9909;10209;10952;10953;10954;10955;10956,junction
2359,junction,8,115.75,181.125,113.875,463.0,724.5,455.5,87.5,7,1,9901;10202;10957;10958;10959;10960;10961,junction
2360,junction,5,116.2,13.4,180.6,464.8,53.6,722.4,53.6,6,1,9429;10220;10962;10964;10965;10966,junction
2361,junction,3,116.0,13.666666666666666,142.0,464.0,54.666666666666664,568.0,54.666666666666664,6,1,9930;9933;9939;10967;10968;10969,junction
2362,junction,9,116.11111111111111,23.11111111111111,171.55555555555554,464.44444444444446,92.44444444444444,686.2222222222222,92.44444444444444,8,1,9947;10221;10962;10970;10972;10973;10974;10975,junction
2363,junction,7,116.0,22.0,190.14285714285714,464.0,88.0,760.5714285714286,75.42857142857144,5,1,9430;9955;10964;10977;10978,junction
2364,junction,4,115.5,23.0,132.5,462.0,92.0,530.0,92.0,4,1,9952;10979;10980;10981,junction
2365,junction,7,115.85714285714286,33.285714285714285,44.714285714285715,463.42857142857144,133.14285714285714,178.85714285714286,133.14285714285714,9,1,9438;9465;9482;10255;10324;10983;10984;10985;10986,junction
2366,junction,8,116.125,33.0,162.0,464.5,132.0,648.0,132.0,10,1,9461;9948;9964;9974;10281;10342;10987;10988;10989;10990,junction
2367,junction,9,116.11111111111111,32.666666666666664,180.66666666666666,464.44444444444446,130.66666666666666,722.6666666666666,113.33333333333337,9,1,9431;9966;9980;10343;10972;10991;10992;10993;10994,junction
2368,junction,9,116.0,42.0,190.44444444444446,464.0,168.0,761.7777777777778,74.22222222222217,8,1,9957;9982;9995;10992;10995;10996;10997;10998,junction
2369,junction,3,115.66666666666667,42.333333333333336,93.66666666666667,462.6666666666667,169.33333333333334,374.6666666666667,169.33333333333334,3,1,9506;10999;11000,junction
2370,junction,4,115.5,42.5,133.0,462.0,170.0,532.0,170.0,4,1,9487;9961;11001;11002,junction
2371,junction,11,116.0909090909091,52.18181818181818,181.27272727272728,464.3636363636364,208.72727272727272,725.0909090909091,110.90909090909088,10,1,9983;9992;10014;10345;10995;11004;11005;11006;11007;11008,junction
2372,junction,6,116.0,61.5,172.0,464.0,246.0,688.0,148.0,6,1,9993;10011;10015;11010;11011;11012,junction
2373,junction,5,115.8,61.4,190.0,463.2,245.6,760.0,76.0,8,1,9997;10016;10024;10453;11004;11013;11014;11015,junction
2374,junction,4,116.25,80.5,190.25,465.0,322.0,761.0,75.0,5,1,10040;10045;10456;11016;11018,junction
2375,junction,2,115.5,91.5,142.5,462.0,366.0,570.0,266.0,4,1,9636;9664;11019;11020,junction
2376,junction,5,116.0,101.2,190.4,464.0,404.8,761.6,74.39999999999998,5,1,10047;10066;11023;11024;11025,junction
2377,junction,8,115.875,120.875,190.375,463.5,483.5,761.5,74.5,6,1,10101;10110;10702;11026;11027;11028,junction
2378,junction,10,116.2,140.5,172.2,464.8,562.0,688.8,147.20000000000005,10,1,9749;9784;9822;10132;10705;10779;11030;11031;11032;11033,junction
2379,junction,4,115.5,141.5,113.5,462.0,566.0,454.0,246.0,7,1,9806;9809;10813;11034;11035;11036;11037,junction
2380,junction,4,115.5,151.0,123.5,462.0,604.0,494.0,208.0,4,1,9846;9857;11038;11039,junction
2381,junction,3,116.0,160.33333333333334,190.66666666666666,464.0,641.3333333333334,762.6666666666666,73.33333333333337,4,1,10169;10869;11041;11042,junction
2382,junction,6,115.5,170.16666666666666,85.0,462.0,680.6666666666666,340.0,131.33333333333337,5,1,10177;10193;11044;11045;11046,junction
2383,junction,4,115.75,180.5,191.25,463.0,722.0,765.0,71.0,6,1,10199;11047;11048;11049;11050;11051,junction
2384,junction,3,116.33333333333333,13.333333333333334,160.33333333333334,465.3333333333333,53.333333333333336,641.3333333333334,53.333333333333336,4,1,9945;10279;11052;11053,junction
2385,junction,6,124.5,14.5,53.166666666666664,498.0,58.0,212.66666666666666,58.0,9,1,10237;10242;10256;11054;11054;11055;11056;11057;11058,junction
2386,junction,11,124.72727272727273,33.0,35.0,498.90909090909093,132.0,140.0,132.0,9,1,10253;10288;10326;10983;11059;11060;11061;11062;11064,junction
2387,junction,14,124.85714285714286,91.92857142857143,74.21428571428571,499.42857142857144,367.7142857142857,296.85714285714283,260.57142857142856,11,1,10510;10531;10553;10594;11065;11066;11067;11068;11069;11070;11071,junction
2388,junction,12,124.66666666666667,131.33333333333334,35.5,498.6666666666667,525.3333333333334,142.0,142.0,8,1,10733;10744;11073;11074;11075;11076;11078;11079,junction
2389,junction,15,125.0,131.26666666666668,54.8,500.0,525.0666666666667,219.2,219.2,11,1,10665;10710;10743;10753;11080;11081;11082;11083;11084;11085;11086,junction
2390,junction,17,124.94117647058823,141.23529411764707,25.941176470588236,499.7647058823529,564.9411764705883,103.76470588235294,103.76470588235294,12,1,10734;10770;10792;11075;11087;11088;11089;11090;11091;11092;11093;11094,junction
2391,junction,6,125.33333333333333,13.833333333333334,151.66666666666666,501.3333333333333,55.333333333333336,606.6666666666666,55.333333333333336,7,1,10282;10968;11096;11097;11098;11099;11100,junction
2392,junction,6,125.0,14.666666666666666,34.833333333333336,500.0,58.666666666666664,139.33333333333334,58.666666666666664,8,1,10228;10239;10249;11101;11102;11103;11104;11105,junction
2393,junction,7,125.0,14.571428571428571,73.71428571428571,500.0,58.285714285714285,294.85714285714283,58.285714285714285,8,1,10231;10240;10263;11106;11107;11108;11109;11110,junction
2394,junction,9,125.22222222222223,14.444444444444445,93.22222222222223,500.8888888888889,57.77777777777778,372.8888888888889,57.77777777777778,7,1,10232;10233;10267;11111;11112;11113;11114,junction
2395,junction,7,125.71428571428571,14.285714285714286,112.85714285714286,502.85714285714283,57.142857142857146,451.42857142857144,57.142857142857146,6,1,10234;10273;11116;11117;11118;11119,junction
2396,junction,4,125.25,14.5,15.75,501.0,58.0,63.0,58.0,4,1,10276;11120;11121;11122,junction
2397,junction,9,126.11111111111111,22.444444444444443,181.44444444444446,504.44444444444446,89.77777777777777,725.7777777777778,89.77777777777777,8,1,10966;10974;10978;11123;11124;11126;11127;11128,junction
2398,junction,10,125.1,23.0,64.0,500.4,92.0,256.0,92.0,10,1,10243;10258;10261;10312;11106;11129;11130;11131;11132;11133,junction
2399,junction,9,124.77777777777777,22.88888888888889,103.0,499.1111111111111,91.55555555555556,412.0,91.55555555555556,10,1,10235;10266;10271;10296;11112;11116;11134;11135;11136;11137,junction
2400,junction,10,125.5,22.9,122.9,502.0,91.6,491.6,91.6,9,1,10248;10272;10307;10980;11138;11139;11140;11141;11142,junction
2401,junction,13,125.6923076923077,22.692307692307693,142.0,502.7692307692308,90.76923076923077,568.0,90.76923076923077,10,1,10283;10300;10969;10981;11096;11143;11144;11145;11146;11147,junction
2402,junction,9,125.33333333333333,23.555555555555557,25.444444444444443,501.3333333333333,94.22222222222223,101.77777777777777,94.22222222222223,11,1,10229;10251;10277;10290;11101;11120;11148;11150;11151;11152;11153,junction
2403,junction,10,124.9,23.1,83.8,499.6,92.4,335.2,92.4,10,1,10264;10268;10293;11107;11111;11154;11155;11156;11157;11158,junction
2404,junction,9,125.0,23.555555555555557,44.55555555555556,500.0,94.22222222222223,178.22222222222223,94.22222222222223,9,1,10252;10257;11055;11060;11102;11159;11160;11161;11162,junction
2405,junction,14,125.0,33.142857142857146,54.285714285714285,500.0,132.57142857142858,217.14285714285714,132.57142857142858,10,1,10259;10313;10986;11129;11159;11164;11165;11166;11167;11168,junction
2406,junction,7,125.57142857142857,32.714285714285715,92.71428571428571,502.2857142857143,130.85714285714286,370.85714285714283,130.85714285714286,8,1,10269;10294;10297;11154;11169;11170;11171;11172,junction
2407,junction,9,124.77777777777777,33.0,113.0,499.1111111111111,132.0,452.0,132.0,11,1,10274;10298;10308;10349;11136;11174;11175;11176;11177;11178;11179,junction
2408,junction,5,125.0,33.0,16.4,500.0,132.0,65.6,65.6,4,1,10287;11148;11180;11181,junction
2409,junction,13,125.07692307692308,33.46153846153846,73.76923076923077,500.3076923076923,133.84615384615384,295.0769230769231,133.84615384615384,11,1,10262;10292;10310;10337;11156;11183;11184;11185;11186;11187;11188,junction
2410,junction,9,125.55555555555556,33.0,171.55555555555554,502.22222222222223,132.0,686.2222222222222,132.0,8,1,10346;10975;10989;10991;11189;11190;11191;11192,junction
2411,junction,4,125.25,33.0,132.5,501.0,132.0,530.0,132.0,6,1,10301;10306;11193;11194;11195;11196,junction
2412,junction,7,125.14285714285714,32.857142857142854,152.14285714285714,500.57142857142856,131.42857142857142,608.5714285714286,131.42857142857142,7,1,10284;10303;10315;10988;11197;11198;11199,junction
2413,junction,9,125.66666666666667,42.55555555555556,141.88888888888889,502.6666666666667,170.22222222222223,567.5555555555555,170.22222222222223,9,1,10304;10318;10355;11002;11200;11201;11202;11203;11204,junction
2414,junction,10,125.5,42.0,162.0,502.0,168.0,648.0,168.0,8,1,10316;10347;10362;10990;11205;11206;11207;11208,junction
2415,junction,8,125.25,42.0,181.25,501.0,168.0,725.0,111.0,9,1,10348;10994;10997;11005;11209;11210;11211;11212;11213,junction
2416,junction,15,125.06666666666666,43.0,25.133333333333333,500.26666666666665,172.0,100.53333333333333,100.53333333333333,12,1,10289;10321;10327;10367;11061;11180;11214;11215;11216;11217;11218;11219,junction
2417,junction,11,125.0,42.90909090909091,44.72727272727273,500.0,171.63636363636363,178.9090909090909,171.63636363636363,11,1,10328;10334;10373;10984;11059;11165;11220;11221;11222;11223;11224,junction
2418,junction,8,124.875,43.0,63.875,499.5,172.0,255.5,172.0,11,1,10311;10333;10340;10377;11164;11183;11225;11226;11227;11229;11230,junction
2419,junction,8,125.0,42.375,83.75,500.0,169.5,335.0,169.5,10,1,10295;10338;11000;11184;11231;11232;11233;11234;11235;11236,junction
2420,junction,10,125.2,43.1,102.8,500.8,172.4,411.2,172.4,10,1,10299;10351;10389;10999;11174;11238;11239;11240;11241;11242,junction
2421,junction,6,125.0,42.833333333333336,123.16666666666667,500.0,171.33333333333334,492.6666666666667,171.33333333333334,6,1,10350;10394;11001;11177;11243;11244,junction
2422,junction,9,125.55555555555556,52.44444444444444,152.0,502.22222222222223,209.77777777777777,608.0,209.77777777777777,8,1,10317;10357;10360;10410;11245;11246;11247;11248,junction
2423,junction,6,125.16666666666667,52.666666666666664,16.5,500.6666666666667,210.66666666666666,66.0,66.0,8,1,10322;10370;10422;11214;11249;11250;11251;11252,junction
2424,junction,13,125.0,53.0,35.0,500.0,212.0,140.0,140.0,12,1,10329;10368;10416;11215;11220;11253;11254;11255;11256;11257;11258;11259,junction
2425,junction,9,124.77777777777777,52.77777777777778,54.333333333333336,499.1111111111111,211.11111111111111,217.33333333333334,211.11111111111111,10,1,10335;10375;10380;10425;11260;11261;11262;11263;11264;11265,junction
2426,junction,13,125.0,53.0,74.0,500.0,212.0,296.0,212.0,12,1,10341;10381;10386;10398;11225;11232;11266;11267;11268;11269;11270;11271,junction
2427,junction,11,125.72727272727273,52.81818181818182,112.63636363636364,502.90909090909093,211.27272727272728,450.54545454545456,211.27272727272728,11,1,10352;10391;10393;10401;11272;11273;11274;11275;11276;11277;11278,junction
2428,junction,9,125.77777777777777,51.77777777777778,189.88888888888889,503.1111111111111,207.11111111111111,759.5555555555555,76.44444444444446,8,1,10998;11007;11014;11209;11279;11280;11281;11282,junction
2429,junction,8,124.875,53.0,94.0,499.5,212.0,376.0,212.0,10,1,10384;10390;10430;11234;11238;11283;11284;11285;11286;11287,junction
2430,junction,11,125.54545454545455,52.81818181818182,133.1818181818182,502.1818181818182,211.27272727272728,532.7272727272727,211.27272727272728,8,1,10407;11200;11289;11291;11292;11293;11294;11295,junction
2431,junction,4,125.25,52.25,171.5,501.0,209.0,686.0,150.0,5,1,10363;11006;11010;11296;11297,junction
2432,junction,11,125.27272727272727,61.90909090909091,123.0,501.09090909090907,247.63636363636363,492.0,247.63636363636363,10,1,10395;10402;10406;10450;11292;11298;11299;11300;11301;11302,junction
2433,junction,10,125.6,62.1,162.0,502.4,248.4,648.0,188.0,9,1,10361;10412;10477;11011;11303;11304;11305;11306;11307,junction
2434,junction,9,124.88888888888889,62.55555555555556,25.22222222222222,499.55555555555554,250.22222222222223,100.88888888888889,100.88888888888889,10,1,10369;10420;10423;10462;11250;11254;11308;11309;11310;11311,junction
2435,junction,11,124.9090909090909,62.90909090909091,44.90909090909091,499.6363636363636,251.63636363636363,179.63636363636363,179.63636363636363,12,1,10376;10417;10426;10438;11255;11260;11312;11313;11314;11315;11316;11317,junction
2436,junction,8,125.25,62.75,64.75,501.0,251.0,259.0,251.0,10,1,10379;10400;10427;10468;11266;11318;11319;11320;11321;11322,junction
2437,junction,10,125.3,62.4,83.9,501.2,249.6,335.6,249.6,11,1,10387;10397;10431;10440;11267;11283;11323;11324;11325;11326;11327,junction
2438,junction,11,125.45454545454545,62.90909090909091,103.18181818181819,501.8181818181818,251.63636363636363,412.72727272727275,251.63636363636363,12,1,10392;10404;10432;10445;11276;11284;11328;11329;11330;11331;11332;11333,junction
2439,junction,8,125.75,62.25,142.0,503.0,249.0,568.0,249.0,8,1,10358;10408;10411;10474;11335;11336;11337;11338,junction
2440,junction,8,125.375,62.0,181.25,501.5,248.0,725.0,111.0,9,1,10454;11008;11012;11015;11280;11339;11341;11342;11343,junction
2441,junction,8,124.75,72.0,112.875,499.0,288.0,451.5,261.0,10,1,10403;10447;10449;10504;11329;11344;11345;11346;11347;11348,junction
2442,junction,7,125.85714285714286,72.0,190.28571428571428,503.42857142857144,288.0,761.1428571428571,74.85714285714289,7,1,10458;11013;11016;11349;11350;11351;11352,junction
2443,junction,5,125.0,73.2,16.6,500.0,292.8,66.4,66.4,7,1,10463;10514;11308;11353;11354;11356;11357,junction
2444,junction,10,125.4,72.6,34.9,501.6,290.4,139.6,139.6,10,1,10419;10435;10465;10486;11312;11358;11359;11361;11362;11363,junction
2445,junction,9,125.44444444444444,72.55555555555556,73.88888888888889,501.77777777777777,290.22222222222223,295.55555555555554,258.22222222222223,11,1,10399;10442;10470;10511;11364;11365;11366;11367;11368;11369;11370,junction
2446,junction,9,124.88888888888889,72.55555555555556,93.77777777777777,499.55555555555554,290.22222222222223,375.1111111111111,260.44444444444446,10,1,10439;10446;10500;11323;11328;11371;11372;11373;11374;11375,junction
2447,junction,6,125.33333333333333,72.16666666666667,132.66666666666666,501.3333333333333,288.6666666666667,530.6666666666666,258.6666666666667,8,1,10409;10451;10517;11376;11378;11379;11380;11381,junction
2448,junction,8,124.875,73.125,55.0,499.5,292.5,220.0,220.0,11,1,10436;10469;10496;11315;11318;11382;11383;11384;11385;11386;11387,junction
2449,junction,2,124.5,72.5,171.5,498.0,290.0,686.0,150.0,4,1,10457;10479;10482;11388,junction
2450,junction,8,125.75,80.625,182.0,503.0,322.5,728.0,108.0,8,1,10459;10564;11018;11350;11389;11390;11391;11392,junction
2451,junction,12,125.0,81.91666666666667,84.16666666666667,500.0,327.6666666666667,336.6666666666667,260.0,10,1,10441;10499;10509;10528;11066;11372;11393;11394;11395;11396,junction
2452,junction,11,125.0,81.9090909090909,103.45454545454545,500.0,327.6363636363636,413.8181818181818,260.0,9,1,10448;10501;10505;11371;11398;11399;11400;11401;11402,junction
2453,junction,11,124.9090909090909,81.9090909090909,122.9090909090909,499.6363636363636,327.6363636363636,491.6363636363636,260.3636363636364,10,1,10452;10558;11346;11378;11405;11406;11407;11408;11409;11410,junction
2454,junction,11,125.0909090909091,81.9090909090909,25.454545454545453,500.3636363636364,327.6363636363636,101.81818181818181,101.81818181818181,9,1,10488;10515;11354;11358;11411;11412;11413;11414;11415,junction
2455,junction,9,125.44444444444444,83.11111111111111,45.0,501.77777777777777,332.44444444444446,180.0,180.0,10,1,10437;10487;10493;10544;11382;11416;11417;11418;11420;11421,junction
2456,junction,9,125.0,82.44444444444444,64.44444444444444,500.0,329.77777777777777,257.77777777777777,257.77777777777777,8,1,10494;10512;11065;11365;11383;11422;11423;11424,junction
2457,junction,6,125.83333333333333,82.16666666666667,142.16666666666666,503.3333333333333,328.6666666666667,568.6666666666666,256.6666666666667,7,1,10519;10523;11425;11426;11427;11428;11429,junction
2458,junction,10,125.6,82.0,162.0,502.4,328.0,648.0,188.0,8,1,10480;10484;10524;10533;11430;11431;11432;11433,junction
2459,junction,10,125.7,90.9,172.0,502.8,363.6,688.0,148.0,8,1,10483;10534;10566;10575;11435;11436;11437;11438,junction
2460,junction,7,125.14285714285714,91.85714285714286,16.428571428571427,500.57142857142856,367.42857142857144,65.71428571428571,65.71428571428571,7,1,10516;10538;10579;11411;11439;11440;11442,junction
2461,junction,15,125.0,92.13333333333334,35.06666666666667,500.0,368.53333333333336,140.26666666666668,140.26666666666668,12,1,10489;10540;10545;10583;11412;11416;11443;11444;11445;11446;11447;11448,junction
2462,junction,11,125.0,92.0,55.0,500.0,368.0,220.0,220.0,10,1,10495;10546;10554;10589;11422;11449;11450;11451;11452;11453,junction
2463,junction,9,125.0,92.0,94.22222222222223,500.0,368.0,376.8888888888889,260.0,9,1,10502;10529;10600;11401;11454;11455;11456;11457;11458,junction
2464,junction,9,125.44444444444444,91.88888888888889,113.0,501.77777777777777,367.55555555555554,452.0,258.22222222222223,10,1,10506;10550;10559;10609;11398;11459;11460;11461;11462;11463,junction
2465,junction,9,125.0,91.66666666666667,132.55555555555554,500.0,366.6666666666667,530.2222222222222,260.0,10,1,10520;10569;11019;11408;11465;11466;11467;11468;11469;11470,junction
2466,junction,7,125.71428571428571,91.14285714285714,190.42857142857142,502.85714285714283,364.57142857142856,761.7142857142857,74.28571428571433,4,1,10567;11023;11471;11472,junction
2467,junction,8,125.375,92.0,151.75,501.5,368.0,607.0,229.0,9,1,10525;10535;10604;11020;11474;11475;11476;11477;11478,junction
2468,junction,10,125.5,101.0,162.0,502.0,404.0,648.0,188.0,8,1,10536;10576;10622;11479;11480;11481;11482;11483,junction
2469,junction,10,124.9,101.7,25.6,499.6,406.8,102.4,102.4,11,1,10541;10580;10586;10627;11439;11444;11484;11485;11486;11487;11488,junction
2470,junction,14,125.0,102.0,45.142857142857146,500.0,408.0,180.57142857142858,180.57142857142858,12,1,10547;10584;10590;10635;11443;11449;11489;11490;11491;11492;11493;11494,junction
2471,junction,9,124.66666666666667,101.88888888888889,64.55555555555556,498.6666666666667,407.55555555555554,258.22222222222223,258.22222222222223,9,1,10555;10591;10596;10640;11495;11497;11498;11499;11500,junction
2472,junction,10,124.8,101.9,84.0,499.2,407.6,336.0,260.8,10,1,10530;10597;10644;11067;11455;11502;11503;11504;11505;11506,junction
2473,junction,6,124.83333333333333,102.0,103.83333333333333,499.3333333333333,408.0,415.3333333333333,260.6666666666667,7,1,10601;10610;10657;11507;11509;11510;11511,junction
2474,junction,8,124.875,101.875,122.875,499.5,407.5,491.5,260.5,11,1,10560;10571;10611;10613;11459;11465;11512;11513;11514;11515;11516,junction
2475,junction,13,125.23076923076923,102.07692307692308,142.3846153846154,500.9230769230769,408.3076923076923,569.5384615384615,259.0769230769231,11,1,10568;10606;10620;11468;11476;11517;11518;11519;11520;11521;11522,junction
2476,junction,2,124.5,101.5,181.5,498.0,406.0,726.0,110.0,4,1,10572;10651;11024;11523,junction
2477,junction,11,125.27272727272727,110.9090909090909,133.0909090909091,501.09090909090907,443.6363636363636,532.3636363636364,258.90909090909093,9,1,10570;10612;10618;10677;11517;11524;11525;11526;11527,junction
2478,junction,12,125.41666666666667,111.25,151.83333333333334,501.6666666666667,445.0,607.3333333333334,228.66666666666663,10,1,10607;10621;10623;10695;11518;11528;11529;11530;11531;11532,junction
2479,junction,15,125.86666666666666,111.2,172.2,503.46666666666664,444.8,688.8,147.20000000000005,9,1,10574;10624;10652;10697;11534;11536;11537;11538;11539,junction
2480,junction,9,125.0,112.0,16.666666666666668,500.0,448.0,66.66666666666667,66.66666666666667,8,1,10581;10629;10681;11484;11540;11541;11542;11543,junction
2481,junction,11,124.9090909090909,112.0909090909091,35.81818181818182,499.6363636363636,448.3636363636364,143.27272727272728,143.27272727272728,12,1,10585;10628;10636;10686;11489;11544;11545;11546;11547;11548;11549;11550,junction
2482,junction,14,125.14285714285714,112.0,55.0,500.57142857142856,448.0,220.0,220.0,12,1,10592;10632;10642;10660;11490;11495;11551;11552;11553;11554;11555;11556,junction
2483,junction,8,124.75,112.125,74.75,499.0,448.5,299.0,261.0,10,1,10595;10641;10648;10667;11502;11557;11559;11560;11561;11562,junction
2484,junction,11,125.36363636363636,111.9090909090909,94.0909090909091,501.45454545454544,447.6363636363636,376.3636363636364,258.54545454545456,12,1,10603;10645;10656;10671;11504;11509;11563;11564;11565;11566;11567;11568,junction
2485,junction,6,125.83333333333333,111.0,190.16666666666666,503.3333333333333,444.0,760.6666666666666,75.33333333333337,7,1,10654;11025;11027;11569;11570;11571;11572,junction
2486,junction,10,124.9,111.7,113.6,499.6,446.8,454.4,260.4,9,1,10615;10658;10690;11514;11573;11574;11576;11577;11578,junction
2487,junction,9,125.33333333333333,121.22222222222223,123.0,501.3333333333333,484.8888888888889,492.0,258.6666666666667,10,1,10614;10675;10693;10722;11579;11580;11581;11582;11583;11584,junction
2488,junction,10,125.3,120.9,162.3,501.2,483.6,649.2,186.79999999999995,8,1,10625;10700;10737;11534;11587;11588;11589;11590,junction
2489,junction,12,125.0,121.75,25.75,500.0,487.0,103.0,103.0,12,1,10630;10682;10687;10735;11073;11540;11545;11591;11592;11593;11594;11595,junction
2490,junction,13,124.76923076923077,122.15384615384616,45.46153846153846,499.0769230769231,488.61538461538464,181.84615384615384,181.84615384615384,12,1,10634;10664;10688;10742;11074;11080;11546;11551;11596;11597;11598;11599,junction
2491,junction,9,124.88888888888889,121.66666666666667,64.66666666666667,499.55555555555554,486.6666666666667,258.6666666666667,258.6666666666667,11,1,10643;10663;10668;10709;11552;11557;11600;11601;11602;11603;11604,junction
2492,junction,11,125.36363636363636,122.0,83.9090909090909,501.45454545454544,488.0,335.6363636363636,258.54545454545456,10,1,10647;10669;10672;10715;11563;11605;11606;11607;11608;11609,junction
2493,junction,8,125.25,121.125,103.25,501.0,484.5,413.0,259.0,9,1,10673;10718;11564;11573;11610;11611;11612;11613;11614,junction
2494,junction,8,125.875,121.0,142.75,503.5,484.0,571.0,256.5,10,1,10619;10678;10694;10728;11528;11615;11616;11617;11618;11619,junction
2495,junction,10,125.5,121.0,182.0,502.0,484.0,728.0,108.0,8,1,10653;10698;10706;11028;11620;11621;11622;11623,junction
2496,junction,4,124.75,129.75,190.25,499.0,519.0,761.0,75.0,2,1,11626;11627,degree_two
2497,junction,12,125.16666666666667,131.0,94.0,500.6666666666667,524.0,376.0,259.3333333333333,10,1,10674;10714;10719;10761;11611;11628;11629;11630;11631;11632,junction
2498,junction,9,124.88888888888889,130.88888888888889,113.66666666666667,499.55555555555554,523.5555555555555,454.6666666666667,260.44444444444446,10,1,10692;10720;10724;11579;11610;11633;11634;11635;11636;11637,junction
2499,junction,10,124.8,131.0,133.4,499.2,524.0,533.6,260.8,11,1,10676;10723;10729;10772;11580;11615;11638;11639;11640;11641;11642,junction
2500,junction,7,125.0,132.0,16.857142857142858,500.0,528.0,67.42857142857143,67.42857142857143,8,1,10683;10732;10747;11088;11591;11643;11644;11645,junction
2501,junction,12,124.83333333333333,131.58333333333334,74.5,499.3333333333333,526.3333333333334,298.0,260.6666666666667,11,1,10711;10717;10757;11600;11605;11646;11647;11648;11649;11650;11651,junction
2502,junction,10,125.6,131.0,172.0,502.4,524.0,688.0,148.0,8,1,10701;10708;10739;11030;11652;11653;11654;11655,junction
2503,junction,9,125.44444444444444,140.11111111111111,181.88888888888889,501.77777777777777,560.4444444444445,727.5555555555555,108.44444444444446,9,1,10704;10766;10787;11031;11656;11658;11659;11660;11661,junction
2504,junction,13,125.0,141.30769230769232,64.76923076923077,500.0,565.2307692307693,259.0769230769231,246.76923076923072,9,1,10712;10751;10806;11081;11647;11662;11663;11664;11665,junction
2505,junction,12,125.08333333333333,141.25,83.83333333333333,500.3333333333333,565.0,335.3333333333333,247.0,11,1,10716;10758;10764;10809;11648;11667;11668;11669;11670;11671;11672,junction
2506,junction,14,125.14285714285714,140.92857142857142,103.78571428571429,500.57142857142856,563.7142857142857,415.14285714285717,248.28571428571433,10,1,10721;10762;10817;11037;11635;11674;11675;11676;11677;11678,junction
2507,junction,10,125.4,140.8,122.9,501.6,563.2,491.6,248.79999999999995,7,1,10725;10773;11035;11633;11680;11681;11682,junction
2508,junction,11,125.72727272727273,141.36363636363637,142.9090909090909,502.90909090909093,565.4545454545455,571.6363636363636,246.5454545454545,10,1,10727;10774;10778;10819;11638;11683;11684;11686;11687;11688,junction
2509,junction,10,125.1,141.0,45.0,500.4,564.0,180.0,180.0,10,1,10745;10750;10771;10798;11076;11082;11689;11691;11692;11693,junction
2510,junction,6,125.0,140.83333333333334,162.16666666666666,500.0,563.3333333333334,648.6666666666666,187.33333333333337,7,1,10740;10776;10780;11032;11694;11695;11696,junction
2511,junction,11,125.45454545454545,150.63636363636363,171.9090909090909,501.8181818181818,602.5454545454545,687.6363636363636,148.36363636363637,9,1,10782;10788;10829;11033;11697;11698;11699;11700;11701,junction
2512,junction,8,125.0,151.25,16.75,500.0,605.0,67.0,67.0,7,1,10749;10793;10835;11089;11702;11703;11704,junction
2513,junction,11,125.0,151.0,55.18181818181818,500.0,604.0,220.72727272727272,208.0,10,1,10752;10800;10803;10844;11662;11705;11706;11707;11708;11709,junction
2514,junction,11,124.9090909090909,150.9090909090909,94.0909090909091,499.6363636363636,603.6363636363636,376.3636363636364,208.36363636363637,12,1,10763;10811;10818;10856;11667;11674;11710;11711;11712;11713;11714;11715,junction
2515,junction,8,124.875,151.125,114.0,499.5,604.5,456.0,207.5,10,1,10814;10861;11036;11038;11716;11717;11718;11719;11720;11721,junction
2516,junction,9,125.66666666666667,150.88888888888889,133.22222222222223,502.6666666666667,603.5555555555555,532.8888888888889,208.44444444444446,10,1,10775;10822;10864;11039;11684;11722;11723;11724;11725;11726,junction
2517,junction,10,125.0,151.0,35.5,500.0,604.0,142.0,142.0,8,1,10794;10799;11090;11689;11727;11728;11729;11730,junction
2518,junction,8,125.25,151.0,74.375,501.0,604.0,297.5,208.0,8,1,10804;10810;11663;11668;11731;11732;11733;11734,junction
2519,junction,7,125.14285714285714,151.14285714285714,153.0,500.57142857142856,604.5714285714286,612.0,207.42857142857144,6,1,10781;10820;10826;11736;11737;11739,junction
2520,junction,9,125.22222222222223,160.55555555555554,143.0,500.8888888888889,642.2222222222222,572.0,169.77777777777783,9,1,10823;10827;10867;10901;11740;11741;11742;11743;11744,junction
2521,junction,8,125.25,160.25,162.875,501.0,641.0,651.5,171.0,11,1,10783;10828;10832;10897;11699;11745;11746;11747;11748;11749;11750,junction
2522,junction,7,124.71428571428571,160.0,182.0,498.85714285714283,640.0,728.0,108.0,9,1,10784;10831;10873;11042;11751;11752;11753;11754;11755,junction
2523,junction,12,125.0,160.91666666666666,25.916666666666668,500.0,643.6666666666666,103.66666666666667,103.66666666666667,11,1,10795;10836;10840;10877;11702;11727;11756;11757;11758;11759;11760,junction
2524,junction,9,125.11111111111111,160.88888888888889,44.888888888888886,500.44444444444446,643.5555555555555,179.55555555555554,168.44444444444446,11,1,10801;10841;10845;10884;11728;11761;11762;11763;11764;11765;11766,junction
2525,junction,13,125.0,161.0,65.0,500.0,644.0,260.0,168.0,12,1,10805;10846;10851;10888;11705;11731;11767;11768;11769;11770;11771;11772,junction
2526,junction,10,125.4,160.6,84.2,501.6,642.4,336.8,169.60000000000002,10,1,10812;10852;10858;11044;11713;11734;11773;11774;11775;11776,junction
2527,junction,10,125.4,160.8,104.1,501.6,643.2,416.4,168.79999999999995,11,1,10816;10859;10862;10894;11710;11717;11777;11778;11780;11781;11782,junction
2528,junction,4,125.25,160.5,123.5,501.0,642.0,494.0,170.0,7,1,10860;10866;11719;11724;11784;11785;11786,junction
2529,junction,11,125.45454545454545,170.54545454545453,152.72727272727272,501.8181818181818,682.1818181818181,610.9090909090909,129.81818181818187,9,1,10825;10898;10903;10955;11747;11788;11789;11790;11791,junction
2530,junction,12,125.83333333333333,169.83333333333334,172.16666666666666,503.3333333333333,679.3333333333334,688.6666666666666,132.66666666666663,10,1,10833;10872;10899;10910;11793;11794;11795;11796;11797;11798,junction
2531,junction,8,125.0,171.25,16.875,500.0,685.0,67.5,67.5,8,1,10837;10878;10918;11756;11799;11800;11801;11802,junction
2532,junction,9,125.11111111111111,170.88888888888889,54.888888888888886,500.44444444444446,683.5555555555555,219.55555555555554,128.44444444444446,10,1,10847;10892;10927;11761;11767;11803;11804;11805;11806;11808,junction
2533,junction,11,124.9090909090909,170.8181818181818,74.72727272727273,499.6363636363636,683.2727272727273,298.90909090909093,128.72727272727275,12,1,10853;10889;10934;11046;11768;11809;11810;11811;11812;11813;11814;11815,junction
2534,junction,12,125.33333333333333,170.91666666666666,93.83333333333333,501.3333333333333,683.6666666666666,375.3333333333333,128.33333333333337,11,1,10896;10943;11045;11778;11816;11817;11818;11819;11820;11821;11822,junction
2535,junction,9,125.55555555555556,170.77777777777777,114.11111111111111,502.22222222222223,683.1111111111111,456.44444444444446,128.8888888888889,7,1,10958;11780;11824;11825;11826;11827;11828,junction
2536,junction,10,125.4,171.1,134.1,501.6,684.4,536.4,127.60000000000002,10,1,10868;10905;10947;11741;11829;11830;11831;11832;11833;11834,junction
2537,junction,10,125.1,180.8,104.2,500.4,723.2,416.8,88.79999999999995,9,1,10895;10945;10960;11835;11836;11837;11838;11839;11840,junction
2538,junction,13,125.15384615384616,180.15384615384616,143.07692307692307,500.61538461538464,720.6153846153846,572.3076923076923,91.38461538461536,10,1,10904;10950;10953;11830;11841;11843;11844;11845;11846;11847,junction
2539,junction,10,125.6,180.1,162.4,502.4,720.4,649.6,91.60000000000002,10,1,10900;10911;10956;11793;11848;11849;11850;11851;11852;11853,junction
2540,junction,8,125.125,179.75,182.0,500.5,719.0,728.0,93.0,8,1,10871;10912;11051;11854;11855;11856;11857;11858,junction
2541,junction,12,125.0,181.08333333333334,25.916666666666668,500.0,724.3333333333334,103.66666666666667,87.66666666666663,10,1,10879;10919;10922;11799;11859;11860;11861;11862;11863;11865,junction
2542,junction,7,124.85714285714286,181.14285714285714,46.0,499.42857142857144,724.5714285714286,184.0,87.42857142857144,10,1,10886;10924;10930;11803;11866;11867;11868;11869;11870;11871,junction
2543,junction,11,125.27272727272727,181.1818181818182,64.9090909090909,501.09090909090907,724.7272727272727,259.6363636363636,87.27272727272725,11,1,10891;10931;11806;11810;11872;11873;11874;11875;11876;11877;11878,junction
2544,junction,12,125.08333333333333,180.25,123.75,500.3333333333333,721.0,495.0,91.0,10,1,10949;10951;10959;11824;11829;11879;11880;11881;11882;11883,junction
2545,junction,5,125.2,181.0,85.2,500.8,724.0,340.8,88.0,8,1,10937;10944;11811;11818;11884;11885;11886;11887,junction
2546,junction,6,125.66666666666667,14.166666666666666,132.66666666666666,502.6666666666667,56.666666666666664,530.6666666666666,56.666666666666664,7,1,10246;10967;11143;11889;11890;11891;11892,junction
2547,junction,3,125.66666666666667,13.0,171.66666666666666,502.6666666666667,52.0,686.6666666666666,52.0,3,1,11893;11894;11895,junction
2548,junction,4,126.25,13.5,190.25,505.0,54.0,761.0,54.0,5,1,10965;10977;11123;11896;11897,junction
2549,junction,2,125.5,23.0,162.0,502.0,92.0,648.0,92.0,3,1,10973;11899;11900,junction
2550,junction,7,126.0,32.0,190.28571428571428,504.0,128.0,761.1428571428571,74.85714285714289,3,1,10996;11903;11904,junction
2551,junction,4,125.5,72.25,152.25,502.0,289.0,609.0,227.0,8,1,10413;10472;10478;10522;11303;11907;11909;11910,junction
2552,junction,4,125.5,131.0,153.5,502.0,524.0,614.0,222.0,4,1,10738;11911;11912;11913,junction
2553,junction,4,125.75,151.0,190.75,503.0,604.0,763.0,73.0,4,1,10786;11041;11751;11915,junction
2554,junction,2,125.5,170.5,190.5,502.0,682.0,762.0,74.0,6,1,10874;11050;11855;11916;11917;11918,junction
2555,junction,10,134.8,14.4,64.0,539.2,57.6,256.0,57.6,7,1,11108;11130;11919;11920;11921;11922;11924,junction
2556,junction,14,134.78571428571428,23.428571428571427,34.857142857142854,539.1428571428571,93.71428571428571,139.42857142857142,93.71428571428571,11,1,11062;11105;11150;11161;11925;11926;11927;11928;11929;11930;11931,junction
2557,junction,13,134.76923076923077,22.846153846153847,73.76923076923077,539.0769230769231,91.38461538461539,295.0769230769231,91.38461538461539,11,1,11110;11132;11157;11185;11921;11932;11933;11934;11935;11936;11937,junction
2558,junction,12,134.75,23.916666666666668,53.833333333333336,539.0,95.66666666666667,215.33333333333334,95.66666666666667,11,1,11058;11131;11162;11168;11920;11938;11939;11940;11941;11942;11943,junction
2559,junction,15,134.86666666666667,33.266666666666666,25.2,539.4666666666667,133.06666666666666,100.8,100.8,10,1,11151;11181;11216;11927;11945;11946;11947;11948;11949;11950,junction
2560,junction,8,135.375,52.5,122.75,541.5,210.0,491.0,210.0,9,1,11275;11293;11302;11952;11953;11954;11955;11956;11957,junction
2561,junction,10,134.6,52.9,24.9,538.4,211.6,99.6,99.6,11,1,11218;11251;11257;11309;11958;11959;11960;11961;11962;11963;11964,junction
2562,junction,12,135.0,62.0,113.33333333333333,540.0,248.0,453.3333333333333,220.0,10,1,11278;11299;11331;11344;11965;11966;11969;11970;11971;11972,junction
2563,junction,15,134.86666666666667,63.0,35.13333333333333,539.4666666666667,252.0,140.53333333333333,140.53333333333333,12,1,11259;11310;11314;11363;11962;11973;11974;11975;11976;11977;11978;11979,junction
2564,junction,13,134.76923076923077,62.76923076923077,74.0,539.0769230769231,251.07692307692307,296.0,220.9230769230769,12,1,11271;11322;11324;11370;11980;11981;11982;11983;11984;11985;11986;11987,junction
2565,junction,9,134.44444444444446,82.0,35.22222222222222,537.7777777777778,328.0,140.88888888888889,140.88888888888889,10,1,11362;11415;11445;11988;11989;11990;11991;11992;11993;11994,junction
2566,junction,15,134.8,82.13333333333334,74.2,539.2,328.53333333333336,296.8,220.79999999999995,10,1,11068;11369;11394;11424;11997;11998;11999;12000;12001;12002,junction
2567,junction,13,134.84615384615384,91.84615384615384,84.15384615384616,539.3846153846154,367.38461538461536,336.61538461538464,220.61538461538464,9,1,11070;11396;11503;11997;12004;12005;12006;12007;12008,junction
2568,junction,10,135.0,92.1,25.4,540.0,368.4,101.6,101.6,10,1,11446;11485;11990;12010;12011;12012;12013;12014;12015;12016,junction
2569,junction,11,134.63636363636363,101.45454545454545,132.63636363636363,538.5454545454545,405.8181818181818,530.5454545454545,221.4545454545455,12,1,11470;11513;11520;11527;12017;12018;12019;12020;12021;12022;12023;12024,junction
2570,junction,11,134.63636363636363,101.9090909090909,35.27272727272727,538.5454545454545,407.6363636363636,141.0909090909091,141.0909090909091,7,1,11448;11487;11547;12015;12026;12027;12028,junction
2571,junction,14,134.78571428571428,111.42857142857143,123.14285714285714,539.1428571428571,445.7142857142857,492.57142857142856,220.8571428571429,12,1,11516;11524;11578;11582;12019;12029;12030;12031;12032;12033;12034;12035,junction
2572,junction,9,134.55555555555554,112.0,26.0,538.2222222222222,448.0,104.0,104.0,8,1,11542;11548;11592;12037;12038;12039;12040;12041,junction
2573,junction,14,134.85714285714286,121.35714285714286,93.78571428571429,539.4285714285714,485.42857142857144,375.14285714285717,220.57142857142856,11,1,11566;11607;11612;11632;12042;12043;12044;12045;12046;12047;12048,junction
2574,junction,16,134.875,131.25,25.875,539.5,525.0,103.5,103.5,10,1,11078;11091;11595;11644;12049;12052;12053;12054;12055;12056,junction
2575,junction,9,134.66666666666666,131.0,84.0,538.6666666666666,524.0,336.0,221.33333333333337,10,1,11609;11629;11651;11669;12043;12057;12058;12059;12060;12061,junction
2576,junction,8,134.5,141.0,55.25,538.0,564.0,221.0,221.0,8,1,11085;11664;11693;11706;12063;12064;12065;12066,junction
2577,junction,13,134.84615384615384,140.92307692307693,94.07692307692308,539.3846153846154,563.6923076923077,376.3076923076923,220.61538461538464,10,1,11631;11671;11676;11711;12068;12069;12070;12071;12072;12073,junction
2578,junction,11,134.8181818181818,141.0,74.36363636363636,539.2727272727273,564.0,297.45454545454544,220.72727272727275,9,1,11665;11670;12057;12075;12076;12077;12078;12079;12080,junction
2579,junction,16,134.9375,151.3125,25.875,539.75,605.25,103.5,103.5,10,1,11094;11729;11757;12082;12083;12084;12085;12086;12087;12088,junction
2580,junction,13,134.76923076923077,150.84615384615384,64.76923076923077,539.0769230769231,603.3846153846154,259.0769230769231,208.61538461538464,10,1,11708;11732;11769;12076;12090;12091;12092;12093;12094;12095,junction
2581,junction,10,134.6,150.9,83.9,538.4,603.6,335.6,208.39999999999998,11,1,11672;11714;11733;11773;12077;12096;12097;12098;12099;12100;12101,junction
2582,junction,11,134.8181818181818,170.8181818181818,25.727272727272727,539.2727272727273,683.2727272727273,102.9090909090909,102.9090909090909,10,1,11760;11801;11862;12103;12104;12105;12106;12107;12108;12109,junction
2583,junction,17,135.0,180.2941176470588,113.88235294117646,540.0,721.1764705882352,455.52941176470586,90.82352941176475,12,1,11826;11840;11881;12110;12111;12112;12113;12114;12115;12116;12117;12118,junction
2584,junction,9,135.0,14.444444444444445,25.0,540.0,57.77777777777778,100.0,57.77777777777778,8,1,11103;11121;11152;11925;12119;12120;12121;12122,junction
2585,junction,9,134.88888888888889,14.666666666666666,44.666666666666664,539.5555555555555,58.666666666666664,178.66666666666666,58.666666666666664,8,1,11057;11104;11160;11926;11939;12123;12124;12125,junction
2586,junction,7,135.42857142857142,14.428571428571429,103.0,541.7142857142857,57.714285714285715,412.0,57.714285714285715,7,1,11114;11134;12126;12127;12128;12130;12131,junction
2587,junction,7,135.14285714285714,14.285714285714286,122.57142857142857,540.5714285714286,57.142857142857146,490.2857142857143,57.142857142857146,6,1,11118;11890;12132;12133;12134;12135,junction
2588,junction,7,135.57142857142858,14.142857142857142,142.57142857142858,542.2857142857143,56.57142857142857,570.2857142857143,56.57142857142857,7,1,11097;11144;12136;12137;12138;12139;12140,junction
2589,junction,6,135.83333333333334,13.666666666666666,181.0,543.3333333333334,54.666666666666664,724.0,54.666666666666664,7,1,11124;11895;11896;12141;12142;12143;12144,junction
2590,junction,13,135.0,22.76923076923077,93.38461538461539,540.0,91.07692307692308,373.53846153846155,91.07692307692308,11,1,11135;11155;12127;12146;12147;12148;12149;12150;12151;12152;12153,junction
2591,junction,12,135.0,22.916666666666668,112.91666666666667,540.0,91.66666666666667,451.6666666666667,91.66666666666667,10,1,11119;11139;11175;12128;12132;12154;12155;12157;12158;12159,junction
2592,junction,12,135.25,23.166666666666668,132.33333333333334,541.0,92.66666666666667,529.3333333333334,92.66666666666667,11,1,11141;11145;11194;11892;12133;12138;12160;12161;12162;12163;12164,junction
2593,junction,11,135.54545454545453,23.0,152.0909090909091,542.1818181818181,92.0,608.3636363636364,92.0,11,1,11100;11146;11197;11899;12136;12166;12167;12168;12169;12170;12171,junction
2594,junction,8,135.375,23.25,16.375,541.5,93.0,65.5,65.5,6,1,11122;11153;12119;12172;12173;12174,junction
2595,junction,5,135.0,22.0,172.2,540.0,88.0,688.8,88.0,7,1,11127;11189;11900;12141;12175;12176;12177,junction
2596,junction,8,135.5,32.5,180.875,542.0,130.0,723.5,112.5,7,1,11128;11191;11212;12178;12179;12180;12181,junction
2597,junction,14,135.0,33.142857142857146,64.0,540.0,132.57142857142858,256.0,132.57142857142858,12,1,11133;11167;11186;11226;11934;11938;12182;12183;12184;12185;12186;12187,junction
2598,junction,11,134.9090909090909,32.90909090909091,102.9090909090909,539.6363636363636,131.63636363636363,411.6363636363636,131.63636363636363,12,1,11137;11171;11176;11240;12148;12155;12188;12189;12190;12191;12192;12193,junction
2599,junction,9,135.0,33.111111111111114,123.0,540.0,132.44444444444446,492.0,132.44444444444446,9,1,11142;11178;11196;11243;12195;12196;12197;12198;12199,junction
2600,junction,11,135.27272727272728,32.81818181818182,141.8181818181818,541.0909090909091,131.27272727272728,567.2727272727273,131.27272727272728,11,1,11147;11195;11198;11201;12160;12167;12200;12201;12202;12203;12204,junction
2601,junction,5,134.6,33.2,162.2,538.4,132.8,648.8,132.8,7,1,11190;11199;11206;12169;12205;12206;12207,junction
2602,junction,11,135.0909090909091,33.63636363636363,44.72727272727273,540.3636363636364,134.54545454545453,178.9090909090909,134.54545454545453,10,1,11064;11166;11928;11940;12208;12209;12210;12211;12212;12213,junction
2603,junction,7,135.0,33.142857142857146,84.0,540.0,132.57142857142858,336.0,132.57142857142858,9,1,11170;11187;11932;12152;12214;12215;12216;12217;12218,junction
2604,junction,9,134.88888888888889,41.888888888888886,171.55555555555554,539.5555555555555,167.55555555555554,686.2222222222222,149.77777777777783,9,1,11192;11208;11211;12206;12219;12222;12223;12224;12225,junction
2605,junction,12,135.0,42.916666666666664,34.916666666666664,540.0,171.66666666666666,139.66666666666666,139.66666666666666,9,1,11217;11222;11256;11945;11958;12209;12226;12227;12229,junction
2606,junction,9,135.0,42.888888888888886,54.44444444444444,540.0,171.55555555555554,217.77777777777777,171.55555555555554,9,1,11223;11229;11262;12183;12210;12232;12233;12234;12235,junction
2607,junction,11,135.1818181818182,43.0,74.0,540.7272727272727,172.0,296.0,172.0,10,1,11188;11268;12182;12216;12236;12237;12238;12239;12240;12241,junction
2608,junction,10,134.9,42.9,93.7,539.6,171.6,374.8,171.6,12,1,11172;11235;11241;11285;12188;12214;12242;12243;12244;12245;12246;12247,junction
2609,junction,8,134.875,43.0,112.875,539.5,172.0,451.5,172.0,11,1,11179;11239;11274;11952;12191;12195;12248;12249;12250;12251;12252,junction
2610,junction,5,135.0,42.8,16.6,540.0,171.2,66.4,66.4,6,1,11219;11249;11946;11959;12253;12254,junction
2611,junction,9,134.88888888888889,43.111111111111114,132.44444444444446,539.5555555555555,172.44444444444446,529.7777777777778,172.44444444444446,10,1,11203;11244;11291;12196;12202;12255;12256;12257;12258;12259,junction
2612,junction,9,135.66666666666666,42.44444444444444,151.55555555555554,542.6666666666666,169.77777777777777,606.2222222222222,169.77777777777777,7,1,11202;11245;12261;12262;12263;12264;12265,junction
2613,junction,13,135.23076923076923,52.69230769230769,141.84615384615384,540.9230769230769,210.76923076923077,567.3846153846154,210.76923076923077,12,1,11204;11247;11294;11337;12256;12266;12267;12268;12269;12270;12271;12272,junction
2614,junction,10,135.3,52.2,161.7,541.2,208.8,646.8,189.20000000000005,10,1,11205;11246;11296;11305;12219;12273;12274;12275;12276;12277,junction
2615,junction,9,135.55555555555554,51.888888888888886,181.0,542.2222222222222,207.55555555555554,724.0,112.0,9,1,11210;11281;11339;12278;12279;12280;12281;12282;12283,junction
2616,junction,11,134.8181818181818,53.0,64.18181818181819,539.2727272727273,212.0,256.72727272727275,212.0,11,1,11230;11264;11269;11319;11980;12232;12236;12285;12286;12287;12288,junction
2617,junction,11,135.0,52.90909090909091,83.63636363636364,540.0,211.63636363636363,334.54545454545456,211.63636363636363,11,1,11236;11270;11286;11327;11981;12237;12242;12289;12290;12291;12292,junction
2618,junction,11,134.9090909090909,52.72727272727273,103.27272727272727,539.6363636363636,210.9090909090909,413.09090909090907,210.9090909090909,12,1,11242;11277;11287;11330;11965;12243;12251;12293;12294;12295;12296;12297,junction
2619,junction,12,135.08333333333334,53.333333333333336,45.083333333333336,540.3333333333334,213.33333333333334,180.33333333333334,180.33333333333334,10,1,11258;11263;11313;11973;12233;12298;12299;12300;12301;12302,junction
2620,junction,9,135.0,61.888888888888886,132.44444444444446,540.0,247.55555555555554,529.7777777777778,220.0,9,1,11295;11300;11338;11953;12267;12303;12304;12305;12306,junction
2621,junction,11,135.27272727272728,62.09090909090909,152.0,541.0909090909091,248.36363636363637,608.0,218.90909090909088,10,1,11248;11306;11335;12269;12273;12307;12309;12310;12311;12312,junction
2622,junction,7,134.85714285714286,63.142857142857146,55.0,539.4285714285714,252.57142857142858,220.0,220.0,8,1,11265;11316;11320;11384;12314;12315;12316;12317,junction
2623,junction,7,135.0,63.142857142857146,94.0,540.0,252.57142857142858,376.0,220.0,10,1,11325;11332;11373;12289;12293;12319;12320;12321;12322;12323,junction
2624,junction,6,135.5,61.333333333333336,189.66666666666666,542.0,245.33333333333334,758.6666666666666,77.33333333333337,7,1,11282;11343;11349;12278;12324;12325;12326,junction
2625,junction,4,135.25,63.5,16.5,541.0,254.0,66.0,66.0,3,1,11252;12327;12329,junction
2626,junction,13,135.0,72.23076923076923,123.07692307692308,540.0,288.9230769230769,492.3076923076923,220.0,9,1,11301;11347;11379;11406;12304;12331;12334;12335;12336,junction
2627,junction,15,135.13333333333333,72.0,142.2,540.5333333333333,288.0,568.8,219.4666666666667,12,1,11336;11380;11426;11907;12303;12337;12338;12339;12340;12341;12342;12343,junction
2628,junction,8,135.125,72.0,161.875,540.5,288.0,647.5,188.5,10,1,11307;11430;11909;12310;12345;12346;12347;12348;12349;12350,junction
2629,junction,6,135.16666666666666,73.0,25.666666666666668,540.6666666666666,292.0,102.66666666666667,102.66666666666667,7,1,11311;11356;11974;12353;12354;12355;12356,junction
2630,junction,9,135.11111111111111,73.0,44.77777777777778,540.4444444444445,292.0,179.11111111111111,179.11111111111111,12,1,11317;11361;11385;11418;11975;11989;12357;12358;12359;12360;12361;12362,junction
2631,junction,9,135.0,73.11111111111111,64.55555555555556,540.0,292.44444444444446,258.22222222222223,220.0,9,1,11321;11366;11386;11982;12363;12364;12366;12367;12368,junction
2632,junction,11,135.0909090909091,72.63636363636364,83.81818181818181,540.3636363636364,290.54545454545456,335.27272727272725,219.63636363636363,9,1,11326;11368;11375;11393;11985;12371;12372;12373;12374,junction
2633,junction,10,135.0,72.0,103.4,540.0,288.0,413.6,220.0,8,1,11345;11374;11966;12319;12375;12376;12377;12378,junction
2634,junction,8,135.75,71.875,181.25,543.0,287.5,725.0,111.0,8,1,11351;11389;12380;12381;12382;12383;12384;12385,junction
2635,junction,4,134.75,80.5,190.25,539.0,322.0,761.0,75.0,7,1,11352;11392;11471;12386;12387;12388;12389,junction
2636,junction,11,135.0,81.72727272727273,93.72727272727273,540.0,326.90909090909093,374.90909090909093,220.0,10,1,11395;11399;11456;12004;12371;12375;12390;12391;12393;12394,junction
2637,junction,11,135.0,82.0,113.0,540.0,328.0,452.0,220.0,10,1,11348;11400;11407;11460;12376;12395;12396;12397;12398;12399,junction
2638,junction,12,135.25,82.08333333333333,133.08333333333334,541.0,328.3333333333333,532.3333333333334,219.0,11,1,11381;11409;11427;11466;12338;12400;12401;12402;12403;12404;12405,junction
2639,junction,10,135.5,81.9,151.8,542.0,327.6,607.2,218.0,10,1,11428;11475;11910;12339;12345;12406;12407;12409;12410;12411,junction
2640,junction,8,134.875,81.625,172.125,539.5,326.5,688.5,147.5,10,1,11391;11431;11436;12348;12382;12412;12413;12414;12415;12416,junction
2641,junction,6,135.0,81.83333333333333,16.833333333333332,540.0,327.3333333333333,67.33333333333333,67.33333333333333,8,1,11357;11414;11440;12010;12353;12417;12418;12419,junction
2642,junction,10,135.1,82.6,54.8,540.4,330.4,219.2,219.2,9,1,11387;11423;11450;12358;12364;12420;12421;12422;12423,junction
2643,junction,10,135.3,91.1,161.9,541.2,364.4,647.6,188.39999999999998,9,1,11433;11437;11481;12424;12425;12426;12427;12428;12429,junction
2644,junction,12,135.25,90.91666666666667,181.75,541.0,363.6666666666667,727.0,109.0,11,1,11390;11438;11472;12412;12430;12431;12432;12433;12434;12435;12436,junction
2645,junction,8,135.0,91.75,103.75,540.0,367.0,415.0,220.0,9,1,11402;11457;11463;12391;12437;12438;12439;12440;12441,junction
2646,junction,8,135.125,92.0,123.0,540.5,368.0,492.0,219.5,10,1,11410;11512;12018;12395;12400;12442;12443;12444;12445;12446,junction
2647,junction,11,134.9090909090909,91.72727272727273,142.63636363636363,539.6363636363636,366.90909090909093,570.5454545454545,220.36363636363637,11,1,11429;11469;11478;11519;12401;12407;12448;12449;12450;12451;12452,junction
2648,junction,7,135.28571428571428,92.14285714285714,45.0,541.1428571428571,368.57142857142856,180.0,180.0,8,1,11421;11447;11451;11491;12453;12454;12455;12456,junction
2649,junction,10,135.2,91.9,64.4,540.8,367.6,257.6,219.20000000000005,10,1,11069;11452;11497;11998;12420;12457;12458;12459;12460;12461,junction
2650,junction,13,134.84615384615384,101.6923076923077,152.30769230769232,539.3846153846154,406.7692307692308,609.2307692307693,220.61538461538464,11,1,11477;11482;11521;11530;12425;12448;12462;12463;12464;12465;12466,junction
2651,junction,11,135.0,101.0,172.0,540.0,404.0,688.0,148.0,10,1,11435;11480;11523;11536;12430;12467;12468;12469;12470;12471,junction
2652,junction,5,134.8,101.6,16.4,539.2,406.4,65.6,65.6,8,1,11442;11486;11541;12012;12037;12472;12473;12474,junction
2653,junction,9,135.11111111111111,101.88888888888889,73.88888888888889,540.4444444444445,407.55555555555554,295.55555555555554,219.55555555555554,10,1,11071;11499;11559;12457;12475;12476;12477;12478;12479;12480,junction
2654,junction,11,135.0909090909091,102.0909090909091,94.0909090909091,540.3636363636364,408.3636363636364,376.3636363636364,219.63636363636363,12,1,11458;11505;11510;11567;12439;12481;12482;12483;12484;12485;12486;12487,junction
2655,junction,11,134.9090909090909,102.0909090909091,113.81818181818181,539.6363636363636,408.3636363636364,455.27272727272725,220.36363636363637,12,1,11462;11511;11515;11576;12029;12438;12442;12488;12489;12490;12491;12492,junction
2656,junction,9,135.22222222222223,102.11111111111111,55.111111111111114,540.8888888888889,408.44444444444446,220.44444444444446,219.1111111111111,9,1,11453;11498;11553;12461;12493;12494;12496;12497;12498,junction
2657,junction,8,135.25,110.875,142.625,541.0,443.5,570.5,219.0,11,1,11522;11525;11531;11617;12022;12462;12499;12500;12501;12502;12503,junction
2658,junction,13,135.0,111.0,162.0,540.0,444.0,648.0,188.0,12,1,11483;11529;11537;11587;12463;12467;12504;12505;12506;12507;12508;12509,junction
2659,junction,11,135.1818181818182,111.9090909090909,44.90909090909091,540.7272727272727,447.6363636363636,179.63636363636363,179.63636363636363,11,1,11494;11549;11596;12026;12493;12510;12511;12512;12513;12514;12515,junction
2660,junction,6,134.83333333333334,112.0,64.66666666666667,539.3333333333334,448.0,258.6666666666667,220.66666666666663,10,1,11500;11556;11560;11601;12479;12516;12517;12518;12519;12520,junction
2661,junction,12,135.0,112.16666666666667,84.16666666666667,540.0,448.6666666666667,336.6666666666667,220.0,10,1,11506;11561;11606;12042;12475;12482;12521;12522;12524;12525,junction
2662,junction,11,134.9090909090909,111.72727272727273,103.72727272727273,539.6363636363636,446.90909090909093,414.90909090909093,220.36363636363637,10,1,11568;11577;11614;12483;12526;12529;12530;12531;12532;12533,junction
2663,junction,8,135.375,111.375,181.5,541.5,445.5,726.0,110.0,8,1,11538;11571;11620;12534;12535;12536;12537;12538,junction
2664,junction,8,135.5,120.5,190.25,542.0,482.0,761.0,75.0,8,1,11572;11621;11626;12536;12539;12540;12541;12542,junction
2665,junction,11,135.0909090909091,121.0,133.0909090909091,540.3636363636364,484.0,532.3636363636364,219.63636363636363,8,1,11526;11581;11616;12500;12545;12546;12547;12548,junction
2666,junction,10,134.9,120.9,152.3,539.6,483.6,609.2,220.39999999999998,9,1,11532;11589;11618;12499;12504;12549;12550;12551;12552,junction
2667,junction,13,135.3846153846154,121.23076923076923,171.92307692307693,541.5384615384615,484.9230769230769,687.6923076923077,148.30769230769226,12,1,11539;11588;11622;11652;12505;12535;12553;12554;12555;12556;12557;12558,junction
2668,junction,4,134.5,121.75,16.5,538.0,487.0,66.0,66.0,7,1,11543;11593;11643;12049;12559;12560;12561,junction
2669,junction,5,135.2,121.4,35.0,540.8,485.6,140.0,140.0,7,1,11550;11594;11597;12510;12562;12563;12564,junction
2670,junction,9,135.11111111111111,122.11111111111111,54.888888888888886,540.4444444444445,488.44444444444446,219.55555555555554,219.55555555555554,11,1,11086;11555;11602;12511;12516;12565;12566;12567;12568;12569;12570,junction
2671,junction,8,135.125,121.5,74.875,540.5,486.0,299.5,219.5,10,1,11562;11603;11608;11649;12521;12571;12572;12573;12574;12575,junction
2672,junction,10,135.0,122.0,113.5,540.0,488.0,454.0,220.0,8,1,11584;11613;12030;12529;12577;12578;12579;12580,junction
2673,junction,11,135.45454545454547,130.45454545454547,182.1818181818182,541.8181818181819,521.8181818181819,728.7272727272727,107.27272727272725,9,1,11623;11627;11653;11660;12540;12555;12582;12583;12584,junction
2674,junction,14,135.0,131.14285714285714,122.92857142857143,540.0,524.5714285714286,491.7142857142857,220.0,11,1,11583;11634;11641;12578;12586;12588;12589;12590;12591;12592;12593,junction
2675,junction,10,135.1,131.0,143.0,540.4,524.0,572.0,219.60000000000002,10,1,11619;11639;11683;11912;12549;12594;12595;12596;12597;12598,junction
2676,junction,12,135.08333333333334,131.0,162.16666666666666,540.3333333333334,524.0,648.6666666666666,187.33333333333337,11,1,11590;11654;11694;11913;12554;12600;12601;12602;12603;12604;12605,junction
2677,junction,5,134.8,131.8,45.2,539.2,527.2,180.8,180.8,9,1,11079;11599;11691;12565;12607;12608;12609;12610;12611,junction
2678,junction,7,135.14285714285714,132.0,65.14285714285714,540.5714285714286,528.0,260.57142857142856,219.42857142857144,9,1,11084;11604;11650;12075;12566;12572;12613;12614;12615,junction
2679,junction,7,134.85714285714286,131.14285714285714,104.14285714285714,539.4285714285714,524.5714285714286,416.57142857142856,220.57142857142856,11,1,11630;11636;11675;12044;12068;12577;12616;12617;12618;12619;12620,junction
2680,junction,12,135.16666666666666,140.25,172.16666666666666,540.6666666666666,561.0,688.6666666666666,147.33333333333337,9,1,11655;11658;11697;12622;12623;12624;12625;12626;12627,junction
2681,junction,6,135.0,141.0,113.66666666666667,540.0,564.0,454.6666666666667,220.0,10,1,11637;11678;11682;12589;12617;12628;12629;12630;12631;12632,junction
2682,junction,13,135.0,141.0,133.0,540.0,564.0,532.0,220.0,11,1,11642;11680;11722;12588;12594;12634;12635;12636;12637;12638;12639,junction
2683,junction,10,134.9,140.6,152.5,539.6,562.4,610.0,220.39999999999998,10,1,11686;11696;11736;12600;12641;12642;12643;12644;12645;12646,junction
2684,junction,4,135.0,140.0,190.5,540.0,560.0,762.0,74.0,5,1,11661;12647;12648;12649;12650,junction
2685,junction,6,135.16666666666666,141.16666666666666,16.333333333333332,540.6666666666666,564.6666666666666,65.33333333333333,65.33333333333333,7,1,11092;11645;11703;12082;12651;12652;12653,junction
2686,junction,8,135.125,141.125,35.0,540.5,564.5,140.0,140.0,9,1,11093;11692;12052;12608;12654;12655;12656;12657;12658,junction
2687,junction,13,135.15384615384616,150.23076923076923,182.0,540.6153846153846,600.9230769230769,728.0,108.0,8,1,11659;11698;11752;12648;12661;12662;12663;12664,junction
2688,junction,13,135.0,151.0,104.0,540.0,604.0,416.0,208.0,11,1,11677;11718;11777;12069;12629;12666;12667;12668;12669;12670;12671,junction
2689,junction,9,134.88888888888889,150.77777777777777,123.55555555555556,539.5555555555555,603.1111111111111,494.22222222222223,208.8888888888889,11,1,11681;11720;11725;11784;12628;12634;12672;12673;12674;12675;12676,junction
2690,junction,13,135.23076923076923,150.6153846153846,143.23076923076923,540.9230769230769,602.4615384615385,572.9230769230769,209.53846153846155,12,1,11688;11723;11737;11740;12635;12642;12677;12678;12679;12680;12681;12682,junction
2691,junction,7,135.14285714285714,151.14285714285714,44.57142857142857,540.5714285714286,604.5714285714286,178.28571428571428,178.28571428571428,9,1,11730;11762;12657;12683;12684;12685;12686;12687;12688,junction
2692,junction,9,134.88888888888889,150.88888888888889,162.77777777777777,539.5555555555555,603.5555555555555,651.1111111111111,184.8888888888889,9,1,11700;11739;11746;12623;12689;12690;12691;12692;12693,junction
2693,junction,10,135.1,160.2,172.1,540.4,640.8,688.4,147.60000000000002,12,1,11701;11750;11754;11795;12690;12694;12695;12696;12697;12698;12699;12700,junction
2694,junction,6,135.5,160.0,191.0,542.0,640.0,764.0,72.0,4,1,11753;11915;12702;12703,junction
2695,junction,11,135.0,161.0,55.0,540.0,644.0,220.0,168.0,10,1,11709;11765;11770;11804;12091;12704;12705;12706;12707;12708,junction
2696,junction,10,135.0,161.1,93.8,540.0,644.4,375.2,167.60000000000002,11,1,11715;11774;11819;12100;12666;12709;12710;12711;12712;12713;12714,junction
2697,junction,11,134.9090909090909,160.8181818181818,113.72727272727273,539.6363636363636,643.2727272727273,454.90909090909093,168.72727272727275,12,1,11721;11781;11785;11827;12667;12672;12715;12716;12717;12718;12719;12720,junction
2698,junction,11,135.0909090909091,160.63636363636363,133.54545454545453,540.3636363636364,642.5454545454545,534.1818181818181,169.4545454545455,10,1,11726;11742;11786;11831;12677;12722;12723;12724;12725;12726,junction
2699,junction,13,135.23076923076923,161.23076923076923,35.53846153846154,540.9230769230769,644.9230769230769,142.15384615384616,142.15384615384616,9,1,11759;11763;12084;12104;12683;12727;12728;12729;12730,junction
2700,junction,9,134.88888888888889,160.66666666666666,74.66666666666667,539.5555555555555,642.6666666666666,298.6666666666667,169.33333333333337,10,1,11771;11776;11812;12097;12732;12733;12734;12735;12736;12737,junction
2701,junction,8,135.125,160.5,152.375,540.5,642.0,609.5,170.0,8,1,11743;11788;12678;12689;12739;12740;12741;12742,junction
2702,junction,5,135.4,161.2,16.6,541.6,644.8,66.4,66.4,7,1,11704;11758;11800;12103;12743;12744;12745,junction
2703,junction,12,134.83333333333334,170.66666666666666,162.58333333333334,539.3333333333334,682.6666666666666,650.3333333333334,129.33333333333337,9,1,11749;11790;11852;12697;12747;12748;12749;12750;12751,junction
2704,junction,11,135.1818181818182,169.8181818181818,182.27272727272728,540.7272727272727,679.2727272727273,729.0909090909091,106.90909090909088,11,1,11755;11797;11856;11917;12694;12702;12752;12753;12754;12755;12756,junction
2705,junction,10,135.1,171.1,45.5,540.4,684.4,182.0,127.60000000000002,9,1,11766;11805;11868;12727;12757;12758;12759;12760;12761,junction
2706,junction,10,135.2,171.1,65.0,540.8,684.4,260.0,127.60000000000002,9,1,11772;11813;11873;12732;12763;12764;12765;12766;12768,junction
2707,junction,10,134.8,170.9,84.5,539.2,683.6,338.0,128.39999999999998,11,1,11775;11814;11821;11885;12709;12733;12769;12771;12772;12773;12774,junction
2708,junction,13,135.0,171.0,104.0,540.0,684.0,416.0,128.0,12,1,11782;11820;11828;11837;12111;12710;12715;12775;12776;12777;12778;12779,junction
2709,junction,11,135.27272727272728,170.36363636363637,143.27272727272728,541.0909090909091,681.4545454545455,573.0909090909091,130.5454545454545,9,1,11744;11789;11833;11845;12781;12782;12783;12784;12785,junction
2710,junction,10,134.9,170.7,123.6,539.6,682.8,494.4,129.20000000000005,9,1,11825;11832;11883;12112;12716;12722;12786;12788;12789,junction
2711,junction,9,135.44444444444446,179.88888888888889,153.11111111111111,541.7777777777778,719.5555555555555,612.4444444444445,92.44444444444446,9,1,11791;11853;12748;12790;12791;12792;12793;12794;12795,junction
2712,junction,9,134.88888888888889,179.88888888888889,172.77777777777777,539.5555555555555,719.5555555555555,691.1111111111111,92.44444444444446,10,1,11798;11850;11858;12749;12753;12796;12797;12798;12799;12800,junction
2713,junction,8,135.125,179.875,191.375,540.5,719.5,765.5,70.5,5,1,11918;12802;12803;12805;12806,junction
2714,junction,10,135.1,181.3,55.3,540.4,725.2,221.2,86.79999999999995,12,1,11808;11870;11875;12757;12763;12807;12808;12809;12810;12811;12812;12813,junction
2715,junction,12,135.0,180.75,74.75,540.0,723.0,299.0,89.0,12,1,11815;11877;11886;12764;12769;12814;12815;12816;12817;12818;12819;12820,junction
2716,junction,9,135.11111111111111,180.88888888888889,94.22222222222223,540.4444444444445,723.5555555555555,376.8888888888889,88.44444444444446,10,1,11822;11838;11887;12775;12822;12823;12824;12825;12826;12827,junction
2717,junction,5,135.0,181.0,16.4,540.0,724.0,65.6,65.6,6,1,11802;11863;12828;12829;12830;12831,junction
2718,junction,9,135.11111111111111,179.88888888888889,133.55555555555554,540.4444444444445,719.5555555555555,534.2222222222222,92.44444444444446,9,1,11847;11882;12781;12786;12832;12833;12834;12835;12836,junction
2719,junction,7,135.28571428571428,181.0,35.0,541.1428571428571,724.0,140.0,88.0,7,1,11869;12837;12838;12839;12840;12841;12842,junction
2720,junction,6,135.5,13.666666666666666,162.16666666666666,542.0,54.666666666666664,648.6666666666666,54.666666666666664,6,1,11099;11894;12843;12844;12845;12846,junction
2721,junction,4,135.5,14.5,83.5,542.0,58.0,334.0,58.0,6,1,11109;11113;11933;12147;12847;12848,junction
2722,junction,2,135.5,21.5,190.0,542.0,86.0,760.0,76.0,7,1,11126;11897;11904;12142;12849;12850;12851,junction
2723,junction,2,135.5,41.5,190.0,542.0,166.0,760.0,76.0,5,1,11213;11279;12852;12853;12854,junction
2724,junction,3,135.66666666666666,61.666666666666664,171.66666666666666,542.6666666666666,246.66666666666666,686.6666666666666,149.33333333333337,3,1,11304;12855;12856,junction
2725,junction,6,135.83333333333334,100.83333333333333,190.16666666666666,543.3333333333334,403.3333333333333,760.6666666666666,75.33333333333337,5,1,11569;12432;12857;12858;12859,junction
2726,junction,1,140.0,140.0,168.0,560.0,560.0,672.0,164.0,2,1,12627;12860,degree_two
2727,junction,1,141.0,93.0,59.0,564.0,372.0,236.0,196.0,2,1,12459;12862,degree_two
2728,junction,8,144.625,14.5,93.0,578.5,58.0,372.0,58.0,6,1,12149;12848;12864;12865;12866;12867,junction
2729,junction,4,144.5,14.75,54.5,578.0,59.0,218.0,59.0,7,1,11922;11941;12124;12868;12869;12870;12871,junction
2730,junction,11,144.63636363636363,23.636363636363637,24.90909090909091,578.5454545454545,94.54545454545455,99.63636363636364,94.54545454545455,9,1,11929;11947;12122;12174;12872;12873;12874;12875;12876,junction
2731,junction,9,144.66666666666666,23.666666666666668,63.888888888888886,578.6666666666666,94.66666666666667,255.55555555555554,94.66666666666667,9,1,11924;11936;12184;12877;12878;12879;12880;12881;12882,junction
2732,junction,14,144.85714285714286,22.928571428571427,103.07142857142857,579.4285714285714,91.71428571428571,412.2857142857143,91.71428571428571,11,1,12131;12151;12157;12189;12865;12883;12884;12885;12886;12887;12888,junction
2733,junction,10,144.7,33.0,35.0,578.8,132.0,140.0,132.0,8,1,11931;11949;12211;12227;12889;12890;12891;12892,junction
2734,junction,11,144.8181818181818,32.90909090909091,74.0909090909091,579.2727272727273,131.63636363636363,296.3636363636364,131.63636363636363,9,1,12186;12217;12238;12893;12894;12895;12896;12897;12898,junction
2735,junction,11,145.0,32.90909090909091,93.54545454545455,580.0,131.63636363636363,374.1818181818182,131.63636363636363,11,1,12190;12215;12244;12884;12899;12900;12901;12902;12903;12904;12905,junction
2736,junction,4,144.5,33.5,15.75,578.0,134.0,63.0,63.0,7,1,11948;12173;12253;12874;12906;12907;12909,junction
2737,junction,17,145.0,42.23529411764706,142.0,580.0,168.94117647058823,568.0,168.94117647058823,12,1,12203;12258;12265;12268;12910;12911;12912;12913;12914;12915;12916;12917,junction
2738,junction,8,144.5,43.0,25.25,578.0,172.0,101.0,101.0,7,1,11950;11960;12907;12918;12919;12920;12921,junction
2739,junction,7,144.14285714285714,43.142857142857146,44.857142857142854,576.5714285714286,172.57142857142858,179.42857142857142,172.57142857142858,7,1,12213;12229;12234;12299;12922;12924;12925,junction
2740,junction,13,144.76923076923077,43.30769230769231,63.84615384615385,579.0769230769231,173.23076923076923,255.3846153846154,173.23076923076923,8,1,12187;12235;12285;12928;12929;12931;12932;12933,junction
2741,junction,10,144.6,53.0,35.0,578.4,212.0,140.0,140.0,8,1,11963;11976;12300;12934;12935;12936;12937;12938,junction
2742,junction,10,144.2,53.0,54.7,576.8,212.0,218.8,183.20000000000005,6,1,12286;12301;12314;12940;12941;12943,junction
2743,junction,15,144.86666666666667,53.0,74.13333333333334,579.4666666666667,212.0,296.53333333333336,180.5333333333333,12,1,11983;12241;12287;12291;12928;12944;12945;12946;12947;12948;12949;12950,junction
2744,junction,11,144.72727272727272,62.45454545454545,103.27272727272727,578.9090909090909,249.8181818181818,413.09090909090907,181.09090909090912,9,1,11972;12297;12322;12951;12953;12954;12955;12956;12957,junction
2745,junction,9,144.55555555555554,62.0,122.77777777777777,578.2222222222222,248.0,491.1111111111111,181.77777777777783,9,1,11957;11969;12305;12958;12959;12960;12961;12962;12963,junction
2746,junction,5,144.8,62.4,44.8,579.2,249.6,179.2,179.2,8,1,11978;12302;12360;12965;12966;12967;12968;12969,junction
2747,junction,9,144.66666666666666,72.66666666666667,73.88888888888889,578.6666666666666,290.6666666666667,295.55555555555554,181.33333333333337,9,1,11987;11999;12367;12372;12970;12971;12972;12973;12974,junction
2748,junction,11,144.72727272727272,71.9090909090909,112.9090909090909,578.9090909090909,287.6363636363636,451.6363636363636,181.09090909090912,9,1,11971;12334;12378;12396;12951;12975;12976;12977;12978,junction
2749,junction,10,144.5,73.0,35.0,578.0,292.0,140.0,140.0,8,1,11979;11993;12355;12361;12979;12980;12981;12982,junction
2750,junction,13,144.76923076923077,81.61538461538461,162.23076923076923,579.0769230769231,326.46153846153845,648.9230769230769,180.9230769230769,12,1,12350;12409;12416;12429;12983;12984;12985;12986;12987;12988;12989;12990,junction
2751,junction,10,144.2,82.2,25.4,576.8,328.8,101.6,101.6,9,1,11992;12011;12356;12419;12992;12993;12994;12995;12996,junction
2752,junction,10,144.7,82.5,45.0,578.8,330.0,180.0,180.0,8,1,11994;12362;12421;12453;12997;12998;12999;13000,junction
2753,junction,9,144.66666666666666,82.44444444444444,84.0,578.6666666666666,329.77777777777777,336.0,181.33333333333337,8,1,12001;12005;12374;12393;13001;13002;13003;13004,junction
2754,junction,13,144.76923076923077,82.0,103.38461538461539,579.0769230769231,328.0,413.53846153846155,180.9230769230769,7,1,12394;12397;13006;13007;13011;13012;13013,junction
2755,junction,8,144.75,82.875,64.75,579.0,331.5,259.0,181.0,9,1,12000;12368;12422;12458;12970;13014;13015;13016;13017,junction
2756,junction,4,143.75,91.5,16.75,575.0,366.0,67.0,67.0,6,1,12013;12417;12474;12992;13019;13020,junction
2757,junction,10,144.5,92.0,35.0,578.0,368.0,140.0,140.0,7,1,11991;12014;12027;12454;13021;13023;13024,junction
2758,junction,9,144.33333333333334,92.0,55.0,577.3333333333334,368.0,220.0,182.66666666666663,8,1,12423;12455;12494;12862;13025;13026;13027;13028,junction
2759,junction,9,144.44444444444446,92.0,74.0,577.7777777777778,368.0,296.0,182.22222222222217,8,1,12002;12006;12460;12476;13029;13030;13031;13032,junction
2760,junction,10,144.5,92.0,94.0,578.0,368.0,376.0,182.0,8,1,12007;12440;12484;13034;13035;13036;13037;13038,junction
2761,junction,13,144.69230769230768,91.76923076923077,113.23076923076923,578.7692307692307,367.0769230769231,452.9230769230769,181.23076923076928,8,1,12399;12441;12444;12489;13041;13042;13043;13044,junction
2762,junction,6,144.0,102.16666666666667,25.166666666666668,576.0,408.6666666666667,100.66666666666667,100.66666666666667,6,1,12016;12038;12472;13045;13047;13048,junction
2763,junction,10,144.6,102.0,45.0,578.4,408.0,180.0,180.0,8,1,12028;12456;12496;12512;13049;13050;13051;13052,junction
2764,junction,11,144.54545454545453,101.9090909090909,84.0,578.1818181818181,407.6363636363636,336.0,181.81818181818187,10,1,12008;12478;12485;12522;13029;13053;13054;13055;13056;13057,junction
2765,junction,14,144.78571428571428,110.92857142857143,133.07142857142858,579.1428571428571,443.7142857142857,532.2857142857143,180.8571428571429,11,1,12024;12033;12501;12545;13058;13059;13060;13061;13062;13063;13064,junction
2766,junction,8,144.625,111.875,35.0,578.5,447.5,140.0,140.0,6,1,12040;12513;12563;13065;13066;13067,junction
2767,junction,7,144.14285714285714,111.85714285714286,55.142857142857146,576.5714285714286,447.42857142857144,220.57142857142858,183.42857142857144,7,1,12498;12514;12518;12568;13068;13069;13070,junction
2768,junction,5,144.8,112.0,74.6,579.2,448.0,298.4,180.79999999999995,4,1,12519;12571;13072;13073,junction
2769,junction,11,144.72727272727272,111.9090909090909,93.9090909090909,578.9090909090909,447.6363636363636,375.6363636363636,181.09090909090912,9,1,12045;12487;12524;12531;13053;13074;13075;13076;13077,junction
2770,junction,10,144.7,121.5,84.0,578.8,486.0,336.0,181.20000000000005,8,1,12046;12058;12525;12574;13078;13079;13080;13081,junction
2771,junction,9,144.55555555555554,122.0,26.0,578.2222222222222,488.0,104.0,104.0,8,1,12041;12053;12560;12564;13082;13083;13084;13085,junction
2772,junction,10,144.7,131.1,94.1,578.8,524.4,376.4,181.20000000000005,9,1,12048;12060;12070;12619;13086;13087;13088;13089;13090,junction
2773,junction,10,144.5,132.0,35.7,578.0,528.0,142.8,142.8,8,1,12055;12562;12609;12655;13091;13092;13093;13094,junction
2774,junction,6,144.0,131.83333333333334,75.16666666666667,576.0,527.3333333333334,300.6666666666667,184.0,7,1,12059;12078;12575;12614;13095;13096;13097,junction
2775,junction,11,145.0909090909091,131.0,113.54545454545455,580.3636363636364,524.0,454.1818181818182,179.63636363636363,10,1,12591;12620;13098;13099;13100;13101;13102;13103;13104;13105,junction
2776,junction,10,144.6,132.1,55.0,578.4,528.4,220.0,181.60000000000002,9,1,12065;12570;12611;12613;13106;13107;13108;13109;13110,junction
2777,junction,10,144.5,141.0,26.0,578.0,564.0,104.0,104.0,8,1,12056;12085;12652;12656;13111;13112;13113;13114,junction
2778,junction,11,144.72727272727272,141.63636363636363,84.0,578.9090909090909,566.5454545454545,336.0,181.09090909090912,9,1,12061;12071;12080;12098;13115;13117;13118;13119;13120,junction
2779,junction,11,144.63636363636363,140.9090909090909,104.0,578.5454545454545,563.6363636363636,416.0,181.4545454545455,7,1,12072;12630;12668;13105;13123;13124;13125,junction
2780,junction,7,145.0,141.42857142857142,45.42857142857143,580.0,565.7142857142857,181.71428571428572,180.0,7,1,12064;12610;12685;13126;13127;13128;13129,junction
2781,junction,10,145.1,141.5,64.9,580.4,566.0,259.6,179.60000000000002,10,1,12066;12079;12093;12615;13107;13130;13131;13132;13134;13135,junction
2782,junction,11,144.63636363636363,151.27272727272728,35.54545454545455,578.5454545454545,605.0909090909091,142.1818181818182,142.1818181818182,10,1,12087;12658;12686;12728;13136;13137;13138;13139;13140;13141,junction
2783,junction,10,144.7,151.0,55.0,578.8,604.0,220.0,181.20000000000005,8,1,12063;12094;12688;12705;13142;13143;13144;13145,junction
2784,junction,12,144.75,150.75,94.25,579.0,603.0,377.0,181.0,9,1,12073;12101;12669;12711;13115;13147;13148;13149;13150,junction
2785,junction,9,145.11111111111111,151.22222222222223,74.11111111111111,580.4444444444445,604.8888888888889,296.44444444444446,179.55555555555554,9,1,12095;12099;12735;13130;13151;13152;13153;13154;13155,junction
2786,junction,17,145.0,160.2941176470588,143.0,580.0,641.1764705882352,572.0,170.82352941176475,12,1,12681;12726;12741;12785;13156;13157;13158;13159;13160;13161;13162;13163,junction
2787,junction,10,144.5,161.0,26.0,578.0,644.0,104.0,104.0,8,1,12088;12107;12729;12744;13164;13165;13166;13167,junction
2788,junction,13,144.53846153846155,161.0,45.23076923076923,578.1538461538462,644.0,180.92307692307693,168.0,10,1,12684;12706;12730;12758;13138;13168;13169;13170;13171;13172,junction
2789,junction,10,144.8,161.0,65.0,579.2,644.0,260.0,168.0,8,1,12092;12707;12736;12765;13173;13174;13175;13176,junction
2790,junction,3,143.0,161.33333333333334,83.66666666666667,572.0,645.3333333333334,334.6666666666667,166.66666666666663,3,1,12737;12771;13177,junction
2791,junction,17,144.88235294117646,170.1764705882353,153.0,579.5294117647059,680.7058823529412,612.0,131.29411764705878,12,1,12742;12751;12783;12795;13159;13178;13179;13180;13181;13182;13183;13184,junction
2792,junction,10,144.7,171.4,36.1,578.8,685.6,144.4,126.39999999999998,8,1,12109;12759;12841;13185;13186;13187;13188;13190,junction
2793,junction,12,144.66666666666666,170.91666666666666,93.91666666666667,578.6666666666666,683.6666666666666,375.6666666666667,128.33333333333337,12,1,12714;12773;12777;12826;13191;13192;13193;13194;13195;13196;13197;13198,junction
2794,junction,12,144.83333333333334,180.75,104.0,579.3333333333334,723.0,416.0,89.0,11,1,12115;12779;12824;13196;13199;13200;13201;13203;13204;13205;13206,junction
2795,junction,10,144.7,180.9,26.0,578.8,723.6,104.0,88.39999999999998,8,1,12106;12831;12842;13207;13209;13210;13211;13212,junction
2796,junction,9,145.0,13.444444444444445,152.0,580.0,53.77777777777778,608.0,53.77777777777778,7,1,12137;12166;12844;13213;13214;13216;13217,junction
2797,junction,4,144.75,13.75,171.0,579.0,55.0,684.0,55.0,8,1,12144;12175;12845;13218;13219;13220;13221;13222,junction
2798,junction,3,144.33333333333334,13.333333333333334,190.33333333333334,577.3333333333334,53.333333333333336,761.3333333333334,53.333333333333336,3,1,12143;12849;13223,junction
2799,junction,2,144.5,14.0,16.0,578.0,56.0,64.0,56.0,4,1,12120;12172;13224;13225,junction
2800,junction,4,145.25,14.5,74.75,581.0,58.0,299.0,58.0,6,1,11935;12847;13226;13227;13228;13229,junction
2801,junction,5,144.4,14.4,112.8,577.6,57.6,451.2,57.6,6,1,12134;12883;13230;13231;13232;13233,junction
2802,junction,7,145.57142857142858,14.285714285714286,131.71428571428572,582.2857142857143,57.142857142857146,526.8571428571429,57.142857142857146,8,1,12135;12139;12163;13234;13235;13236;13237;13238,junction
2803,junction,10,145.5,22.5,180.9,582.0,90.0,723.6,90.0,10,1,12177;12178;12850;13218;13240;13241;13242;13243;13244;13245,junction
2804,junction,7,144.85714285714286,22.285714285714285,161.57142857142858,579.4285714285714,89.14285714285714,646.2857142857143,89.14285714285714,9,1,12170;12176;12846;13214;13219;13246;13247;13248;13249,junction
2805,junction,5,144.6,23.4,44.8,578.4,93.6,179.2,93.6,6,1,11930;11942;12125;13250;13251;13252,junction
2806,junction,10,145.0,23.2,83.5,580.0,92.8,334.0,92.8,9,1,11937;12150;12864;12894;12900;13226;13254;13255;13256,junction
2807,junction,11,145.0909090909091,22.90909090909091,122.45454545454545,580.3636363636364,91.63636363636364,489.8181818181818,91.63636363636364,9,1,12158;12164;13232;13234;13257;13258;13259;13260;13261,junction
2808,junction,6,145.0,23.166666666666668,141.83333333333334,580.0,92.66666666666667,567.3333333333334,92.66666666666667,10,1,12140;12161;12168;12200;13213;13236;13262;13263;13264;13266,junction
2809,junction,10,145.1,33.0,113.2,580.4,132.0,452.8,132.0,10,1,12159;12198;12249;13257;13268;13269;13270;13271;13272;13273,junction
2810,junction,10,144.8,32.9,132.5,579.2,131.6,530.0,131.6,11,1,12162;12197;12204;12257;12910;13258;13264;13274;13275;13276;13277,junction
2811,junction,12,145.25,33.0,151.75,581.0,132.0,607.0,132.0,10,1,12171;12201;12205;12264;13262;13278;13279;13280;13281;13283,junction
2812,junction,8,145.125,33.125,54.125,580.5,132.5,216.5,132.5,10,1,11943;12185;12212;12878;13284;13285;13286;13287;13288;13289,junction
2813,junction,11,145.45454545454547,33.18181818181818,171.54545454545453,581.8181818181819,132.72727272727272,686.1818181818181,132.72727272727272,11,1,12180;12207;12222;13241;13246;13290;13291;13292;13293;13294;13295,junction
2814,junction,5,145.8,32.4,189.8,583.2,129.6,759.2,76.79999999999995,7,1,12179;12851;12853;13296;13297;13298;13299,junction
2815,junction,14,144.92857142857142,42.0,181.14285714285714,579.7142857142857,168.0,724.5714285714286,111.42857142857144,11,1,12181;12280;12854;13291;13296;13300;13302;13303;13304;13305;13306,junction
2816,junction,9,144.88888888888889,43.0,102.88888888888889,579.5555555555555,172.0,411.55555555555554,172.0,8,1,12193;12246;12294;12899;13308;13309;13311;13312,junction
2817,junction,13,145.23076923076923,42.76923076923077,122.61538461538461,580.9230769230769,171.07692307692307,490.46153846153845,171.07692307692307,12,1,11954;12199;12250;12259;13269;13313;13314;13315;13316;13317;13318;13319,junction
2818,junction,10,145.1,42.4,161.7,580.4,169.6,646.8,169.6,9,1,12224;12262;12275;13279;13290;13321;13322;13323;13324,junction
2819,junction,9,145.0,43.111111111111114,83.88888888888889,580.0,172.44444444444446,335.55555555555554,172.44444444444446,8,1,12240;12245;12290;12904;12944;13325;13326;13327,junction
2820,junction,11,145.0909090909091,52.18181818181818,152.0,580.3636363636364,208.72727272727272,608.0,179.63636363636363,9,1,12263;12270;12274;12307;12912;13329;13330;13331;13332,junction
2821,junction,8,145.125,51.875,170.75,580.5,207.5,683.0,153.0,9,1,12225;12277;13321;13333;13334;13335;13336;13337;13338,junction
2822,junction,8,145.125,53.125,113.0,580.5,212.5,452.0,179.5,12,1,11955;11970;12252;12295;12959;13308;13317;13339;13340;13341;13342;13343,junction
2823,junction,5,145.6,52.0,189.6,582.4,208.0,758.4,77.60000000000002,6,1,12281;12324;13302;13344;13345;13346,junction
2824,junction,10,145.0,53.0,132.5,580.0,212.0,530.0,180.0,7,1,11956;12271;12913;13314;13349;13350;13351,junction
2825,junction,13,144.92307692307693,61.84615384615385,142.15384615384616,579.6923076923077,247.3846153846154,568.6153846153846,180.30769230769226,11,1,12272;12306;12309;12340;13349;13352;13353;13354;13355;13356;13357,junction
2826,junction,11,145.27272727272728,62.0,162.0,581.0909090909091,248.0,648.0,178.90909090909088,10,1,12276;12311;12346;12855;13333;13359;13360;13361;13362;13363,junction
2827,junction,10,145.2,61.5,181.5,580.8,246.0,726.0,110.0,11,1,12283;12326;12381;12856;13336;13345;13364;13365;13366;13367;13368,junction
2828,junction,4,144.75,63.0,25.5,579.0,252.0,102.0,102.0,6,1,11964;11977;12329;13369;13370;13371,junction
2829,junction,4,144.75,63.0,64.25,579.0,252.0,257.0,181.0,7,1,11984;12288;12316;12363;13372;13373;13374,junction
2830,junction,6,144.83333333333334,63.166666666666664,84.33333333333333,579.3333333333334,252.66666666666666,337.3333333333333,180.66666666666663,7,1,11986;12292;12321;12946;13375;13377;13378,junction
2831,junction,12,145.0,71.91666666666667,152.08333333333334,580.0,287.6666666666667,608.3333333333334,180.0,10,1,12312;12341;12347;12406;12983;13354;13359;13379;13380;13382,junction
2832,junction,7,145.14285714285714,73.0,94.14285714285714,580.5714285714286,292.0,376.57142857142856,179.42857142857144,9,1,12323;12373;12377;13006;13375;13384;13385;13386;13387,junction
2833,junction,8,144.75,72.0,132.5,579.0,288.0,530.0,181.0,7,1,12335;12343;12402;12960;13353;13388;13390,junction
2834,junction,9,145.0,72.0,171.88888888888889,580.0,288.0,687.5555555555555,148.44444444444446,10,1,12349;12383;12413;13364;13391;13392;13393;13394;13395;13396,junction
2835,junction,2,144.5,73.0,17.0,578.0,292.0,68.0,68.0,4,1,12354;12418;13397;13398,junction
2836,junction,4,145.25,73.25,54.75,581.0,293.0,219.0,179.0,5,1,12359;12366;13399;13401;13402,junction
2837,junction,11,144.9090909090909,80.9090909090909,181.27272727272728,579.6363636363636,323.6363636363636,725.0909090909091,110.90909090909088,9,1,12385;12389;12414;13392;13403;13404;13405;13406;13407,junction
2838,junction,11,145.0,82.0,123.0,580.0,328.0,492.0,180.0,10,1,12336;12398;12403;12443;13408;13409;13410;13411;13412;13413,junction
2839,junction,9,144.88888888888889,82.22222222222223,143.22222222222223,579.5555555555555,328.8888888888889,572.8888888888889,180.44444444444446,8,1,12342;12405;12410;12449;13416;13417;13418;13419,junction
2840,junction,5,145.0,90.4,190.4,580.0,361.6,761.6,74.39999999999998,7,1,12387;12433;12857;13405;13420;13421;13422,junction
2841,junction,10,145.0,92.1,133.0,580.0,368.4,532.0,180.0,10,1,12020;12404;12450;13409;13423;13424;13425;13426;13427;13428,junction
2842,junction,9,144.88888888888889,91.66666666666667,152.22222222222223,579.5555555555555,366.6666666666667,608.8888888888889,180.44444444444446,10,1,12411;12426;12451;12464;12985;13429;13431;13432;13433;13434,junction
2843,junction,9,145.22222222222223,91.0,171.55555555555554,580.8888888888889,364.0,686.2222222222222,149.77777777777783,10,1,12427;12435;12468;12986;13404;13435;13436;13437;13438;13439,junction
2844,junction,14,145.0,101.21428571428571,162.21428571428572,580.0,404.85714285714283,648.8571428571429,180.0,10,1,12428;12466;12469;12506;13436;13440;13441;13442;13443;13445,junction
2845,junction,6,145.0,101.0,181.66666666666666,580.0,404.0,726.6666666666666,109.33333333333337,10,1,12436;12470;12859;13435;13446;13447;13448;13449;13450;13451,junction
2846,junction,9,145.11111111111111,102.0,123.44444444444444,580.4444444444445,408.0,493.77777777777777,179.55555555555554,11,1,12021;12032;12446;12491;13041;13058;13424;13452;13453;13454;13455,junction
2847,junction,9,145.0,102.11111111111111,143.11111111111111,580.0,408.44444444444446,572.4444444444445,180.0,10,1,12023;12452;12465;12503;13425;13429;13456;13457;13458;13459,junction
2848,junction,4,144.5,102.25,64.5,578.0,409.0,258.0,182.0,3,1,12517;13462;13463,junction
2849,junction,11,144.9090909090909,110.9090909090909,171.9090909090909,579.6363636363636,443.6363636363636,687.6363636363636,148.36363636363637,12,1,12471;12508;12537;12553;13440;13448;13464;13465;13466;13467;13468;13469,junction
2850,junction,4,144.5,111.75,16.5,578.0,447.0,66.0,66.0,6,1,12039;12473;12559;13082;13472;13473,junction
2851,junction,4,145.0,112.0,113.5,580.0,448.0,454.0,180.0,6,1,12034;12492;12532;13474;13475;13476,junction
2852,junction,9,145.0,111.0,152.66666666666666,580.0,444.0,610.6666666666666,180.0,9,1,12502;12507;13441;13456;13477;13478;13479;13480;13481,junction
2853,junction,6,145.33333333333334,111.33333333333333,190.5,581.3333333333334,445.3333333333333,762.0,74.0,6,1,12534;12539;13447;13482;13483;13485,junction
2854,junction,9,145.0,120.77777777777777,162.0,580.0,483.1111111111111,648.0,180.0,12,1,12509;12551;12557;12602;13464;13479;13486;13487;13488;13489;13490;13491,junction
2855,junction,11,144.9090909090909,120.72727272727273,181.63636363636363,579.6363636363636,482.90909090909093,726.5454545454545,109.4545454545455,12,1,12538;12541;12556;12582;13467;13482;13492;13493;13494;13495;13496;13497,junction
2856,junction,7,145.0,121.85714285714286,45.0,580.0,487.42857142857144,180.0,180.0,7,1,12515;12569;12607;13499;13500;13501;13502,junction
2857,junction,9,145.11111111111111,121.66666666666667,103.77777777777777,580.4444444444445,486.6666666666667,415.1111111111111,179.55555555555554,8,1,12047;12533;12579;13099;13503;13504;13505;13506,junction
2858,junction,9,145.0,121.33333333333333,123.33333333333333,580.0,485.3333333333333,493.3333333333333,180.0,11,1,12035;12546;12580;12590;13100;13507;13508;13509;13510;13511;13512,junction
2859,junction,11,145.0,120.9090909090909,142.63636363636363,580.0,483.6363636363636,570.5454545454545,180.0,10,1,12547;12550;12595;13060;13478;13513;13514;13515;13516;13517,junction
2860,junction,5,144.4,122.0,65.0,577.6,488.0,260.0,182.39999999999998,4,1,12567;12573;13518;13519,junction
2861,junction,12,145.0,130.91666666666666,133.08333333333334,580.0,523.6666666666666,532.3333333333334,180.0,11,1,12548;12592;12596;12636;13507;13514;13520;13521;13522;13523;13524,junction
2862,junction,10,145.3,130.9,152.6,581.2,523.6,610.4,178.79999999999995,10,1,12552;12597;12603;12643;13489;13526;13527;13528;13529;13530,junction
2863,junction,10,145.3,131.3,171.9,581.2,525.2,687.6,148.39999999999998,12,1,12558;12583;12604;12625;13486;13492;13531;13532;13533;13534;13535;13536,junction
2864,junction,4,144.75,131.5,16.5,579.0,526.0,66.0,66.0,6,1,12054;12561;12651;13537;13538;13539,junction
2865,junction,5,145.0,130.6,190.2,580.0,522.4,760.8,75.20000000000005,5,1,12542;12584;13493;13540;13541,junction
2866,junction,9,144.77777777777777,141.0,123.0,579.1111111111111,564.0,492.0,180.8888888888889,8,1,12593;12631;12637;12673;13101;13542;13543;13544,junction
2867,junction,14,145.0,141.0,143.14285714285714,580.0,564.0,572.5714285714286,180.0,12,1,12598;12638;12644;12682;13520;13528;13546;13547;13548;13549;13550;13551,junction
2868,junction,8,144.75,140.875,162.625,579.0,563.5,650.5,181.0,10,1,12605;12645;12691;12860;13532;13552;13553;13554;13555;13556,junction
2869,junction,9,145.22222222222223,140.0,181.55555555555554,580.8888888888889,560.0,726.2222222222222,109.77777777777783,10,1,12624;12649;12664;13534;13540;13557;13558;13559;13560;13561,junction
2870,junction,11,145.0,151.0909090909091,133.27272727272728,580.0,604.3636363636364,533.0909090909091,180.0,11,1,12639;12675;12679;12723;13156;13542;13546;13562;13563;13564;13565,junction
2871,junction,12,145.0,150.75,152.83333333333334,580.0,603.0,611.3333333333334,180.0,11,1,12646;12680;12692;12739;13157;13547;13567;13568;13569;13570;13571,junction
2872,junction,10,144.9,150.9,172.3,579.6,603.6,689.2,146.79999999999995,9,1,12626;12661;12693;12696;13558;13572;13573;13574;13575,junction
2873,junction,5,145.0,150.0,190.4,580.0,600.0,761.6,74.39999999999998,6,1,12650;12662;13557;13576;13577;13578,junction
2874,junction,6,145.16666666666666,151.16666666666666,16.5,580.6666666666666,604.6666666666666,66.0,66.0,6,1,12086;12653;12743;13580;13581;13582,junction
2875,junction,8,144.875,151.0,114.0,579.5,604.0,456.0,180.5,8,1,12670;12674;12717;13583;13584;13585;13586;13587,junction
2876,junction,9,145.0,160.0,181.88888888888889,580.0,640.0,727.5555555555555,108.44444444444446,10,1,12663;12699;12752;13576;13588;13589;13590;13591;13592;13593,junction
2877,junction,11,145.0909090909091,161.0909090909091,104.0909090909091,580.3636363636364,644.3636363636364,416.3636363636364,167.63636363636363,12,1,12671;12712;12718;12776;13192;13584;13594;13595;13596;13597;13598;13599,junction
2878,junction,5,144.8,161.2,123.0,579.2,644.8,492.0,167.20000000000005,7,1,12676;12719;12724;13600;13601;13602;13603,junction
2879,junction,7,145.0,160.85714285714286,163.0,580.0,643.4285714285714,652.0,168.57142857142856,9,1,12698;12740;13178;13567;13572;13604;13605;13606;13607,junction
2880,junction,12,145.08333333333334,169.83333333333334,172.33333333333334,580.3333333333334,679.3333333333334,689.3333333333334,132.66666666666663,10,1,12700;12750;12754;13588;13604;13608;13609;13610;13611;13612,junction
2881,junction,8,145.125,169.875,191.375,580.5,679.5,765.5,70.5,5,1,12703;12756;13615;13616;13618,junction
2882,junction,10,144.9,170.9,55.0,579.6,683.6,220.0,128.39999999999998,10,1,12708;12760;12766;12810;13168;13619;13620;13621;13622;13623,junction
2883,junction,9,145.0,171.22222222222223,114.0,580.0,684.8888888888889,456.0,127.11111111111109,12,1,12118;12720;12778;12788;13199;13595;13600;13624;13625;13626;13627;13628,junction
2884,junction,10,144.9,171.2,133.5,579.6,684.8,534.0,127.20000000000005,10,1,12725;12782;12789;12834;13158;13629;13630;13632;13633;13634,junction
2885,junction,4,145.25,171.25,17.25,581.0,685.0,69.0,69.0,6,1,12108;12745;12830;13635;13636;13637,junction
2886,junction,6,145.0,170.83333333333334,74.83333333333333,580.0,683.3333333333334,299.3333333333333,128.66666666666663,5,1,12772;12817;13638;13640;13641,junction
2887,junction,11,144.9090909090909,180.0,143.1818181818182,579.6363636363636,720.0,572.7272727272727,92.0,9,1,12784;12792;12836;13179;13642;13643;13644;13645;13647,junction
2888,junction,12,145.0,179.91666666666666,181.91666666666666,580.0,719.6666666666666,727.6666666666666,92.33333333333337,11,1,12755;12797;12805;13608;13615;13648;13649;13650;13651;13652;13653,junction
2889,junction,10,145.1,180.9,65.4,580.4,723.6,261.6,88.39999999999998,10,1,12768;12812;12818;13619;13640;13654;13655;13656;13657;13658,junction
2890,junction,5,145.0,181.0,84.6,580.0,724.0,338.4,88.0,6,1,12774;12819;12827;13660;13661;13662,junction
2891,junction,7,145.14285714285714,180.28571428571428,124.14285714285714,580.5714285714286,721.1428571428571,496.57142857142856,90.85714285714289,9,1,12116;12835;13624;13630;13664;13665;13666;13667;13668,junction
2892,junction,7,145.14285714285714,180.14285714285714,162.28571428571428,580.5714285714286,720.5714285714286,649.1428571428571,91.42857142857144,7,1,12793;13180;13612;13669;13670;13671;13672,junction
2893,junction,9,145.11111111111111,180.88888888888889,45.333333333333336,580.4444444444445,723.5555555555555,181.33333333333334,88.44444444444446,7,1,12811;12839;13186;13673;13674;13675;13676,junction
2894,junction,1,145.0,14.0,35.0,580.0,56.0,140.0,56.0,4,1,12121;12123;13677;13678,junction
2895,junction,5,146.0,53.0,94.2,584.0,212.0,376.8,176.0,4,1,12296;13680;13682;13683,junction
2896,junction,4,146.25,71.75,189.75,585.0,287.0,759.0,77.0,6,1,12384;12388;13403;13684;13685;13686,junction
2897,junction,1,145.0,102.0,104.0,580.0,408.0,416.0,180.0,4,1,12486;12490;13687;13688,junction
2898,junction,4,145.5,161.0,85.0,582.0,644.0,340.0,168.0,5,1,13154;13177;13191;13690;13691,junction
2899,junction,1,150.0,32.0,186.0,600.0,128.0,744.0,92.0,2,1,13298;13692,degree_two
2900,junction,17,154.05882352941177,151.11764705882354,26.0,616.2352941176471,604.4705882352941,104.0,104.0,11,1,13114;13140;13164;13581;13694;13696;13697;13698;13699;13700;13701,junction
2901,junction,4,154.5,15.0,25.5,618.0,60.0,102.0,60.0,7,1,12872;13224;13677;13702;13703;13704;13705,junction
2902,junction,6,154.83333333333334,14.5,64.0,619.3333333333334,58.0,256.0,58.0,6,1,12869;12879;13228;13706;13708;13709,junction
2903,junction,1,153.0,15.0,84.0,612.0,60.0,336.0,60.0,2,1,13710;13712,degree_two
2904,junction,9,154.66666666666666,14.444444444444445,102.88888888888889,618.6666666666666,57.77777777777778,411.55555555555554,57.77777777777778,7,1,12866;12885;13231;13713;13714;13715;13717,junction
2905,junction,9,154.55555555555554,23.555555555555557,74.0,618.2222222222222,94.22222222222223,296.0,94.22222222222223,8,1,12880;12895;13229;13255;13718;13719;13720;13721,junction
2906,junction,10,154.7,23.2,93.1,618.8,92.8,372.4,92.8,9,1,12867;12901;13256;13713;13722;13723;13724;13725;13727,junction
2907,junction,11,154.9090909090909,22.90909090909091,113.36363636363636,619.6363636363636,91.63636363636364,453.45454545454544,91.63636363636364,8,1,12887;13260;13270;13728;13730;13731;13732;13734,junction
2908,junction,4,153.75,23.75,16.25,615.0,95.0,65.0,65.0,5,1,12875;12906;13225;13704;13735,junction
2909,junction,9,154.66666666666666,24.11111111111111,53.888888888888886,618.6666666666666,96.44444444444444,215.55555555555554,96.44444444444444,9,1,12871;12881;13250;13285;13738;13739;13740;13741;13742,junction
2910,junction,8,154.5,33.0,25.0,618.0,132.0,100.0,100.0,8,1,12876;12891;12909;12919;13743;13744;13745;13746,junction
2911,junction,11,154.0909090909091,33.27272727272727,45.09090909090909,616.3636363636364,133.0909090909091,180.36363636363637,133.0909090909091,9,1,12892;12922;13251;13287;13738;13747;13748;13749;13750,junction
2912,junction,14,154.85714285714286,32.92857142857143,103.21428571428571,619.4285714285714,131.71428571428572,412.85714285714283,131.71428571428572,10,1,12888;12903;13271;13311;13722;13752;13753;13754;13755;13756,junction
2913,junction,8,154.5,33.125,84.0,618.0,132.5,336.0,132.5,6,1,12902;13325;13758;13759;13760;13761,junction
2914,junction,9,154.55555555555554,33.55555555555556,64.0,618.2222222222222,134.22222222222223,256.0,134.22222222222223,8,1,12882;12896;12931;13289;13762;13763;13764;13765,junction
2915,junction,9,154.66666666666666,42.0,151.77777777777777,618.6666666666666,168.0,607.1111111111111,141.33333333333337,10,1,12915;13283;13322;13329;13766;13767;13768;13769;13770;13771,junction
2916,junction,11,154.36363636363637,42.90909090909091,35.0,617.4545454545455,171.63636363636363,140.0,140.0,8,1,12889;12920;12924;12935;13773;13774;13775;13776,junction
2917,junction,10,154.5,43.0,74.0,618.0,172.0,296.0,142.0,8,1,12898;12929;12947;13326;13777;13778;13779;13780,junction
2918,junction,9,154.77777777777777,43.44444444444444,53.666666666666664,619.1111111111111,173.77777777777777,214.66666666666666,140.8888888888889,5,1,13288;13783;13785;13786;13787,junction
2919,junction,6,154.16666666666666,51.666666666666664,161.83333333333334,616.6666666666666,206.66666666666666,647.3333333333334,143.33333333333337,8,1,13331;13335;13360;13767;13789;13790;13791;13792,junction
2920,junction,9,154.44444444444446,53.0,25.444444444444443,617.7777777777778,212.0,101.77777777777777,101.77777777777777,6,1,12921;12936;13793;13794;13796;13798,junction
2921,junction,7,154.0,53.0,45.0,616.0,212.0,180.0,144.0,8,1,12925;12937;12941;12967;13783;13799;13801;13802,junction
2922,junction,8,154.125,53.0,63.75,616.5,212.0,255.0,143.5,8,1,12933;12943;12948;13372;13803;13804;13805;13806,junction
2923,junction,9,154.22222222222223,53.0,103.0,616.8888888888889,212.0,412.0,143.1111111111111,9,1,12954;13312;13342;13683;13807;13808;13809;13810;13811,junction
2924,junction,14,154.57142857142858,63.07142857142857,35.142857142857146,618.2857142857143,252.28571428571428,140.57142857142858,140.57142857142858,12,1,12938;12969;12979;13370;13799;13812;13813;13814;13815;13816;13817;13818,junction
2925,junction,8,154.625,63.0,113.0,618.5,252.0,452.0,141.5,8,1,12955;12962;12976;13343;13819;13820;13821;13822,junction
2926,junction,7,154.42857142857142,63.142857142857146,16.428571428571427,617.7142857142857,252.57142857142858,65.71428571428571,65.71428571428571,4,1,13369;13824;13825;13826,junction
2927,junction,7,154.85714285714286,62.857142857142854,73.71428571428571,619.4285714285714,251.42857142857142,294.85714285714283,140.57142857142856,7,1,12950;12971;13373;13827;13828;13829;13830,junction
2928,junction,8,153.875,72.125,25.25,615.5,288.5,101.0,101.0,10,1,12981;12993;13371;13397;13814;13825;13831;13832;13833;13834,junction
2929,junction,10,154.6,72.0,123.0,618.4,288.0,492.0,141.60000000000002,8,1,12961;12978;13390;13410;13835;13836;13837;13838,junction
2930,junction,10,154.4,73.1,44.8,617.6,292.4,179.2,142.39999999999998,11,1,12980;12997;13399;13815;13839;13840;13842;13843;13844;13845;13846,junction
2931,junction,6,153.83333333333334,72.83333333333333,64.83333333333333,615.3333333333334,291.3333333333333,259.3333333333333,144.66666666666663,5,1,12973;13014;13374;13848;13849,junction
2932,junction,9,154.44444444444446,72.0,142.0,617.7777777777778,288.0,568.0,142.22222222222217,8,1,13380;13388;13416;13851;13852;13853;13854;13855,junction
2933,junction,10,154.7,73.0,84.0,618.8,292.0,336.0,141.20000000000005,8,1,12972;13001;13378;13386;13856;13857;13858;13859,junction
2934,junction,11,154.63636363636363,81.45454545454545,172.36363636363637,618.5454545454545,325.8181818181818,689.4545454545455,141.4545454545455,11,1,12988;13396;13406;13439;13860;13861;13862;13863;13864;13865;13866,junction
2935,junction,6,153.83333333333334,82.16666666666667,16.666666666666668,615.3333333333334,328.6666666666667,66.66666666666667,66.66666666666667,6,1,13398;13831;13868;13869;13870;13871,junction
2936,junction,8,153.875,82.625,55.125,615.5,330.5,220.5,144.5,9,1,12999;13015;13025;13402;13840;13872;13873;13874;13875,junction
2937,junction,9,154.33333333333334,82.0,94.0,617.3333333333334,328.0,376.0,142.66666666666663,8,1,13002;13012;13035;13387;13876;13877;13878;13879,junction
2938,junction,9,154.77777777777777,82.0,113.0,619.1111111111111,328.0,452.0,140.8888888888889,8,1,12975;13013;13042;13411;13880;13881;13882;13883,junction
2939,junction,9,154.77777777777777,82.0,133.0,619.1111111111111,328.0,532.0,140.8888888888889,7,1,13412;13417;13426;13885;13886;13887;13888,junction
2940,junction,10,154.6,81.9,151.9,618.4,327.6,607.6,141.60000000000002,10,1,12989;13382;13418;13431;13852;13889;13890;13891;13892;13893,junction
2941,junction,9,154.44444444444446,82.44444444444444,35.0,617.7777777777778,329.77777777777777,140.0,140.0,10,1,12982;12995;12998;13021;13844;13894;13895;13896;13897;13898,junction
2942,junction,9,154.44444444444446,83.0,74.0,617.7777777777778,332.0,296.0,142.22222222222217,8,1,12974;13003;13016;13032;13899;13900;13901;13902,junction
2943,junction,14,154.85714285714286,91.42857142857143,162.21428571428572,619.4285714285714,365.7142857142857,648.8571428571429,140.57142857142856,12,1,12990;13433;13437;13442;13864;13891;13903;13904;13905;13906;13907;13908,junction
2944,junction,8,154.5,91.875,25.25,618.0,367.5,101.0,101.0,9,1,12996;13019;13869;13894;13909;13910;13911;13912;13914,junction
2945,junction,9,154.33333333333334,92.0,45.0,617.3333333333334,368.0,180.0,142.66666666666663,8,1,13000;13023;13026;13049;13915;13916;13917;13918,junction
2946,junction,8,154.0,92.5,63.75,616.0,370.0,255.0,144.0,8,1,13017;13028;13872;13920;13921;13922;13923;13924,junction
2947,junction,10,154.4,92.0,84.0,617.6,368.0,336.0,142.39999999999998,8,1,13004;13030;13036;13055;13925;13926;13927;13928,junction
2948,junction,10,154.6,92.0,123.0,618.4,368.0,492.0,141.60000000000002,8,1,13044;13413;13427;13452;13929;13930;13931;13932,junction
2949,junction,10,154.6,101.5,152.2,618.4,406.0,608.8,141.60000000000002,10,1,13434;13443;13458;13903;13933;13934;13936;13937;13938;13939,junction
2950,junction,5,154.2,101.6,16.4,616.8,406.4,65.6,65.6,8,1,13020;13909;13940;13941;13942;13943;13944;13945,junction
2951,junction,9,154.22222222222223,101.88888888888889,34.77777777777778,616.8888888888889,407.55555555555554,139.11111111111111,139.11111111111111,10,1,13024;13047;13050;13065;13910;13946;13947;13948;13949;13950,junction
2952,junction,10,154.5,102.0,74.0,618.0,408.0,296.0,142.0,8,1,13031;13056;13072;13463;13951;13952;13953;13954,junction
2953,junction,9,154.44444444444446,102.0,94.0,617.7777777777778,408.0,376.0,142.22222222222217,7,1,13038;13057;13075;13687;13955;13956;13958,junction
2954,junction,6,153.83333333333334,102.0,113.16666666666667,615.3333333333334,408.0,452.6666666666667,144.66666666666663,6,1,13453;13688;13959;13960;13961;13962,junction
2955,junction,11,154.54545454545453,102.0909090909091,132.8181818181818,618.1818181818181,408.3636363636364,531.2727272727273,141.81818181818187,8,1,13062;13428;13454;13457;13963;13964;13966;13967,junction
2956,junction,8,154.5,111.625,143.0,618.0,446.5,572.0,142.0,8,1,13064;13459;13480;13515;13968;13969;13971;13972,junction
2957,junction,7,154.28571428571428,112.0,25.857142857142858,617.1428571428571,448.0,103.42857142857143,103.42857142857143,6,1,13048;13472;13943;13974;13976;13977,junction
2958,junction,11,154.45454545454547,112.0,45.09090909090909,617.8181818181819,448.0,180.36363636363637,142.18181818181813,9,1,13052;13069;13499;13946;13978;13979;13980;13981;13982,junction
2959,junction,7,154.28571428571428,111.85714285714286,65.14285714285714,617.1428571428571,447.42857142857144,260.57142857142856,142.8571428571429,5,1,13068;13983;13986;13987;13988,junction
2960,junction,10,154.4,112.0,83.9,617.6,448.0,335.6,142.39999999999998,8,1,13054;13073;13076;13079;13989;13990;13991;13992,junction
2961,junction,16,154.875,111.125,162.125,619.5,444.5,648.5,140.5,11,1,13445;13466;13481;13487;13937;13994;13995;13996;13997;13998;13999,junction
2962,junction,10,154.5,112.0,123.0,618.0,448.0,492.0,142.0,8,1,13063;13455;13475;13509;14000;14001;14002;14003,junction
2963,junction,7,154.0,121.14285714285714,16.857142857142858,616.0,484.57142857142856,67.42857142857143,67.42857142857143,8,1,13083;13473;13537;13974;14004;14005;14006;14007,junction
2964,junction,10,154.7,121.6,132.9,618.8,486.4,531.6,141.20000000000005,9,1,13061;13510;13516;13521;14008;14009;14010;14011;14012,junction
2965,junction,5,153.8,121.4,35.4,615.2,485.6,141.6,141.6,6,1,13084;13091;13501;14014;14015;14016,junction
2966,junction,10,154.5,122.0,93.9,618.0,488.0,375.6,142.0,9,1,13077;13078;13088;13504;14017;14018;14019;14020;14021,junction
2967,junction,9,154.55555555555554,122.0,113.55555555555556,618.2222222222222,488.0,454.22222222222223,141.77777777777783,8,1,13102;13476;13505;13511;14022;14023;14024;14025,junction
2968,junction,7,154.85714285714286,121.85714285714286,55.857142857142854,619.4285714285714,487.42857142857144,223.42857142857142,140.57142857142856,8,1,13106;13500;13518;13978;14027;14028;14029;14030,junction
2969,junction,3,154.0,122.0,74.33333333333333,616.0,488.0,297.3333333333333,144.0,6,1,13080;13095;13519;14031;14032;14033,junction
2970,junction,10,154.3,131.3,26.2,617.2,525.2,104.8,104.8,10,1,13085;13092;13111;13539;14004;14035;14036;14037;14038;14039,junction
2971,junction,9,154.55555555555554,131.55555555555554,84.0,618.2222222222222,526.2222222222222,336.0,141.77777777777783,8,1,13081;13089;13097;13117;14040;14041;14042;14043,junction
2972,junction,10,154.5,131.1,122.9,618.0,524.4,491.6,142.0,9,1,13104;13512;13522;13544;14008;14045;14046;14047;14048,junction
2973,junction,11,154.8181818181818,130.9090909090909,143.0909090909091,619.2727272727273,523.6363636363636,572.3636363636364,140.72727272727275,9,1,13523;13530;13548;14049;14050;14051;14052;14053;14054,junction
2974,junction,9,154.55555555555554,132.11111111111111,104.11111111111111,618.2222222222222,528.4444444444445,416.44444444444446,141.77777777777783,8,1,13090;13103;13123;13506;14056;14057;14058;14059,junction
2975,junction,9,154.55555555555554,132.0,45.0,618.2222222222222,528.0,180.0,141.77777777777783,9,1,13093;13109;13126;13502;14060;14062;14063;14064;14065,junction
2976,junction,8,154.0,141.25,16.75,616.0,565.0,67.0,67.0,7,1,13112;13538;13580;13694;14067;14068;14069,junction
2977,junction,11,154.36363636363637,141.63636363636363,35.81818181818182,617.4545454545455,566.5454545454545,143.27272727272728,142.5454545454545,11,1,13094;13113;13127;13139;14035;14060;14070;14071;14072;14073;14074,junction
2978,junction,8,154.375,141.0,55.0,617.5,564.0,220.0,142.5,8,1,13110;13128;13134;13142;14075;14076;14077;14078,junction
2979,junction,9,154.33333333333334,141.0,94.0,617.3333333333334,564.0,376.0,142.66666666666663,8,1,13087;13118;13124;13147;14079;14080;14081;14082,junction
2980,junction,8,154.375,141.0,133.25,617.5,564.0,533.0,142.5,9,1,13524;13543;13549;13562;14083;14084;14085;14086;14087,junction
2981,junction,8,154.5,142.0,75.0,618.0,568.0,300.0,142.0,8,1,13096;13119;13132;13152;14088;14089;14090;14091,junction
2982,junction,4,154.25,141.25,113.5,617.0,565.0,454.0,143.0,5,1,13125;13585;14092;14093;14094,junction
2983,junction,14,154.78571428571428,149.85714285714286,181.92857142857142,619.1428571428571,599.4285714285714,727.7142857142857,108.28571428571433,10,1,13574;13578;13589;14095;14097;14098;14099;14100;14101;14102,junction
2984,junction,10,154.4,150.9,44.9,617.6,603.6,179.6,142.39999999999998,9,1,13129;13137;13143;13169;14070;14103;14104;14105;14106,junction
2985,junction,8,154.5,151.5,65.0,618.0,606.0,260.0,142.0,8,1,13135;13144;13153;13173;14107;14108;14109;14110,junction
2986,junction,10,154.3,150.9,84.3,617.2,603.6,337.2,142.79999999999995,8,1,13120;13148;13151;13690;14112;14113;14114;14115,junction
2987,junction,10,154.4,151.0,104.0,617.6,604.0,416.0,142.39999999999998,8,1,13149;13586;13596;14116;14117;14118;14119;14120,junction
2988,junction,16,154.875,150.875,143.125,619.5,603.5,572.5,140.5,12,1,13163;13551;13564;13569;14083;14121;14122;14123;14124;14125;14126;14127,junction
2989,junction,15,154.8,160.33333333333334,153.0,619.2,641.3333333333334,612.0,140.79999999999995,11,1,13161;13181;13571;13606;14123;14128;14129;14130;14131;14132;14133,junction
2990,junction,16,154.875,160.125,172.1875,619.5,640.5,688.75,140.5,12,1,13575;13590;13607;13609;14098;14134;14135;14136;14137;14138;14139;14140,junction
2991,junction,6,153.83333333333334,160.83333333333334,35.0,615.3333333333334,643.3333333333334,140.0,140.0,6,1,13141;13166;13697;14141;14142;14143,junction
2992,junction,8,153.875,161.0,54.75,615.5,644.0,219.0,144.5,7,1,13145;13171;13174;13621;14145;14146;14147,junction
2993,junction,7,154.0,161.0,75.0,616.0,644.0,300.0,144.0,5,1,13155;13175;14151;14152;14153,junction
2994,junction,10,154.5,161.0,94.0,618.0,644.0,376.0,142.0,8,1,13150;13194;13597;13691;14154;14155;14156;14157,junction
2995,junction,5,153.8,161.4,114.2,615.2,645.6,456.8,144.79999999999995,5,1,13598;13601;13625;14158;14160,junction
2996,junction,8,154.5,161.5,17.125,618.0,646.0,68.5,68.5,8,1,13165;13582;13635;13696;14161;14162;14163;14164,junction
2997,junction,10,154.6,161.0,133.5,618.4,644.0,534.0,141.60000000000002,8,1,13160;13565;13602;13629;14165;14166;14167;14168,junction
2998,junction,9,154.0,170.88888888888889,26.22222222222222,616.0,683.5555555555555,104.88888888888889,104.88888888888889,10,1,13167;13187;13209;13636;14161;14169;14170;14171;14172;14173,junction
2999,junction,7,154.14285714285714,171.0,45.0,616.5714285714286,684.0,180.0,128.0,8,1,13172;13622;13674;14141;14175;14176;14177;14178,junction
3000,junction,6,153.5,170.83333333333334,64.83333333333333,614.0,683.3333333333334,259.3333333333333,128.66666666666663,8,1,13176;13623;13641;13657;14179;14180;14181;14182,junction
3001,junction,9,154.55555555555554,180.0,153.11111111111111,618.2222222222222,720.0,612.4444444444445,92.0,10,1,13184;13647;13671;14183;14184;14185;14186;14187;14188;14189,junction
3002,junction,5,154.2,180.6,16.4,616.8,722.4,65.6,65.6,6,1,13210;13637;14192;14193;14194;14195,junction
3003,junction,9,154.22222222222223,180.77777777777777,35.77777777777778,616.8888888888889,723.1111111111111,143.11111111111111,88.88888888888891,6,1,13190;13211;13675;14170;14197;14198,junction
3004,junction,7,154.0,181.0,55.0,616.0,724.0,220.0,88.0,10,1,13620;13655;13676;14175;14199;14200;14201;14202;14203;14204,junction
3005,junction,8,154.875,180.375,114.125,619.5,721.5,456.5,90.5,9,1,13205;13628;13666;14205;14206;14207;14209;14210;14212,junction
3006,junction,9,154.44444444444446,181.0,94.0,617.7777777777778,724.0,376.0,88.0,8,1,13198;13204;13662;14213;14214;14215;14216;14217,junction
3007,junction,10,155.1,180.5,133.3,620.4,722.0,533.2,90.0,11,1,13634;13664;14218;14219;14220;14221;14222;14223;14224;14225;14226,junction
3008,junction,6,154.83333333333334,14.0,123.0,619.3333333333334,56.0,492.0,56.0,6,1,13233;13235;13259;14227;14228;14229,junction
3009,junction,7,154.85714285714286,13.857142857142858,162.0,619.4285714285714,55.42857142857143,648.0,55.42857142857143,7,1,13216;13221;13248;14230;14231;14232;14233,junction
3010,junction,3,155.0,14.0,142.0,620.0,56.0,568.0,56.0,5,1,13237;13263;14236;14237;14239,junction
3011,junction,1,154.0,14.0,182.0,616.0,56.0,728.0,56.0,3,1,13242;14240;14241,junction
3012,junction,6,154.33333333333334,23.333333333333332,34.666666666666664,617.3333333333334,93.33333333333333,138.66666666666666,93.33333333333333,8,1,12873;12890;13252;13702;14242;14243;14244;14245,junction
3013,junction,9,154.88888888888889,22.88888888888889,131.88888888888889,619.5555555555555,91.55555555555556,527.5555555555555,91.55555555555556,9,1,13238;13261;13274;14228;14248;14249;14250;14251;14252,junction
3014,junction,12,155.25,22.083333333333332,171.41666666666666,621.0,88.33333333333333,685.6666666666666,88.33333333333333,10,1,13222;13244;13292;14232;14253;14254;14255;14256;14257;14258,junction
3015,junction,8,155.375,22.5,189.625,621.5,90.0,758.5,77.5,6,1,13243;13297;14241;14259;14260;14262,junction
3016,junction,6,155.16666666666666,23.5,152.33333333333334,620.6666666666666,94.0,609.3333333333334,94.0,7,1,13249;13280;14236;14263;14264;14265;14267,junction
3017,junction,13,155.07692307692307,31.923076923076923,181.23076923076923,620.3076923076923,127.6923076923077,724.9230769230769,111.0769230769231,12,1,13245;13293;13303;13692;14253;14259;14268;14269;14270;14271;14272;14273,junction
3018,junction,11,154.8181818181818,33.0,142.1818181818182,619.2727272727273,132.0,568.7272727272727,132.0,10,1,12917;13266;13276;13766;14250;14264;14274;14275;14276;14277,junction
3019,junction,9,155.0,32.888888888888886,161.66666666666666,620.0,131.55555555555554,646.6666666666666,131.55555555555554,10,1,13247;13281;13294;13324;14263;14278;14279;14280;14281;14282,junction
3020,junction,10,155.2,33.2,122.8,620.8,132.8,491.2,132.8,7,1,13275;13315;14283;14284;14285;14286;14287,junction
3021,junction,7,155.42857142857142,41.714285714285715,190.14285714285714,621.7142857142857,166.85714285714286,760.5714285714286,75.42857142857144,8,1,13299;13305;13346;14269;14289;14290;14291;14292,junction
3022,junction,13,154.84615384615384,42.76923076923077,113.07692307692308,619.3846153846154,171.07692307692307,452.3076923076923,140.61538461538464,10,1,13273;13309;13319;13340;13752;14294;14295;14296;14297;14298,junction
3023,junction,5,155.4,43.0,132.8,621.6,172.0,531.2,138.39999999999998,7,1,12914;13277;13316;14285;14299;14300;14301,junction
3024,junction,9,155.11111111111111,41.888888888888886,171.44444444444446,620.4444444444445,167.55555555555554,685.7777777777778,139.55555555555554,10,1,13304;13323;13334;13791;14268;14279;14302;14303;14304;14305,junction
3025,junction,5,155.0,42.8,93.6,620.0,171.2,374.4,140.0,3,1,14306;14308;14309,junction
3026,junction,13,155.0,52.0,181.0,620.0,208.0,724.0,112.0,9,1,13306;13337;13365;14290;14302;14312;14313;14315;14316,junction
3027,junction,7,155.0,53.0,122.85714285714286,620.0,212.0,491.42857142857144,140.0,8,1,13318;13341;13350;14294;14317;14318;14319;14320,junction
3028,junction,10,155.1,52.5,142.3,620.4,210.0,569.2,139.60000000000002,9,1,12916;13330;13351;13355;14321;14324;14325;14326;14327,junction
3029,junction,3,154.66666666666666,53.0,84.66666666666667,618.6666666666666,212.0,338.6666666666667,141.33333333333337,4,1,12949;13680;14328;14329,junction
3030,junction,11,155.0,62.0,152.0,620.0,248.0,608.0,140.0,10,1,13332;13357;13361;13379;14321;14330;14331;14332;14333;14334,junction
3031,junction,11,154.8181818181818,61.81818181818182,171.63636363636363,619.2727272727273,247.27272727272728,686.5454545454545,140.72727272727275,11,1,13338;13363;13366;13393;13789;14335;14337;14338;14339;14340;14341,junction
3032,junction,8,155.0,61.75,190.125,620.0,247.0,760.5,75.5,8,1,13368;13684;14312;14342;14343;14344;14345;14346,junction
3033,junction,3,154.33333333333334,63.0,54.333333333333336,617.3333333333334,252.0,217.33333333333334,142.66666666666663,3,1,12966;14347;14348,junction
3034,junction,3,154.66666666666666,62.666666666666664,94.66666666666667,618.6666666666666,250.66666666666666,378.6666666666667,141.33333333333337,4,1,12956;14349;14350;14351,junction
3035,junction,6,155.16666666666666,62.0,131.83333333333334,620.6666666666666,248.0,527.3333333333334,139.33333333333337,7,1,12963;13851;14318;14352;14354;14355;14356,junction
3036,junction,13,155.07692307692307,72.0,162.23076923076923,620.3076923076923,288.0,648.9230769230769,139.69230769230774,11,1,12987;13362;13394;13860;14330;14335;14357;14358;14359;14360;14361,junction
3037,junction,8,154.875,71.625,181.5,619.5,286.5,726.0,110.0,11,1,13367;13395;13685;13861;14337;14343;14362;14363;14364;14365;14366,junction
3038,junction,7,155.0,72.85714285714286,103.85714285714286,620.0,291.42857142857144,415.42857142857144,140.0,7,1,12957;12977;13385;14367;14368;14369;14370,junction
3039,junction,9,155.0,81.0,190.44444444444446,620.0,324.0,761.7777777777778,74.22222222222217,8,1,13407;13420;13686;14362;14371;14372;14373;14374,junction
3040,junction,9,155.11111111111111,90.88888888888889,181.66666666666666,620.4444444444445,363.55555555555554,726.6666666666666,109.33333333333337,10,1,13422;13438;13862;14371;14375;14376;14377;14378;14379;14380,junction
3041,junction,4,154.5,92.0,103.5,618.0,368.0,414.0,142.0,4,1,13037;13043;14381;14382,junction
3042,junction,5,154.4,101.0,190.4,617.6,404.0,761.6,74.39999999999998,7,1,13421;13450;13483;14377;14383;14384;14385,junction
3043,junction,7,154.85714285714286,102.0,55.0,619.4285714285714,408.0,220.0,140.57142857142856,9,1,13027;13051;13070;13920;14386;14387;14388;14389;14390,junction
3044,junction,10,155.0,101.2,172.0,620.0,404.8,688.0,140.0,7,1,13449;13465;14376;14393;14394;14395;14396,junction
3045,junction,11,154.9090909090909,110.72727272727273,181.72727272727272,619.6363636363636,442.90909090909093,726.9090909090909,109.09090909090912,12,1,13451;13468;13485;13494;14384;14393;14397;14398;14399;14400;14401;14402,junction
3046,junction,14,155.0,121.0,172.14285714285714,620.0,484.0,688.5714285714286,140.0,12,1,13469;13488;13495;13531;13994;14397;14403;14404;14405;14406;14407;14408,junction
3047,junction,9,155.11111111111111,120.88888888888889,152.66666666666666,620.4444444444445,483.55555555555554,610.6666666666666,139.55555555555554,10,1,13490;13517;13526;13969;13995;14050;14409;14410;14411;14412,junction
3048,junction,6,155.16666666666666,121.16666666666667,190.16666666666666,620.6666666666666,484.6666666666667,760.6666666666666,75.33333333333337,4,1,13496;14398;14413;14414,junction
3049,junction,13,155.0,130.84615384615384,162.23076923076923,620.0,523.3846153846154,648.9230769230769,140.0,10,1,13491;13527;13533;13553;14403;14409;14416;14417;14418;14419,junction
3050,junction,7,154.85714285714286,131.14285714285714,182.0,619.4285714285714,524.5714285714286,728.0,108.0,12,1,13497;13535;13541;13561;14404;14413;14420;14421;14422;14423;14424;14425,junction
3051,junction,4,154.5,131.5,65.0,618.0,526.0,260.0,142.0,6,1,13108;13131;14027;14426;14427;14428,junction
3052,junction,11,154.9090909090909,141.0909090909091,152.8181818181818,619.6363636363636,564.3636363636364,611.2727272727273,140.36363636363637,8,1,13529;13550;13554;13568;14121;14416;14429;14431,junction
3053,junction,11,155.0909090909091,140.72727272727272,172.1818181818182,620.3636363636364,562.9090909090909,688.7272727272727,139.63636363636363,9,1,13536;13555;13559;14420;14433;14435;14436;14437;14438,junction
3054,junction,5,155.0,140.0,190.4,620.0,560.0,761.6,74.39999999999998,4,1,13560;14097;14421;14439,junction
3055,junction,6,155.16666666666666,150.16666666666666,162.83333333333334,620.6666666666666,600.6666666666666,651.3333333333334,139.33333333333337,9,1,13556;13570;13573;14134;14433;14441;14442;14443;14444,junction
3056,junction,7,155.0,150.71428571428572,123.14285714285714,620.0,602.8571428571429,492.57142857142856,140.0,6,1,13563;13587;14445;14446;14449;14450,junction
3057,junction,6,155.66666666666666,160.16666666666666,191.0,622.6666666666666,640.6666666666666,764.0,72.0,6,1,13577;13592;14452;14453;14454;14455,junction
3058,junction,10,155.0,169.8,181.8,620.0,679.2,727.2,108.79999999999995,10,1,13593;13611;13650;14135;14452;14456;14457;14458;14459;14460,junction
3059,junction,7,155.0,171.14285714285714,104.0,620.0,684.5714285714286,416.0,127.42857142857144,8,1,13203;13599;13626;14209;14461;14462;14464;14465,junction
3060,junction,5,155.2,170.8,124.0,620.8,683.2,496.0,128.79999999999995,6,1,13603;13627;13632;14468;14469;14470,junction
3061,junction,8,155.0,170.75,143.125,620.0,683.0,572.5,129.0,10,1,13162;13182;13633;13645;14129;14220;14471;14472;14473;14474,junction
3062,junction,4,154.5,171.0,84.5,618.0,684.0,338.0,128.0,4,1,13195;14475;14476;14477,junction
3063,junction,9,155.33333333333334,170.33333333333334,162.66666666666666,621.3333333333334,681.3333333333334,650.6666666666666,130.66666666666663,10,1,13183;13610;14130;14136;14184;14478;14479;14480;14481;14482,junction
3064,junction,7,155.0,179.71428571428572,191.28571428571428,620.0,718.8571428571429,765.1428571428571,70.85714285714289,5,1,13618;13652;14484;14485;14486,junction
3065,junction,10,155.2,179.9,172.4,620.8,719.6,689.6,92.39999999999998,10,1,13651;13672;14456;14478;14487;14488;14489;14490;14491;14492,junction
3066,junction,3,154.66666666666666,180.66666666666666,75.33333333333333,618.6666666666666,722.6666666666666,301.3333333333333,89.33333333333337,2,1,13658;14494,degree_two
3067,junction,5,155.6,14.4,84.2,622.4,57.6,336.8,57.6,5,1,13712;14495;14496;14497;14498,junction
3068,junction,3,155.66666666666666,92.0,143.66666666666666,622.6666666666666,368.0,574.6666666666666,137.33333333333337,3,1,13432;14500;14501,junction
3069,junction,1,155.0,112.0,104.0,620.0,448.0,416.0,140.0,3,1,13074;14503;14504,junction
3070,junction,1,156.0,14.0,180.0,624.0,56.0,720.0,56.0,4,1,14240;14254;14505;14506,junction
3071,junction,1,156.0,160.0,113.0,624.0,640.0,452.0,136.0,3,1,14158;14507;14508,junction
3072,junction,15,164.0,82.4,45.2,656.0,329.6,180.8,104.0,11,1,13846;13875;13895;13916;14509;14510;14511;14512;14513;14514;14515,junction
3073,junction,11,164.0,141.36363636363637,83.81818181818181,656.0,565.4545454545455,335.27272727272725,104.0,12,1,14043;14079;14090;14114;14516;14516;14517;14518;14519;14520;14521;14522,junction
3074,junction,5,164.0,14.6,35.2,656.0,58.4,140.8,58.4,7,1,12870;13703;14242;14523;14524;14525;14526,junction
3075,junction,8,164.375,14.5,112.75,657.5,58.0,451.0,58.0,5,1,13715;13732;14227;14529;14531,junction
3076,junction,4,164.5,13.75,132.5,658.0,55.0,530.0,55.0,7,1,14229;14248;14532;14534;14535;14536;14537,junction
3077,junction,6,164.16666666666666,14.5,54.166666666666664,656.6666666666666,58.0,216.66666666666666,58.0,6,1,13708;13739;14538;14539;14540;14542,junction
3078,junction,6,164.83333333333334,14.5,93.0,659.3333333333334,58.0,372.0,58.0,6,1,13723;14497;14544;14545;14546;14547,junction
3079,junction,14,164.85714285714286,22.428571428571427,181.21428571428572,659.4285714285714,89.71428571428571,724.8571428571429,89.71428571428571,12,1,14256;14262;14270;14506;14548;14549;14550;14551;14552;14553;14554;14555,junction
3080,junction,9,164.44444444444446,23.0,64.22222222222223,657.7777777777778,92.0,256.8888888888889,92.0,9,1,13709;13720;13740;13762;14557;14558;14559;14560;14561,junction
3081,junction,9,164.44444444444446,23.555555555555557,84.0,657.7777777777778,94.22222222222223,336.0,94.22222222222223,7,1,13719;13724;13759;14498;14545;14563;14564,junction
3082,junction,8,164.75,23.0,103.25,659.0,92.0,413.0,92.0,8,1,13717;13725;13730;13753;14566;14567;14568;14569,junction
3083,junction,10,164.0,23.7,25.3,656.0,94.8,101.2,94.8,9,1,13705;13735;13744;14243;14525;14570;14571;14572;14573,junction
3084,junction,11,163.8181818181818,23.636363636363637,44.54545454545455,655.2727272727273,94.54545454545455,178.1818181818182,94.54545454545455,8,1,13741;13748;14245;14523;14538;14576;14577;14578,junction
3085,junction,6,163.83333333333334,23.333333333333332,122.83333333333333,655.3333333333334,93.33333333333333,491.3333333333333,93.33333333333333,5,1,13734;14249;14286;14579;14580,junction
3086,junction,11,164.1818181818182,32.90909090909091,35.09090909090909,656.7272727272727,131.63636363636363,140.36363636363637,103.27272727272725,6,1,13743;13747;13775;14584;14585;14587,junction
3087,junction,13,164.15384615384616,33.23076923076923,54.15384615384615,656.6153846153846,132.92307692307693,216.6153846153846,103.38461538461536,10,1,13742;13750;13765;13785;14557;14588;14590;14591;14592;14594,junction
3088,junction,9,164.33333333333334,33.0,74.0,657.3333333333334,132.0,296.0,102.66666666666663,8,1,13721;13758;13763;13777;14596;14597;14598;14599,junction
3089,junction,10,164.5,33.0,113.0,658.0,132.0,452.0,102.0,8,1,13731;13755;14287;14295;14600;14601;14602;14603,junction
3090,junction,5,164.0,33.2,16.6,656.0,132.8,66.4,66.4,6,1,13746;14570;14604;14605;14606;14607,junction
3091,junction,10,164.5,32.8,171.4,658.0,131.2,685.6,102.0,12,1,14257;14272;14281;14303;14550;14608;14609;14610;14611;14612;14613;14614,junction
3092,junction,7,164.71428571428572,42.57142857142857,162.0,658.8571428571429,170.28571428571428,648.0,101.14285714285711,8,1,13770;14282;14304;14615;14616;14617;14618;14619,junction
3093,junction,11,164.0909090909091,43.0,24.90909090909091,656.3636363636364,172.0,99.63636363636364,99.63636363636364,9,1,13745;13773;14605;14620;14621;14622;14623;14624;14626,junction
3094,junction,8,164.125,43.0,45.0,656.5,172.0,180.0,103.5,8,1,13749;13776;13786;14590;14627;14628;14629;14630,junction
3095,junction,14,164.14285714285714,42.857142857142854,64.21428571428571,656.5714285714286,171.42857142857142,256.85714285714283,103.42857142857144,9,1,13764;13778;13803;14588;14633;14634;14635;14636;14637,junction
3096,junction,7,163.85714285714286,43.0,83.85714285714286,655.4285714285714,172.0,335.42857142857144,104.57142857142856,6,1,13761;13779;14640;14641;14642;14643,junction
3097,junction,10,164.3,43.0,103.0,657.2,172.0,412.0,102.79999999999995,8,1,13756;13807;14296;14309;14644;14645;14646;14647,junction
3098,junction,8,164.25,43.0,142.25,657.0,172.0,569.0,103.0,9,1,13769;14277;14300;14324;14648;14649;14650;14651;14652,junction
3099,junction,9,164.66666666666666,52.666666666666664,151.88888888888889,658.6666666666666,210.66666666666666,607.5555555555555,101.33333333333337,8,1,13768;13790;14325;14331;14654;14655;14656;14657,junction
3100,junction,13,164.0,53.0,35.0,656.0,212.0,140.0,104.0,10,1,13774;13813;14622;14627;14660;14661;14662;14663;14664;14665,junction
3101,junction,7,164.0,53.142857142857146,54.0,656.0,212.57142857142858,216.0,104.0,8,1,13787;13801;13804;14666;14667;14668;14669;14670,junction
3102,junction,10,164.2,52.8,74.0,656.8,211.2,296.0,103.20000000000005,10,1,13780;13805;13827;14633;14640;14671;14672;14673;14674;14675,junction
3103,junction,8,164.375,53.0,112.75,657.5,212.0,451.0,102.5,8,1,13810;13819;14298;14319;14676;14677;14678;14679,junction
3104,junction,4,163.75,53.75,16.5,655.0,215.0,66.0,66.0,5,1,13796;13824;14621;14680;14681,junction
3105,junction,7,164.28571428571428,53.0,132.57142857142858,657.1428571428571,212.0,530.2857142857143,102.85714285714289,7,1,14301;14317;14326;14355;14683;14684;14685,junction
3106,junction,11,165.0909090909091,52.0,171.54545454545453,660.3636363636364,208.0,686.1818181818181,99.63636363636363,10,1,13792;14338;14616;14686;14687;14688;14689;14690;14691;14692,junction
3107,junction,3,164.0,53.333333333333336,93.33333333333333,656.0,213.33333333333334,373.3333333333333,104.0,5,1,13808;14329;14350;14694;14695,junction
3108,junction,9,164.55555555555554,62.0,122.88888888888889,658.2222222222222,248.0,491.55555555555554,101.77777777777783,8,1,13820;13836;14320;14356;14696;14697;14698;14699,junction
3109,junction,7,164.71428571428572,62.57142857142857,142.28571428571428,658.8571428571429,250.28571428571428,569.1428571428571,101.14285714285711,8,1,13854;14327;14332;14354;14700;14701;14702;14703,junction
3110,junction,10,164.9,61.9,162.1,659.6,247.6,648.4,100.39999999999998,8,1,14333;14339;14358;14704;14706;14707;14708;14709,junction
3111,junction,10,163.8,62.7,25.4,655.2,250.8,101.6,101.6,11,1,13798;13816;13826;13832;14660;14680;14710;14711;14712;14713;14714,junction
3112,junction,14,164.14285714285714,63.0,45.0,656.5714285714286,252.0,180.0,103.42857142857144,11,1,13802;13817;13842;14661;14667;14716;14717;14718;14719;14720;14721,junction
3113,junction,7,163.71428571428572,63.0,64.57142857142857,654.8571428571429,252.0,258.2857142857143,105.14285714285711,8,1,13806;13829;13848;14347;14723;14724;14725;14726,junction
3114,junction,9,163.77777777777777,63.0,83.88888888888889,655.1111111111111,252.0,335.55555555555554,104.88888888888891,10,1,13828;13856;14349;14671;14728;14729;14730;14731;14732;14733,junction
3115,junction,9,164.55555555555554,63.0,103.0,658.2222222222222,252.0,412.0,101.77777777777783,8,1,13811;13821;14351;14367;14735;14736;14737;14738,junction
3116,junction,9,164.33333333333334,72.22222222222223,113.0,657.3333333333334,288.8888888888889,452.0,102.66666666666663,8,1,13822;13837;13880;14369;14741;14742;14743;14744,junction
3117,junction,10,164.6,72.0,152.0,658.4,288.0,608.0,101.60000000000002,8,1,13853;13889;14334;14359;14745;14746;14747;14748,junction
3118,junction,8,163.875,73.125,35.0,655.5,292.5,140.0,104.5,10,1,13818;13834;13845;13896;14716;14749;14750;14751;14752;14753,junction
3119,junction,5,164.2,72.6,132.6,656.8,290.4,530.4,103.20000000000005,6,1,13838;13855;13885;14756;14757;14758,junction
3120,junction,9,164.0,72.77777777777777,54.888888888888886,656.0,291.1111111111111,219.55555555555554,104.0,9,1,13843;13849;13873;14717;14761;14762;14763;14764;14765,junction
3121,junction,10,163.9,72.7,93.6,655.6,290.8,374.4,104.39999999999998,10,1,13858;13878;14368;14728;14766;14767;14768;14769;14770;14771,junction
3122,junction,11,164.63636363636363,81.45454545454545,181.45454545454547,658.5454545454545,325.8181818181818,725.8181818181819,101.4545454545455,11,1,13863;14366;14373;14378;14772;14773;14774;14775;14776;14777;14778,junction
3123,junction,9,164.33333333333334,81.77777777777777,84.33333333333333,657.3333333333334,327.1111111111111,337.3333333333333,102.66666666666663,8,1,13859;13876;13899;13926;14779;14782;14783;14784,junction
3124,junction,14,164.28571428571428,82.0,103.28571428571429,657.1428571428571,328.0,413.14285714285717,102.85714285714289,11,1,13879;13881;14370;14768;14785;14786;14788;14789;14790;14791;14792,junction
3125,junction,9,164.22222222222223,81.88888888888889,123.11111111111111,656.8888888888889,327.55555555555554,492.44444444444446,103.11111111111109,8,1,13835;13882;13886;13930;14795;14796;14797;14798,junction
3126,junction,10,164.2,81.9,25.4,656.8,327.6,101.6,101.6,8,1,13870;13898;14749;14799;14800;14801;14802;14803,junction
3127,junction,9,164.0,82.55555555555556,64.55555555555556,656.0,330.22222222222223,258.22222222222223,104.0,9,1,13874;13901;14761;14805;14806;14807;14808;14809;14810,junction
3128,junction,9,164.55555555555554,82.0,162.0,658.2222222222222,328.0,648.0,101.77777777777783,9,1,13865;13892;13905;14361;14811;14812;14813;14814;14815,junction
3129,junction,12,164.41666666666666,91.66666666666667,113.16666666666667,657.6666666666666,366.6666666666667,452.6666666666667,102.33333333333337,9,1,13883;13931;14382;14788;14817;14818;14819;14820;14821,junction
3130,junction,8,164.5,91.625,172.25,658.0,366.5,689.0,102.0,7,1,13866;13906;14379;14394;14823;14824;14825,junction
3131,junction,7,163.85714285714286,92.42857142857143,16.857142857142858,655.4285714285714,369.7142857142857,67.42857142857143,67.42857142857143,5,1,13871;13942;14801;14826;14827,junction
3132,junction,17,164.05882352941177,92.23529411764706,35.05882352941177,656.2352941176471,368.94117647058823,140.23529411764707,103.76470588235293,12,1,13897;13914;13918;13949;14510;14799;14828;14829;14830;14831;14832;14833,junction
3133,junction,16,164.125,92.125,74.125,656.5,368.5,296.5,103.5,12,1,13902;13922;13927;13951;14779;14807;14834;14835;14836;14837;14838;14839,junction
3134,junction,10,164.0,92.1,94.1,656.0,368.4,376.4,104.0,8,1,13877;13925;14381;14786;14840;14842;14843;14844,junction
3135,junction,11,164.36363636363637,92.0,133.0,657.4545454545455,368.0,532.0,102.5454545454545,8,1,13888;13929;14501;14847;14848;14849;14850;14851,junction
3136,junction,9,163.77777777777777,92.44444444444444,55.22222222222222,655.1111111111111,369.77777777777777,220.88888888888889,104.88888888888891,9,1,13915;13923;14390;14511;14805;14852;14853;14854;14855,junction
3137,junction,10,164.6,92.1,151.9,658.4,368.4,607.6,101.60000000000002,8,1,13893;13907;13934;14500;14857;14858;14859;14860,junction
3138,junction,8,164.5,101.0,162.0,658.0,404.0,648.0,102.0,9,1,13908;13938;13996;14395;14861;14862;14863;14864;14865,junction
3139,junction,9,164.0,101.77777777777777,25.555555555555557,656.0,407.1111111111111,102.22222222222223,102.22222222222223,9,1,13911;13944;13950;14826;14829;14866;14867;14868;14869,junction
3140,junction,12,163.91666666666666,102.0,45.083333333333336,655.6666666666666,408.0,180.33333333333334,104.33333333333337,10,1,13917;13947;13980;14387;14828;14852;14870;14871;14872;14874,junction
3141,junction,5,164.2,101.2,64.4,656.8,404.8,257.6,103.20000000000005,9,1,13924;13952;14388;14835;14853;14875;14876;14877;14878,junction
3142,junction,14,164.14285714285714,102.0,84.0,656.5714285714286,408.0,336.0,103.42857142857144,12,1,13928;13953;13955;13989;14834;14840;14879;14880;14881;14882;14883;14884,junction
3143,junction,6,164.0,101.83333333333333,104.0,656.0,407.3333333333333,416.0,104.0,7,1,13956;13961;14885;14887;14888;14889;14890,junction
3144,junction,7,164.57142857142858,101.71428571428571,122.85714285714286,658.2857142857143,406.85714285714283,491.42857142857144,101.71428571428567,11,1,13932;13962;13966;14000;14817;14847;14891;14892;14893;14894;14895,junction
3145,junction,7,164.57142857142858,111.0,152.42857142857142,658.2857142857143,444.0,609.7142857142857,101.71428571428567,8,1,13939;13968;13997;14410;14896;14897;14898;14899,junction
3146,junction,8,164.5,110.75,172.0,658.0,443.0,688.0,102.0,9,1,13998;14396;14400;14405;14900;14901;14902;14903;14904,junction
3147,junction,5,163.4,112.0,16.6,653.6,448.0,66.4,66.4,6,1,13945;14005;14866;14906;14907;14908,junction
3148,junction,12,164.0,112.0,35.75,656.0,448.0,143.0,104.0,12,1,13948;13976;13981;14015;14870;14909;14910;14911;14912;14913;14914;14915,junction
3149,junction,12,164.08333333333334,111.91666666666667,55.0,656.3333333333334,447.6666666666667,220.0,103.66666666666663,9,1,13979;14029;14389;14871;14877;14917;14918;14919;14920,junction
3150,junction,7,164.0,112.42857142857143,75.0,656.0,449.7142857142857,300.0,104.0,9,1,13954;13986;14031;14879;14921;14922;14923;14924;14925,junction
3151,junction,10,164.0,112.0,94.0,656.0,448.0,376.0,104.0,11,1,13958;13990;14018;14504;14880;14887;14926;14927;14928;14929;14930,junction
3152,junction,7,163.71428571428572,111.85714285714286,113.57142857142857,654.8571428571429,447.42857142857144,454.2857142857143,105.14285714285711,8,1,14002;14022;14503;14931;14932;14933;14934;14935,junction
3153,junction,9,164.44444444444446,111.66666666666667,133.33333333333334,657.7777777777778,446.6666666666667,533.3333333333334,102.22222222222217,8,1,13971;14001;14009;14936;14938;14939;14940;14941,junction
3154,junction,11,164.72727272727272,120.9090909090909,162.1818181818182,658.9090909090909,483.6363636363636,648.7272727272727,101.09090909090912,9,1,13999;14406;14412;14417;14942;14943;14944;14945;14946,junction
3155,junction,12,164.16666666666666,121.75,25.5,656.6666666666666,487.0,102.0,102.0,12,1,13977;14006;14016;14038;14907;14912;14947;14948;14949;14950;14951;14952,junction
3156,junction,8,163.875,122.0,44.875,655.5,488.0,179.5,104.5,10,1,13982;14062;14910;14917;14954;14955;14956;14957;14958;14959,junction
3157,junction,5,164.0,121.8,64.8,656.0,487.2,259.2,104.0,9,1,13988;14030;14032;14426;14961;14962;14963;14964;14965,junction
3158,junction,12,164.33333333333334,121.91666666666667,83.83333333333333,657.3333333333334,487.6666666666667,335.3333333333333,102.66666666666663,11,1,13992;14020;14033;14040;14921;14929;14966;14967;14968;14969;14970,junction
3159,junction,10,163.9,121.7,103.6,655.6,486.8,414.4,104.39999999999998,8,1,14019;14023;14056;14926;14973;14974;14975;14976,junction
3160,junction,9,164.55555555555554,122.0,123.0,658.2222222222222,488.0,492.0,101.77777777777783,9,1,14003;14011;14024;14046;14977;14978;14979;14980;14981,junction
3161,junction,6,164.66666666666666,121.33333333333333,143.0,658.6666666666666,485.3333333333333,572.0,101.33333333333337,8,1,13972;14010;14051;14411;14984;14985;14986;14987,junction
3162,junction,5,164.0,131.0,16.4,656.0,524.0,65.6,65.6,7,1,14007;14036;14949;14988;14989;14990;14991,junction
3163,junction,11,164.27272727272728,130.9090909090909,94.0,657.0909090909091,523.6363636363636,376.0,102.90909090909088,9,1,14021;14041;14057;14081;14517;14993;14994;14995;14996,junction
3164,junction,12,164.41666666666666,131.08333333333334,113.0,657.6666666666666,524.3333333333334,452.0,102.33333333333337,11,1,14025;14047;14058;14973;14997;14998;14999;15000;15001;15002;15003,junction
3165,junction,8,163.75,131.0,132.875,655.0,524.0,531.5,105.0,8,1,14012;14048;14052;14086;15005;15006;15007;15008,junction
3166,junction,13,164.15384615384616,132.07692307692307,55.23076923076923,656.6153846153846,528.3076923076923,220.92307692307693,103.38461538461536,12,1,14028;14063;14076;14427;14957;15009;15010;15011;15012;15013;15014;15015,junction
3167,junction,10,163.9,131.7,35.6,655.6,526.8,142.4,104.39999999999998,10,1,14039;14064;14071;14947;14954;15016;15017;15018;15019;15020,junction
3168,junction,9,163.88888888888889,131.88888888888889,74.77777777777777,655.5555555555555,527.5555555555555,299.1111111111111,104.44444444444446,9,1,14042;14088;14428;14966;15021;15022;15023;15024;15025,junction
3169,junction,11,164.8181818181818,140.0909090909091,182.0,659.2727272727273,560.3636363636364,728.0,100.72727272727275,10,1,14100;14425;14436;14439;15026;15027;15028;15029;15031;15032,junction
3170,junction,11,164.27272727272728,140.9090909090909,104.0,657.0909090909091,563.6363636363636,416.0,102.90909090909088,10,1,14059;14082;14093;14119;14999;15033;15034;15035;15036;15037,junction
3171,junction,11,164.54545454545453,141.0,122.9090909090909,658.1818181818181,564.0,491.6363636363636,101.81818181818187,9,1,14045;14085;14094;14450;14998;15039;15040;15041;15042,junction
3172,junction,7,163.85714285714286,140.85714285714286,143.0,655.4285714285714,563.4285714285714,572.0,104.57142857142856,7,1,14054;14087;14124;14429;15044;15045;15046,junction
3173,junction,10,164.1,141.4,25.7,656.4,565.6,102.8,102.8,10,1,13700;14068;14072;14989;15016;15047;15048;15049;15050;15051,junction
3174,junction,10,164.1,141.4,64.7,656.4,565.6,258.8,103.60000000000002,10,1,14075;14089;14108;15011;15021;15052;15053;15054;15055;15056,junction
3175,junction,8,164.625,141.0,162.0,658.5,564.0,648.0,101.5,8,1,14418;14437;14442;15057;15058;15059;15060;15061,junction
3176,junction,9,164.11111111111111,141.44444444444446,45.333333333333336,656.4444444444445,565.7777777777778,181.33333333333334,103.55555555555554,9,1,14065;14073;14078;14103;15010;15062;15063;15064;15065,junction
3177,junction,12,164.83333333333334,150.33333333333334,172.16666666666666,659.3333333333334,601.3333333333334,688.6666666666666,100.66666666666663,10,1,14101;14137;14438;14443;15027;15066;15067;15068;15069;15070,junction
3178,junction,8,164.0,151.25,16.75,656.0,605.0,67.0,67.0,8,1,13698;14069;14162;15047;15071;15072;15073;15074,junction
3179,junction,11,164.27272727272728,150.9090909090909,55.0,657.0909090909091,603.6363636363636,220.0,102.90909090909088,10,1,14077;14104;14107;14145;15052;15075;15076;15077;15078;15079,junction
3180,junction,9,163.77777777777777,151.33333333333334,74.44444444444444,655.1111111111111,605.3333333333334,297.77777777777777,104.88888888888891,9,1,14091;14109;14113;14518;15053;15080;15081;15082;15083,junction
3181,junction,14,164.21428571428572,151.0,94.0,656.8571428571429,604.0,376.0,103.14285714285711,10,1,14080;14115;14117;14154;15033;15086;15087;15088;15089;15090,junction
3182,junction,11,164.54545454545453,150.8181818181818,132.9090909090909,658.1818181818181,603.2727272727273,531.6363636363636,101.81818181818187,9,1,14084;14125;14165;14449;15092;15093;15094;15095;15096,junction
3183,junction,8,163.875,151.0,35.5,655.5,604.0,142.0,104.5,8,1,13699;14106;15048;15062;15097;15098;15099;15100,junction
3184,junction,11,164.72727272727272,159.9090909090909,182.0,658.9090909090909,639.6363636363636,728.0,101.09090909090912,10,1,14099;14139;14455;14458;15101;15102;15103;15104;15105;15106,junction
3185,junction,14,163.92857142857142,161.14285714285714,26.0,655.7142857142857,644.5714285714286,104.0,104.0,10,1,13701;14164;15071;15099;15107;15109;15111;15112;15113;15114,junction
3186,junction,9,164.0,160.77777777777777,44.888888888888886,656.0,643.1111111111111,179.55555555555554,104.0,10,1,14105;14143;14146;15075;15097;15115;15116;15117;15118;15119,junction
3187,junction,7,163.85714285714286,161.0,65.28571428571429,655.4285714285714,644.0,261.14285714285717,104.57142857142856,8,1,14110;14151;14181;15081;15120;15121;15122;15123,junction
3188,junction,8,164.75,160.75,84.375,659.0,643.0,337.5,101.0,9,1,14112;14152;14155;15080;15124;15126;15127;15128;15129,junction
3189,junction,11,164.27272727272728,161.1818181818182,103.9090909090909,657.0909090909091,644.7272727272727,415.6363636363636,102.90909090909088,11,1,14120;14156;14462;14508;15086;15130;15132;15133;15134;15135;15136,junction
3190,junction,5,163.8,161.0,123.0,655.2,644.0,492.0,104.79999999999995,4,1,14160;14166;15139;15140,junction
3191,junction,10,164.5,161.0,143.0,658.0,644.0,572.0,102.0,8,1,14127;14131;14167;14471;15141;15142;15143;15144,junction
3192,junction,10,164.5,161.1,163.1,658.0,644.4,652.4,102.0,9,1,14132;14138;14444;14479;15066;15145;15146;15148;15149,junction
3193,junction,9,164.55555555555554,170.66666666666666,133.22222222222223,658.2222222222222,682.6666666666666,532.8888888888889,101.77777777777783,10,1,14168;14222;14469;14473;15150;15151;15152;15153;15154;15155,junction
3194,junction,10,164.8,170.4,152.9,659.2,681.6,611.6,100.79999999999995,9,1,14133;14188;14472;14480;15156;15157;15158;15159;15160,junction
3195,junction,14,164.71428571428572,170.21428571428572,172.28571428571428,658.8571428571429,680.8571428571429,689.1428571428571,101.14285714285711,9,1,14140;14481;14489;15102;15162;15163;15164;15165;15166,junction
3196,junction,8,164.0,171.25,16.75,656.0,685.0,67.0,67.0,8,1,14163;14171;14192;15109;15167;15168;15169;15170,junction
3197,junction,9,164.11111111111111,170.88888888888889,35.22222222222222,656.4444444444445,683.5555555555555,140.88888888888889,103.55555555555554,8,1,14172;14177;15118;15172;15173;15174;15175;15176,junction
3198,junction,13,164.23076923076923,171.15384615384616,55.07692307692308,656.9230769230769,684.6153846153846,220.30769230769232,103.0769230769231,11,1,14147;14182;14200;15115;15121;15179;15180;15181;15182;15183;15184,junction
3199,junction,8,164.625,170.75,74.5,658.5,683.0,298.0,101.5,6,1,14153;14476;15187;15188;15189;15190,junction
3200,junction,8,164.375,171.125,93.875,657.5,684.5,375.5,102.5,9,1,14157;14214;14465;15132;15192;15193;15194;15195;15196,junction
3201,junction,6,163.83333333333334,179.83333333333334,124.16666666666667,655.3333333333334,719.3333333333334,496.6666666666667,92.66666666666663,8,1,14212;14224;14470;15152;15197;15198;15199;15200,junction
3202,junction,9,164.66666666666666,179.88888888888889,143.11111111111111,658.6666666666666,719.5555555555555,572.4444444444445,92.44444444444446,9,1,14187;14225;14474;15156;15201;15202;15203;15204;15205,junction
3203,junction,9,164.66666666666666,179.88888888888889,163.11111111111111,658.6666666666666,719.5555555555555,652.4444444444445,92.44444444444446,9,1,14189;14482;14490;15162;15206;15207;15208;15209;15210,junction
3204,junction,9,164.44444444444446,180.0,182.11111111111111,657.7777777777778,720.0,728.4444444444445,92.0,10,1,14457;14486;14491;15211;15212;15213;15214;15215;15216;15217,junction
3205,junction,9,164.0,180.88888888888889,25.88888888888889,656.0,723.5555555555555,103.55555555555556,88.44444444444446,8,1,14173;14194;15167;15173;15218;15219;15220;15221,junction
3206,junction,10,163.7,180.9,45.1,654.8,723.6,180.4,88.39999999999998,11,1,14178;14197;14201;15176;15181;15222;15223;15224;15225;15226;15227,junction
3207,junction,12,164.16666666666666,181.16666666666666,65.0,656.6666666666666,724.6666666666666,260.0,87.33333333333337,10,1,14179;14203;15183;15187;15229;15230;15231;15233;15234;15235,junction
3208,junction,6,164.0,180.5,84.5,656.0,722.0,338.0,90.0,8,1,14215;14494;15194;15236;15237;15238;15239;15240,junction
3209,junction,10,164.4,181.1,103.8,657.6,724.4,415.2,87.60000000000002,9,1,14210;14216;15241;15243;15244;15245;15246;15247;15248,junction
3210,junction,5,164.4,13.6,151.8,657.6,54.4,607.2,54.4,6,1,14231;14237;15249;15250;15251;15252,junction
3211,junction,5,164.8,14.0,171.6,659.2,56.0,686.4,56.0,8,1,14233;14258;14505;14548;15253;15254;15255;15256,junction
3212,junction,5,165.0,13.6,190.4,660.0,54.4,761.6,54.4,5,1,14260;14549;15257;15258;15259,junction
3213,junction,3,164.33333333333334,14.0,74.33333333333333,657.3333333333334,56.0,297.3333333333333,56.0,3,1,13706;14496;15260,junction
3214,junction,11,165.0,23.0,142.0,660.0,92.0,568.0,92.0,10,1,14239;14251;14265;14275;14535;15261;15262;15263;15264;15265,junction
3215,junction,5,165.0,23.6,162.2,660.0,94.4,648.8,94.4,8,1,14255;14278;14608;15253;15267;15268;15269;15270,junction
3216,junction,9,165.0,32.0,190.44444444444446,660.0,128.0,761.7777777777778,74.22222222222217,7,1,14271;14289;14551;15272;15273;15274;15275,junction
3217,junction,5,165.4,32.8,132.0,661.6,131.2,528.0,98.39999999999998,4,1,14252;15276;15277;15279,junction
3218,junction,12,165.08333333333334,33.083333333333336,152.25,660.3333333333334,132.33333333333334,609.0,99.66666666666663,11,1,13771;14267;14280;14617;14648;15261;15267;15281;15282;15283;15284,junction
3219,junction,3,165.0,33.333333333333336,93.0,660.0,133.33333333333334,372.0,100.0,5,1,13727;13754;15285;15286;15287,junction
3220,junction,13,165.0,42.0,181.0,660.0,168.0,724.0,100.0,12,1,14273;14292;14305;14313;14609;14687;15272;15288;15289;15290;15291;15292,junction
3221,junction,1,164.0,43.0,123.0,656.0,172.0,492.0,104.0,3,1,14297;14299;15293,junction
3222,junction,9,165.0,52.0,190.44444444444446,660.0,208.0,761.7777777777778,74.22222222222217,8,1,14291;14315;14344;15288;15294;15295;15296;15297,junction
3223,junction,9,165.0,62.0,180.77777777777777,660.0,248.0,723.1111111111111,100.0,10,1,14316;14340;14345;14363;14688;15294;15299;15300;15301;15303,junction
3224,junction,5,164.8,71.2,190.0,659.2,284.8,760.0,76.0,7,1,14346;14364;14372;14772;15305;15306;15307,junction
3225,junction,10,165.1,72.0,171.9,660.4,288.0,687.6,99.60000000000002,8,1,14360;14365;14811;15299;15308;15309;15310;15311,junction
3226,junction,3,164.66666666666666,73.0,74.0,658.6666666666666,292.0,296.0,101.33333333333337,8,1,13830;13900;14731;14806;15312;15313;15314;15315,junction
3227,junction,3,164.66666666666666,73.0,16.666666666666668,658.6666666666666,292.0,66.66666666666667,66.66666666666667,5,1,13833;14710;14800;15316;15317,junction
3228,junction,5,165.0,81.8,142.0,660.0,327.2,568.0,100.0,3,1,13890;15319;15320,junction
3229,junction,9,165.11111111111111,91.33333333333333,190.33333333333334,660.4444444444445,365.3333333333333,761.3333333333334,74.66666666666663,7,1,14380;14383;14774;15321;15322;15323;15324,junction
3230,junction,4,164.5,101.5,142.75,658.0,406.0,571.0,102.0,5,1,13936;13964;15325;15326;15327,junction
3231,junction,10,165.1,100.9,181.3,660.4,403.6,725.2,99.60000000000002,6,1,14399;14900;15321;15329;15331;15333,junction
3232,junction,8,165.125,110.875,190.375,660.5,443.5,761.5,74.5,5,1,14385;14401;15334;15336;15339,junction
3233,junction,8,164.875,121.125,182.125,659.5,484.5,728.5,100.5,10,1,14402;14407;14414;14422;15336;15340;15341;15342;15343;15344,junction
3234,junction,8,165.0,131.0,171.875,660.0,524.0,687.5,100.0,10,1,14408;14419;14423;14435;15341;15345;15346;15347;15348;15349,junction
3235,junction,4,165.25,130.75,152.25,661.0,523.0,609.0,99.0,4,1,14053;15350;15351;15352,junction
3236,junction,6,165.33333333333334,130.33333333333334,190.5,661.3333333333334,521.3333333333334,762.0,74.0,7,1,14424;15026;15340;15353;15354;15355;15356,junction
3237,junction,5,164.6,151.2,114.0,658.4,604.8,456.0,101.60000000000002,8,1,14118;14507;15130;15357;15358;15359;15360;15361,junction
3238,junction,10,165.2,150.9,152.8,660.8,603.6,611.2,99.20000000000005,6,1,14126;14431;14441;15364;15365;15366,junction
3239,junction,4,164.5,170.75,114.5,658.0,683.0,458.0,102.0,7,1,14464;14468;15134;15198;15367;15368;15369,junction
3240,junction,4,164.75,170.5,191.25,659.0,682.0,765.0,71.0,5,1,14460;14485;15212;15370;15371,junction
3241,junction,2,165.5,150.5,190.0,662.0,602.0,760.0,76.0,4,1,14102;15101;15372;15373,junction
3242,junction,1,170.0,121.0,157.0,680.0,484.0,628.0,80.0,2,1,14944;15374,degree_two
3243,junction,10,173.8,23.3,35.2,695.2,93.2,140.8,64.79999999999995,12,1,14526;14571;14577;14587;15376;15377;15378;15379;15380;15381;15382;15383,junction
3244,junction,15,174.0,23.333333333333332,54.2,696.0,93.33333333333333,216.8,64.0,10,1,14542;14558;14578;14592;15384;15386;15387;15388;15389;15390,junction
3245,junction,14,173.85714285714286,32.857142857142854,25.071428571428573,695.4285714285714,131.42857142857142,100.28571428571429,64.57142857142856,9,1,14584;14606;14623;15381;15393;15394;15395;15396;15397,junction
3246,junction,9,173.55555555555554,43.22222222222222,112.77777777777777,694.2222222222222,172.88888888888889,451.1111111111111,65.77777777777783,14,1,14603;14645;14676;15398;15398;15399;15400;15401;15402;15403;15404;15405;15406;15407,junction
3247,junction,9,173.88888888888889,62.44444444444444,112.88888888888889,695.5555555555555,249.77777777777777,451.55555555555554,64.44444444444446,10,1,14679;14699;14736;14742;15408;15409;15410;15411;15412;15413,junction
3248,junction,12,174.0,72.25,84.08333333333333,696.0,289.0,336.3333333333333,64.0,12,1,14733;14770;14784;15313;15414;15415;15416;15417;15418;15419;15420;15421,junction
3249,junction,12,173.75,73.08333333333333,44.916666666666664,695.0,292.3333333333333,179.66666666666666,65.0,12,1,14515;14720;14751;14763;15422;15423;15424;15425;15426;15427;15428;15429,junction
3250,junction,10,173.7,82.4,35.1,694.8,329.6,140.4,65.20000000000005,10,1,14512;14753;14803;14833;15423;15430;15431;15432;15433;15434,junction
3251,junction,9,173.66666666666666,82.0,74.22222222222223,694.6666666666666,328.0,296.8888888888889,65.33333333333337,10,1,14782;14810;14836;15315;15419;15435;15436;15437;15438;15439,junction
3252,junction,12,173.75,91.91666666666667,45.166666666666664,695.0,367.6666666666667,180.66666666666666,65.0,10,1,14514;14831;14872;15440;15441;15442;15443;15444;15445;15446,junction
3253,junction,10,173.8,101.9,55.0,695.2,407.6,220.0,64.79999999999995,8,1,14876;14918;15449;15450;15451;15452;15453;15454,junction
3254,junction,12,173.91666666666666,102.0,94.0,695.6666666666666,408.0,376.0,64.33333333333337,10,1,14844;14882;14888;14927;15455;15456;15457;15458;15459;15460,junction
3255,junction,16,173.875,131.125,123.125,695.5,524.5,492.5,64.5,11,1,14981;15000;15007;15040;15462;15463;15464;15465;15466;15467;15468,junction
3256,junction,16,174.0,141.1875,54.9375,696.0,564.75,219.75,64.0,11,1,15015;15054;15064;15079;15469;15470;15471;15472;15473;15474;15475,junction
3257,junction,16,173.875,151.125,45.125,695.5,604.5,180.5,64.5,12,1,15076;15098;15116;15471;15476;15477;15478;15479;15480;15481;15482;15483,junction
3258,junction,14,174.07142857142858,150.85714285714286,64.78571428571429,696.2857142857143,603.4285714285714,259.14285714285717,63.714285714285666,9,1,15082;15486;15487;15488;15489;15490;15491;15492;15493,junction
3259,junction,9,174.0,14.444444444444445,25.0,696.0,57.77777777777778,100.0,57.77777777777778,7,1,14572;15376;15494;15496;15497;15498;15499,junction
3260,junction,6,174.0,14.666666666666666,44.833333333333336,696.0,58.666666666666664,179.33333333333334,58.666666666666664,7,1,14524;14539;14576;15377;15501;15502;15503,junction
3261,junction,7,173.85714285714286,14.428571428571429,63.857142857142854,695.4285714285714,57.714285714285715,255.42857142857142,57.714285714285715,8,1,14561;15384;15504;15505;15506;15507;15508;15509,junction
3262,junction,6,174.0,14.5,83.83333333333333,696.0,58.0,335.3333333333333,58.0,6,1,14546;15260;15511;15512;15513;15514,junction
3263,junction,7,174.0,14.428571428571429,103.0,696.0,57.714285714285715,412.0,57.714285714285715,6,1,14544;14567;15516;15517;15518;15519,junction
3264,junction,7,174.85714285714286,14.571428571428571,122.71428571428571,699.4285714285714,58.285714285714285,490.85714285714283,58.285714285714285,8,1,14529;14534;14579;15520;15521;15522;15523;15524,junction
3265,junction,13,174.07692307692307,23.307692307692307,93.15384615384616,696.3076923076923,93.23076923076923,372.61538461538464,63.692307692307736,12,1,14547;14564;14566;15285;15512;15516;15525;15526;15527;15528;15529;15530,junction
3266,junction,10,174.3,22.9,113.1,697.2,91.6,452.4,62.799999999999955,10,1,14531;14568;14600;15521;15531;15532;15533;15534;15535;15536,junction
3267,junction,8,174.125,23.0,132.0,696.5,92.0,528.0,63.5,10,1,14537;14580;15263;15277;15522;15537;15538;15539;15540;15541,junction
3268,junction,2,173.5,23.5,16.0,694.0,94.0,64.0,64.0,5,1,14573;15496;15542;15544;15545,junction
3269,junction,8,174.375,23.0,74.125,697.5,92.0,296.5,62.5,10,1,14559;14563;14598;15507;15511;15546;15547;15548;15549;15550,junction
3270,junction,8,175.0,23.0,152.625,700.0,92.0,610.5,60.0,9,1,15264;15268;15281;15551;15552;15553;15554;15555;15556,junction
3271,junction,8,175.375,22.5,171.375,701.5,90.0,685.5,58.5,7,1,14554;14611;15269;15558;15559;15560;15561,junction
3272,junction,10,174.7,32.4,181.1,698.8,129.6,724.4,61.200000000000045,10,1,14555;14612;15274;15289;15562;15563;15564;15565;15566;15567,junction
3273,junction,14,174.0,33.214285714285715,64.21428571428571,696.0,132.85714285714286,256.85714285714283,64.0,11,1,14560;14591;14596;14637;15546;15568;15569;15570;15571;15572;15573,junction
3274,junction,12,174.08333333333334,33.0,103.08333333333333,696.3333333333334,132.0,412.3333333333333,63.66666666666663,11,1,14569;14601;14644;15399;15525;15532;15574;15575;15576;15577;15578,junction
3275,junction,9,174.55555555555554,32.888888888888886,122.77777777777777,698.2222222222222,131.55555555555554,491.1111111111111,61.77777777777783,7,1,14602;15579;15581;15582;15583;15584;15585,junction
3276,junction,10,174.1,33.6,44.7,696.4,134.4,178.8,63.60000000000002,8,1,14585;14594;15378;15386;15586;15587;15588;15589,junction
3277,junction,8,174.0,33.75,83.25,696.0,135.0,333.0,64.0,10,1,14599;15287;15529;15590;15591;15592;15593;15594;15595;15596,junction
3278,junction,9,174.66666666666666,33.0,142.55555555555554,698.6666666666666,132.0,570.2222222222222,61.33333333333337,8,1,14649;15265;15279;15282;15597;15598;15599;15600,junction
3279,junction,10,174.2,42.7,132.3,696.8,170.8,529.2,63.200000000000045,7,1,14650;14683;15293;15602;15603;15604;15605,junction
3280,junction,11,174.63636363636363,42.0,171.0909090909091,698.5454545454545,168.0,684.3636363636364,61.454545454545496,11,1,14614;14615;14689;15290;15563;15607;15608;15609;15610;15612;15613,junction
3281,junction,11,174.0,43.0,35.0,696.0,172.0,140.0,64.0,9,1,14662;15586;15615;15616;15617;15618;15619;15620;15621,junction
3282,junction,13,174.0,43.0,74.0,696.0,172.0,296.0,64.0,12,1,14597;14635;14641;14672;15569;15593;15622;15623;15624;15625;15626;15627,junction
3283,junction,11,174.36363636363637,42.90909090909091,92.72727272727273,697.4545454545455,171.63636363636363,370.90909090909093,62.545454545454504,11,1,14642;14647;15286;15574;15591;15628;15629;15630;15631;15632;15633,junction
3284,junction,8,174.5,43.0,152.0,698.0,172.0,608.0,62.0,9,1,14618;14651;14654;15284;15634;15635;15636;15637;15638,junction
3285,junction,4,174.25,42.5,16.75,697.0,170.0,67.0,63.0,5,1,14624;15393;15640;15641;15642,junction
3286,junction,9,174.55555555555554,42.888888888888886,54.44444444444444,698.2222222222222,171.55555555555554,217.77777777777777,61.77777777777783,8,1,14629;14634;15568;15643;15644;15645;15646;15647,junction
3287,junction,8,174.5,52.0,162.0,698.0,208.0,648.0,62.0,8,1,14619;14655;14690;14706;15648;15649;15650;15651,junction
3288,junction,13,174.69230769230768,51.92307692307692,181.07692307692307,698.7692307692307,207.69230769230768,724.3076923076923,61.23076923076928,11,1,14691;15292;15296;15300;15612;15652;15653;15654;15655;15656;15657,junction
3289,junction,8,173.875,52.875,25.75,695.5,211.5,103.0,64.5,10,1,14626;14663;14681;14711;15617;15658;15659;15660;15661;15662,junction
3290,junction,11,174.0,53.0,45.0,696.0,212.0,180.0,64.0,10,1,14630;14664;14668;14718;15645;15663;15664;15665;15666;15667,junction
3291,junction,14,174.14285714285714,53.0,64.0,696.5714285714286,212.0,256.0,63.428571428571445,10,1,14636;14669;14723;15622;15670;15671;15672;15673;15674;15675,junction
3292,junction,11,174.27272727272728,53.09090909090909,84.0909090909091,697.0909090909091,212.36363636363637,336.3636363636364,62.90909090909088,12,1,14643;14674;14694;14729;15623;15630;15676;15677;15678;15679;15680;15681,junction
3293,junction,6,174.33333333333334,52.666666666666664,103.16666666666667,697.3333333333334,210.66666666666666,412.6666666666667,62.66666666666663,10,1,14646;14677;14695;14735;15400;15682;15683;15684;15685;15686,junction
3294,junction,11,173.9090909090909,52.63636363636363,122.63636363636364,695.6363636363636,210.54545454545453,490.54545454545456,64.36363636363637,10,1,14678;14684;14696;15402;15408;15687;15689;15690;15691;15692,junction
3295,junction,5,174.2,52.2,143.2,696.8,208.8,572.8,63.200000000000045,7,1,14652;14656;14700;15694;15695;15696;15697,junction
3296,junction,14,173.92857142857142,62.357142857142854,132.57142857142858,695.7142857142857,249.42857142857142,530.2857142857143,64.28571428571433,11,1,14685;14697;14702;14756;15698;15700;15701;15702;15703;15704;15705,junction
3297,junction,12,174.25,61.833333333333336,151.91666666666666,697.0,247.33333333333334,607.6666666666666,63.0,8,1,14657;14701;14707;14745;15709;15710;15711;15712,junction
3298,junction,12,174.0,63.166666666666664,35.166666666666664,696.0,252.66666666666666,140.66666666666666,64.0,11,1,14665;14713;14750;15422;15663;15713;15714;15715;15716;15717;15718,junction
3299,junction,6,173.83333333333334,63.0,54.666666666666664,695.3333333333334,252.0,218.66666666666666,64.66666666666663,10,1,14670;14721;14724;14762;15425;15670;15719;15720;15721;15722,junction
3300,junction,10,173.9,63.0,73.8,695.6,252.0,295.2,64.39999999999998,12,1,14675;14725;15312;15414;15671;15676;15723;15724;15725;15726;15727;15728,junction
3301,junction,10,173.9,62.6,93.6,695.6,250.4,374.4,64.39999999999998,12,1,14730;14737;14769;15415;15677;15684;15729;15730;15731;15732;15733;15734,junction
3302,junction,4,173.75,63.75,16.5,695.0,255.0,66.0,65.0,5,1,14712;15658;15736;15737;15738,junction
3303,junction,5,174.4,62.0,171.6,697.6,248.0,686.4,62.39999999999998,7,1,14708;15309;15740;15741;15742;15743;15744,junction
3304,junction,10,174.1,71.8,103.4,696.4,287.2,413.6,63.60000000000002,11,1,14738;14744;14771;14790;15412;15732;15745;15746;15747;15748;15749,junction
3305,junction,14,174.28571428571428,72.07142857142857,142.5,697.1428571428571,288.2857142857143,570.0,62.85714285714289,11,1,14703;14746;14758;15319;15701;15750;15751;15752;15753;15754;15755,junction
3306,junction,9,174.0,72.0,161.77777777777777,696.0,288.0,647.1111111111111,64.0,11,1,14709;14747;14812;15310;15756;15757;15758;15759;15760;15761;15762,junction
3307,junction,9,174.0,72.66666666666667,25.333333333333332,696.0,290.6666666666667,101.33333333333333,64.0,10,1,14714;14752;15317;15714;15736;15763;15764;15765;15767;15768,junction
3308,junction,7,173.85714285714286,72.71428571428571,64.57142857142857,695.4285714285714,290.85714285714283,258.2857142857143,64.57142857142856,10,1,14726;14764;14808;15314;15724;15769;15770;15771;15772;15773,junction
3309,junction,9,174.33333333333334,72.66666666666667,123.0,697.3333333333334,290.6666666666667,492.0,62.66666666666663,12,1,14698;14741;14757;14795;15700;15774;15775;15776;15777;15778;15779;15780,junction
3310,junction,11,174.45454545454547,71.27272727272727,182.0,697.8181818181819,285.09090909090907,728.0,62.18181818181813,9,1,14773;15303;15307;15311;15781;15782;15783;15784;15785,junction
3311,junction,15,174.0,82.13333333333334,113.13333333333334,696.0,328.53333333333336,452.53333333333336,64.0,12,1,14743;14789;14796;14819;15746;15775;15786;15787;15788;15789;15790;15791,junction
3312,junction,8,174.625,81.625,151.875,698.5,326.5,607.5,61.5,10,1,14748;14814;14857;15751;15757;15792;15793;15794;15795;15796,junction
3313,junction,5,174.6,81.4,190.0,698.4,325.6,760.0,61.60000000000002,7,1,14776;15306;15322;15797;15798;15799;15800,junction
3314,junction,10,173.8,82.7,54.7,695.2,330.8,218.8,64.79999999999995,11,1,14513;14765;14809;14854;15424;15441;15769;15801;15802;15803;15804,junction
3315,junction,13,174.0,82.84615384615384,93.84615384615384,696.0,331.38461538461536,375.38461538461536,64.0,10,1,14783;14791;15416;15745;15807;15808;15809;15810;15811;15812,junction
3316,junction,7,174.28571428571428,81.71428571428571,172.0,697.1428571428571,326.85714285714283,688.0,62.85714285714289,7,1,14777;14813;15761;15814;15815;15816;15817,junction
3317,junction,6,174.33333333333334,82.0,16.5,697.3333333333334,328.0,66.0,62.66666666666663,5,1,14802;15763;15819;15820;15821,junction
3318,junction,11,174.45454545454547,91.63636363636364,161.9090909090909,697.8181818181819,366.54545454545456,647.6363636363636,62.18181818181813,10,1,14815;14824;14859;14861;15822;15823;15824;15825;15826;15827,junction
3319,junction,10,174.6,90.8,181.4,698.4,363.2,725.6,61.60000000000002,11,1,14778;14823;15323;15331;15798;15814;15828;15829;15830;15831;15832,junction
3320,junction,12,174.33333333333334,91.83333333333333,103.5,697.3333333333334,367.3333333333333,414.0,62.66666666666663,10,1,14792;14820;14843;15455;15787;15808;15834;15835;15836;15837,junction
3321,junction,13,174.15384615384616,92.07692307692308,122.92307692307692,696.6153846153846,368.3076923076923,491.6923076923077,63.38461538461536,12,1,14798;14818;14848;14894;15786;15838;15839;15840;15841;15842;15843;15844,junction
3322,junction,10,174.5,91.6,142.2,698.0,366.4,568.8,62.0,11,1,14849;14858;15325;15792;15845;15846;15847;15848;15849;15850;15851,junction
3323,junction,6,174.0,91.83333333333333,26.0,696.0,367.3333333333333,104.0,64.0,7,1,14830;15430;15853;15854;15855;15856;15857,junction
3324,junction,11,174.1818181818182,92.0909090909091,84.36363636363636,696.7272727272727,368.3636363636364,337.45454545454544,63.27272727272725,7,1,14884;15807;15859;15861;15862;15863;15864,junction
3325,junction,7,174.0,92.28571428571429,65.28571428571429,696.0,369.14285714285717,261.14285714285717,64.0,10,1,14839;14855;15435;15449;15865;15866;15867;15868;15869;15870,junction
3326,junction,12,174.08333333333334,101.75,152.66666666666666,696.3333333333334,407.0,610.6666666666666,63.66666666666663,12,1,14860;14865;14897;15326;15825;15871;15872;15873;15874;15875;15876;15877,junction
3327,junction,6,173.83333333333334,101.0,171.83333333333334,695.3333333333334,404.0,687.3333333333334,64.66666666666663,9,1,14825;14863;14902;15831;15878;15879;15880;15881;15882,junction
3328,junction,7,174.14285714285714,101.85714285714286,16.428571428571427,696.5714285714286,407.42857142857144,65.71428571428571,63.428571428571445,8,1,14827;14867;14906;15853;15883;15884;15885;15886,junction
3329,junction,12,174.08333333333334,101.91666666666667,35.25,696.3333333333334,407.6666666666667,141.0,63.66666666666663,11,1,14832;14868;14911;15442;15888;15889;15890;15891;15892;15893;15894,junction
3330,junction,9,174.11111111111111,101.88888888888889,73.88888888888889,696.4444444444445,407.55555555555554,295.55555555555554,63.55555555555554,12,1,14838;14878;14881;14922;15859;15865;15895;15896;15897;15898;15899;15900,junction
3331,junction,10,173.7,102.0,113.3,694.8,408.0,453.2,65.20000000000005,10,1,14821;14889;14895;14933;15839;15901;15902;15903;15904;15905,junction
3332,junction,9,174.0,102.22222222222223,133.0,696.0,408.8888888888889,532.0,64.0,12,1,14851;14891;14939;15327;15840;15848;15906;15907;15908;15909;15910;15911,junction
3333,junction,8,174.625,101.25,190.25,698.5,405.0,761.0,61.5,4,1,15333;15913;15914;15915,junction
3334,junction,14,174.07142857142858,111.14285714285714,161.92857142857142,696.2857142857143,444.57142857142856,647.7142857142857,63.714285714285666,12,1,14864;14896;14904;14943;15872;15880;15917;15918;15919;15920;15921;15922,junction
3335,junction,10,173.9,112.0,26.0,695.6,448.0,104.0,64.39999999999998,11,1,14869;14913;14948;15883;15893;15923;15924;15925;15926;15927;15928,junction
3336,junction,12,174.08333333333334,112.0,44.916666666666664,696.3333333333334,448.0,179.66666666666666,63.66666666666663,11,1,14874;14914;14955;15450;15889;15929;15930;15931;15932;15933;15934,junction
3337,junction,12,174.08333333333334,112.0,83.91666666666667,696.3333333333334,448.0,335.6666666666667,63.66666666666663,11,1,14883;14924;14967;15456;15895;15935;15936;15937;15938;15939;15940,junction
3338,junction,5,174.2,111.6,103.4,696.8,446.4,413.6,63.200000000000045,9,1,14890;14928;14974;15901;15941;15942;15943;15944;15945,junction
3339,junction,7,173.57142857142858,112.28571428571429,123.85714285714286,694.2857142857143,449.14285714285717,495.42857142857144,65.71428571428567,10,1,14893;14935;14941;14978;15906;15946;15947;15948;15949;15950,junction
3340,junction,8,173.875,111.625,143.25,695.5,446.5,573.0,64.5,11,1,14899;14938;14984;15876;15907;15951;15952;15953;15954;15955;15956,junction
3341,junction,11,174.36363636363637,111.9090909090909,64.81818181818181,697.4545454545455,447.6363636363636,259.27272727272725,62.545454545454504,8,1,14920;14923;15899;15958;15959;15960;15961;15962,junction
3342,junction,8,173.875,121.0,133.125,695.5,484.0,532.5,64.5,10,1,14940;14979;14985;15005;15462;15955;15963;15964;15965;15966,junction
3343,junction,8,173.875,121.375,151.875,695.5,485.5,607.5,64.5,11,1,14898;14987;15351;15374;15918;15952;15967;15968;15969;15970;15971,junction
3344,junction,7,173.85714285714286,121.0,172.0,695.4285714285714,484.0,688.0,64.57142857142856,10,1,14903;14945;15342;15345;15972;15973;15974;15975;15976;15977,junction
3345,junction,5,174.0,122.2,16.6,696.0,488.8,66.4,64.0,8,1,14908;14952;14988;15924;15978;15979;15980;15981,junction
3346,junction,6,174.0,121.83333333333333,35.5,696.0,487.3333333333333,142.0,64.0,10,1,14915;14950;14956;15018;15929;15982;15983;15984;15985;15986,junction
3347,junction,13,174.0,122.0,55.0,696.0,488.0,220.0,64.0,12,1,14919;14958;14963;15012;15930;15958;15987;15988;15989;15990;15991;15992,junction
3348,junction,8,173.75,121.875,74.625,695.0,487.5,298.5,65.0,10,1,14925;14964;14969;15023;15935;15993;15994;15995;15996;15997,junction
3349,junction,13,174.0,121.84615384615384,94.0,696.0,487.38461538461536,376.0,64.0,12,1,14930;14968;14975;14996;15936;15941;15998;15999;16000;16001;16002;16003,junction
3350,junction,6,174.83333333333334,121.0,190.16666666666666,699.3333333333334,484.0,760.6666666666666,60.66666666666663,6,1,15339;15343;15354;16004;16005;16007,junction
3351,junction,11,174.45454545454547,122.18181818181819,113.54545454545455,697.8181818181819,488.72727272727275,454.1818181818182,62.18181818181813,10,1,14976;14980;15001;15946;16008;16010;16011;16012;16013;16014,junction
3352,junction,6,174.0,130.83333333333334,143.16666666666666,696.0,523.3333333333334,572.6666666666666,64.0,9,1,14986;15006;15967;16015;16016;16017;16018;16019;16020,junction
3353,junction,6,173.83333333333334,131.0,162.0,695.3333333333334,524.0,648.0,64.66666666666663,10,1,14946;15058;15348;15352;15975;16021;16022;16023;16024;16025,junction
3354,junction,9,174.0,131.33333333333334,26.22222222222222,696.0,525.3333333333334,104.88888888888889,64.0,12,1,14951;14990;15019;15051;15978;15982;16026;16027;16028;16029;16030;16031,junction
3355,junction,10,174.1,132.3,45.3,696.4,529.2,181.2,63.60000000000002,11,1,14959;15013;15020;15065;15469;15987;16032;16033;16034;16035;16036,junction
3356,junction,8,174.0,132.125,65.125,696.0,528.5,260.5,64.0,12,1,14965;15014;15024;15056;15470;15988;15993;16037;16038;16039;16040;16041,junction
3357,junction,9,174.0,131.33333333333334,84.33333333333333,696.0,525.3333333333334,337.3333333333333,64.0,10,1,14522;14970;14993;15025;15998;16042;16043;16044;16045;16046,junction
3358,junction,10,174.2,131.2,104.1,696.8,524.8,416.4,63.200000000000045,9,1,14994;15002;15037;15999;16008;16047;16049;16050;16051,junction
3359,junction,9,174.22222222222223,131.11111111111111,182.0,696.8888888888889,524.4444444444445,728.0,63.111111111111086,10,1,15028;15344;15346;15355;16005;16052;16053;16054;16055;16056,junction
3360,junction,6,174.16666666666666,140.66666666666666,16.5,696.6666666666666,562.6666666666666,66.0,63.33333333333337,7,1,14991;15049;15072;16026;16057;16058;16059,junction
3361,junction,9,174.77777777777777,140.77777777777777,113.11111111111111,699.1111111111111,563.1111111111111,452.44444444444446,60.888888888888914,10,1,15003;15035;15041;15464;16060;16061;16062;16063;16064;16065,junction
3362,junction,12,174.0,140.91666666666666,132.91666666666666,696.0,563.6666666666666,531.6666666666666,64.0,11,1,15008;15039;15045;15093;15463;16018;16066;16067;16068;16069;16070,junction
3363,junction,10,174.1,141.1,94.0,696.4,564.4,376.0,63.60000000000002,9,1,14520;15034;15089;16047;16071;16072;16073;16074;16075,junction
3364,junction,9,174.66666666666666,141.0,152.0,698.6666666666666,564.0,608.0,61.33333333333337,8,1,15044;15059;16023;16076;16078;16079;16080;16081,junction
3365,junction,9,174.44444444444446,141.11111111111111,171.88888888888889,697.7777777777778,564.4444444444445,687.5555555555555,62.22222222222217,9,1,15029;15060;15067;15349;16052;16082;16083;16084;16085,junction
3366,junction,9,174.11111111111111,141.44444444444446,35.666666666666664,696.4444444444445,565.7777777777778,142.66666666666666,63.55555555555554,9,1,15050;15063;15477;16027;16032;16087;16088;16089;16090,junction
3367,junction,8,174.125,141.5,74.5,696.5,566.0,298.0,63.5,10,1,14519;15055;15487;16037;16042;16091;16092;16093;16094;16095,junction
3368,junction,12,173.91666666666666,151.25,83.91666666666667,695.6666666666666,605.0,335.6666666666667,64.33333333333337,12,1,14521;15083;15087;15127;16071;16091;16096;16097;16098;16099;16100;16101,junction
3369,junction,12,174.0,151.08333333333334,104.08333333333333,696.0,604.3333333333334,416.3333333333333,64.0,10,1,15036;15090;15359;16061;16102;16103;16105;16106;16107;16108,junction
3370,junction,6,174.16666666666666,150.5,123.16666666666667,696.6666666666666,602.0,492.6666666666667,63.33333333333337,9,1,15042;15094;15360;16066;16110;16111;16112;16114;16115,junction
3371,junction,10,173.9,151.2,142.6,695.6,604.8,570.4,64.39999999999998,11,1,15046;15095;15141;15364;16076;16116;16117;16119;16120;16121;16122,junction
3372,junction,12,174.08333333333334,151.33333333333334,26.083333333333332,696.3333333333334,605.3333333333334,104.33333333333333,63.66666666666663,9,1,15100;15111;16087;16124;16125;16126;16127;16128;16129,junction
3373,junction,4,174.25,151.25,162.25,697.0,605.0,649.0,63.0,8,1,15069;15145;15365;16084;16130;16131;16132;16133,junction
3374,junction,9,174.55555555555554,160.0,172.0,698.2222222222222,640.0,688.0,61.77777777777783,10,1,15070;15105;15148;15163;16134;16135;16136;16137;16138;16139,junction
3375,junction,7,174.14285714285714,160.85714285714286,16.428571428571427,696.5714285714286,643.4285714285714,65.71428571428571,63.428571428571445,8,1,15074;15112;15168;16124;16140;16141;16142;16143,junction
3376,junction,13,174.0,161.0,55.0,696.0,644.0,220.0,64.0,11,1,15078;15179;15478;15488;16144;16146;16147;16148;16149;16150;16151,junction
3377,junction,13,174.0,161.0,94.0,696.0,644.0,376.0,64.0,12,1,15088;15126;15133;15192;16096;16103;16152;16153;16154;16155;16156;16157,junction
3378,junction,10,174.4,160.9,113.6,697.6,643.6,454.4,62.39999999999998,10,1,15135;15139;15361;15367;16110;16158;16159;16160;16161;16162,junction
3379,junction,13,174.15384615384616,160.84615384615384,133.15384615384616,696.6153846153846,643.3846153846154,532.6153846153846,63.38461538461536,10,1,15096;15140;15143;15151;16117;16164;16165;16166;16167;16168,junction
3380,junction,6,174.0,160.16666666666666,153.33333333333334,696.0,640.6666666666666,613.3333333333334,64.0,8,1,15142;15146;15157;16132;16169;16170;16171;16172,junction
3381,junction,8,174.125,160.875,35.375,696.5,643.5,141.5,63.5,10,1,15113;15117;15479;16125;16173;16174;16175;16176;16177;16178,junction
3382,junction,7,174.14285714285714,160.85714285714286,75.14285714285714,696.5714285714286,643.4285714285714,300.57142857142856,63.428571428571445,9,1,15120;15128;15491;16097;16179;16180;16181;16182;16183,junction
3383,junction,10,174.5,170.5,142.9,698.0,682.0,571.6,62.0,10,1,15144;15154;15159;15203;16169;16184;16185;16186;16187;16188,junction
3384,junction,8,174.25,170.125,162.25,697.0,680.5,649.0,63.0,10,1,15149;15158;15208;16137;16190;16191;16192;16193;16194;16195,junction
3385,junction,10,174.3,169.9,182.0,697.2,679.6,728.0,62.799999999999955,9,1,15103;15165;15216;15371;16196;16197;16198;16199;16200,junction
3386,junction,9,173.77777777777777,171.0,25.88888888888889,695.1111111111111,684.0,103.55555555555556,64.88888888888891,11,1,15114;15169;15174;15220;16140;16174;16201;16202;16203;16204;16205,junction
3387,junction,11,174.0,171.27272727272728,45.09090909090909,696.0,685.0909090909091,180.36363636363637,64.0,11,1,15119;15175;15182;15226;16177;16206;16207;16208;16209;16210;16211,junction
3388,junction,9,174.0,171.0,65.0,696.0,684.0,260.0,64.0,12,1,15123;15180;15189;15230;16147;16179;16212;16213;16214;16215;16216;16217,junction
3389,junction,10,173.9,171.2,85.0,695.6,684.8,340.0,64.39999999999998,10,1,15129;15188;15195;15238;16152;16218;16220;16221;16222;16223,junction
3390,junction,10,174.0,170.9,104.0,696.0,683.6,416.0,64.0,11,1,15136;15193;15244;16153;16159;16224;16225;16226;16227;16228;16229,junction
3391,junction,9,173.88888888888889,170.88888888888889,123.77777777777777,695.5555555555555,683.5555555555555,495.1111111111111,64.44444444444446,9,1,15153;15199;15369;16166;16230;16231;16232;16233;16234,junction
3392,junction,12,174.16666666666666,180.16666666666666,133.16666666666666,696.6666666666666,720.6666666666666,532.6666666666666,63.33333333333337,11,1,15155;15200;15204;16186;16231;16235;16236;16237;16238;16239;16240,junction
3393,junction,11,174.54545454545453,179.9090909090909,153.0,698.1818181818181,719.6363636363636,612.0,61.81818181818187,10,1,15160;15202;15207;16192;16241;16242;16243;16244;16245;16246,junction
3394,junction,10,174.6,179.9,171.9,698.4,719.6,687.6,61.60000000000002,9,1,15166;15215;16247;16248;16250;16251;16252;16253;16254,junction
3395,junction,8,174.0,181.25,16.75,696.0,725.0,67.0,64.0,7,1,15170;16201;16255;16256;16257;16258;16259,junction
3396,junction,10,174.1,180.9,55.0,696.4,723.6,220.0,63.60000000000002,8,1,15184;16207;16212;16261;16262;16263;16264;16265,junction
3397,junction,11,173.9090909090909,180.72727272727272,74.63636363636364,695.6363636363636,722.9090909090909,298.54545454545456,64.36363636363637,12,1,15190;15234;15239;16215;16218;16266;16267;16268;16269;16270;16271;16272,junction
3398,junction,8,174.25,180.75,94.75,697.0,723.0,379.0,63.0,10,1,15196;15240;15248;16227;16273;16274;16275;16276;16277;16278,junction
3399,junction,8,174.125,180.5,114.25,696.5,722.0,457.0,63.5,11,1,15247;16224;16230;16279;16280;16281;16282;16283;16284;16285;16286,junction
3400,junction,6,174.16666666666666,181.0,36.0,696.6666666666666,724.0,144.0,63.33333333333337,9,1,15227;16206;16287;16288;16289;16290;16291;16292;16293,junction
3401,junction,5,174.8,13.4,142.2,699.2,53.6,568.8,53.6,6,1,14536;15251;15262;16295;16296;16297,junction
3402,junction,5,174.8,13.4,160.8,699.2,53.6,643.2,53.6,6,1,15252;15254;15551;16298;16299;16300,junction
3403,junction,5,175.2,13.6,181.0,700.8,54.4,724.0,54.4,8,1,14552;15255;15258;16301;16302;16303;16304;16305,junction
3404,junction,5,174.8,22.2,190.0,699.2,88.8,760.0,60.799999999999955,7,1,14553;15259;15273;15562;16301;16306;16307,junction
3405,junction,8,175.0,32.75,162.25,700.0,131.0,649.0,60.0,9,1,14613;15270;15283;15552;15607;16308;16310;16311;16312,junction
3406,junction,7,175.14285714285714,42.142857142857146,190.42857142857142,700.5714285714286,168.57142857142858,761.7142857142857,59.428571428571445,7,1,15275;15295;15652;16314;16315;16316;16317,junction
3407,junction,8,175.0,61.75,190.125,700.0,247.0,760.5,60.0,8,1,15297;15301;15305;15653;15781;16318;16319;16320,junction
3408,junction,10,175.4,82.8,132.6,701.6,331.2,530.4,58.39999999999998,10,1,14797;14850;15320;15750;15776;15838;16321;16322;16323;16324,junction
3409,junction,7,175.0,110.85714285714286,181.14285714285714,700.0,443.42857142857144,724.5714285714286,60.0,6,1,14901;15914;15972;16325;16326;16328,junction
3410,junction,8,175.125,150.375,181.625,700.5,601.5,726.5,59.5,9,1,15032;15068;15104;15373;16134;16329;16330;16331;16332,junction
3411,junction,1,175.0,161.0,191.0,700.0,644.0,764.0,60.0,3,1,15106;16196;16333,junction
3412,junction,1,175.0,180.0,191.0,700.0,720.0,764.0,60.0,2,1,15217;16335,degree_two
3413,junction,1,176.0,141.0,190.0,704.0,564.0,760.0,56.0,2,1,15356;16336,degree_two
3414,junction,3,180.66666666666666,92.0,39.333333333333336,722.6666666666666,368.0,157.33333333333334,37.33333333333337,3,1,15445;16338;16339,junction
3415,junction,3,180.66666666666666,92.0,109.33333333333333,722.6666666666666,368.0,437.3333333333333,37.33333333333337,3,1,15835;16340;16341,junction
3416,junction,6,181.5,103.0,69.0,726.0,412.0,276.0,34.0,3,1,15897;16342;16343,junction
3417,junction,3,180.66666666666666,105.66666666666667,65.0,722.6666666666666,422.6666666666667,260.0,37.33333333333337,3,1,15959;16344;16345,junction
3418,junction,3,180.66666666666666,124.66666666666667,84.0,722.6666666666666,498.6666666666667,336.0,37.33333333333337,3,1,16043;16346;16347,junction
3419,junction,3,180.66666666666666,127.66666666666667,94.0,722.6666666666666,510.6666666666667,376.0,37.33333333333337,3,1,16003;16348;16349,junction
3420,junction,6,182.5,53.0,75.5,730.0,212.0,302.0,30.0,6,1,15627;15673;15680;15725;16350;16351,junction
3421,junction,9,182.44444444444446,62.22222222222222,102.11111111111111,729.7777777777778,248.88888888888889,408.44444444444446,30.22222222222217,6,1,15410;15685;15733;16352;16353;16354,junction
3422,junction,1,181.0,65.0,103.0,724.0,260.0,412.0,36.0,3,1,15749;16353;16355,junction
3423,junction,2,181.5,94.5,14.5,726.0,378.0,58.0,34.0,4,1,15884;16356;16357;16358,junction
3424,junction,1,181.0,101.0,29.0,724.0,404.0,116.0,36.0,3,1,15891;16359;16360,junction
3425,junction,4,182.0,109.75,132.5,728.0,439.0,530.0,32.0,4,1,15911;15949;16361;16362,junction
3426,junction,3,181.66666666666666,133.66666666666666,133.0,726.6666666666666,534.6666666666666,532.0,33.33333333333337,4,1,16067;16363;16364;16365,junction
3427,junction,1,181.0,142.0,81.0,724.0,568.0,324.0,36.0,3,1,16094;16366;16367,junction
3428,junction,1,181.0,145.0,84.0,724.0,580.0,336.0,36.0,3,1,16098;16368;16369,junction
3429,junction,4,183.0,14.25,94.0,732.0,57.0,376.0,28.0,4,1,15514;15518;15526;16370,junction
3430,junction,5,183.0,14.2,132.0,732.0,56.8,528.0,28.0,4,1,15523;15537;16297;16371,junction
3431,junction,6,182.83333333333334,24.0,25.0,731.3333333333334,96.0,100.0,28.66666666666663,5,1,15382;15394;15499;15545;16372,junction
3432,junction,3,183.0,33.0,34.333333333333336,732.0,132.0,137.33333333333334,28.0,5,1,15383;15396;15588;15618;16373,junction
3433,junction,6,182.83333333333334,33.0,54.166666666666664,731.3333333333334,132.0,216.66666666666666,28.66666666666663,5,1,15389;15571;15587;15643;16374,junction
3434,junction,5,182.8,33.2,73.0,731.2,132.8,292.0,28.799999999999955,5,1,15548;15572;15595;15624;16375,junction
3435,junction,3,183.0,43.0,44.333333333333336,732.0,172.0,177.33333333333334,28.0,5,1,15589;15620;15647;15664;16376,junction
3436,junction,4,183.0,52.25,113.0,732.0,209.0,452.0,28.0,5,1,15407;15409;15683;15690;16377,junction
3437,junction,6,183.0,53.0,35.0,732.0,212.0,140.0,28.0,5,1,15621;15661;15665;15715;16378,junction
3438,junction,8,182.875,62.625,25.625,731.5,250.5,102.5,28.5,6,1,15662;15716;15737;15764;16379;16380,junction
3439,junction,5,182.8,62.2,45.0,731.2,248.8,180.0,28.799999999999955,4,1,15667;15717;15720;16381,junction
3440,junction,6,182.83333333333334,62.0,122.5,731.3333333333334,248.0,490.0,28.66666666666663,5,1,15411;15692;15705;15778;16382,junction
3441,junction,3,182.33333333333334,63.666666666666664,65.33333333333333,729.3333333333334,254.66666666666666,261.3333333333333,30.66666666666663,3,1,15727;15770;16383,junction
3442,junction,6,183.0,63.0,84.0,732.0,252.0,336.0,28.0,5,1,15417;15678;15726;15731;16384,junction
3443,junction,3,182.33333333333334,71.66666666666667,16.666666666666668,729.3333333333334,286.6666666666667,66.66666666666667,30.66666666666663,3,1,15738;15765;16385,junction
3444,junction,5,182.8,72.2,54.2,731.2,288.8,216.8,28.799999999999955,4,1,15427;15722;15771;16386,junction
3445,junction,5,182.8,72.4,93.4,731.2,289.6,373.6,28.799999999999955,5,1,15418;15734;15747;15809;16387,junction
3446,junction,5,182.8,72.2,133.0,731.2,288.8,532.0,28.799999999999955,5,1,15704;15752;15777;16321;16388,junction
3447,junction,3,182.33333333333334,81.33333333333333,24.666666666666668,729.3333333333334,325.3333333333333,98.66666666666667,30.66666666666663,3,1,15768;15820;16389,junction
3448,junction,6,183.0,82.0,142.0,732.0,328.0,568.0,28.0,5,1,15755;15796;15847;16322;16390,junction
3449,junction,7,183.14285714285714,82.42857142857143,44.857142857142854,732.5714285714286,329.7142857142857,179.42857142857142,27.428571428571445,6,1,15429;15432;15444;15804;16391;16392,junction
3450,junction,3,182.33333333333334,90.66666666666667,92.66666666666667,729.3333333333334,362.6666666666667,370.6666666666667,30.66666666666663,3,1,15812;15863;16393,junction
3451,junction,3,182.33333333333334,91.33333333333333,53.666666666666664,729.3333333333334,365.3333333333333,214.66666666666666,30.66666666666663,3,1,15446;15801;16394,junction
3452,junction,6,182.83333333333334,92.16666666666667,132.5,731.3333333333334,368.6666666666667,530.0,28.66666666666663,5,1,15844;15850;15908;16324;16395,junction
3453,junction,3,182.33333333333334,100.33333333333333,43.333333333333336,729.3333333333334,401.3333333333333,173.33333333333334,30.66666666666663,3,1,15443;15892;16396,junction
3454,junction,3,182.33333333333334,100.66666666666667,63.666666666666664,729.3333333333334,402.6666666666667,254.66666666666666,30.66666666666663,3,1,15454;15866;16397,junction
3455,junction,6,183.0,101.16666666666667,162.0,732.0,404.6666666666667,648.0,28.0,5,1,15827;15874;15881;15922;16398,junction
3456,junction,5,183.0,102.0,141.8,732.0,408.0,567.2,28.0,4,1,15851;15910;15953;16399,junction
3457,junction,6,182.83333333333334,102.5,103.83333333333333,731.3333333333334,410.0,415.3333333333333,28.66666666666663,5,1,15458;15836;15903;15942;16400,junction
3458,junction,20,182.95,111.1,11.65,731.8,444.4,46.6,28.200000000000045,12,1,15886;16401;16402;16402;16403;16404;16404;16405;16405;16407;16407;16408,junction
3459,junction,3,182.33333333333334,110.66666666666667,72.66666666666667,729.3333333333334,442.6666666666667,290.6666666666667,30.66666666666663,3,1,15900;15962;16409,junction
3460,junction,7,183.0,111.57142857142857,93.57142857142857,732.0,446.2857142857143,374.2857142857143,28.0,6,1,15460;15939;15943;16000;16348;16410,junction
3461,junction,6,183.0,111.16666666666667,152.0,732.0,444.6666666666667,608.0,28.0,5,1,15875;15919;15954;15969;16411,junction
3462,junction,3,182.33333333333334,122.33333333333333,141.33333333333334,729.3333333333334,489.3333333333333,565.3333333333334,30.66666666666663,3,1,15964;16016;16412,junction
3463,junction,4,183.0,125.75,15.5,732.0,503.0,62.0,28.0,4,1,15981;16413;16414;16415,junction
3464,junction,5,183.0,131.0,151.6,732.0,524.0,606.4,28.0,4,1,15971;16017;16078;16416,junction
3465,junction,3,182.33333333333334,132.66666666666666,95.33333333333333,729.3333333333334,530.6666666666666,381.3333333333333,30.66666666666663,3,1,16049;16072;16417,junction
3466,junction,11,182.72727272727272,141.9090909090909,10.0,730.9090909090909,567.6363636363636,40.0,29.090909090909122,10,1,16418;16418;16419;16419;16420;16421;16421;16422;16423;16424,junction
3467,junction,3,182.33333333333334,159.33333333333334,24.333333333333332,729.3333333333334,637.3333333333334,97.33333333333333,30.66666666666663,3,1,16129;16142;16425,junction
3468,junction,3,182.33333333333334,159.66666666666666,102.66666666666667,729.3333333333334,638.6666666666666,410.6666666666667,30.66666666666663,3,1,16108;16156;16426,junction
3469,junction,3,183.0,168.66666666666666,15.666666666666666,732.0,674.6666666666666,62.666666666666664,28.0,5,1,16143;16427;16428;16429;16430,junction
3470,junction,3,182.33333333333334,169.33333333333334,73.33333333333333,729.3333333333334,677.3333333333334,293.3333333333333,30.66666666666663,3,1,16183;16216;16431,junction
3471,junction,4,183.0,179.75,25.75,732.0,719.0,103.0,28.0,4,1,16205;16258;16432;16433,junction
3472,junction,1,182.0,179.0,46.0,728.0,716.0,184.0,32.0,3,1,16211;16434;16435,junction
3473,junction,3,182.33333333333334,179.66666666666666,63.666666666666664,729.3333333333334,718.6666666666666,254.66666666666666,30.66666666666663,4,1,16217;16436;16437;16438,junction
3474,junction,3,183.33333333333334,14.666666666666666,15.666666666666666,733.3333333333334,58.666666666666664,62.666666666666664,26.66666666666663,3,1,15497;15544;16439,junction
3475,junction,3,183.33333333333334,14.333333333333334,34.333333333333336,733.3333333333334,57.333333333333336,137.33333333333334,26.66666666666663,3,1,15498;15501;16440,junction
3476,junction,4,183.25,14.5,54.0,733.0,58.0,216.0,27.0,4,1,15390;15502;15506;16441,junction
3477,junction,4,183.25,14.25,74.0,733.0,57.0,296.0,27.0,4,1,15508;15513;15549;16442,junction
3478,junction,4,183.25,14.25,113.0,733.0,57.0,452.0,27.0,4,1,15517;15520;15535;16443,junction
3479,junction,2,183.5,13.5,171.5,734.0,54.0,686.0,26.0,4,1,15560;16299;16304;16444,junction
3480,junction,5,183.2,23.0,103.0,732.8,92.0,412.0,27.200000000000045,5,1,15519;15527;15533;15575;16445,junction
3481,junction,5,183.2,23.0,122.0,732.8,92.0,488.0,27.200000000000045,5,1,15524;15536;15541;15584;16446,junction
3482,junction,4,183.25,23.0,142.0,733.0,92.0,568.0,27.0,5,1,15539;15555;15597;16296;16447,junction
3483,junction,3,183.33333333333334,23.0,45.333333333333336,733.3333333333334,92.0,181.33333333333334,26.66666666666663,3,1,15387;15503;16448,junction
3484,junction,3,183.33333333333334,23.666666666666668,64.0,733.3333333333334,94.66666666666667,256.0,26.66666666666663,5,1,15388;15509;15547;15570;16449,junction
3485,junction,3,183.33333333333334,23.666666666666668,83.33333333333333,733.3333333333334,94.66666666666667,333.3333333333333,26.66666666666663,4,1,15530;15550;16450;16451,junction
3486,junction,5,184.4,22.2,181.4,737.6,88.8,725.6,22.399999999999977,5,1,15561;15564;16302;16307;16452,junction
3487,junction,5,184.0,23.2,162.0,736.0,92.8,648.0,24.0,4,1,15556;15559;16308;16453,junction
3488,junction,1,183.0,25.0,44.0,732.0,100.0,176.0,28.0,3,1,15380;16454;16455,junction
3489,junction,9,185.11111111111111,32.0,171.22222222222223,740.4444444444445,128.0,684.8888888888889,19.555555555555543,8,1,15558;15566;15609;16310;16444;16452;16456;16457,junction
3490,junction,4,183.25,33.0,93.0,733.0,132.0,372.0,27.0,5,1,15528;15576;15594;15631;16458,junction
3491,junction,4,183.25,33.0,113.0,733.0,132.0,452.0,27.0,5,1,15404;15534;15577;15585;16459,junction
3492,junction,4,183.25,32.75,133.0,733.0,131.0,532.0,27.0,5,1,15540;15582;15598;15602;16460,junction
3493,junction,5,183.8,33.0,152.0,735.2,132.0,608.0,24.799999999999955,5,1,15599;15635;16311;16461;16462,junction
3494,junction,4,184.0,32.5,189.5,736.0,130.0,758.0,24.0,4,1,15565;16306;16315;16457,junction
3495,junction,1,183.0,34.0,16.0,732.0,136.0,64.0,28.0,3,1,15395;15640;16463,junction
3496,junction,8,184.375,42.625,162.0,737.5,170.5,648.0,22.5,7,1,15610;15636;15649;16312;16464;16465;16466,junction
3497,junction,5,183.2,42.0,181.0,732.8,168.0,724.0,27.200000000000045,5,1,15567;15608;15654;16316;16466,junction
3498,junction,4,183.5,43.0,26.0,734.0,172.0,104.0,26.0,5,1,15397;15619;15642;15659;16467,junction
3499,junction,3,183.33333333333334,42.666666666666664,64.33333333333333,733.3333333333334,170.66666666666666,257.3333333333333,26.66666666666663,4,1,15573;15625;15644;16468,junction
3500,junction,3,183.33333333333334,43.0,83.33333333333333,733.3333333333334,172.0,333.3333333333333,26.66666666666663,5,1,15596;15626;15632;15679;16469,junction
3501,junction,6,184.0,43.166666666666664,103.0,736.0,172.66666666666666,412.0,24.0,6,1,15406;15578;15629;15682;16445;16470,junction
3502,junction,4,183.25,43.0,123.0,733.0,172.0,492.0,27.0,5,1,15405;15583;15605;15689;16471,junction
3503,junction,3,183.33333333333334,42.333333333333336,142.0,733.3333333333334,169.33333333333334,568.0,26.66666666666663,5,1,15600;15603;15637;15694;16472,junction
3504,junction,7,184.57142857142858,53.285714285714285,17.0,738.2857142857143,213.14285714285714,68.0,21.714285714285666,6,1,15641;15660;16473;16474;16475;16476,junction
3505,junction,5,183.2,52.0,152.0,732.8,208.0,608.0,27.200000000000045,5,1,15638;15650;15695;15712;16477,junction
3506,junction,4,183.25,52.0,172.0,733.0,208.0,688.0,27.0,5,1,15613;15651;15655;15740;16478,junction
3507,junction,3,183.33333333333334,53.0,93.33333333333333,733.3333333333334,212.0,373.3333333333333,26.66666666666663,5,1,15633;15681;15686;15730;16479,junction
3508,junction,3,183.33333333333334,52.666666666666664,54.333333333333336,733.3333333333334,210.66666666666666,217.33333333333334,26.66666666666663,4,1,15646;15666;15675;16480,junction
3509,junction,3,183.33333333333334,53.333333333333336,133.33333333333334,733.3333333333334,213.33333333333334,533.3333333333334,26.66666666666663,4,1,15691;15696;15702;16481,junction
3510,junction,1,183.0,57.0,13.0,732.0,228.0,52.0,28.0,3,1,16475;16482;16483,junction
3511,junction,4,183.25,62.0,142.0,733.0,248.0,568.0,27.0,5,1,15697;15703;15709;15753;16484,junction
3512,junction,4,183.25,62.0,162.0,733.0,248.0,648.0,27.0,5,1,15648;15710;15744;15758;16485,junction
3513,junction,6,183.16666666666666,61.833333333333336,181.5,732.6666666666666,247.33333333333334,726.0,27.33333333333337,5,1,15657;15742;15782;16319;16486,junction
3514,junction,1,183.0,62.0,63.0,732.0,248.0,252.0,28.0,3,1,15674;15721;16487,junction
3515,junction,6,183.0,64.5,12.5,732.0,258.0,50.0,28.0,4,1,16483;16488;16489;16490,junction
3516,junction,3,183.0,67.66666666666667,8.666666666666666,732.0,270.6666666666667,34.666666666666664,28.0,2,1,16489;16492,degree_two
3517,junction,4,183.0,69.0,12.0,732.0,276.0,48.0,28.0,4,1,16490;16492;16493;16494,junction
3518,junction,5,184.2,72.0,34.0,736.8,288.0,136.0,23.200000000000045,6,1,15428;15718;15767;15819;16495;16496,junction
3519,junction,1,183.0,71.0,73.0,732.0,284.0,292.0,28.0,3,1,15728;15772;16497,junction
3520,junction,2,183.5,71.5,112.5,734.0,286.0,450.0,26.0,4,1,15413;15748;15788;16498,junction
3521,junction,5,183.2,72.0,152.0,732.8,288.0,608.0,27.200000000000045,5,1,15711;15754;15759;15794;16499,junction
3522,junction,4,183.25,72.0,171.0,733.0,288.0,684.0,27.0,4,1,15760;15785;15816;16501,junction
3523,junction,3,183.33333333333334,72.33333333333333,190.66666666666666,733.3333333333334,289.3333333333333,762.6666666666666,26.66666666666663,3,1,15784;15797;16502,junction
3524,junction,1,183.0,73.0,75.0,732.0,292.0,300.0,28.0,3,1,15421;15439;16503,junction
3525,junction,4,183.0,77.0,12.0,732.0,308.0,48.0,28.0,4,1,16494;16504;16504;16505,junction
3526,junction,1,183.0,81.0,64.0,732.0,324.0,256.0,28.0,3,1,15773;15803;16506,junction
3527,junction,5,184.4,81.6,84.0,737.6,326.4,336.0,22.399999999999977,7,1,15420;15437;15811;15861;16507;16508;16509,junction
3528,junction,4,183.25,82.0,123.25,733.0,328.0,493.0,27.0,5,1,15780;15790;15841;16323;16510,junction
3529,junction,8,183.625,82.875,15.5,734.5,331.5,62.0,25.5,5,1,16505;16511;16512;16513;16514,junction
3530,junction,2,183.5,81.5,102.5,734.0,326.0,410.0,26.0,4,1,15789;15810;16515;16516,junction
3531,junction,5,184.2,82.4,162.2,736.8,329.6,648.8,23.200000000000045,5,1,15762;15817;15823;16517;16518,junction
3532,junction,2,183.5,81.5,181.5,734.0,326.0,726.0,26.0,5,1,15783;15800;15815;15829;16517,junction
3533,junction,1,183.0,83.0,26.0,732.0,332.0,104.0,28.0,3,1,15433;15855;16392,junction
3534,junction,1,183.0,83.0,65.0,732.0,332.0,260.0,28.0,3,1,15438;15868;16519,junction
3535,junction,1,183.0,88.0,10.0,732.0,352.0,40.0,28.0,3,1,16512;16520;16521,junction
3536,junction,9,183.0,90.44444444444444,11.777777777777779,732.0,361.77777777777777,47.111111111111114,28.0,6,1,16357;16513;16520;16521;16523;16523,junction
3537,junction,1,183.0,90.0,34.0,732.0,360.0,136.0,28.0,3,1,15434;15857;16524,junction
3538,junction,1,183.0,91.0,17.0,732.0,364.0,68.0,28.0,3,1,15821;15856;16525,junction
3539,junction,1,183.0,91.0,73.0,732.0,364.0,292.0,28.0,3,1,15436;15870;16526,junction
3540,junction,15,185.86666666666667,91.26666666666667,113.33333333333333,743.4666666666667,365.06666666666666,453.3333333333333,16.533333333333303,10,1,15779;15791;15842;15902;16341;16527;16528;16529;16530;16531,junction
3541,junction,3,183.33333333333334,91.66666666666667,151.66666666666666,733.3333333333334,366.6666666666667,606.6666666666666,26.66666666666663,4,1,15793;15849;15873;16532,junction
3542,junction,3,183.33333333333334,92.33333333333333,172.33333333333334,733.3333333333334,369.3333333333333,689.3333333333334,26.66666666666663,4,1,15824;15830;15878;16533,junction
3543,junction,1,183.0,93.0,95.0,732.0,372.0,380.0,28.0,3,1,15457;15837;16534,junction
3544,junction,1,183.0,94.0,37.0,732.0,376.0,148.0,28.0,3,1,15890;16338;16535,junction
3545,junction,1,183.0,99.0,14.0,732.0,396.0,56.0,28.0,3,1,16536;16537;16538,junction
3546,junction,4,183.75,100.25,25.75,735.0,401.0,103.0,25.0,4,1,15885;16359;16540;16541,junction
3547,junction,2,183.5,100.5,181.5,734.0,402.0,726.0,26.0,4,1,15832;15879;15915;16542,junction
3548,junction,1,183.0,101.0,83.0,732.0,404.0,332.0,28.0,3,1,15864;15898;16543,junction
3549,junction,1,183.0,103.0,66.0,732.0,412.0,264.0,28.0,3,1,16342;16344;16544,junction
3550,junction,1,183.0,103.0,85.0,732.0,412.0,340.0,28.0,3,1,15459;15937;16545,junction
3551,junction,2,183.5,102.5,123.5,734.0,410.0,494.0,26.0,4,1,15843;15909;15947;16546,junction
3552,junction,1,183.0,104.0,10.0,732.0,416.0,40.0,28.0,3,1,16401;16537;16547,junction
3553,junction,1,183.0,104.0,46.0,732.0,416.0,184.0,28.0,3,1,15453;15931;16548,junction
3554,junction,1,183.0,110.0,53.0,732.0,440.0,212.0,28.0,3,1,15451;15933;16549,junction
3555,junction,5,183.2,111.0,172.0,732.8,444.0,688.0,27.200000000000045,5,1,15882;15921;15973;16328;16550,junction
3556,junction,1,183.0,113.0,134.0,732.0,452.0,536.0,28.0,3,1,15956;15963;16551,junction
3557,junction,1,183.0,114.0,37.0,732.0,456.0,148.0,28.0,3,1,15932;15983;16552,junction
3558,junction,1,183.0,114.0,57.0,732.0,456.0,228.0,28.0,3,1,15960;15989;16553,junction
3559,junction,3,183.33333333333334,120.33333333333333,63.333333333333336,733.3333333333334,481.3333333333333,253.33333333333334,26.66666666666663,3,1,15961;15991;16554,junction
3560,junction,1,183.0,120.0,83.0,732.0,480.0,332.0,28.0,3,1,15940;15996;16555,junction
3561,junction,4,183.25,121.0,161.75,733.0,484.0,647.0,27.0,4,1,15920;15968;16021;16556,junction
3562,junction,1,183.0,121.0,102.0,732.0,484.0,408.0,28.0,3,1,15945;16002;16557,junction
3563,junction,1,183.0,123.0,86.0,732.0,492.0,344.0,28.0,3,1,16001;16346;16558,junction
3564,junction,1,183.0,123.0,105.0,732.0,492.0,420.0,28.0,3,1,16013;16051;16559,junction
3565,junction,3,183.33333333333334,124.66666666666667,47.666666666666664,733.3333333333334,498.6666666666667,190.66666666666666,26.66666666666663,3,1,15990;16033;16560,junction
3566,junction,1,183.0,128.0,10.0,732.0,512.0,40.0,28.0,2,1,16414;16562,degree_two
3567,junction,1,183.0,130.0,11.0,732.0,520.0,44.0,28.0,2,1,16413;16562,degree_two
3568,junction,1,183.0,130.0,72.0,732.0,520.0,288.0,28.0,3,1,15997;16039;16564,junction
3569,junction,3,183.33333333333334,130.33333333333334,172.0,733.3333333333334,521.3333333333334,688.0,26.66666666666663,5,1,15977;16022;16053;16082;16565,junction
3570,junction,7,184.71428571428572,131.28571428571428,112.85714285714286,738.8571428571429,525.1428571428571,451.42857142857144,21.14285714285711,6,1,15466;16014;16050;16063;16566;16567,junction
3571,junction,3,183.33333333333334,133.66666666666666,37.666666666666664,733.3333333333334,534.6666666666666,150.66666666666666,26.66666666666663,3,1,16034;16088;16568,junction
3572,junction,4,183.75,133.75,76.75,735.0,535.0,307.0,25.0,4,1,16044;16092;16569;16570,junction
3573,junction,4,183.0,135.75,13.0,732.0,543.0,52.0,28.0,5,1,16420;16571;16571;16573;16574,junction
3574,junction,5,184.2,138.2,16.8,736.8,552.8,67.2,23.200000000000045,5,1,16573;16574;16575;16575;16576,junction
3575,junction,1,183.0,140.0,82.0,732.0,560.0,328.0,28.0,3,1,16046;16366;16577,junction
3576,junction,2,183.5,140.5,144.0,734.0,562.0,576.0,26.0,4,1,16020;16080;16119;16578,junction
3577,junction,4,183.25,141.0,162.0,733.0,564.0,648.0,27.0,5,1,16025;16079;16085;16130;16579,junction
3578,junction,10,185.3,140.4,125.4,741.2,561.6,501.6,18.799999999999955,7,1,15468;16062;16068;16111;16580;16581;16582,junction
3579,junction,1,183.0,142.0,105.0,732.0,568.0,420.0,28.0,3,1,16064;16105;16583,junction
3580,junction,1,183.0,143.0,13.0,732.0,572.0,52.0,28.0,3,1,16422;16423;16584,junction
3581,junction,3,183.33333333333334,143.66666666666666,67.66666666666667,733.3333333333334,574.6666666666666,270.6666666666667,26.66666666666663,3,1,15493;16093;16585,junction
3582,junction,3,183.33333333333334,148.33333333333334,52.333333333333336,733.3333333333334,593.3333333333334,209.33333333333334,26.66666666666663,3,1,15474;15482;16586,junction
3583,junction,1,183.0,149.0,33.0,732.0,596.0,132.0,28.0,3,1,16128;16587;16588,junction
3584,junction,1,183.0,149.0,72.0,732.0,596.0,288.0,28.0,3,1,15490;16095;16589,junction
3585,junction,1,183.0,150.0,154.0,732.0,600.0,616.0,28.0,3,1,16081;16133;16590,junction
3586,junction,3,183.33333333333334,151.33333333333334,171.33333333333334,733.3333333333334,605.3333333333334,685.3333333333334,26.66666666666663,3,1,16131;16135;16591,junction
3587,junction,1,183.0,153.0,77.0,732.0,612.0,308.0,28.0,3,1,16100;16180;16592,junction
3588,junction,1,183.0,154.0,57.0,732.0,616.0,228.0,28.0,3,1,15489;16148;16593,junction
3589,junction,1,183.0,159.0,43.0,732.0,636.0,172.0,28.0,3,1,15483;16178;16594,junction
3590,junction,3,183.33333333333334,160.66666666666666,182.0,733.3333333333334,642.6666666666666,728.0,26.66666666666663,4,1,16136;16199;16329;16596,junction
3591,junction,1,183.0,162.0,86.0,732.0,648.0,344.0,28.0,3,1,16155;16220;16597,junction
3592,junction,2,183.0,163.5,14.5,732.0,654.0,58.0,28.0,4,1,16598;16598;16599;16600,junction
3593,junction,1,183.0,163.0,28.0,732.0,652.0,112.0,28.0,3,1,16176;16202;16601,junction
3594,junction,1,183.0,166.0,14.0,732.0,664.0,56.0,28.0,3,1,16429;16600;16602,junction
3595,junction,1,183.0,168.0,13.0,732.0,672.0,52.0,28.0,2,1,16428;16602,degree_two
3596,junction,1,183.0,168.0,33.0,732.0,672.0,132.0,28.0,3,1,16204;16604;16605,junction
3597,junction,1,183.0,169.0,53.0,732.0,676.0,212.0,28.0,3,1,16151;16210;16606,junction
3598,junction,6,184.83333333333334,170.0,172.83333333333334,739.3333333333334,680.0,691.3333333333334,20.66666666666663,6,1,16138;16195;16197;16198;16607;16608,junction
3599,junction,3,183.33333333333334,170.33333333333334,94.33333333333333,733.3333333333334,681.3333333333334,377.3333333333333,26.66666666666663,3,1,16157;16275;16609,junction
3600,junction,5,183.8,171.0,133.0,735.2,684.0,532.0,24.799999999999955,5,1,16167;16187;16234;16239;16610,junction
3601,junction,3,183.33333333333334,179.66666666666666,181.66666666666666,733.3333333333334,718.6666666666666,726.6666666666666,26.66666666666663,3,1,16200;16250;16608,junction
3602,junction,4,183.25,180.75,105.0,733.0,723.0,420.0,27.0,3,1,16229;16285;16612,junction
3603,junction,1,183.0,182.0,27.0,732.0,728.0,108.0,28.0,3,1,16290;16613;16614,junction
3604,junction,3,184.33333333333334,13.666666666666666,152.66666666666666,737.3333333333334,54.666666666666664,610.6666666666666,22.66666666666663,4,1,15553;16295;16300;16615,junction
3605,junction,1,184.0,101.0,16.0,736.0,404.0,64.0,24.0,3,1,16538;16547;16616,junction
3606,junction,3,185.0,109.66666666666667,34.666666666666664,740.0,438.6666666666667,138.66666666666666,20.0,5,1,15894;15926;15927;16617;16618,junction
3607,junction,2,184.5,118.0,24.0,738.0,472.0,96.0,22.0,4,1,15928;15980;16619;16620,junction
3608,junction,3,185.0,117.66666666666667,42.666666666666664,740.0,470.6666666666667,170.66666666666666,20.0,5,1,15934;15985;16552;16621;16622,junction
3609,junction,1,184.0,121.0,182.0,736.0,484.0,728.0,24.0,3,1,15974;16054;16623,junction
3610,junction,2,184.5,123.5,27.0,738.0,494.0,108.0,22.0,4,1,15984;16029;16415;16621,junction
3611,junction,2,184.5,125.5,67.5,738.0,502.0,270.0,22.0,4,1,15995;16038;16624;16625,junction
3612,junction,2,184.5,129.5,35.0,738.0,518.0,140.0,22.0,4,1,15986;16031;16626;16627,junction
3613,junction,1,184.0,131.0,133.0,736.0,524.0,532.0,24.0,3,1,15966;16363;16628,junction
3614,junction,2,184.5,134.0,57.5,738.0,536.0,230.0,22.0,4,1,15475;16040;16568;16629,junction
3615,junction,1,184.0,139.0,24.0,736.0,556.0,96.0,24.0,3,1,16028;16058;16630,junction
3616,junction,1,184.0,139.0,43.0,736.0,556.0,172.0,24.0,3,1,16036;16090;16631,junction
3617,junction,2,184.5,138.5,60.5,738.0,554.0,242.0,22.0,4,1,15473;16041;16631;16632,junction
3618,junction,3,184.33333333333334,140.66666666666666,181.33333333333334,737.3333333333334,562.6666666666666,725.3333333333334,22.66666666666663,4,1,16056;16083;16330;16633,junction
3619,junction,3,184.33333333333334,143.66666666666666,48.666666666666664,737.3333333333334,574.6666666666666,194.66666666666666,22.66666666666663,4,1,15472;15480;16634;16635,junction
3620,junction,4,185.25,145.5,29.0,741.0,582.0,116.0,19.0,4,1,16089;16126;16636;16637,junction
3621,junction,1,184.0,151.0,132.0,736.0,604.0,528.0,24.0,4,1,16070;16114;16164;16638,junction
3622,junction,1,184.0,153.0,38.0,736.0,612.0,152.0,24.0,3,1,15481;16175;16639,junction
3623,junction,1,184.0,161.0,124.0,736.0,644.0,496.0,24.0,3,1,16115;16232;16640,junction
3624,junction,1,184.0,161.0,143.0,736.0,644.0,572.0,24.0,3,1,16122;16184;16641,junction
3625,junction,1,184.0,161.0,162.0,736.0,644.0,648.0,24.0,3,1,16139;16172;16642,junction
3626,junction,1,184.0,164.0,49.0,736.0,656.0,196.0,24.0,3,1,16149;16208;16643,junction
3627,junction,1,184.0,171.0,113.0,736.0,684.0,452.0,24.0,3,1,16162;16282;16644,junction
3628,junction,3,185.66666666666666,74.66666666666667,53.333333333333336,742.6666666666666,298.6666666666667,213.33333333333334,17.33333333333337,4,1,15802;16386;16508;16645,junction
3629,junction,1,185.0,81.0,25.0,740.0,324.0,100.0,20.0,3,1,16389;16514;16646,junction
3630,junction,4,185.75,82.75,62.0,743.0,331.0,248.0,17.0,4,1,16506;16519;16647;16648,junction
3631,junction,1,185.0,90.0,34.0,740.0,360.0,136.0,20.0,3,1,16524;16649;16650,junction
3632,junction,1,185.0,91.0,54.0,740.0,364.0,216.0,20.0,3,1,16394;16651;16652,junction
3633,junction,4,185.5,92.25,94.0,742.0,369.0,376.0,18.0,4,1,16393;16534;16653;16654,junction
3634,junction,1,185.0,95.0,17.0,740.0,380.0,68.0,20.0,3,1,16356;16358;16655,junction
3635,junction,1,185.0,95.0,37.0,740.0,380.0,148.0,20.0,3,1,16535;16541;16656,junction
3636,junction,1,185.0,95.0,74.0,740.0,380.0,296.0,20.0,3,1,15452;15896;16657,junction
3637,junction,1,185.0,101.0,64.0,740.0,404.0,256.0,20.0,3,1,16396;16397;16658,junction
3638,junction,1,185.0,101.0,83.0,740.0,404.0,332.0,20.0,3,1,16543;16658;16659,junction
3639,junction,1,185.0,103.0,85.0,740.0,412.0,340.0,20.0,3,1,16545;16660;16661,junction
3640,junction,1,185.0,104.0,32.0,740.0,416.0,128.0,20.0,3,1,15925;16360;16662,junction
3641,junction,1,185.0,104.0,69.0,740.0,416.0,276.0,20.0,3,1,16343;16544;16663,junction
3642,junction,1,185.0,105.0,47.0,740.0,420.0,188.0,20.0,3,1,16548;16662;16664,junction
3643,junction,1,185.0,110.0,113.0,740.0,440.0,452.0,20.0,3,1,15905;16011;16665,junction
3644,junction,1,185.0,114.0,75.0,740.0,456.0,300.0,20.0,3,1,15994;16553;16666,junction
3645,junction,6,185.66666666666666,120.33333333333333,124.0,742.6666666666666,481.3333333333333,496.0,17.33333333333337,5,1,15465;15950;15965;16580;16667,junction
3646,junction,5,185.8,121.6,81.4,743.2,486.4,325.6,16.799999999999955,6,1,16554;16555;16668;16669;16670;16671,junction
3647,junction,1,185.0,123.0,86.0,740.0,492.0,344.0,20.0,3,1,16558;16672;16673,junction
3648,junction,1,185.0,123.0,105.0,740.0,492.0,420.0,20.0,3,1,16559;16674;16675,junction
3649,junction,1,185.0,126.0,85.0,740.0,504.0,340.0,20.0,3,1,16347;16368;16673,junction
3650,junction,1,185.0,128.0,51.0,740.0,512.0,204.0,20.0,3,1,16035;16624;16626,junction
3651,junction,1,185.0,130.0,93.0,740.0,520.0,372.0,20.0,3,1,16349;16676;16677,junction
3652,junction,1,185.0,132.0,95.0,740.0,528.0,380.0,20.0,3,1,16417;16677;16678,junction
3653,junction,1,185.0,140.0,82.0,740.0,560.0,328.0,20.0,3,1,16369;16577;16671,junction
3654,junction,2,185.5,142.5,79.5,742.0,570.0,318.0,18.0,4,1,16367;16570;16592;16679,junction
3655,junction,1,185.0,147.0,32.0,740.0,588.0,128.0,20.0,3,1,16588;16637;16680,junction
3656,junction,4,185.75,147.0,70.5,743.0,588.0,282.0,17.0,4,1,16589;16681;16682;16683,junction
3657,junction,2,185.5,149.5,113.5,742.0,598.0,454.0,18.0,5,1,16065;16107;16112;16684;16685,junction
3658,junction,1,185.0,150.0,93.0,740.0,600.0,372.0,20.0,3,1,16075;16686;16687,junction
3659,junction,1,185.0,152.0,96.0,740.0,608.0,384.0,20.0,3,1,16106;16688;16689,junction
3660,junction,1,185.0,153.0,114.0,740.0,612.0,456.0,20.0,3,1,16158;16685;16690,junction
3661,junction,2,185.5,155.5,57.5,742.0,622.0,230.0,18.0,4,1,16593;16691;16692;16693,junction
3662,junction,1,185.0,161.0,107.0,740.0,644.0,428.0,20.0,3,1,16161;16225;16694,junction
3663,junction,1,185.0,163.0,29.0,740.0,652.0,116.0,20.0,3,1,16601;16695;16696,junction
3664,junction,6,185.83333333333334,161.33333333333334,67.33333333333333,743.3333333333334,645.3333333333334,269.3333333333333,16.66666666666663,5,1,15492;16181;16270;16683;16697,junction
3665,junction,1,185.0,164.0,65.0,740.0,656.0,260.0,20.0,3,1,16213;16438;16697,junction
3666,junction,1,185.0,170.0,154.0,740.0,680.0,616.0,20.0,3,1,16185;16193;16698,junction
3667,junction,1,185.0,172.0,19.0,740.0,688.0,76.0,20.0,3,1,16203;16257;16699,junction
3668,junction,3,185.33333333333334,173.66666666666666,37.666666666666664,741.3333333333334,694.6666666666666,150.66666666666666,18.66666666666663,3,1,16209;16289;16700,junction
3669,junction,1,185.0,178.0,43.0,740.0,712.0,172.0,20.0,3,1,16292;16435;16701,junction
3670,junction,1,186.0,24.0,25.0,744.0,96.0,100.0,16.0,3,1,16372;16439;16702,junction
3671,junction,1,186.0,33.0,55.0,744.0,132.0,220.0,16.0,3,1,16374;16441;16703,junction
3672,junction,1,186.0,33.0,93.0,744.0,132.0,372.0,16.0,3,1,16370;16458;16704,junction
3673,junction,1,186.0,33.0,113.0,744.0,132.0,452.0,16.0,3,1,16443;16459;16705,junction
3674,junction,3,186.66666666666666,33.0,33.0,746.6666666666666,132.0,132.0,13.333333333333371,5,1,16373;16440;16463;16702;16706,junction
3675,junction,1,186.0,43.0,64.0,744.0,172.0,256.0,16.0,3,1,16449;16468;16707,junction
3676,junction,1,186.0,43.0,143.0,744.0,172.0,572.0,16.0,3,1,16447;16472;16708,junction
3677,junction,5,186.8,44.8,44.6,747.2,179.2,178.4,12.799999999999955,6,1,16376;16455;16467;16706;16709;16710,junction
3678,junction,1,186.0,44.0,123.0,744.0,176.0,492.0,16.0,3,1,16446;16471;16711,junction
3679,junction,1,186.0,45.0,64.0,744.0,180.0,256.0,16.0,3,1,15672;16707;16712,junction
3680,junction,1,186.0,52.0,113.0,744.0,208.0,452.0,16.0,3,1,16377;16705;16713,junction
3681,junction,4,186.75,51.25,152.5,747.0,205.0,610.0,13.0,5,1,16462;16477;16714;16715;16716,junction
3682,junction,1,186.0,52.0,172.0,744.0,208.0,688.0,16.0,3,1,15656;16478;16716,junction
3683,junction,1,186.0,53.0,132.0,744.0,212.0,528.0,16.0,3,1,16460;16481;16717,junction
3684,junction,1,186.0,54.0,74.0,744.0,216.0,296.0,16.0,3,1,16351;16375;16718,junction
3685,junction,1,186.0,54.0,78.0,744.0,216.0,312.0,16.0,3,1,16350;16442;16719,junction
3686,junction,4,186.5,63.25,64.5,746.0,253.0,258.0,14.0,5,1,16383;16487;16720;16721;16722,junction
3687,junction,1,186.0,62.0,123.0,744.0,248.0,492.0,16.0,3,1,16382;16711;16723,junction
3688,junction,3,186.66666666666666,61.666666666666664,141.33333333333334,746.6666666666666,246.66666666666666,565.3333333333334,13.333333333333371,3,1,16484;16724;16725,junction
3689,junction,1,186.0,62.0,162.0,744.0,248.0,648.0,16.0,3,1,16485;16486;16726,junction
3690,junction,1,186.0,63.0,45.0,744.0,252.0,180.0,16.0,3,1,16379;16381;16721,junction
3691,junction,1,186.0,63.0,84.0,744.0,252.0,336.0,16.0,3,1,16384;16469;16727,junction
3692,junction,1,186.0,63.0,103.0,744.0,252.0,412.0,16.0,3,1,16354;16728;16729,junction
3693,junction,1,186.0,67.0,102.0,744.0,268.0,408.0,16.0,3,1,16355;16729;16730,junction
3694,junction,1,186.0,68.0,18.0,744.0,272.0,72.0,16.0,3,1,16488;16493;16731,junction
3695,junction,1,186.0,71.0,27.0,744.0,284.0,108.0,16.0,3,1,16385;16496;16731,junction
3696,junction,2,186.5,71.5,74.5,746.0,286.0,298.0,14.0,4,1,16497;16503;16732;16733,junction
3697,junction,1,186.0,72.0,113.0,744.0,288.0,452.0,16.0,3,1,16498;16528;16713,junction
3698,junction,1,186.0,72.0,152.0,744.0,288.0,608.0,16.0,3,1,16499;16734;16735,junction
3699,junction,1,186.0,72.0,172.0,744.0,288.0,688.0,16.0,3,1,16501;16502;16735,junction
3700,junction,1,186.0,73.0,49.0,744.0,292.0,196.0,16.0,3,1,15426;16645;16736,junction
3701,junction,1,186.0,73.0,133.0,744.0,292.0,532.0,16.0,3,1,16388;16734;16737,junction
3702,junction,1,186.0,74.0,36.0,744.0,296.0,144.0,16.0,3,1,15431;16495;16736,junction
3703,junction,1,186.0,81.0,58.0,744.0,324.0,232.0,16.0,3,1,16391;16646;16647,junction
3704,junction,5,186.8,80.4,123.0,747.2,321.6,492.0,12.799999999999955,5,1,16390;16510;16723;16738;16739,junction
3705,junction,1,186.0,84.0,103.0,744.0,336.0,412.0,16.0,3,1,15834;16516;16740,junction
3706,junction,1,186.0,90.0,109.0,744.0,360.0,436.0,16.0,3,1,16340;16529;16730,junction
3707,junction,5,186.8,91.0,74.0,747.2,364.0,296.0,12.799999999999955,4,1,15869;16526;16652;16741,junction
3708,junction,1,186.0,92.0,23.0,744.0,368.0,92.0,16.0,3,1,16525;16649;16655,junction
3709,junction,1,186.0,92.0,48.0,744.0,368.0,192.0,16.0,3,1,16339;16651;16656,junction
3710,junction,1,186.0,92.0,152.0,744.0,368.0,608.0,16.0,3,1,15826;16532;16742,junction
3711,junction,1,186.0,92.0,172.0,744.0,368.0,688.0,16.0,3,1,15799;16533;16743,junction
3712,junction,1,186.0,93.0,133.0,744.0,372.0,532.0,16.0,3,1,16395;16742;16744,junction
3713,junction,1,186.0,94.0,78.0,744.0,376.0,312.0,16.0,3,1,15862;16657;16745,junction
3714,junction,7,186.42857142857142,97.85714285714286,103.14285714285714,745.7142857142857,391.42857142857144,412.57142857142856,14.285714285714334,5,1,16400;16746;16747;16748;16749,junction
3715,junction,1,186.0,100.0,24.0,744.0,400.0,96.0,16.0,3,1,16540;16616;16750,junction
3716,junction,1,186.0,100.0,94.0,744.0,400.0,376.0,16.0,3,1,16659;16745;16751,junction
3717,junction,1,186.0,102.0,99.0,744.0,408.0,396.0,16.0,4,1,16747;16751;16752;16753,junction
3718,junction,1,186.0,102.0,142.0,744.0,408.0,568.0,16.0,3,1,16399;16754;16755,junction
3719,junction,1,186.0,102.0,144.0,744.0,408.0,576.0,16.0,3,1,15877;16755;16756,junction
3720,junction,1,186.0,102.0,162.0,744.0,408.0,648.0,16.0,3,1,16398;16542;16757,junction
3721,junction,1,186.0,105.0,83.0,744.0,420.0,332.0,16.0,3,1,16660;16663;16758,junction
3722,junction,1,186.0,105.0,96.0,744.0,420.0,384.0,16.0,3,1,16661;16752;16759,junction
3723,junction,3,186.0,105.33333333333333,102.33333333333333,744.0,421.3333333333333,409.3333333333333,16.0,3,1,16557;16753;16760,junction
3724,junction,1,186.0,106.0,19.0,744.0,424.0,76.0,16.0,3,1,16403;16618;16761,junction
3725,junction,1,186.0,108.0,74.0,744.0,432.0,296.0,16.0,3,1,16345;16758;16762,junction
3726,junction,3,186.0,108.33333333333333,92.66666666666667,744.0,433.3333333333333,370.6666666666667,16.0,4,1,16410;16759;16763;16764,junction
3727,junction,3,186.0,108.33333333333333,106.33333333333333,744.0,433.3333333333333,425.3333333333333,16.0,3,1,15944;16760;16765,junction
3728,junction,4,186.0,110.0,62.0,744.0,440.0,248.0,16.0,4,1,16549;16664;16762;16766,junction
3729,junction,1,186.0,112.0,40.0,744.0,448.0,160.0,16.0,3,1,16617;16767;16768,junction
3730,junction,1,186.0,112.0,78.0,744.0,448.0,312.0,16.0,3,1,15938;16409;16763,junction
3731,junction,1,186.0,112.0,132.0,744.0,448.0,528.0,16.0,3,1,16362;16769;16770,junction
3732,junction,1,186.0,112.0,134.0,744.0,448.0,536.0,16.0,3,1,16551;16770;16771,junction
3733,junction,1,186.0,112.0,152.0,744.0,448.0,608.0,16.0,3,1,16411;16550;16771,junction
3734,junction,1,186.0,113.0,55.0,744.0,452.0,220.0,16.0,3,1,16622;16766;16767,junction
3735,junction,3,186.0,113.33333333333333,89.66666666666667,744.0,453.3333333333333,358.6666666666667,16.0,3,1,16764;16772;16773,junction
3736,junction,1,186.0,115.0,33.0,744.0,460.0,132.0,16.0,3,1,15979;16620;16768,junction
3737,junction,1,186.0,116.0,86.0,744.0,464.0,344.0,16.0,3,1,16666;16772;16774,junction
3738,junction,1,186.0,118.0,19.0,744.0,472.0,76.0,16.0,3,1,16408;16619;16775,junction
3739,junction,1,186.0,118.0,85.0,744.0,472.0,340.0,16.0,3,1,16668;16672;16774,junction
3740,junction,3,186.0,119.66666666666667,107.33333333333333,744.0,478.6666666666667,429.3333333333333,16.0,3,1,16566;16674;16765,junction
3741,junction,1,186.0,120.0,90.0,744.0,480.0,360.0,16.0,3,1,16073;16773;16776,junction
3742,junction,1,186.0,121.0,141.0,744.0,484.0,564.0,16.0,3,1,15970;16412;16777,junction
3743,junction,1,186.0,121.0,164.0,744.0,484.0,656.0,16.0,3,1,15976;16623;16778,junction
3744,junction,1,186.0,122.0,161.0,744.0,488.0,644.0,16.0,3,1,16556;16778;16779,junction
3745,junction,1,186.0,123.0,76.0,744.0,492.0,304.0,16.0,3,1,16560;16625;16669,junction
3746,junction,1,186.0,123.0,92.0,744.0,492.0,368.0,16.0,3,1,16045;16676;16776,junction
3747,junction,3,186.0,129.33333333333334,74.66666666666667,744.0,517.3333333333334,298.6666666666667,16.0,4,1,16564;16569;16670;16780,junction
3748,junction,1,186.0,129.0,129.0,744.0,516.0,516.0,16.0,3,1,15467;16781;16782,junction
3749,junction,1,186.0,131.0,25.0,744.0,524.0,100.0,16.0,3,1,16030;16627;16783,junction
3750,junction,1,186.0,131.0,133.0,744.0,524.0,532.0,16.0,3,1,16365;16628;16784,junction
3751,junction,2,186.5,131.5,136.5,746.0,526.0,546.0,14.0,4,1,16019;16785;16786;16787,junction
3752,junction,1,186.0,131.0,152.0,744.0,524.0,608.0,16.0,3,1,16416;16786;16788,junction
3753,junction,1,186.0,131.0,154.0,744.0,524.0,616.0,16.0,3,1,16024;16565;16788,junction
3754,junction,1,186.0,133.0,72.0,744.0,532.0,288.0,16.0,3,1,15992;16780;16789,junction
3755,junction,3,186.66666666666666,135.33333333333334,131.33333333333334,746.6666666666666,541.3333333333334,525.3333333333334,13.333333333333371,3,1,16121;16364;16782,junction
3756,junction,2,186.0,137.5,65.5,744.0,550.0,262.0,16.0,4,1,16629;16632;16790;16791,junction
3757,junction,1,186.0,137.0,69.0,744.0,548.0,276.0,16.0,3,1,16789;16790;16792,junction
3758,junction,1,186.0,137.0,111.0,744.0,548.0,444.0,16.0,3,1,16567;16583;16684,junction
3759,junction,1,186.0,138.0,25.0,744.0,552.0,100.0,16.0,3,1,16057;16630;16793,junction
3760,junction,1,186.0,139.0,103.0,744.0,556.0,412.0,16.0,3,1,16074;16675;16794,junction
3761,junction,3,186.0,140.33333333333334,64.66666666666667,744.0,561.3333333333334,258.6666666666667,16.0,3,1,16150;16791;16795,junction
3762,junction,1,186.0,141.0,39.0,744.0,564.0,156.0,16.0,3,1,16793;16796;16797,junction
3763,junction,1,186.0,141.0,144.0,744.0,564.0,576.0,16.0,4,1,16578;16798;16799;16800,junction
3764,junction,1,186.0,142.0,160.0,744.0,568.0,640.0,16.0,3,1,16579;16633;16801,junction
3765,junction,1,186.0,143.0,44.0,744.0,572.0,176.0,16.0,3,1,16634;16680;16797,junction
3766,junction,1,186.0,144.0,70.0,744.0,576.0,280.0,16.0,3,1,16585;16681;16792,junction
3767,junction,1,186.0,145.0,59.0,744.0,580.0,236.0,16.0,3,1,16635;16795;16802,junction
3768,junction,4,186.0,146.0,93.25,744.0,584.0,373.0,16.0,4,1,16099;16678;16686;16688,junction
3769,junction,3,186.0,148.33333333333334,55.666666666666664,744.0,593.3333333333334,222.66666666666666,16.0,4,1,16586;16691;16802;16803,junction
3770,junction,1,186.0,150.0,52.0,744.0,600.0,208.0,16.0,3,1,16059;16803;16804,junction
3771,junction,1,186.0,150.0,104.0,744.0,600.0,416.0,16.0,3,1,16426;16794;16805,junction
3772,junction,6,186.83333333333334,151.33333333333334,154.83333333333334,747.3333333333334,605.3333333333334,619.3333333333334,12.666666666666629,7,1,16170;16331;16590;16806;16807;16808;16809,junction
3773,junction,1,186.0,151.0,131.0,744.0,604.0,524.0,16.0,3,1,16582;16610;16638,junction
3774,junction,1,186.0,152.0,92.0,744.0,608.0,368.0,16.0,3,1,16154;16597;16687,junction
3775,junction,1,186.0,152.0,170.0,744.0,608.0,680.0,16.0,3,1,16332;16591;16807,junction
3776,junction,1,186.0,155.0,21.0,744.0,620.0,84.0,16.0,3,1,16127;16141;16810,junction
3777,junction,1,186.0,155.0,47.0,744.0,620.0,188.0,16.0,3,1,16639;16804;16811,junction
3778,junction,1,186.0,156.0,74.0,744.0,624.0,296.0,16.0,3,1,16431;16682;16812,junction
3779,junction,1,186.0,156.0,106.0,744.0,624.0,424.0,16.0,3,1,16612;16694;16805,junction
3780,junction,1,186.0,157.0,45.0,744.0,628.0,180.0,16.0,3,1,16811;16813;16814,junction
3781,junction,1,186.0,158.0,25.0,744.0,632.0,100.0,16.0,3,1,16425;16810;16815,junction
3782,junction,1,186.0,158.0,42.0,744.0,632.0,168.0,16.0,3,1,16594;16813;16815,junction
3783,junction,2,186.5,159.5,82.5,746.0,638.0,330.0,14.0,5,1,16101;16182;16223;16271;16679,junction
3784,junction,1,186.0,160.0,96.0,744.0,640.0,384.0,16.0,3,1,16278;16689;16816,junction
3785,junction,1,186.0,161.0,127.0,744.0,644.0,508.0,16.0,3,1,16168;16240;16817,junction
3786,junction,1,186.0,161.0,143.0,744.0,644.0,572.0,16.0,3,1,16236;16641;16818,junction
3787,junction,2,186.5,160.5,161.5,746.0,642.0,646.0,14.0,4,1,16246;16642;16809;16819,junction
3788,junction,3,186.0,162.33333333333334,53.666666666666664,744.0,649.3333333333334,214.66666666666666,16.0,3,1,16606;16643;16692,junction
3789,junction,1,186.0,162.0,76.0,744.0,648.0,304.0,16.0,3,1,16221;16269;16812,junction
3790,junction,1,186.0,164.0,26.0,744.0,656.0,104.0,16.0,3,1,16427;16599;16695,junction
3791,junction,1,186.0,175.0,58.0,744.0,700.0,232.0,16.0,3,1,16214;16263;16693,junction
3792,junction,4,186.75,178.0,27.25,747.0,712.0,109.0,13.0,4,1,16432;16433;16614;16820,junction
3793,junction,1,186.0,178.0,47.0,744.0,712.0,188.0,16.0,4,1,16264;16434;16821;16822,junction
3794,junction,1,186.0,180.0,123.0,744.0,720.0,492.0,16.0,3,1,16283;16823;16824,junction
3795,junction,1,187.0,40.0,163.0,748.0,160.0,652.0,12.0,3,1,16453;16456;16465,junction
3796,junction,3,187.0,47.666666666666664,50.666666666666664,748.0,190.66666666666666,202.66666666666666,12.0,3,1,16448;16710;16825,junction
3797,junction,1,187.0,47.0,156.0,748.0,188.0,624.0,12.0,3,1,16464;16615;16715,junction
3798,junction,1,187.0,51.0,36.0,748.0,204.0,144.0,12.0,3,1,16378;16476;16709,junction
3799,junction,2,187.0,51.5,54.5,748.0,206.0,218.0,12.0,4,1,16480;16703;16825;16826,junction
3800,junction,1,187.0,55.0,58.0,748.0,220.0,232.0,12.0,3,1,15719;16720;16826,junction
3801,junction,1,187.0,57.0,102.0,748.0,228.0,408.0,12.0,3,1,16470;16704;16728,junction
3802,junction,1,187.0,57.0,147.0,748.0,228.0,588.0,12.0,3,1,16714;16726;16827,junction
3803,junction,3,187.0,58.666666666666664,143.33333333333334,748.0,234.66666666666666,573.3333333333334,12.0,3,1,16708;16724;16827,junction
3804,junction,4,187.0,68.25,72.75,748.0,273.0,291.0,12.0,4,1,16712;16718;16722;16732,junction
3805,junction,3,187.0,69.66666666666667,132.33333333333334,748.0,278.6666666666667,529.3333333333334,12.0,3,1,16717;16725;16828,junction
3806,junction,1,187.0,70.0,85.0,748.0,280.0,340.0,12.0,3,1,16451;16727;16829,junction
3807,junction,1,187.0,72.0,130.0,748.0,288.0,520.0,12.0,3,1,16371;16828;16830,junction
3808,junction,3,187.0,73.66666666666667,77.66666666666667,748.0,294.6666666666667,310.6666666666667,12.0,3,1,16719;16733;16831,junction
3809,junction,3,187.0,74.66666666666667,129.33333333333334,748.0,298.6666666666667,517.3333333333334,12.0,3,1,16737;16738;16830,junction
3810,junction,1,187.0,78.0,82.0,748.0,312.0,328.0,12.0,3,1,16507;16829;16831,junction
3811,junction,1,187.0,83.0,147.0,748.0,332.0,588.0,12.0,3,1,16518;16743;16832,junction
3812,junction,1,187.0,84.0,86.0,748.0,336.0,344.0,12.0,3,1,16509;16833;16834,junction
3813,junction,3,187.0,84.66666666666667,120.33333333333333,748.0,338.6666666666667,481.3333333333333,12.0,3,1,16527;16739;16832,junction
3814,junction,1,187.0,85.0,64.0,748.0,340.0,256.0,12.0,3,1,16648;16650;16833,junction
3815,junction,3,187.0,86.33333333333333,88.66666666666667,748.0,345.3333333333333,354.6666666666667,12.0,4,1,16479;16653;16741;16834,junction
3816,junction,1,187.0,86.0,102.0,748.0,344.0,408.0,12.0,3,1,16352;16740;16748,junction
3817,junction,3,187.0,93.66666666666667,97.66666666666667,748.0,374.6666666666667,390.6666666666667,12.0,3,1,16387;16654;16746,junction
3818,junction,1,187.0,94.0,120.0,748.0,376.0,480.0,12.0,3,1,16531;16744;16754,junction
3819,junction,1,187.0,97.0,107.0,748.0,388.0,428.0,12.0,3,1,16530;16749;16835,junction
3820,junction,1,187.0,102.0,112.0,748.0,408.0,448.0,12.0,3,1,15904;16835;16836,junction
3821,junction,1,187.0,103.0,157.0,748.0,412.0,628.0,12.0,3,1,16004;16756;16757,junction
3822,junction,1,187.0,104.0,114.0,748.0,416.0,456.0,12.0,4,1,16546;16665;16836;16837,junction
3823,junction,1,187.0,110.0,120.0,748.0,440.0,480.0,12.0,3,1,16361;16837;16838,junction
3824,junction,4,187.0,112.75,121.5,748.0,451.0,486.0,12.0,4,1,16012;16769;16838;16839,junction
3825,junction,1,187.0,117.0,125.0,748.0,468.0,500.0,12.0,3,1,16667;16839;16840,junction
3826,junction,3,187.0,121.33333333333333,128.33333333333334,748.0,485.3333333333333,513.3333333333334,12.0,3,1,16777;16840;16841,junction
3827,junction,6,187.0,126.33333333333333,132.5,748.0,505.3333333333333,530.0,12.0,5,1,16779;16781;16784;16785;16841,junction
3828,junction,1,187.0,136.0,141.0,748.0,544.0,564.0,12.0,3,1,16069;16787;16798,junction
3829,junction,1,187.0,141.0,26.0,748.0,564.0,104.0,12.0,3,1,16576;16796;16842,junction
3830,junction,1,187.0,143.0,147.0,748.0,572.0,588.0,12.0,3,1,16799;16801;16843,junction
3831,junction,1,187.0,145.0,142.0,748.0,580.0,568.0,12.0,3,1,16165;16800;16818,junction
3832,junction,3,187.0,145.33333333333334,149.33333333333334,748.0,581.3333333333334,597.3333333333334,12.0,3,1,16806;16843;16844,junction
3833,junction,1,187.0,146.0,19.0,748.0,584.0,76.0,12.0,3,1,16424;16584;16636,junction
3834,junction,1,187.0,146.0,125.0,748.0,584.0,500.0,12.0,3,1,16581;16817;16845,junction
3835,junction,1,187.0,150.0,123.0,748.0,600.0,492.0,12.0,3,1,16160;16640;16845,junction
3836,junction,1,187.0,150.0,150.0,748.0,600.0,600.0,12.0,3,1,16120;16171;16844,junction
3837,junction,1,187.0,159.0,153.0,748.0,636.0,612.0,12.0,3,1,16245;16698;16808,junction
3838,junction,6,187.0,160.83333333333334,43.666666666666664,748.0,643.3333333333334,174.66666666666666,12.0,4,1,16696;16814;16846;16847,junction
3839,junction,2,187.0,160.5,115.5,748.0,642.0,462.0,12.0,4,1,16233;16690;16823;16848,junction
3840,junction,1,187.0,162.0,164.0,748.0,648.0,656.0,12.0,3,1,16596;16607;16819,junction
3841,junction,1,187.0,164.0,46.0,748.0,656.0,184.0,12.0,3,1,16701;16821;16846,junction
3842,junction,4,187.0,166.0,92.0,748.0,664.0,368.0,12.0,4,1,16222;16276;16609;16816,junction
3843,junction,1,187.0,167.0,38.0,748.0,668.0,152.0,12.0,3,1,16605;16847;16849,junction
3844,junction,1,187.0,169.0,37.0,748.0,676.0,148.0,12.0,3,1,16700;16849;16850,junction
3845,junction,1,187.0,169.0,112.0,748.0,676.0,448.0,12.0,3,1,16226;16644;16848,junction
3846,junction,3,187.0,171.66666666666666,31.333333333333332,748.0,686.6666666666666,125.33333333333333,12.0,3,1,16430;16850;16851,junction
3847,junction,1,187.0,174.0,29.0,748.0,696.0,116.0,12.0,3,1,16699;16820;16851,junction
3848,junction,1,188.0,142.0,14.0,752.0,568.0,56.0,8.0,3,1,16842;16852;16852,junction
3849,junction,1,190.0,101.0,11.0,760.0,404.0,44.0,0.0,2,1,16750;16761,degree_two
3850,terminal_or_isolated,1,4.0,70.0,173.0,16.0,280.0,692.0,16.0,1,1,440,terminal
3851,terminal_or_isolated,1,9.0,10.0,148.0,36.0,40.0,592.0,36.0,0,0,,inactive
3852,terminal_or_isolated,1,9.0,189.0,17.0,36.0,756.0,68.0,36.0,1,1,2078,terminal
3853,terminal_or_isolated,1,9.0,189.0,36.0,36.0,756.0,144.0,36.0,1,1,2083,terminal
3854,terminal_or_isolated,1,10.0,187.0,134.0,40.0,748.0,536.0,40.0,1,1,2071,terminal
3855,terminal_or_isolated,1,10.0,187.0,153.0,40.0,748.0,612.0,40.0,1,1,2102,terminal
3856,terminal_or_isolated,1,10.0,188.0,75.0,40.0,752.0,300.0,40.0,1,1,2115,terminal
3857,terminal_or_isolated,1,10.0,188.0,114.0,40.0,752.0,456.0,40.0,1,1,2064,terminal
3858,terminal_or_isolated,1,10.0,188.0,173.0,40.0,752.0,692.0,40.0,1,1,2058,terminal
3859,terminal_or_isolated,1,11.0,186.0,192.0,44.0,744.0,768.0,44.0,1,1,2110,terminal
3860,terminal_or_isolated,1,12.0,114.0,192.0,48.0,456.0,768.0,48.0,1,1,1030,terminal
3861,terminal_or_isolated,1,13.0,13.0,29.0,52.0,52.0,116.0,52.0,1,1,4,terminal
3862,terminal_or_isolated,1,13.0,20.0,16.0,52.0,80.0,64.0,52.0,1,1,1322,terminal
3863,terminal_or_isolated,1,13.0,187.0,66.0,52.0,748.0,264.0,52.0,1,1,949,terminal
3864,terminal_or_isolated,1,14.0,186.0,182.0,56.0,744.0,728.0,56.0,1,1,936,terminal
3865,terminal_or_isolated,1,14.0,187.0,85.0,56.0,748.0,340.0,56.0,1,1,938,terminal
3866,terminal_or_isolated,1,14.0,187.0,144.0,56.0,748.0,576.0,56.0,1,1,1106,terminal
3867,terminal_or_isolated,1,14.0,188.0,26.0,56.0,752.0,104.0,56.0,1,1,1102,terminal
3868,terminal_or_isolated,1,14.0,188.0,46.0,56.0,752.0,184.0,56.0,1,1,948,terminal
3869,terminal_or_isolated,1,15.0,122.0,100.0,60.0,488.0,400.0,60.0,0,0,,inactive
3870,terminal_or_isolated,1,15.0,187.0,163.0,60.0,748.0,652.0,60.0,1,1,932,terminal
3871,terminal_or_isolated,1,15.0,188.0,104.0,60.0,752.0,416.0,60.0,1,1,1107,terminal
3872,terminal_or_isolated,1,15.0,188.0,124.0,60.0,752.0,496.0,60.0,1,1,944,terminal
3873,terminal_or_isolated,1,17.0,20.0,155.0,68.0,80.0,620.0,68.0,0,0,,inactive
3874,terminal_or_isolated,1,17.0,26.0,136.0,68.0,104.0,544.0,68.0,0,0,,inactive
3875,terminal_or_isolated,1,17.0,28.0,128.0,68.0,112.0,512.0,68.0,1,1,1318,terminal
3876,terminal_or_isolated,1,17.0,29.0,138.0,68.0,116.0,552.0,68.0,1,1,1361,terminal
3877,terminal_or_isolated,1,17.0,47.0,117.0,68.0,188.0,468.0,68.0,1,1,1441,terminal
3878,terminal_or_isolated,1,17.0,70.0,120.0,68.0,280.0,480.0,68.0,0,0,,inactive
3879,terminal_or_isolated,1,17.0,77.0,89.0,68.0,308.0,356.0,68.0,1,1,1540,terminal
3880,terminal_or_isolated,1,17.0,87.0,99.0,68.0,348.0,396.0,68.0,1,1,1659,terminal
3881,terminal_or_isolated,1,17.0,138.0,111.0,68.0,552.0,444.0,68.0,0,0,,inactive
3882,terminal_or_isolated,1,17.0,187.0,30.0,68.0,748.0,120.0,64.0,1,1,2084,terminal
3883,terminal_or_isolated,1,17.0,187.0,62.0,68.0,748.0,248.0,64.0,1,1,2090,terminal
3884,terminal_or_isolated,1,17.0,187.0,88.0,68.0,748.0,352.0,64.0,1,1,2096,terminal
3885,terminal_or_isolated,1,17.0,187.0,101.0,68.0,748.0,404.0,64.0,1,1,2097,terminal
3886,terminal_or_isolated,1,17.0,188.0,23.0,68.0,752.0,92.0,60.0,1,1,2079,terminal
3887,terminal_or_isolated,1,17.0,188.0,43.0,68.0,752.0,172.0,60.0,1,1,2085,terminal
3888,terminal_or_isolated,1,17.0,188.0,68.0,68.0,752.0,272.0,60.0,1,1,2116,terminal
3889,terminal_or_isolated,1,17.0,188.0,82.0,68.0,752.0,328.0,60.0,1,1,2117,terminal
3890,terminal_or_isolated,1,17.0,188.0,107.0,68.0,752.0,428.0,60.0,1,1,2066,terminal
3891,terminal_or_isolated,1,17.0,188.0,122.0,68.0,752.0,488.0,60.0,1,1,2065,terminal
3892,terminal_or_isolated,1,17.0,188.0,126.0,68.0,752.0,504.0,60.0,1,1,2072,terminal
3893,terminal_or_isolated,1,17.0,188.0,146.0,68.0,752.0,584.0,60.0,1,1,2104,terminal
3894,terminal_or_isolated,1,17.0,189.0,48.0,68.0,756.0,192.0,56.0,1,1,2092,terminal
3895,terminal_or_isolated,1,18.0,16.0,185.0,72.0,64.0,740.0,64.0,0,0,,inactive
3896,terminal_or_isolated,1,18.0,17.0,177.0,72.0,68.0,708.0,68.0,1,1,1278,terminal
3897,terminal_or_isolated,1,18.0,26.0,187.0,72.0,104.0,748.0,72.0,1,1,1367,terminal
3898,terminal_or_isolated,1,18.0,38.0,156.0,72.0,152.0,624.0,72.0,1,1,1332,terminal
3899,terminal_or_isolated,1,18.0,67.0,128.0,72.0,268.0,512.0,72.0,1,1,1508,terminal
3900,terminal_or_isolated,1,18.0,67.0,137.0,72.0,268.0,548.0,72.0,1,1,1552,terminal
3901,terminal_or_isolated,1,18.0,67.0,147.0,72.0,268.0,588.0,72.0,1,1,1517,terminal
3902,terminal_or_isolated,1,18.0,87.0,166.0,72.0,348.0,664.0,72.0,1,1,1639,terminal
3903,terminal_or_isolated,1,18.0,117.0,149.0,72.0,468.0,596.0,72.0,1,1,1788,terminal
3904,terminal_or_isolated,1,18.0,163.0,131.0,72.0,652.0,524.0,72.0,0,0,,inactive
3905,terminal_or_isolated,1,18.0,164.0,157.0,72.0,656.0,628.0,72.0,1,1,1963,terminal
3906,terminal_or_isolated,1,18.0,185.0,158.0,72.0,740.0,632.0,72.0,1,1,2105,terminal
3907,terminal_or_isolated,1,18.0,186.0,139.0,72.0,744.0,556.0,68.0,1,1,2073,terminal
3908,terminal_or_isolated,1,18.0,186.0,186.0,72.0,744.0,744.0,68.0,1,1,2111,terminal
3909,terminal_or_isolated,1,18.0,187.0,166.0,72.0,748.0,664.0,64.0,1,1,2060,terminal
3910,terminal_or_isolated,1,19.0,189.0,26.0,76.0,756.0,104.0,56.0,1,1,3022,terminal
3911,terminal_or_isolated,1,20.0,20.0,15.0,80.0,80.0,60.0,60.0,1,1,3041,terminal
3912,terminal_or_isolated,1,20.0,184.0,17.0,80.0,736.0,68.0,68.0,0,0,,inactive
3913,terminal_or_isolated,1,20.0,187.0,163.0,80.0,748.0,652.0,64.0,1,1,3008,terminal
3914,terminal_or_isolated,1,20.0,188.0,65.0,80.0,752.0,260.0,60.0,1,1,2245,terminal
3915,terminal_or_isolated,1,20.0,188.0,85.0,80.0,752.0,340.0,60.0,1,1,3034,terminal
3916,terminal_or_isolated,1,20.0,188.0,104.0,80.0,752.0,416.0,60.0,1,1,2988,terminal
3917,terminal_or_isolated,1,20.0,188.0,124.0,80.0,752.0,496.0,60.0,1,1,2994,terminal
3918,terminal_or_isolated,1,20.0,188.0,143.0,80.0,752.0,572.0,60.0,1,1,3001,terminal
3919,terminal_or_isolated,1,21.0,46.0,172.0,84.0,184.0,688.0,84.0,0,0,,inactive
3920,terminal_or_isolated,1,21.0,84.0,191.0,84.0,336.0,764.0,72.0,1,1,1577,terminal
3921,terminal_or_isolated,1,21.0,98.0,75.0,84.0,392.0,300.0,84.0,1,1,1696,terminal
3922,terminal_or_isolated,1,22.0,28.0,55.0,88.0,112.0,220.0,88.0,1,1,1299,terminal
3923,terminal_or_isolated,1,22.0,58.0,172.0,88.0,232.0,688.0,88.0,1,1,1525,terminal
3924,terminal_or_isolated,1,22.0,132.0,38.0,88.0,528.0,152.0,88.0,0,0,,inactive
3925,terminal_or_isolated,1,22.0,136.0,192.0,88.0,544.0,768.0,68.0,1,1,1876,terminal
3926,terminal_or_isolated,1,22.0,186.0,182.0,88.0,744.0,728.0,68.0,1,1,3016,terminal
3927,terminal_or_isolated,1,23.0,12.0,156.0,92.0,48.0,624.0,48.0,1,1,1275,terminal
3928,terminal_or_isolated,1,23.0,23.0,49.0,92.0,92.0,196.0,92.0,1,1,1298,terminal
3929,terminal_or_isolated,1,23.0,37.0,181.0,92.0,148.0,724.0,92.0,1,1,1372,terminal
3930,terminal_or_isolated,1,23.0,41.0,185.0,92.0,164.0,740.0,92.0,1,1,1422,terminal
3931,terminal_or_isolated,1,23.0,43.0,49.0,92.0,172.0,196.0,92.0,1,1,1419,terminal
3932,terminal_or_isolated,1,23.0,126.0,192.0,92.0,504.0,768.0,68.0,1,1,3055,terminal
3933,terminal_or_isolated,1,23.0,187.0,56.0,92.0,748.0,224.0,64.0,1,1,2095,terminal
3934,terminal_or_isolated,1,24.0,13.0,116.0,96.0,52.0,464.0,52.0,1,1,1272,terminal
3935,terminal_or_isolated,1,24.0,29.0,191.0,96.0,116.0,764.0,72.0,1,1,3044,terminal
3936,terminal_or_isolated,1,24.0,129.0,149.0,96.0,516.0,596.0,96.0,1,1,1854,terminal
3937,terminal_or_isolated,1,24.0,187.0,114.0,96.0,748.0,456.0,64.0,1,1,2067,terminal
3938,terminal_or_isolated,1,24.0,188.0,36.0,96.0,752.0,144.0,60.0,1,1,2088,terminal
3939,terminal_or_isolated,1,24.0,188.0,75.0,96.0,752.0,300.0,60.0,1,1,2118,terminal
3940,terminal_or_isolated,1,24.0,188.0,95.0,96.0,752.0,380.0,60.0,1,1,2101,terminal
3941,terminal_or_isolated,1,25.0,188.0,134.0,100.0,752.0,536.0,60.0,1,1,2074,terminal
3942,terminal_or_isolated,1,25.0,188.0,153.0,100.0,752.0,612.0,60.0,1,1,2108,terminal
3943,terminal_or_isolated,1,25.0,188.0,173.0,100.0,752.0,692.0,60.0,1,1,2059,terminal
3944,terminal_or_isolated,1,25.0,188.0,192.0,100.0,752.0,768.0,60.0,1,1,2113,terminal
3945,terminal_or_isolated,1,27.0,15.0,189.0,108.0,60.0,756.0,60.0,0,0,,inactive
3946,terminal_or_isolated,1,27.0,17.0,176.0,108.0,68.0,704.0,68.0,1,1,2269,terminal
3947,terminal_or_isolated,1,27.0,18.0,20.0,108.0,72.0,80.0,72.0,1,1,3042,terminal
3948,terminal_or_isolated,1,27.0,27.0,177.0,108.0,108.0,708.0,108.0,1,1,2302,terminal
3949,terminal_or_isolated,1,27.0,39.0,146.0,108.0,156.0,584.0,108.0,0,0,,inactive
3950,terminal_or_isolated,1,27.0,40.0,22.0,108.0,160.0,88.0,88.0,0,0,,inactive
3951,terminal_or_isolated,1,27.0,46.0,100.0,108.0,184.0,400.0,108.0,1,1,2388,terminal
3952,terminal_or_isolated,1,27.0,48.0,79.0,108.0,192.0,316.0,108.0,1,1,2373,terminal
3953,terminal_or_isolated,1,27.0,48.0,148.0,108.0,192.0,592.0,108.0,1,1,2359,terminal
3954,terminal_or_isolated,1,27.0,49.0,98.0,108.0,196.0,392.0,108.0,1,1,2416,terminal
3955,terminal_or_isolated,1,27.0,51.0,77.0,108.0,204.0,308.0,108.0,0,0,,inactive
3956,terminal_or_isolated,1,27.0,59.0,88.0,108.0,236.0,352.0,108.0,0,0,,inactive
3957,terminal_or_isolated,1,27.0,59.0,120.0,108.0,236.0,480.0,108.0,0,0,,inactive
3958,terminal_or_isolated,1,27.0,66.0,62.0,108.0,264.0,248.0,108.0,0,0,,inactive
3959,terminal_or_isolated,1,27.0,66.0,87.0,108.0,264.0,348.0,108.0,0,0,,inactive
3960,terminal_or_isolated,1,27.0,68.0,98.0,108.0,272.0,392.0,108.0,1,1,2427,terminal
3961,terminal_or_isolated,1,27.0,69.0,90.0,108.0,276.0,360.0,108.0,0,0,,inactive
3962,terminal_or_isolated,1,27.0,70.0,116.0,108.0,280.0,464.0,108.0,0,0,,inactive
3963,terminal_or_isolated,1,27.0,70.0,135.0,108.0,280.0,540.0,108.0,0,0,,inactive
3964,terminal_or_isolated,1,27.0,75.0,96.0,108.0,300.0,384.0,108.0,0,0,,inactive
3965,terminal_or_isolated,1,27.0,76.0,149.0,108.0,304.0,596.0,108.0,1,1,2497,terminal
3966,terminal_or_isolated,1,27.0,77.0,129.0,108.0,308.0,516.0,108.0,1,1,2557,terminal
3967,terminal_or_isolated,1,27.0,78.0,89.0,108.0,312.0,356.0,108.0,1,1,2544,terminal
3968,terminal_or_isolated,1,27.0,79.0,159.0,108.0,316.0,636.0,108.0,0,0,,inactive
3969,terminal_or_isolated,1,27.0,80.0,101.0,108.0,320.0,404.0,108.0,0,0,,inactive
3970,terminal_or_isolated,1,27.0,85.0,146.0,108.0,340.0,584.0,108.0,0,0,,inactive
3971,terminal_or_isolated,1,27.0,86.0,107.0,108.0,344.0,428.0,108.0,1,1,2551,terminal
3972,terminal_or_isolated,1,27.0,86.0,177.0,108.0,344.0,708.0,108.0,1,1,2522,terminal
3973,terminal_or_isolated,1,27.0,87.0,157.0,108.0,348.0,628.0,108.0,1,1,2601,terminal
3974,terminal_or_isolated,1,27.0,89.0,110.0,108.0,356.0,440.0,108.0,0,0,,inactive
3975,terminal_or_isolated,1,27.0,89.0,136.0,108.0,356.0,544.0,108.0,0,0,,inactive
3976,terminal_or_isolated,1,27.0,89.0,149.0,108.0,356.0,596.0,108.0,0,0,,inactive
3977,terminal_or_isolated,1,27.0,97.0,50.0,108.0,388.0,200.0,108.0,1,1,2203,terminal
3978,terminal_or_isolated,1,27.0,104.0,160.0,108.0,416.0,640.0,108.0,0,0,,inactive
3979,terminal_or_isolated,1,27.0,105.0,120.0,108.0,420.0,480.0,108.0,1,1,2656,terminal
3980,terminal_or_isolated,1,27.0,106.0,128.0,108.0,424.0,512.0,108.0,1,1,2658,terminal
3981,terminal_or_isolated,1,27.0,107.0,41.0,108.0,428.0,164.0,108.0,1,1,2683,terminal
3982,terminal_or_isolated,1,27.0,107.0,138.0,108.0,428.0,552.0,108.0,1,1,2666,terminal
3983,terminal_or_isolated,1,27.0,109.0,78.0,108.0,436.0,312.0,108.0,0,0,,inactive
3984,terminal_or_isolated,1,27.0,109.0,155.0,108.0,436.0,620.0,108.0,0,0,,inactive
3985,terminal_or_isolated,1,27.0,114.0,136.0,108.0,456.0,544.0,108.0,0,0,,inactive
3986,terminal_or_isolated,1,27.0,114.0,155.0,108.0,456.0,620.0,108.0,0,0,,inactive
3987,terminal_or_isolated,1,27.0,114.0,175.0,108.0,456.0,700.0,108.0,0,0,,inactive
3988,terminal_or_isolated,1,27.0,114.0,188.0,108.0,456.0,752.0,84.0,0,0,,inactive
3989,terminal_or_isolated,1,27.0,116.0,32.0,108.0,464.0,128.0,108.0,1,1,2739,terminal
3990,terminal_or_isolated,1,27.0,119.0,107.0,108.0,476.0,428.0,108.0,0,0,,inactive
3991,terminal_or_isolated,1,27.0,125.0,107.0,108.0,500.0,428.0,108.0,0,0,,inactive
3992,terminal_or_isolated,1,27.0,129.0,77.0,108.0,516.0,308.0,108.0,0,0,,inactive
3993,terminal_or_isolated,1,27.0,134.0,116.0,108.0,536.0,464.0,108.0,0,0,,inactive
3994,terminal_or_isolated,1,27.0,135.0,110.0,108.0,540.0,440.0,108.0,1,1,2774,terminal
3995,terminal_or_isolated,1,27.0,138.0,120.0,108.0,552.0,480.0,108.0,0,0,,inactive
3996,terminal_or_isolated,1,27.0,138.0,127.0,108.0,552.0,508.0,108.0,0,0,,inactive
3997,terminal_or_isolated,1,27.0,144.0,127.0,108.0,576.0,508.0,108.0,0,0,,inactive
3998,terminal_or_isolated,1,27.0,145.0,139.0,108.0,580.0,556.0,108.0,1,1,2831,terminal
3999,terminal_or_isolated,1,27.0,146.0,177.0,108.0,584.0,708.0,108.0,1,1,2841,terminal
4000,terminal_or_isolated,1,27.0,146.0,188.0,108.0,584.0,752.0,84.0,0,0,,inactive
4001,terminal_or_isolated,1,27.0,153.0,175.0,108.0,612.0,700.0,108.0,0,0,,inactive
4002,terminal_or_isolated,1,27.0,156.0,178.0,108.0,624.0,712.0,108.0,1,1,2930,terminal
4003,terminal_or_isolated,1,27.0,164.0,159.0,108.0,656.0,636.0,108.0,1,1,2895,terminal
4004,terminal_or_isolated,1,27.0,167.0,176.0,108.0,668.0,704.0,108.0,0,0,,inactive
4005,terminal_or_isolated,1,27.0,173.0,156.0,108.0,692.0,624.0,108.0,0,0,,inactive
4006,terminal_or_isolated,1,27.0,176.0,186.0,108.0,704.0,744.0,92.0,1,1,2974,terminal
4007,terminal_or_isolated,1,27.0,177.0,160.0,108.0,708.0,640.0,104.0,0,0,,inactive
4008,terminal_or_isolated,1,27.0,184.0,179.0,108.0,736.0,716.0,76.0,0,0,,inactive
4009,terminal_or_isolated,1,27.0,185.0,168.0,108.0,740.0,672.0,72.0,1,1,3012,terminal
4010,terminal_or_isolated,1,27.0,187.0,52.0,108.0,748.0,208.0,64.0,1,1,3029,terminal
4011,terminal_or_isolated,1,27.0,187.0,111.0,108.0,748.0,444.0,64.0,1,1,2990,terminal
4012,terminal_or_isolated,1,27.0,187.0,189.0,108.0,748.0,756.0,64.0,1,1,3017,terminal
4013,terminal_or_isolated,1,27.0,188.0,33.0,108.0,752.0,132.0,60.0,1,1,3023,terminal
4014,terminal_or_isolated,1,27.0,188.0,39.0,108.0,752.0,156.0,60.0,1,1,3028,terminal
4015,terminal_or_isolated,1,27.0,188.0,58.0,108.0,752.0,232.0,60.0,1,1,2247,terminal
4016,terminal_or_isolated,1,27.0,188.0,72.0,108.0,752.0,288.0,60.0,1,1,2248,terminal
4017,terminal_or_isolated,1,27.0,188.0,78.0,108.0,752.0,312.0,60.0,1,1,3038,terminal
4018,terminal_or_isolated,1,27.0,188.0,92.0,108.0,752.0,368.0,60.0,1,1,3035,terminal
4019,terminal_or_isolated,1,27.0,188.0,97.0,108.0,752.0,388.0,60.0,1,1,2989,terminal
4020,terminal_or_isolated,1,27.0,188.0,117.0,108.0,752.0,468.0,60.0,1,1,2998,terminal
4021,terminal_or_isolated,1,27.0,188.0,131.0,108.0,752.0,524.0,60.0,1,1,2995,terminal
4022,terminal_or_isolated,1,27.0,188.0,136.0,108.0,752.0,544.0,60.0,1,1,3003,terminal
4023,terminal_or_isolated,1,27.0,188.0,151.0,108.0,752.0,604.0,60.0,1,1,3002,terminal
4024,terminal_or_isolated,1,27.0,188.0,155.0,108.0,752.0,620.0,60.0,1,1,3011,terminal
4025,terminal_or_isolated,1,28.0,135.0,187.0,112.0,540.0,748.0,88.0,1,1,3057,terminal
4026,terminal_or_isolated,1,28.0,153.0,189.0,112.0,612.0,756.0,80.0,1,1,2881,terminal
4027,terminal_or_isolated,1,28.0,155.0,168.0,112.0,620.0,672.0,112.0,1,1,2845,terminal
4028,terminal_or_isolated,1,28.0,157.0,166.0,112.0,628.0,664.0,112.0,0,0,,inactive
4029,terminal_or_isolated,1,29.0,144.0,46.0,116.0,576.0,184.0,116.0,0,0,,inactive
4030,terminal_or_isolated,1,29.0,188.0,134.0,116.0,752.0,536.0,60.0,1,1,3311,terminal
4031,terminal_or_isolated,1,29.0,188.0,173.0,116.0,752.0,692.0,60.0,1,1,3967,terminal
4032,terminal_or_isolated,1,29.0,189.0,36.0,116.0,756.0,144.0,56.0,1,1,3977,terminal
4033,terminal_or_isolated,1,30.0,13.0,110.0,120.0,52.0,440.0,52.0,0,0,,inactive
4034,terminal_or_isolated,1,30.0,16.0,133.0,120.0,64.0,532.0,64.0,0,0,,inactive
4035,terminal_or_isolated,1,30.0,36.0,16.0,120.0,144.0,64.0,64.0,1,1,2165,terminal
4036,terminal_or_isolated,1,30.0,49.0,172.0,120.0,196.0,688.0,120.0,0,0,,inactive
4037,terminal_or_isolated,1,30.0,55.0,172.0,120.0,220.0,688.0,120.0,0,0,,inactive
4038,terminal_or_isolated,1,30.0,62.0,140.0,120.0,248.0,560.0,120.0,0,0,,inactive
4039,terminal_or_isolated,1,30.0,93.0,191.0,120.0,372.0,764.0,72.0,0,0,,inactive
4040,terminal_or_isolated,1,30.0,95.0,36.0,120.0,380.0,144.0,120.0,0,0,,inactive
4041,terminal_or_isolated,1,30.0,168.0,17.0,120.0,672.0,68.0,68.0,1,1,2979,terminal
4042,terminal_or_isolated,1,30.0,174.0,17.0,120.0,696.0,68.0,68.0,0,0,,inactive
4043,terminal_or_isolated,1,30.0,187.0,75.0,120.0,748.0,300.0,64.0,1,1,3985,terminal
4044,terminal_or_isolated,1,30.0,187.0,114.0,120.0,748.0,456.0,64.0,1,1,3303,terminal
4045,terminal_or_isolated,1,30.0,187.0,153.0,120.0,748.0,612.0,64.0,1,1,3959,terminal
4046,terminal_or_isolated,1,30.0,187.0,192.0,120.0,748.0,768.0,64.0,1,1,3972,terminal
4047,terminal_or_isolated,1,31.0,14.0,70.0,124.0,56.0,280.0,56.0,1,1,2144,terminal
4048,terminal_or_isolated,1,31.0,33.0,31.0,124.0,132.0,124.0,124.0,1,1,2326,terminal
4049,terminal_or_isolated,1,31.0,37.0,133.0,124.0,148.0,532.0,124.0,1,1,3452,terminal
4050,terminal_or_isolated,1,31.0,105.0,123.0,124.0,420.0,492.0,124.0,0,0,,inactive
4051,terminal_or_isolated,1,31.0,127.0,192.0,124.0,508.0,768.0,68.0,0,0,,inactive
4052,terminal_or_isolated,1,31.0,137.0,46.0,124.0,548.0,184.0,124.0,1,1,2237,terminal
4053,terminal_or_isolated,1,31.0,187.0,55.0,124.0,748.0,220.0,64.0,1,1,3319,terminal
4054,terminal_or_isolated,1,32.0,47.0,181.0,128.0,188.0,724.0,112.0,1,1,2387,terminal
4055,terminal_or_isolated,1,32.0,61.0,166.0,128.0,244.0,664.0,128.0,1,1,2462,terminal
4056,terminal_or_isolated,1,32.0,62.0,59.0,128.0,248.0,236.0,128.0,1,1,2451,terminal
4057,terminal_or_isolated,1,32.0,68.0,35.0,128.0,272.0,140.0,128.0,1,1,2199,terminal
4058,terminal_or_isolated,1,32.0,107.0,16.0,128.0,428.0,64.0,64.0,1,1,2681,terminal
4059,terminal_or_isolated,1,32.0,161.0,31.0,128.0,644.0,124.0,124.0,1,1,3907,terminal
4060,terminal_or_isolated,1,33.0,13.0,107.0,132.0,52.0,428.0,52.0,1,1,3345,terminal
4061,terminal_or_isolated,1,33.0,14.0,68.0,132.0,56.0,272.0,56.0,1,1,3070,terminal
4062,terminal_or_isolated,1,33.0,33.0,119.0,132.0,132.0,476.0,132.0,1,1,3407,terminal
4063,terminal_or_isolated,1,33.0,79.0,35.0,132.0,316.0,140.0,132.0,0,0,,inactive
4064,terminal_or_isolated,1,33.0,80.0,187.0,132.0,320.0,748.0,88.0,1,1,2523,terminal
4065,terminal_or_isolated,1,33.0,88.0,143.0,132.0,352.0,572.0,132.0,0,0,,inactive
4066,terminal_or_isolated,1,33.0,161.0,59.0,132.0,644.0,236.0,132.0,1,1,2911,terminal
4067,terminal_or_isolated,1,33.0,187.0,46.0,132.0,748.0,184.0,64.0,1,1,3033,terminal
4068,terminal_or_isolated,1,33.0,188.0,26.0,132.0,752.0,104.0,60.0,1,1,3027,terminal
4069,terminal_or_isolated,1,34.0,30.0,142.0,136.0,120.0,568.0,120.0,0,0,,inactive
4070,terminal_or_isolated,1,34.0,59.0,172.0,136.0,236.0,688.0,136.0,0,0,,inactive
4071,terminal_or_isolated,1,34.0,99.0,36.0,136.0,396.0,144.0,136.0,0,0,,inactive
4072,terminal_or_isolated,1,34.0,118.0,114.0,136.0,472.0,456.0,136.0,0,0,,inactive
4073,terminal_or_isolated,1,34.0,139.0,16.0,136.0,556.0,64.0,64.0,0,0,,inactive
4074,terminal_or_isolated,1,34.0,171.0,68.0,136.0,684.0,272.0,128.0,0,0,,inactive
4075,terminal_or_isolated,1,34.0,187.0,144.0,136.0,748.0,576.0,64.0,1,1,3007,terminal
4076,terminal_or_isolated,1,34.0,188.0,65.0,136.0,752.0,260.0,60.0,1,1,2252,terminal
4077,terminal_or_isolated,1,34.0,188.0,85.0,136.0,752.0,340.0,60.0,1,1,3040,terminal
4078,terminal_or_isolated,1,35.0,33.0,159.0,140.0,132.0,636.0,132.0,0,0,,inactive
4079,terminal_or_isolated,1,35.0,63.0,135.0,140.0,252.0,540.0,140.0,0,0,,inactive
4080,terminal_or_isolated,1,35.0,109.0,123.0,140.0,436.0,492.0,140.0,0,0,,inactive
4081,terminal_or_isolated,1,35.0,188.0,124.0,140.0,752.0,496.0,60.0,1,1,3000,terminal
4082,terminal_or_isolated,1,35.0,188.0,163.0,140.0,752.0,652.0,60.0,1,1,3015,terminal
4083,terminal_or_isolated,1,37.0,27.0,186.0,148.0,108.0,744.0,92.0,1,1,3351,terminal
4084,terminal_or_isolated,1,37.0,28.0,70.0,148.0,112.0,280.0,112.0,1,1,3106,terminal
4085,terminal_or_isolated,1,37.0,29.0,165.0,148.0,116.0,660.0,116.0,1,1,3378,terminal
4086,terminal_or_isolated,1,37.0,30.0,183.0,148.0,120.0,732.0,104.0,0,0,,inactive
4087,terminal_or_isolated,1,37.0,31.0,82.0,148.0,124.0,328.0,124.0,0,0,,inactive
4088,terminal_or_isolated,1,37.0,35.0,140.0,148.0,140.0,560.0,140.0,0,0,,inactive
4089,terminal_or_isolated,1,37.0,36.0,159.0,148.0,144.0,636.0,144.0,0,0,,inactive
4090,terminal_or_isolated,1,37.0,37.0,41.0,148.0,148.0,164.0,148.0,1,1,3101,terminal
4091,terminal_or_isolated,1,37.0,39.0,137.0,148.0,156.0,548.0,148.0,1,1,3454,terminal
4092,terminal_or_isolated,1,37.0,41.0,37.0,148.0,164.0,148.0,148.0,0,0,,inactive
4093,terminal_or_isolated,1,37.0,46.0,19.0,148.0,184.0,76.0,76.0,0,0,,inactive
4094,terminal_or_isolated,1,37.0,47.0,128.0,148.0,188.0,512.0,148.0,1,1,3455,terminal
4095,terminal_or_isolated,1,37.0,49.0,61.0,148.0,196.0,244.0,148.0,0,0,,inactive
4096,terminal_or_isolated,1,37.0,55.0,140.0,148.0,220.0,560.0,148.0,0,0,,inactive
4097,terminal_or_isolated,1,37.0,57.0,176.0,148.0,228.0,704.0,132.0,1,1,3497,terminal
4098,terminal_or_isolated,1,37.0,66.0,129.0,148.0,264.0,516.0,148.0,1,1,3549,terminal
4099,terminal_or_isolated,1,37.0,67.0,186.0,148.0,268.0,744.0,92.0,1,1,3555,terminal
4100,terminal_or_isolated,1,37.0,68.0,89.0,148.0,272.0,356.0,148.0,1,1,3135,terminal
4101,terminal_or_isolated,1,37.0,70.0,42.0,148.0,280.0,168.0,148.0,0,0,,inactive
4102,terminal_or_isolated,1,37.0,70.0,145.0,148.0,280.0,580.0,148.0,0,0,,inactive
4103,terminal_or_isolated,1,37.0,70.0,164.0,148.0,280.0,656.0,148.0,0,0,,inactive
4104,terminal_or_isolated,1,37.0,75.0,140.0,148.0,300.0,560.0,148.0,0,0,,inactive
4105,terminal_or_isolated,1,37.0,78.0,20.0,148.0,312.0,80.0,80.0,1,1,3580,terminal
4106,terminal_or_isolated,1,37.0,80.0,136.0,148.0,320.0,544.0,148.0,0,0,,inactive
4107,terminal_or_isolated,1,37.0,85.0,149.0,148.0,340.0,596.0,148.0,1,1,3592,terminal
4108,terminal_or_isolated,1,37.0,85.0,187.0,148.0,340.0,748.0,88.0,1,1,3603,terminal
4109,terminal_or_isolated,1,37.0,88.0,22.0,148.0,352.0,88.0,88.0,1,1,3623,terminal
4110,terminal_or_isolated,1,37.0,88.0,185.0,148.0,352.0,740.0,96.0,0,0,,inactive
4111,terminal_or_isolated,1,37.0,95.0,120.0,148.0,380.0,480.0,148.0,0,0,,inactive
4112,terminal_or_isolated,1,37.0,97.0,80.0,148.0,388.0,320.0,148.0,1,1,3196,terminal
4113,terminal_or_isolated,1,37.0,99.0,39.0,148.0,396.0,156.0,148.0,0,0,,inactive
4114,terminal_or_isolated,1,37.0,105.0,52.0,148.0,420.0,208.0,148.0,0,0,,inactive
4115,terminal_or_isolated,1,37.0,106.0,167.0,148.0,424.0,668.0,148.0,1,1,3665,terminal
4116,terminal_or_isolated,1,37.0,106.0,186.0,148.0,424.0,744.0,92.0,1,1,3696,terminal
4117,terminal_or_isolated,1,37.0,107.0,89.0,148.0,428.0,356.0,148.0,1,1,3688,terminal
4118,terminal_or_isolated,1,37.0,109.0,48.0,148.0,436.0,192.0,148.0,0,0,,inactive
4119,terminal_or_isolated,1,37.0,109.0,165.0,148.0,436.0,660.0,148.0,0,0,,inactive
4120,terminal_or_isolated,1,37.0,110.0,106.0,148.0,440.0,424.0,148.0,0,0,,inactive
4121,terminal_or_isolated,1,37.0,114.0,82.0,148.0,456.0,328.0,148.0,0,0,,inactive
4122,terminal_or_isolated,1,37.0,116.0,41.0,148.0,464.0,164.0,148.0,1,1,3717,terminal
4123,terminal_or_isolated,1,37.0,118.0,117.0,148.0,472.0,468.0,148.0,1,1,3700,terminal
4124,terminal_or_isolated,1,37.0,119.0,19.0,148.0,476.0,76.0,76.0,0,0,,inactive
4125,terminal_or_isolated,1,37.0,119.0,38.0,148.0,476.0,152.0,148.0,0,0,,inactive
4126,terminal_or_isolated,1,37.0,125.0,176.0,148.0,500.0,704.0,132.0,0,0,,inactive
4127,terminal_or_isolated,1,37.0,127.0,166.0,148.0,508.0,664.0,148.0,1,1,3780,terminal
4128,terminal_or_isolated,1,37.0,128.0,127.0,148.0,512.0,508.0,148.0,1,1,3794,terminal
4129,terminal_or_isolated,1,37.0,134.0,63.0,148.0,536.0,252.0,148.0,0,0,,inactive
4130,terminal_or_isolated,1,37.0,136.0,158.0,148.0,544.0,632.0,148.0,1,1,3845,terminal
4131,terminal_or_isolated,1,37.0,144.0,33.0,148.0,576.0,132.0,132.0,0,0,,inactive
4132,terminal_or_isolated,1,37.0,146.0,70.0,148.0,584.0,280.0,148.0,1,1,3823,terminal
4133,terminal_or_isolated,1,37.0,148.0,127.0,148.0,592.0,508.0,148.0,0,0,,inactive
4134,terminal_or_isolated,1,37.0,149.0,87.0,148.0,596.0,348.0,148.0,0,0,,inactive
4135,terminal_or_isolated,1,37.0,154.0,101.0,148.0,616.0,404.0,148.0,0,0,,inactive
4136,terminal_or_isolated,1,37.0,155.0,120.0,148.0,620.0,480.0,148.0,1,1,3886,terminal
4137,terminal_or_isolated,1,37.0,156.0,41.0,148.0,624.0,164.0,148.0,1,1,3264,terminal
4138,terminal_or_isolated,1,37.0,158.0,117.0,148.0,632.0,468.0,148.0,0,0,,inactive
4139,terminal_or_isolated,1,37.0,163.0,92.0,148.0,652.0,368.0,148.0,0,0,,inactive
4140,terminal_or_isolated,1,37.0,165.0,158.0,148.0,660.0,632.0,148.0,1,1,3938,terminal
4141,terminal_or_isolated,1,37.0,166.0,41.0,148.0,664.0,164.0,148.0,1,1,3950,terminal
4142,terminal_or_isolated,1,37.0,175.0,61.0,148.0,700.0,244.0,112.0,1,1,3298,terminal
4143,terminal_or_isolated,1,37.0,176.0,41.0,148.0,704.0,164.0,108.0,1,1,3978,terminal
4144,terminal_or_isolated,1,37.0,176.0,119.0,148.0,704.0,476.0,108.0,1,1,3304,terminal
4145,terminal_or_isolated,1,37.0,183.0,112.0,148.0,732.0,448.0,80.0,0,0,,inactive
4146,terminal_or_isolated,1,37.0,184.0,33.0,148.0,736.0,132.0,76.0,0,0,,inactive
4147,terminal_or_isolated,1,37.0,184.0,58.0,148.0,736.0,232.0,76.0,0,0,,inactive
4148,terminal_or_isolated,1,37.0,186.0,41.0,148.0,744.0,164.0,68.0,1,1,3980,terminal
4149,terminal_or_isolated,1,37.0,187.0,120.0,148.0,748.0,480.0,64.0,1,1,3305,terminal
4150,terminal_or_isolated,1,37.0,187.0,160.0,148.0,748.0,640.0,64.0,1,1,3960,terminal
4151,terminal_or_isolated,1,37.0,188.0,23.0,148.0,752.0,92.0,60.0,1,1,3997,terminal
4152,terminal_or_isolated,1,37.0,188.0,68.0,148.0,752.0,272.0,60.0,1,1,3986,terminal
4153,terminal_or_isolated,1,37.0,188.0,82.0,148.0,752.0,328.0,60.0,1,1,3987,terminal
4154,terminal_or_isolated,1,37.0,188.0,102.0,148.0,752.0,408.0,60.0,1,1,3992,terminal
4155,terminal_or_isolated,1,37.0,188.0,126.0,148.0,752.0,504.0,60.0,1,1,3314,terminal
4156,terminal_or_isolated,1,37.0,188.0,141.0,148.0,752.0,564.0,60.0,1,1,3313,terminal
4157,terminal_or_isolated,1,37.0,188.0,145.0,148.0,752.0,580.0,60.0,1,1,3961,terminal
4158,terminal_or_isolated,1,37.0,188.0,165.0,148.0,752.0,660.0,60.0,1,1,3966,terminal
4159,terminal_or_isolated,1,37.0,188.0,184.0,148.0,752.0,736.0,60.0,1,1,3974,terminal
4160,terminal_or_isolated,1,39.0,23.0,115.0,156.0,92.0,460.0,92.0,0,0,,inactive
4161,terminal_or_isolated,1,39.0,43.0,33.0,156.0,172.0,132.0,132.0,0,0,,inactive
4162,terminal_or_isolated,1,39.0,140.0,175.0,156.0,560.0,700.0,136.0,0,0,,inactive
4163,terminal_or_isolated,1,39.0,188.0,124.0,156.0,752.0,496.0,60.0,1,1,4454,terminal
4164,terminal_or_isolated,1,39.0,188.0,163.0,156.0,752.0,652.0,60.0,1,1,4870,terminal
4165,terminal_or_isolated,1,39.0,189.0,26.0,156.0,756.0,104.0,56.0,1,1,4461,terminal
4166,terminal_or_isolated,1,40.0,53.0,81.0,160.0,212.0,324.0,160.0,0,0,,inactive
4167,terminal_or_isolated,1,40.0,75.0,104.0,160.0,300.0,416.0,160.0,0,0,,inactive
4168,terminal_or_isolated,1,40.0,82.0,130.0,160.0,328.0,520.0,160.0,0,0,,inactive
4169,terminal_or_isolated,1,40.0,140.0,189.0,160.0,560.0,756.0,80.0,0,0,,inactive
4170,terminal_or_isolated,1,40.0,157.0,172.0,160.0,628.0,688.0,148.0,0,0,,inactive
4171,terminal_or_isolated,1,40.0,180.0,92.0,160.0,720.0,368.0,92.0,0,0,,inactive
4172,terminal_or_isolated,1,40.0,180.0,111.0,160.0,720.0,444.0,92.0,0,0,,inactive
4173,terminal_or_isolated,1,40.0,183.0,134.0,160.0,732.0,536.0,80.0,0,0,,inactive
4174,terminal_or_isolated,1,40.0,187.0,65.0,160.0,748.0,260.0,64.0,1,1,4476,terminal
4175,terminal_or_isolated,1,40.0,187.0,85.0,160.0,748.0,340.0,64.0,1,1,4485,terminal
4176,terminal_or_isolated,1,40.0,187.0,143.0,160.0,748.0,572.0,64.0,1,1,4863,terminal
4177,terminal_or_isolated,1,41.0,13.0,99.0,164.0,52.0,396.0,52.0,1,1,3346,terminal
4178,terminal_or_isolated,1,41.0,17.0,181.0,164.0,68.0,724.0,68.0,1,1,4030,terminal
4179,terminal_or_isolated,1,41.0,18.0,103.0,164.0,72.0,412.0,72.0,1,1,3350,terminal
4180,terminal_or_isolated,1,41.0,23.0,109.0,164.0,92.0,436.0,92.0,1,1,3358,terminal
4181,terminal_or_isolated,1,41.0,23.0,148.0,164.0,92.0,592.0,92.0,0,0,,inactive
4182,terminal_or_isolated,1,41.0,33.0,60.0,164.0,132.0,240.0,132.0,1,1,3110,terminal
4183,terminal_or_isolated,1,41.0,39.0,16.0,164.0,156.0,64.0,64.0,1,1,3460,terminal
4184,terminal_or_isolated,1,41.0,57.0,26.0,164.0,228.0,104.0,104.0,1,1,3133,terminal
4185,terminal_or_isolated,1,41.0,62.0,70.0,164.0,248.0,280.0,164.0,1,1,3540,terminal
4186,terminal_or_isolated,1,41.0,91.0,178.0,164.0,364.0,712.0,124.0,0,0,,inactive
4187,terminal_or_isolated,1,41.0,96.0,45.0,164.0,384.0,180.0,164.0,1,1,3180,terminal
4188,terminal_or_isolated,1,41.0,111.0,178.0,164.0,444.0,712.0,124.0,1,1,3738,terminal
4189,terminal_or_isolated,1,41.0,112.0,69.0,164.0,448.0,276.0,164.0,1,1,3727,terminal
4190,terminal_or_isolated,1,41.0,121.0,149.0,164.0,484.0,596.0,164.0,1,1,3764,terminal
4191,terminal_or_isolated,1,41.0,135.0,163.0,164.0,540.0,652.0,164.0,1,1,4799,terminal
4192,terminal_or_isolated,1,41.0,146.0,16.0,164.0,584.0,64.0,64.0,1,1,4381,terminal
4193,terminal_or_isolated,1,41.0,175.0,104.0,164.0,700.0,416.0,112.0,1,1,4877,terminal
4194,terminal_or_isolated,1,41.0,176.0,134.0,164.0,704.0,536.0,108.0,1,1,3315,terminal
4195,terminal_or_isolated,1,41.0,180.0,169.0,164.0,720.0,676.0,92.0,1,1,3971,terminal
4196,terminal_or_isolated,1,41.0,181.0,51.0,164.0,724.0,204.0,88.0,1,1,3322,terminal
4197,terminal_or_isolated,1,42.0,19.0,45.0,168.0,76.0,180.0,76.0,1,1,3069,terminal
4198,terminal_or_isolated,1,42.0,52.0,157.0,168.0,208.0,628.0,168.0,1,1,3477,terminal
4199,terminal_or_isolated,1,42.0,58.0,103.0,168.0,232.0,412.0,168.0,1,1,4154,terminal
4200,terminal_or_isolated,1,42.0,102.0,60.0,168.0,408.0,240.0,168.0,1,1,3683,terminal
4201,terminal_or_isolated,1,42.0,117.0,114.0,168.0,468.0,456.0,168.0,1,1,3750,terminal
4202,terminal_or_isolated,1,42.0,127.0,84.0,168.0,508.0,336.0,168.0,1,1,3802,terminal
4203,terminal_or_isolated,1,43.0,23.0,146.0,172.0,92.0,584.0,92.0,1,1,4510,terminal
4204,terminal_or_isolated,1,43.0,30.0,93.0,172.0,120.0,372.0,120.0,0,0,,inactive
4205,terminal_or_isolated,1,43.0,32.0,187.0,172.0,128.0,748.0,88.0,1,1,4521,terminal
4206,terminal_or_isolated,1,43.0,33.0,58.0,172.0,132.0,232.0,132.0,1,1,4077,terminal
4207,terminal_or_isolated,1,43.0,47.0,142.0,172.0,188.0,568.0,172.0,1,1,3472,terminal
4208,terminal_or_isolated,1,43.0,62.0,127.0,172.0,248.0,508.0,172.0,1,1,3553,terminal
4209,terminal_or_isolated,1,43.0,72.0,129.0,172.0,288.0,516.0,172.0,1,1,3565,terminal
4210,terminal_or_isolated,1,43.0,91.0,51.0,172.0,364.0,204.0,172.0,1,1,3179,terminal
4211,terminal_or_isolated,1,43.0,104.0,80.0,172.0,416.0,320.0,172.0,0,0,,inactive
4212,terminal_or_isolated,1,43.0,112.0,71.0,172.0,448.0,284.0,172.0,0,0,,inactive
4213,terminal_or_isolated,1,43.0,121.0,147.0,172.0,484.0,588.0,172.0,1,1,4740,terminal
4214,terminal_or_isolated,1,43.0,125.0,162.0,172.0,500.0,648.0,172.0,1,1,4747,terminal
4215,terminal_or_isolated,1,43.0,131.0,137.0,172.0,524.0,548.0,172.0,1,1,3809,terminal
4216,terminal_or_isolated,1,43.0,156.0,163.0,172.0,624.0,652.0,172.0,1,1,4406,terminal
4217,terminal_or_isolated,1,43.0,180.0,167.0,172.0,720.0,668.0,92.0,1,1,4869,terminal
4218,terminal_or_isolated,1,43.0,184.0,182.0,172.0,736.0,728.0,76.0,1,1,4468,terminal
4219,terminal_or_isolated,1,43.0,187.0,95.0,172.0,748.0,380.0,64.0,1,1,3994,terminal
4220,terminal_or_isolated,1,43.0,188.0,36.0,172.0,752.0,144.0,60.0,1,1,3984,terminal
4221,terminal_or_isolated,1,44.0,21.0,103.0,176.0,84.0,412.0,84.0,0,0,,inactive
4222,terminal_or_isolated,1,44.0,23.0,120.0,176.0,92.0,480.0,92.0,0,0,,inactive
4223,terminal_or_isolated,1,44.0,36.0,16.0,176.0,144.0,64.0,64.0,0,0,,inactive
4224,terminal_or_isolated,1,44.0,52.0,155.0,176.0,208.0,620.0,176.0,0,0,,inactive
4225,terminal_or_isolated,1,44.0,73.0,33.0,176.0,292.0,132.0,132.0,0,0,,inactive
4226,terminal_or_isolated,1,44.0,171.0,58.0,176.0,684.0,232.0,128.0,0,0,,inactive
4227,terminal_or_isolated,1,44.0,177.0,143.0,176.0,708.0,572.0,104.0,0,0,,inactive
4228,terminal_or_isolated,1,44.0,184.0,104.0,176.0,736.0,416.0,76.0,0,0,,inactive
4229,terminal_or_isolated,1,44.0,187.0,173.0,176.0,748.0,692.0,64.0,1,1,3969,terminal
4230,terminal_or_isolated,1,44.0,187.0,192.0,176.0,748.0,768.0,64.0,1,1,3976,terminal
4231,terminal_or_isolated,1,44.0,188.0,17.0,176.0,752.0,68.0,60.0,1,1,3999,terminal
4232,terminal_or_isolated,1,44.0,188.0,55.0,176.0,752.0,220.0,60.0,1,1,3325,terminal
4233,terminal_or_isolated,1,44.0,188.0,75.0,176.0,752.0,300.0,60.0,1,1,3991,terminal
4234,terminal_or_isolated,1,44.0,188.0,114.0,176.0,752.0,456.0,60.0,1,1,3310,terminal
4235,terminal_or_isolated,1,45.0,123.0,123.0,180.0,492.0,492.0,180.0,0,0,,inactive
4236,terminal_or_isolated,1,45.0,152.0,172.0,180.0,608.0,688.0,148.0,0,0,,inactive
4237,terminal_or_isolated,1,45.0,188.0,153.0,180.0,752.0,612.0,60.0,1,1,3965,terminal
4238,terminal_or_isolated,1,46.0,19.0,40.0,184.0,76.0,160.0,76.0,1,1,4009,terminal
4239,terminal_or_isolated,1,46.0,41.0,28.0,184.0,164.0,112.0,112.0,0,0,,inactive
4240,terminal_or_isolated,1,46.0,68.0,31.0,184.0,272.0,124.0,124.0,1,1,4167,terminal
4241,terminal_or_isolated,1,46.0,86.0,22.0,184.0,344.0,88.0,88.0,1,1,4207,terminal
4242,terminal_or_isolated,1,46.0,97.0,21.0,184.0,388.0,84.0,84.0,1,1,4687,terminal
4243,terminal_or_isolated,1,46.0,115.0,19.0,184.0,460.0,76.0,76.0,0,0,,inactive
4244,terminal_or_isolated,1,46.0,135.0,20.0,184.0,540.0,80.0,80.0,0,0,,inactive
4245,terminal_or_isolated,1,46.0,188.0,33.0,184.0,752.0,132.0,60.0,1,1,4462,terminal
4246,terminal_or_isolated,1,47.0,18.0,50.0,188.0,72.0,200.0,72.0,1,1,4015,terminal
4247,terminal_or_isolated,1,47.0,18.0,148.0,188.0,72.0,592.0,72.0,1,1,4017,terminal
4248,terminal_or_isolated,1,47.0,21.0,86.0,188.0,84.0,344.0,84.0,0,0,,inactive
4249,terminal_or_isolated,1,47.0,21.0,125.0,188.0,84.0,500.0,84.0,0,0,,inactive
4250,terminal_or_isolated,1,47.0,26.0,62.0,188.0,104.0,248.0,104.0,0,0,,inactive
4251,terminal_or_isolated,1,47.0,26.0,67.0,188.0,104.0,268.0,104.0,0,0,,inactive
4252,terminal_or_isolated,1,47.0,28.0,88.0,188.0,112.0,352.0,112.0,1,1,4050,terminal
4253,terminal_or_isolated,1,47.0,28.0,99.0,188.0,112.0,396.0,112.0,1,1,4085,terminal
4254,terminal_or_isolated,1,47.0,35.0,130.0,188.0,140.0,520.0,140.0,0,0,,inactive
4255,terminal_or_isolated,1,47.0,36.0,57.0,188.0,144.0,228.0,144.0,0,0,,inactive
4256,terminal_or_isolated,1,47.0,37.0,148.0,188.0,148.0,592.0,148.0,1,1,4070,terminal
4257,terminal_or_isolated,1,47.0,39.0,60.0,188.0,156.0,240.0,156.0,1,1,4551,terminal
4258,terminal_or_isolated,1,47.0,45.0,159.0,188.0,180.0,636.0,180.0,0,0,,inactive
4259,terminal_or_isolated,1,47.0,47.0,176.0,188.0,188.0,704.0,132.0,1,1,4548,terminal
4260,terminal_or_isolated,1,47.0,50.0,154.0,188.0,200.0,616.0,188.0,0,0,,inactive
4261,terminal_or_isolated,1,47.0,58.0,89.0,188.0,232.0,356.0,188.0,1,1,4147,terminal
4262,terminal_or_isolated,1,47.0,60.0,145.0,188.0,240.0,580.0,188.0,0,0,,inactive
4263,terminal_or_isolated,1,47.0,68.0,70.0,188.0,272.0,280.0,188.0,1,1,4143,terminal
4264,terminal_or_isolated,1,47.0,70.0,116.0,188.0,280.0,464.0,188.0,0,0,,inactive
4265,terminal_or_isolated,1,47.0,75.0,111.0,188.0,300.0,444.0,188.0,0,0,,inactive
4266,terminal_or_isolated,1,47.0,76.0,149.0,188.0,304.0,596.0,188.0,1,1,4655,terminal
4267,terminal_or_isolated,1,47.0,77.0,167.0,188.0,308.0,668.0,168.0,1,1,4631,terminal
4268,terminal_or_isolated,1,47.0,78.0,108.0,188.0,312.0,432.0,188.0,1,1,4650,terminal
4269,terminal_or_isolated,1,47.0,86.0,119.0,188.0,344.0,476.0,188.0,1,1,4643,terminal
4270,terminal_or_isolated,1,47.0,96.0,167.0,188.0,384.0,668.0,168.0,1,1,4661,terminal
4271,terminal_or_isolated,1,47.0,104.0,140.0,188.0,416.0,560.0,188.0,0,0,,inactive
4272,terminal_or_isolated,1,47.0,108.0,137.0,188.0,432.0,548.0,188.0,0,0,,inactive
4273,terminal_or_isolated,1,47.0,114.0,111.0,188.0,456.0,444.0,188.0,0,0,,inactive
4274,terminal_or_isolated,1,47.0,116.0,90.0,188.0,464.0,360.0,188.0,1,1,4284,terminal
4275,terminal_or_isolated,1,47.0,124.0,82.0,188.0,496.0,328.0,188.0,0,0,,inactive
4276,terminal_or_isolated,1,47.0,124.0,102.0,188.0,496.0,408.0,188.0,0,0,,inactive
4277,terminal_or_isolated,1,47.0,134.0,72.0,188.0,536.0,288.0,188.0,0,0,,inactive
4278,terminal_or_isolated,1,47.0,145.0,128.0,188.0,580.0,512.0,188.0,1,1,4357,terminal
4279,terminal_or_isolated,1,47.0,149.0,77.0,188.0,596.0,308.0,188.0,0,0,,inactive
4280,terminal_or_isolated,1,47.0,156.0,79.0,188.0,624.0,316.0,188.0,1,1,4832,terminal
4281,terminal_or_isolated,1,47.0,157.0,41.0,188.0,628.0,164.0,164.0,1,1,4400,terminal
4282,terminal_or_isolated,1,47.0,157.0,140.0,188.0,628.0,560.0,184.0,0,0,,inactive
4283,terminal_or_isolated,1,47.0,173.0,97.0,188.0,692.0,388.0,120.0,0,0,,inactive
4284,terminal_or_isolated,1,47.0,175.0,71.0,188.0,700.0,284.0,112.0,1,1,4478,terminal
4285,terminal_or_isolated,1,47.0,185.0,61.0,188.0,740.0,244.0,72.0,1,1,4479,terminal
4286,terminal_or_isolated,1,47.0,186.0,169.0,188.0,744.0,676.0,68.0,1,1,4872,terminal
4287,terminal_or_isolated,1,47.0,187.0,189.0,188.0,748.0,756.0,64.0,1,1,4471,terminal
4288,terminal_or_isolated,1,47.0,188.0,72.0,188.0,752.0,288.0,60.0,1,1,4482,terminal
4289,terminal_or_isolated,1,47.0,188.0,92.0,188.0,752.0,368.0,60.0,1,1,4487,terminal
4290,terminal_or_isolated,1,47.0,188.0,97.0,188.0,752.0,388.0,60.0,1,1,4879,terminal
4291,terminal_or_isolated,1,47.0,188.0,131.0,188.0,752.0,524.0,60.0,1,1,4456,terminal
4292,terminal_or_isolated,1,47.0,188.0,136.0,188.0,752.0,544.0,60.0,1,1,4864,terminal
4293,terminal_or_isolated,1,47.0,188.0,151.0,188.0,752.0,604.0,60.0,1,1,4865,terminal
4294,terminal_or_isolated,1,47.0,188.0,155.0,188.0,752.0,620.0,60.0,1,1,4871,terminal
4295,terminal_or_isolated,1,47.0,188.0,175.0,188.0,752.0,700.0,60.0,1,1,4470,terminal
4296,terminal_or_isolated,1,49.0,14.0,18.0,196.0,56.0,72.0,56.0,1,1,4008,terminal
4297,terminal_or_isolated,1,49.0,32.0,189.0,196.0,128.0,756.0,80.0,0,0,,inactive
4298,terminal_or_isolated,1,49.0,43.0,23.0,196.0,172.0,92.0,92.0,0,0,,inactive
4299,terminal_or_isolated,1,49.0,72.0,111.0,196.0,288.0,444.0,196.0,0,0,,inactive
4300,terminal_or_isolated,1,49.0,93.0,191.0,196.0,372.0,764.0,72.0,0,0,,inactive
4301,terminal_or_isolated,1,49.0,180.0,161.0,196.0,720.0,644.0,92.0,0,0,,inactive
4302,terminal_or_isolated,1,49.0,188.0,75.0,196.0,752.0,300.0,60.0,1,1,5541,terminal
4303,terminal_or_isolated,1,49.0,188.0,114.0,196.0,752.0,456.0,60.0,1,1,5736,terminal
4304,terminal_or_isolated,1,49.0,188.0,134.0,196.0,752.0,536.0,60.0,1,1,5521,terminal
4305,terminal_or_isolated,1,49.0,188.0,153.0,196.0,752.0,612.0,60.0,1,1,5725,terminal
4306,terminal_or_isolated,1,49.0,188.0,173.0,196.0,752.0,692.0,60.0,1,1,5742,terminal
4307,terminal_or_isolated,1,49.0,188.0,192.0,196.0,752.0,768.0,60.0,1,1,5731,terminal
4308,terminal_or_isolated,1,50.0,13.0,90.0,200.0,52.0,360.0,52.0,1,1,4500,terminal
4309,terminal_or_isolated,1,50.0,26.0,103.0,200.0,104.0,412.0,104.0,1,1,4058,terminal
4310,terminal_or_isolated,1,50.0,36.0,94.0,200.0,144.0,376.0,144.0,0,0,,inactive
4311,terminal_or_isolated,1,50.0,82.0,120.0,200.0,328.0,480.0,200.0,0,0,,inactive
4312,terminal_or_isolated,1,50.0,96.0,36.0,200.0,384.0,144.0,144.0,1,1,4229,terminal
4313,terminal_or_isolated,1,50.0,113.0,191.0,200.0,452.0,764.0,72.0,0,0,,inactive
4314,terminal_or_isolated,1,50.0,140.0,185.0,200.0,560.0,740.0,96.0,0,0,,inactive
4315,terminal_or_isolated,1,50.0,161.0,49.0,200.0,644.0,196.0,168.0,1,1,4404,terminal
4316,terminal_or_isolated,1,51.0,13.0,30.0,204.0,52.0,120.0,52.0,1,1,4011,terminal
4317,terminal_or_isolated,1,51.0,82.0,30.0,204.0,328.0,120.0,120.0,1,1,4210,terminal
4318,terminal_or_isolated,1,51.0,82.0,158.0,204.0,328.0,632.0,204.0,1,1,4203,terminal
4319,terminal_or_isolated,1,51.0,101.0,69.0,204.0,404.0,276.0,204.0,1,1,4711,terminal
4320,terminal_or_isolated,1,51.0,111.0,21.0,204.0,444.0,84.0,84.0,1,1,4731,terminal
4321,terminal_or_isolated,1,52.0,14.0,21.0,208.0,56.0,84.0,56.0,1,1,4895,terminal
4322,terminal_or_isolated,1,52.0,20.0,16.0,208.0,80.0,64.0,64.0,1,1,4952,terminal
4323,terminal_or_isolated,1,52.0,29.0,103.0,208.0,116.0,412.0,116.0,1,1,4988,terminal
4324,terminal_or_isolated,1,52.0,47.0,55.0,208.0,188.0,220.0,188.0,1,1,5014,terminal
4325,terminal_or_isolated,1,52.0,49.0,64.0,208.0,196.0,256.0,196.0,1,1,5060,terminal
4326,terminal_or_isolated,1,52.0,62.0,157.0,208.0,248.0,628.0,208.0,1,1,4608,terminal
4327,terminal_or_isolated,1,52.0,67.0,181.0,208.0,268.0,724.0,112.0,1,1,4616,terminal
4328,terminal_or_isolated,1,52.0,77.0,113.0,208.0,308.0,452.0,208.0,1,1,4189,terminal
4329,terminal_or_isolated,1,52.0,121.0,79.0,208.0,484.0,316.0,208.0,1,1,4286,terminal
4330,terminal_or_isolated,1,52.0,161.0,51.0,208.0,644.0,204.0,168.0,1,1,5447,terminal
4331,terminal_or_isolated,1,53.0,28.0,181.0,212.0,112.0,724.0,112.0,1,1,4037,terminal
4332,terminal_or_isolated,1,53.0,32.0,185.0,212.0,128.0,740.0,96.0,1,1,5570,terminal
4333,terminal_or_isolated,1,53.0,43.0,90.0,212.0,172.0,360.0,172.0,1,1,5029,terminal
4334,terminal_or_isolated,1,53.0,82.0,117.0,212.0,328.0,468.0,212.0,1,1,5177,terminal
4335,terminal_or_isolated,1,53.0,91.0,166.0,212.0,364.0,664.0,172.0,1,1,4662,terminal
4336,terminal_or_isolated,1,53.0,160.0,188.0,212.0,640.0,752.0,84.0,0,0,,inactive
4337,terminal_or_isolated,1,53.0,174.0,46.0,212.0,696.0,184.0,116.0,0,0,,inactive
4338,terminal_or_isolated,1,53.0,178.0,17.0,212.0,712.0,68.0,68.0,1,1,5536,terminal
4339,terminal_or_isolated,1,53.0,184.0,36.0,212.0,736.0,144.0,76.0,0,0,,inactive
4340,terminal_or_isolated,1,53.0,188.0,26.0,212.0,752.0,104.0,60.0,1,1,4467,terminal
4341,terminal_or_isolated,1,53.0,188.0,46.0,212.0,752.0,184.0,60.0,1,1,4886,terminal
4342,terminal_or_isolated,1,54.0,14.0,86.0,216.0,56.0,344.0,56.0,0,0,,inactive
4343,terminal_or_isolated,1,54.0,25.0,171.0,216.0,100.0,684.0,100.0,0,0,,inactive
4344,terminal_or_isolated,1,54.0,43.0,18.0,216.0,172.0,72.0,72.0,0,0,,inactive
4345,terminal_or_isolated,1,54.0,46.0,94.0,216.0,184.0,376.0,184.0,0,0,,inactive
4346,terminal_or_isolated,1,54.0,121.0,77.0,216.0,484.0,308.0,216.0,0,0,,inactive
4347,terminal_or_isolated,1,54.0,170.0,185.0,216.0,680.0,740.0,96.0,0,0,,inactive
4348,terminal_or_isolated,1,54.0,180.0,156.0,216.0,720.0,624.0,92.0,0,0,,inactive
4349,terminal_or_isolated,1,54.0,181.0,97.0,216.0,724.0,388.0,88.0,0,0,,inactive
4350,terminal_or_isolated,1,54.0,183.0,17.0,216.0,732.0,68.0,68.0,0,0,,inactive
4351,terminal_or_isolated,1,54.0,183.0,95.0,216.0,732.0,380.0,80.0,0,0,,inactive
4352,terminal_or_isolated,1,54.0,187.0,182.0,216.0,748.0,728.0,64.0,1,1,4474,terminal
4353,terminal_or_isolated,1,54.0,188.0,65.0,216.0,752.0,260.0,60.0,1,1,4484,terminal
4354,terminal_or_isolated,1,54.0,188.0,85.0,216.0,752.0,340.0,60.0,1,1,4490,terminal
4355,terminal_or_isolated,1,54.0,188.0,104.0,216.0,752.0,416.0,60.0,1,1,4881,terminal
4356,terminal_or_isolated,1,54.0,188.0,124.0,216.0,752.0,496.0,60.0,1,1,4457,terminal
4357,terminal_or_isolated,1,55.0,102.0,191.0,220.0,408.0,764.0,72.0,0,0,,inactive
4358,terminal_or_isolated,1,55.0,104.0,75.0,220.0,416.0,300.0,220.0,0,0,,inactive
4359,terminal_or_isolated,1,55.0,188.0,163.0,220.0,752.0,652.0,60.0,1,1,4876,terminal
4360,terminal_or_isolated,1,56.0,16.0,67.0,224.0,64.0,268.0,64.0,0,0,,inactive
4361,terminal_or_isolated,1,56.0,18.0,49.0,224.0,72.0,196.0,72.0,1,1,5749,terminal
4362,terminal_or_isolated,1,56.0,18.0,108.0,224.0,72.0,432.0,72.0,1,1,4946,terminal
4363,terminal_or_isolated,1,56.0,19.0,117.0,224.0,76.0,468.0,76.0,1,1,4947,terminal
4364,terminal_or_isolated,1,56.0,20.0,58.0,224.0,80.0,232.0,80.0,1,1,4901,terminal
4365,terminal_or_isolated,1,56.0,20.0,70.0,224.0,80.0,280.0,80.0,0,0,,inactive
4366,terminal_or_isolated,1,56.0,21.0,96.0,224.0,84.0,384.0,84.0,0,0,,inactive
4367,terminal_or_isolated,1,56.0,22.0,52.0,224.0,88.0,208.0,88.0,0,0,,inactive
4368,terminal_or_isolated,1,56.0,30.0,29.0,224.0,120.0,116.0,116.0,0,0,,inactive
4369,terminal_or_isolated,1,56.0,31.0,86.0,224.0,124.0,344.0,124.0,0,0,,inactive
4370,terminal_or_isolated,1,56.0,36.0,47.0,224.0,144.0,188.0,144.0,0,0,,inactive
4371,terminal_or_isolated,1,56.0,37.0,41.0,224.0,148.0,164.0,148.0,1,1,4972,terminal
4372,terminal_or_isolated,1,56.0,41.0,52.0,224.0,164.0,208.0,164.0,0,0,,inactive
4373,terminal_or_isolated,1,56.0,47.0,31.0,224.0,188.0,124.0,124.0,1,1,5008,terminal
4374,terminal_or_isolated,1,56.0,49.0,49.0,224.0,196.0,196.0,196.0,1,1,5053,terminal
4375,terminal_or_isolated,1,56.0,56.0,29.0,224.0,224.0,116.0,116.0,0,0,,inactive
4376,terminal_or_isolated,1,56.0,58.0,21.0,224.0,232.0,84.0,84.0,1,1,5589,terminal
4377,terminal_or_isolated,1,56.0,67.0,59.0,224.0,268.0,236.0,224.0,1,1,5097,terminal
4378,terminal_or_isolated,1,56.0,70.0,42.0,224.0,280.0,168.0,168.0,0,0,,inactive
4379,terminal_or_isolated,1,56.0,70.0,48.0,224.0,280.0,192.0,192.0,0,0,,inactive
4380,terminal_or_isolated,1,56.0,75.0,67.0,224.0,300.0,268.0,224.0,0,0,,inactive
4381,terminal_or_isolated,1,56.0,85.0,57.0,224.0,340.0,228.0,224.0,0,0,,inactive
4382,terminal_or_isolated,1,56.0,100.0,38.0,224.0,400.0,152.0,152.0,0,0,,inactive
4383,terminal_or_isolated,1,56.0,107.0,60.0,224.0,428.0,240.0,224.0,1,1,5218,terminal
4384,terminal_or_isolated,1,56.0,115.0,48.0,224.0,460.0,192.0,192.0,0,0,,inactive
4385,terminal_or_isolated,1,56.0,116.0,69.0,224.0,464.0,276.0,224.0,1,1,5266,terminal
4386,terminal_or_isolated,1,56.0,118.0,71.0,224.0,472.0,284.0,224.0,1,1,5282,terminal
4387,terminal_or_isolated,1,56.0,124.0,19.0,224.0,496.0,76.0,76.0,0,0,,inactive
4388,terminal_or_isolated,1,56.0,127.0,60.0,224.0,508.0,240.0,224.0,1,1,5333,terminal
4389,terminal_or_isolated,1,56.0,128.0,23.0,224.0,512.0,92.0,92.0,0,0,,inactive
4390,terminal_or_isolated,1,56.0,128.0,49.0,224.0,512.0,196.0,196.0,0,0,,inactive
4391,terminal_or_isolated,1,56.0,138.0,32.0,224.0,552.0,128.0,128.0,0,0,,inactive
4392,terminal_or_isolated,1,56.0,139.0,58.0,224.0,556.0,232.0,224.0,0,0,,inactive
4393,terminal_or_isolated,1,56.0,166.0,70.0,224.0,664.0,280.0,148.0,1,1,5453,terminal
4394,terminal_or_isolated,1,56.0,168.0,82.0,224.0,672.0,328.0,140.0,0,0,,inactive
4395,terminal_or_isolated,1,56.0,173.0,67.0,224.0,692.0,268.0,120.0,0,0,,inactive
4396,terminal_or_isolated,1,56.0,174.0,49.0,224.0,696.0,196.0,116.0,0,0,,inactive
4397,terminal_or_isolated,1,56.0,175.0,23.0,224.0,700.0,92.0,92.0,0,0,,inactive
4398,terminal_or_isolated,1,56.0,188.0,23.0,224.0,752.0,92.0,60.0,1,1,5538,terminal
4399,terminal_or_isolated,1,56.0,188.0,29.0,224.0,752.0,116.0,60.0,1,1,5530,terminal
4400,terminal_or_isolated,1,56.0,188.0,43.0,224.0,752.0,172.0,60.0,1,1,5533,terminal
4401,terminal_or_isolated,1,56.0,188.0,68.0,224.0,752.0,272.0,60.0,1,1,5543,terminal
4402,terminal_or_isolated,1,56.0,188.0,82.0,224.0,752.0,328.0,60.0,1,1,5544,terminal
4403,terminal_or_isolated,1,57.0,26.0,135.0,228.0,104.0,540.0,104.0,0,0,,inactive
4404,terminal_or_isolated,1,57.0,37.0,119.0,228.0,148.0,476.0,148.0,1,1,5557,terminal
4405,terminal_or_isolated,1,57.0,37.0,177.0,228.0,148.0,708.0,128.0,1,1,5572,terminal
4406,terminal_or_isolated,1,57.0,47.0,156.0,228.0,188.0,624.0,188.0,1,1,5580,terminal
4407,terminal_or_isolated,1,57.0,48.0,147.0,228.0,192.0,588.0,192.0,1,1,5047,terminal
4408,terminal_or_isolated,1,57.0,67.0,167.0,228.0,268.0,668.0,168.0,1,1,5144,terminal
4409,terminal_or_isolated,1,57.0,69.0,126.0,228.0,276.0,504.0,228.0,1,1,5601,terminal
4410,terminal_or_isolated,1,57.0,75.0,101.0,228.0,300.0,404.0,228.0,0,0,,inactive
4411,terminal_or_isolated,1,57.0,75.0,159.0,228.0,300.0,636.0,200.0,0,0,,inactive
4412,terminal_or_isolated,1,57.0,76.0,177.0,228.0,304.0,708.0,128.0,1,1,5149,terminal
4413,terminal_or_isolated,1,57.0,77.0,147.0,228.0,308.0,588.0,228.0,1,1,5126,terminal
4414,terminal_or_isolated,1,57.0,78.0,157.0,228.0,312.0,628.0,208.0,1,1,5614,terminal
4415,terminal_or_isolated,1,57.0,79.0,97.0,228.0,316.0,388.0,228.0,0,0,,inactive
4416,terminal_or_isolated,1,57.0,79.0,136.0,228.0,316.0,544.0,228.0,0,0,,inactive
4417,terminal_or_isolated,1,57.0,86.0,167.0,228.0,344.0,668.0,168.0,1,1,5150,terminal
4418,terminal_or_isolated,1,57.0,87.0,147.0,228.0,348.0,588.0,228.0,1,1,5616,terminal
4419,terminal_or_isolated,1,57.0,89.0,165.0,228.0,356.0,660.0,176.0,0,0,,inactive
4420,terminal_or_isolated,1,57.0,96.0,100.0,228.0,384.0,400.0,228.0,1,1,5230,terminal
4421,terminal_or_isolated,1,57.0,106.0,129.0,228.0,424.0,516.0,228.0,1,1,5240,terminal
4422,terminal_or_isolated,1,57.0,108.0,120.0,228.0,432.0,480.0,228.0,0,0,,inactive
4423,terminal_or_isolated,1,57.0,115.0,87.0,228.0,460.0,348.0,228.0,0,0,,inactive
4424,terminal_or_isolated,1,57.0,115.0,139.0,228.0,460.0,556.0,228.0,1,1,5248,terminal
4425,terminal_or_isolated,1,57.0,116.0,128.0,228.0,464.0,512.0,228.0,1,1,5293,terminal
4426,terminal_or_isolated,1,57.0,118.0,156.0,228.0,472.0,624.0,212.0,0,0,,inactive
4427,terminal_or_isolated,1,57.0,119.0,52.0,228.0,476.0,208.0,208.0,0,0,,inactive
4428,terminal_or_isolated,1,57.0,125.0,156.0,228.0,500.0,624.0,212.0,1,1,5311,terminal
4429,terminal_or_isolated,1,57.0,128.0,100.0,228.0,512.0,400.0,228.0,0,0,,inactive
4430,terminal_or_isolated,1,57.0,136.0,157.0,228.0,544.0,628.0,208.0,1,1,5680,terminal
4431,terminal_or_isolated,1,57.0,146.0,138.0,228.0,584.0,552.0,228.0,1,1,5404,terminal
4432,terminal_or_isolated,1,57.0,147.0,127.0,228.0,588.0,508.0,224.0,1,1,5402,terminal
4433,terminal_or_isolated,1,57.0,154.0,101.0,228.0,616.0,404.0,196.0,0,0,,inactive
4434,terminal_or_isolated,1,57.0,156.0,148.0,228.0,624.0,592.0,188.0,1,1,5437,terminal
4435,terminal_or_isolated,1,57.0,158.0,117.0,228.0,632.0,468.0,180.0,0,0,,inactive
4436,terminal_or_isolated,1,57.0,164.0,137.0,228.0,656.0,548.0,156.0,1,1,5468,terminal
4437,terminal_or_isolated,1,57.0,165.0,79.0,228.0,660.0,316.0,152.0,1,1,5455,terminal
4438,terminal_or_isolated,1,57.0,166.0,109.0,228.0,664.0,436.0,148.0,1,1,5504,terminal
4439,terminal_or_isolated,1,57.0,167.0,127.0,228.0,668.0,508.0,144.0,1,1,5466,terminal
4440,terminal_or_isolated,1,57.0,168.0,141.0,228.0,672.0,564.0,140.0,0,0,,inactive
4441,terminal_or_isolated,1,57.0,168.0,160.0,228.0,672.0,640.0,140.0,0,0,,inactive
4442,terminal_or_isolated,1,57.0,174.0,101.0,228.0,696.0,404.0,116.0,0,0,,inactive
4443,terminal_or_isolated,1,57.0,183.0,150.0,228.0,732.0,600.0,80.0,0,0,,inactive
4444,terminal_or_isolated,1,57.0,187.0,140.0,228.0,748.0,560.0,64.0,1,1,5524,terminal
4445,terminal_or_isolated,1,57.0,187.0,179.0,228.0,748.0,716.0,64.0,1,1,5743,terminal
4446,terminal_or_isolated,1,57.0,188.0,126.0,228.0,752.0,504.0,60.0,1,1,5522,terminal
4447,terminal_or_isolated,1,57.0,188.0,165.0,228.0,752.0,660.0,60.0,1,1,5741,terminal
4448,terminal_or_isolated,1,57.0,188.0,184.0,228.0,752.0,736.0,60.0,1,1,5732,terminal
4449,terminal_or_isolated,1,58.0,41.0,16.0,232.0,164.0,64.0,64.0,0,0,,inactive
4450,terminal_or_isolated,1,59.0,14.0,42.0,236.0,56.0,168.0,56.0,0,0,,inactive
4451,terminal_or_isolated,1,59.0,92.0,106.0,236.0,368.0,424.0,236.0,0,0,,inactive
4452,terminal_or_isolated,1,59.0,99.0,36.0,236.0,396.0,144.0,144.0,0,0,,inactive
4453,terminal_or_isolated,1,59.0,99.0,113.0,236.0,396.0,452.0,236.0,0,0,,inactive
4454,terminal_or_isolated,1,59.0,102.0,71.0,236.0,408.0,284.0,236.0,0,0,,inactive
4455,terminal_or_isolated,1,59.0,171.0,43.0,236.0,684.0,172.0,128.0,0,0,,inactive
4456,terminal_or_isolated,1,59.0,181.0,33.0,236.0,724.0,132.0,88.0,0,0,,inactive
4457,terminal_or_isolated,1,59.0,188.0,46.0,236.0,752.0,184.0,60.0,1,1,6547,terminal
4458,terminal_or_isolated,1,59.0,188.0,65.0,236.0,752.0,260.0,60.0,1,1,6554,terminal
4459,terminal_or_isolated,1,59.0,188.0,85.0,236.0,752.0,340.0,60.0,1,1,6561,terminal
4460,terminal_or_isolated,1,59.0,188.0,104.0,236.0,752.0,416.0,60.0,1,1,6516,terminal
4461,terminal_or_isolated,1,59.0,188.0,124.0,236.0,752.0,496.0,60.0,1,1,6522,terminal
4462,terminal_or_isolated,1,59.0,188.0,143.0,236.0,752.0,572.0,60.0,1,1,6527,terminal
4463,terminal_or_isolated,1,59.0,188.0,163.0,236.0,752.0,652.0,60.0,1,1,6533,terminal
4464,terminal_or_isolated,1,59.0,188.0,182.0,236.0,752.0,728.0,60.0,1,1,6567,terminal
4465,terminal_or_isolated,1,60.0,75.0,182.0,240.0,300.0,728.0,108.0,0,0,,inactive
4466,terminal_or_isolated,1,60.0,88.0,143.0,240.0,352.0,572.0,240.0,1,1,5627,terminal
4467,terminal_or_isolated,1,60.0,161.0,32.0,240.0,644.0,128.0,128.0,0,0,,inactive
4468,terminal_or_isolated,1,60.0,180.0,189.0,240.0,720.0,756.0,80.0,0,0,,inactive
4469,terminal_or_isolated,1,60.0,181.0,91.0,240.0,724.0,364.0,88.0,1,1,5519,terminal
4470,terminal_or_isolated,1,60.0,188.0,26.0,240.0,752.0,104.0,60.0,1,1,6540,terminal
4471,terminal_or_isolated,1,61.0,13.0,166.0,244.0,52.0,664.0,52.0,1,1,4910,terminal
4472,terminal_or_isolated,1,61.0,14.0,39.0,244.0,56.0,156.0,56.0,1,1,5778,terminal
4473,terminal_or_isolated,1,61.0,32.0,166.0,244.0,128.0,664.0,128.0,1,1,5568,terminal
4474,terminal_or_isolated,1,61.0,42.0,148.0,244.0,168.0,592.0,168.0,1,1,5000,terminal
4475,terminal_or_isolated,1,61.0,51.0,177.0,244.0,204.0,708.0,128.0,1,1,5070,terminal
4476,terminal_or_isolated,1,61.0,68.0,35.0,244.0,272.0,140.0,140.0,1,1,6033,terminal
4477,terminal_or_isolated,1,61.0,86.0,113.0,244.0,344.0,452.0,244.0,1,1,5180,terminal
4478,terminal_or_isolated,1,61.0,88.0,104.0,244.0,352.0,416.0,244.0,1,1,5639,terminal
4479,terminal_or_isolated,1,61.0,91.0,30.0,244.0,364.0,120.0,120.0,1,1,5191,terminal
4480,terminal_or_isolated,1,61.0,92.0,60.0,244.0,368.0,240.0,240.0,1,1,5200,terminal
4481,terminal_or_isolated,1,61.0,101.0,148.0,244.0,404.0,592.0,244.0,1,1,5657,terminal
4482,terminal_or_isolated,1,61.0,111.0,89.0,244.0,444.0,356.0,244.0,1,1,5238,terminal
4483,terminal_or_isolated,1,61.0,112.0,80.0,244.0,448.0,320.0,244.0,1,1,6239,terminal
4484,terminal_or_isolated,1,61.0,141.0,178.0,244.0,564.0,712.0,124.0,0,0,,inactive
4485,terminal_or_isolated,1,61.0,151.0,139.0,244.0,604.0,556.0,208.0,1,1,5440,terminal
4486,terminal_or_isolated,1,61.0,170.0,167.0,244.0,680.0,668.0,132.0,1,1,6504,terminal
4487,terminal_or_isolated,1,61.0,170.0,178.0,244.0,680.0,712.0,124.0,1,1,5717,terminal
4488,terminal_or_isolated,1,61.0,176.0,16.0,244.0,704.0,64.0,64.0,1,1,6471,terminal
4489,terminal_or_isolated,1,61.0,186.0,17.0,244.0,744.0,68.0,68.0,1,1,5540,terminal
4490,terminal_or_isolated,1,62.0,13.0,59.0,248.0,52.0,236.0,52.0,1,1,4902,terminal
4491,terminal_or_isolated,1,62.0,13.0,156.0,248.0,52.0,624.0,52.0,1,1,5800,terminal
4492,terminal_or_isolated,1,62.0,33.0,137.0,248.0,132.0,548.0,132.0,1,1,5562,terminal
4493,terminal_or_isolated,1,62.0,82.0,108.0,248.0,328.0,432.0,248.0,1,1,6101,terminal
4494,terminal_or_isolated,1,62.0,92.0,109.0,248.0,368.0,436.0,248.0,1,1,6604,terminal
4495,terminal_or_isolated,1,62.0,145.0,192.0,248.0,580.0,768.0,68.0,1,1,5753,terminal
4496,terminal_or_isolated,1,62.0,150.0,187.0,248.0,600.0,748.0,88.0,1,1,5692,terminal
4497,terminal_or_isolated,1,62.0,161.0,30.0,248.0,644.0,120.0,120.0,1,1,6415,terminal
4498,terminal_or_isolated,1,62.0,165.0,46.0,248.0,660.0,184.0,152.0,1,1,6422,terminal
4499,terminal_or_isolated,1,62.0,171.0,79.0,248.0,684.0,316.0,128.0,1,1,5501,terminal
4500,terminal_or_isolated,1,62.0,180.0,178.0,248.0,720.0,712.0,92.0,1,1,6566,terminal
4501,terminal_or_isolated,1,62.0,181.0,30.0,248.0,724.0,120.0,88.0,1,1,6539,terminal
4502,terminal_or_isolated,1,62.0,186.0,134.0,248.0,744.0,536.0,68.0,1,1,5528,terminal
4503,terminal_or_isolated,1,63.0,13.0,168.0,252.0,52.0,672.0,52.0,1,1,5806,terminal
4504,terminal_or_isolated,1,63.0,14.0,18.0,252.0,56.0,72.0,56.0,1,1,4899,terminal
4505,terminal_or_isolated,1,63.0,23.0,126.0,252.0,92.0,504.0,92.0,0,0,,inactive
4506,terminal_or_isolated,1,63.0,31.0,15.0,252.0,124.0,60.0,60.0,0,0,,inactive
4507,terminal_or_isolated,1,63.0,92.0,58.0,252.0,368.0,232.0,232.0,0,0,,inactive
4508,terminal_or_isolated,1,63.0,171.0,39.0,252.0,684.0,156.0,128.0,0,0,,inactive
4509,terminal_or_isolated,1,63.0,187.0,75.0,252.0,748.0,300.0,64.0,1,1,5547,terminal
4510,terminal_or_isolated,1,63.0,187.0,153.0,252.0,748.0,612.0,64.0,1,1,5730,terminal
4511,terminal_or_isolated,1,63.0,188.0,36.0,252.0,752.0,144.0,60.0,1,1,5535,terminal
4512,terminal_or_isolated,1,64.0,14.0,76.0,256.0,56.0,304.0,56.0,0,0,,inactive
4513,terminal_or_isolated,1,64.0,36.0,15.0,256.0,144.0,60.0,60.0,0,0,,inactive
4514,terminal_or_isolated,1,64.0,36.0,54.0,256.0,144.0,216.0,144.0,0,0,,inactive
4515,terminal_or_isolated,1,64.0,41.0,103.0,256.0,164.0,412.0,164.0,0,0,,inactive
4516,terminal_or_isolated,1,64.0,42.0,145.0,256.0,168.0,580.0,168.0,0,0,,inactive
4517,terminal_or_isolated,1,64.0,52.0,174.0,256.0,208.0,696.0,140.0,0,0,,inactive
4518,terminal_or_isolated,1,64.0,69.0,133.0,256.0,276.0,532.0,256.0,0,0,,inactive
4519,terminal_or_isolated,1,64.0,93.0,191.0,256.0,372.0,764.0,72.0,0,0,,inactive
4520,terminal_or_isolated,1,64.0,101.0,145.0,256.0,404.0,580.0,256.0,0,0,,inactive
4521,terminal_or_isolated,1,64.0,102.0,67.0,256.0,408.0,268.0,256.0,0,0,,inactive
4522,terminal_or_isolated,1,64.0,161.0,87.0,256.0,644.0,348.0,168.0,0,0,,inactive
4523,terminal_or_isolated,1,64.0,188.0,94.0,256.0,752.0,376.0,60.0,1,1,5520,terminal
4524,terminal_or_isolated,1,64.0,188.0,114.0,256.0,752.0,456.0,60.0,1,1,5740,terminal
4525,terminal_or_isolated,1,65.0,188.0,192.0,260.0,752.0,768.0,60.0,1,1,5735,terminal
4526,terminal_or_isolated,1,66.0,18.0,59.0,264.0,72.0,236.0,72.0,1,1,5785,terminal
4527,terminal_or_isolated,1,66.0,18.0,108.0,264.0,72.0,432.0,72.0,1,1,5775,terminal
4528,terminal_or_isolated,1,66.0,19.0,138.0,264.0,76.0,552.0,76.0,1,1,6578,terminal
4529,terminal_or_isolated,1,66.0,21.0,61.0,264.0,84.0,244.0,84.0,0,0,,inactive
4530,terminal_or_isolated,1,66.0,28.0,29.0,264.0,112.0,116.0,112.0,1,1,5862,terminal
4531,terminal_or_isolated,1,66.0,29.0,98.0,264.0,116.0,392.0,116.0,1,1,5883,terminal
4532,terminal_or_isolated,1,66.0,30.0,90.0,264.0,120.0,360.0,120.0,0,0,,inactive
4533,terminal_or_isolated,1,66.0,37.0,70.0,264.0,148.0,280.0,148.0,1,1,5875,terminal
4534,terminal_or_isolated,1,66.0,47.0,147.0,264.0,188.0,588.0,188.0,1,1,5901,terminal
4535,terminal_or_isolated,1,66.0,49.0,59.0,264.0,196.0,236.0,196.0,1,1,5760,terminal
4536,terminal_or_isolated,1,66.0,49.0,117.0,264.0,196.0,468.0,196.0,1,1,5976,terminal
4537,terminal_or_isolated,1,66.0,58.0,108.0,264.0,232.0,432.0,232.0,1,1,5993,terminal
4538,terminal_or_isolated,1,66.0,59.0,80.0,264.0,236.0,320.0,236.0,1,1,5987,terminal
4539,terminal_or_isolated,1,66.0,60.0,101.0,264.0,240.0,404.0,240.0,0,0,,inactive
4540,terminal_or_isolated,1,66.0,68.0,79.0,264.0,272.0,316.0,264.0,1,1,6064,terminal
4541,terminal_or_isolated,1,66.0,69.0,71.0,264.0,276.0,284.0,264.0,1,1,6017,terminal
4542,terminal_or_isolated,1,66.0,75.0,96.0,264.0,300.0,384.0,264.0,0,0,,inactive
4543,terminal_or_isolated,1,66.0,76.0,78.0,264.0,304.0,312.0,264.0,0,0,,inactive
4544,terminal_or_isolated,1,66.0,80.0,101.0,264.0,320.0,404.0,264.0,0,0,,inactive
4545,terminal_or_isolated,1,66.0,87.0,89.0,264.0,348.0,356.0,264.0,1,1,6095,terminal
4546,terminal_or_isolated,1,66.0,89.0,150.0,264.0,356.0,600.0,236.0,0,0,,inactive
4547,terminal_or_isolated,1,66.0,90.0,92.0,264.0,360.0,368.0,264.0,0,0,,inactive
4548,terminal_or_isolated,1,66.0,99.0,101.0,264.0,396.0,404.0,264.0,0,0,,inactive
4549,terminal_or_isolated,1,66.0,105.0,107.0,264.0,420.0,428.0,264.0,0,0,,inactive
4550,terminal_or_isolated,1,66.0,107.0,40.0,264.0,428.0,160.0,160.0,1,1,6181,terminal
4551,terminal_or_isolated,1,66.0,109.0,97.0,264.0,436.0,388.0,264.0,0,0,,inactive
4552,terminal_or_isolated,1,66.0,115.0,32.0,264.0,460.0,128.0,128.0,0,0,,inactive
4553,terminal_or_isolated,1,66.0,115.0,78.0,264.0,460.0,312.0,264.0,0,0,,inactive
4554,terminal_or_isolated,1,66.0,118.0,100.0,264.0,472.0,400.0,264.0,1,1,6282,terminal
4555,terminal_or_isolated,1,66.0,125.0,49.0,264.0,500.0,196.0,196.0,0,0,,inactive
4556,terminal_or_isolated,1,66.0,126.0,21.0,264.0,504.0,84.0,84.0,1,1,6306,terminal
4557,terminal_or_isolated,1,66.0,128.0,110.0,264.0,512.0,440.0,264.0,0,0,,inactive
4558,terminal_or_isolated,1,66.0,134.0,111.0,264.0,536.0,444.0,264.0,0,0,,inactive
4559,terminal_or_isolated,1,66.0,137.0,100.0,264.0,548.0,400.0,264.0,1,1,6621,terminal
4560,terminal_or_isolated,1,66.0,138.0,62.0,264.0,552.0,248.0,248.0,0,0,,inactive
4561,terminal_or_isolated,1,66.0,144.0,62.0,264.0,576.0,248.0,236.0,0,0,,inactive
4562,terminal_or_isolated,1,66.0,145.0,69.0,264.0,580.0,276.0,232.0,1,1,6346,terminal
4563,terminal_or_isolated,1,66.0,147.0,98.0,264.0,588.0,392.0,224.0,1,1,6356,terminal
4564,terminal_or_isolated,1,66.0,155.0,52.0,264.0,620.0,208.0,192.0,0,0,,inactive
4565,terminal_or_isolated,1,66.0,158.0,49.0,264.0,632.0,196.0,180.0,0,0,,inactive
4566,terminal_or_isolated,1,66.0,165.0,108.0,264.0,660.0,432.0,152.0,0,0,,inactive
4567,terminal_or_isolated,1,66.0,166.0,90.0,264.0,664.0,360.0,148.0,1,1,6494,terminal
4568,terminal_or_isolated,1,66.0,168.0,78.0,264.0,672.0,312.0,140.0,0,0,,inactive
4569,terminal_or_isolated,1,66.0,176.0,128.0,264.0,704.0,512.0,108.0,1,1,6460,terminal
4570,terminal_or_isolated,1,66.0,185.0,109.0,264.0,740.0,436.0,72.0,1,1,6515,terminal
4571,terminal_or_isolated,1,66.0,187.0,52.0,264.0,748.0,208.0,64.0,1,1,6549,terminal
4572,terminal_or_isolated,1,66.0,187.0,150.0,264.0,748.0,600.0,64.0,1,1,6528,terminal
4573,terminal_or_isolated,1,66.0,188.0,33.0,264.0,752.0,132.0,60.0,1,1,6542,terminal
4574,terminal_or_isolated,1,66.0,188.0,39.0,264.0,752.0,156.0,60.0,1,1,6548,terminal
4575,terminal_or_isolated,1,66.0,188.0,58.0,264.0,752.0,232.0,60.0,1,1,6556,terminal
4576,terminal_or_isolated,1,66.0,188.0,72.0,264.0,752.0,288.0,60.0,1,1,6557,terminal
4577,terminal_or_isolated,1,66.0,188.0,92.0,264.0,752.0,368.0,60.0,1,1,6562,terminal
4578,terminal_or_isolated,1,66.0,188.0,97.0,264.0,752.0,388.0,60.0,1,1,6518,terminal
4579,terminal_or_isolated,1,66.0,189.0,19.0,264.0,756.0,76.0,56.0,1,1,6541,terminal
4580,terminal_or_isolated,1,67.0,25.0,140.0,268.0,100.0,560.0,100.0,0,0,,inactive
4581,terminal_or_isolated,1,67.0,25.0,159.0,268.0,100.0,636.0,100.0,0,0,,inactive
4582,terminal_or_isolated,1,67.0,37.0,148.0,268.0,148.0,592.0,148.0,1,1,5854,terminal
4583,terminal_or_isolated,1,67.0,55.0,169.0,268.0,220.0,676.0,160.0,0,0,,inactive
4584,terminal_or_isolated,1,67.0,66.0,177.0,268.0,264.0,708.0,128.0,1,1,5982,terminal
4585,terminal_or_isolated,1,67.0,79.0,165.0,268.0,316.0,660.0,176.0,0,0,,inactive
4586,terminal_or_isolated,1,67.0,94.0,169.0,268.0,376.0,676.0,160.0,0,0,,inactive
4587,terminal_or_isolated,1,67.0,105.0,146.0,268.0,420.0,584.0,252.0,0,0,,inactive
4588,terminal_or_isolated,1,67.0,115.0,117.0,268.0,460.0,468.0,268.0,1,1,6608,terminal
4589,terminal_or_isolated,1,67.0,116.0,148.0,268.0,464.0,592.0,244.0,1,1,6616,terminal
4590,terminal_or_isolated,1,67.0,116.0,167.0,268.0,464.0,668.0,168.0,1,1,6244,terminal
4591,terminal_or_isolated,1,67.0,126.0,119.0,268.0,504.0,476.0,268.0,1,1,6298,terminal
4592,terminal_or_isolated,1,67.0,126.0,177.0,268.0,504.0,708.0,128.0,1,1,6327,terminal
4593,terminal_or_isolated,1,67.0,138.0,160.0,268.0,552.0,640.0,196.0,0,0,,inactive
4594,terminal_or_isolated,1,67.0,144.0,159.0,268.0,576.0,636.0,200.0,1,1,6626,terminal
4595,terminal_or_isolated,1,67.0,148.0,175.0,268.0,592.0,700.0,136.0,0,0,,inactive
4596,terminal_or_isolated,1,67.0,155.0,157.0,268.0,620.0,628.0,192.0,1,1,6409,terminal
4597,terminal_or_isolated,1,67.0,165.0,178.0,268.0,660.0,712.0,124.0,1,1,6508,terminal
4598,terminal_or_isolated,1,67.0,166.0,138.0,268.0,664.0,552.0,148.0,1,1,6461,terminal
4599,terminal_or_isolated,1,67.0,185.0,158.0,268.0,740.0,632.0,72.0,1,1,6534,terminal
4600,terminal_or_isolated,1,67.0,185.0,178.0,268.0,740.0,712.0,72.0,1,1,6568,terminal
4601,terminal_or_isolated,1,67.0,186.0,188.0,268.0,744.0,752.0,68.0,1,1,6571,terminal
4602,terminal_or_isolated,1,68.0,189.0,36.0,272.0,756.0,144.0,56.0,1,1,7522,terminal
4603,terminal_or_isolated,1,69.0,21.0,44.0,276.0,84.0,176.0,84.0,0,0,,inactive
4604,terminal_or_isolated,1,69.0,32.0,174.0,276.0,128.0,696.0,128.0,0,0,,inactive
4605,terminal_or_isolated,1,69.0,36.0,16.0,276.0,144.0,64.0,64.0,0,0,,inactive
4606,terminal_or_isolated,1,69.0,79.0,143.0,276.0,316.0,572.0,264.0,0,0,,inactive
4607,terminal_or_isolated,1,69.0,85.0,26.0,276.0,340.0,104.0,104.0,0,0,,inactive
4608,terminal_or_isolated,1,69.0,90.0,35.0,276.0,360.0,140.0,140.0,0,0,,inactive
4609,terminal_or_isolated,1,69.0,92.0,19.0,276.0,368.0,76.0,76.0,0,0,,inactive
4610,terminal_or_isolated,1,69.0,105.0,104.0,276.0,420.0,416.0,276.0,0,0,,inactive
4611,terminal_or_isolated,1,69.0,151.0,72.0,276.0,604.0,288.0,208.0,0,0,,inactive
4612,terminal_or_isolated,1,69.0,180.0,180.0,276.0,720.0,720.0,92.0,0,0,,inactive
4613,terminal_or_isolated,1,69.0,181.0,29.0,276.0,724.0,116.0,88.0,0,0,,inactive
4614,terminal_or_isolated,1,69.0,188.0,55.0,276.0,752.0,220.0,60.0,1,1,7531,terminal
4615,terminal_or_isolated,1,69.0,188.0,75.0,276.0,752.0,300.0,60.0,1,1,7537,terminal
4616,terminal_or_isolated,1,69.0,188.0,94.0,276.0,752.0,376.0,60.0,1,1,7545,terminal
4617,terminal_or_isolated,1,69.0,188.0,114.0,276.0,752.0,456.0,60.0,1,1,7497,terminal
4618,terminal_or_isolated,1,69.0,188.0,153.0,276.0,752.0,612.0,60.0,1,1,7511,terminal
4619,terminal_or_isolated,1,69.0,188.0,192.0,276.0,752.0,768.0,60.0,1,1,7572,terminal
4620,terminal_or_isolated,1,70.0,12.0,168.0,280.0,48.0,672.0,48.0,1,1,5807,terminal
4621,terminal_or_isolated,1,70.0,43.0,41.0,280.0,172.0,164.0,164.0,1,1,5920,terminal
4622,terminal_or_isolated,1,70.0,56.0,94.0,280.0,224.0,376.0,224.0,0,0,,inactive
4623,terminal_or_isolated,1,70.0,66.0,103.0,280.0,264.0,412.0,264.0,0,0,,inactive
4624,terminal_or_isolated,1,70.0,66.0,142.0,280.0,264.0,568.0,264.0,1,1,6024,terminal
4625,terminal_or_isolated,1,70.0,85.0,143.0,280.0,340.0,572.0,264.0,0,0,,inactive
4626,terminal_or_isolated,1,70.0,89.0,113.0,280.0,356.0,452.0,280.0,0,0,,inactive
4627,terminal_or_isolated,1,70.0,102.0,49.0,280.0,408.0,196.0,196.0,1,1,6180,terminal
4628,terminal_or_isolated,1,70.0,102.0,100.0,280.0,408.0,400.0,280.0,1,1,6203,terminal
4629,terminal_or_isolated,1,70.0,107.0,191.0,280.0,428.0,764.0,72.0,1,1,7144,terminal
4630,terminal_or_isolated,1,70.0,134.0,153.0,280.0,536.0,612.0,224.0,0,0,,inactive
4631,terminal_or_isolated,1,70.0,157.0,85.0,280.0,628.0,340.0,184.0,1,1,7378,terminal
4632,terminal_or_isolated,1,70.0,170.0,169.0,280.0,680.0,676.0,132.0,0,0,,inactive
4633,terminal_or_isolated,1,70.0,183.0,182.0,280.0,732.0,728.0,80.0,0,0,,inactive
4634,terminal_or_isolated,1,71.0,13.0,137.0,284.0,52.0,548.0,52.0,1,1,6735,terminal
4635,terminal_or_isolated,1,71.0,33.0,137.0,284.0,132.0,548.0,132.0,1,1,6845,terminal
4636,terminal_or_isolated,1,71.0,37.0,172.0,284.0,148.0,688.0,148.0,1,1,5861,terminal
4637,terminal_or_isolated,1,71.0,47.0,123.0,284.0,188.0,492.0,188.0,1,1,5938,terminal
4638,terminal_or_isolated,1,71.0,77.0,172.0,284.0,308.0,688.0,148.0,1,1,7011,terminal
4639,terminal_or_isolated,1,71.0,78.0,35.0,284.0,312.0,140.0,140.0,1,1,7020,terminal
4640,terminal_or_isolated,1,71.0,116.0,113.0,284.0,464.0,452.0,284.0,1,1,7219,terminal
4641,terminal_or_isolated,1,71.0,131.0,79.0,284.0,524.0,316.0,284.0,1,1,6293,terminal
4642,terminal_or_isolated,1,71.0,141.0,89.0,284.0,564.0,356.0,248.0,1,1,7312,terminal
4643,terminal_or_isolated,1,71.0,155.0,133.0,284.0,620.0,532.0,192.0,1,1,6638,terminal
4644,terminal_or_isolated,1,71.0,171.0,31.0,284.0,684.0,124.0,124.0,1,1,6480,terminal
4645,terminal_or_isolated,1,71.0,174.0,192.0,284.0,696.0,768.0,68.0,1,1,6514,terminal
4646,terminal_or_isolated,1,71.0,175.0,173.0,284.0,700.0,692.0,112.0,1,1,7517,terminal
4647,terminal_or_isolated,1,71.0,186.0,17.0,284.0,744.0,68.0,68.0,1,1,6730,terminal
4648,terminal_or_isolated,1,71.0,186.0,133.0,284.0,744.0,532.0,68.0,1,1,7505,terminal
4649,terminal_or_isolated,1,72.0,18.0,44.0,288.0,72.0,176.0,72.0,1,1,6749,terminal
4650,terminal_or_isolated,1,72.0,27.0,93.0,288.0,108.0,372.0,108.0,1,1,6761,terminal
4651,terminal_or_isolated,1,72.0,37.0,191.0,288.0,148.0,764.0,72.0,1,1,6584,terminal
4652,terminal_or_isolated,1,72.0,42.0,176.0,288.0,168.0,704.0,132.0,1,1,6892,terminal
4653,terminal_or_isolated,1,72.0,43.0,39.0,288.0,172.0,156.0,156.0,1,1,6860,terminal
4654,terminal_or_isolated,1,72.0,51.0,177.0,288.0,204.0,708.0,128.0,1,1,6588,terminal
4655,terminal_or_isolated,1,72.0,82.0,20.0,288.0,328.0,80.0,80.0,1,1,6081,terminal
4656,terminal_or_isolated,1,72.0,102.0,51.0,288.0,408.0,204.0,204.0,1,1,7127,terminal
4657,terminal_or_isolated,1,72.0,141.0,118.0,288.0,564.0,472.0,248.0,1,1,6634,terminal
4658,terminal_or_isolated,1,72.0,151.0,69.0,288.0,604.0,276.0,208.0,1,1,7371,terminal
4659,terminal_or_isolated,1,72.0,187.0,26.0,288.0,748.0,104.0,64.0,1,1,6546,terminal
4660,terminal_or_isolated,1,72.0,187.0,46.0,288.0,748.0,184.0,64.0,1,1,6553,terminal
4661,terminal_or_isolated,1,73.0,14.0,145.0,292.0,56.0,580.0,56.0,0,0,,inactive
4662,terminal_or_isolated,1,73.0,17.0,123.0,292.0,68.0,492.0,68.0,1,1,5827,terminal
4663,terminal_or_isolated,1,73.0,23.0,116.0,292.0,92.0,464.0,92.0,0,0,,inactive
4664,terminal_or_isolated,1,73.0,26.0,132.0,292.0,104.0,528.0,104.0,1,1,6777,terminal
4665,terminal_or_isolated,1,73.0,32.0,178.0,292.0,128.0,712.0,124.0,0,0,,inactive
4666,terminal_or_isolated,1,73.0,43.0,71.0,292.0,172.0,284.0,172.0,0,0,,inactive
4667,terminal_or_isolated,1,73.0,50.0,123.0,292.0,200.0,492.0,200.0,0,0,,inactive
4668,terminal_or_isolated,1,73.0,69.0,142.0,292.0,276.0,568.0,268.0,0,0,,inactive
4669,terminal_or_isolated,1,73.0,82.0,97.0,292.0,328.0,388.0,292.0,0,0,,inactive
4670,terminal_or_isolated,1,73.0,137.0,192.0,292.0,548.0,768.0,68.0,0,0,,inactive
4671,terminal_or_isolated,1,73.0,167.0,124.0,292.0,668.0,496.0,144.0,0,0,,inactive
4672,terminal_or_isolated,1,73.0,171.0,29.0,292.0,684.0,116.0,116.0,0,0,,inactive
4673,terminal_or_isolated,1,73.0,180.0,176.0,292.0,720.0,704.0,92.0,1,1,7519,terminal
4674,terminal_or_isolated,1,73.0,188.0,65.0,292.0,752.0,260.0,60.0,1,1,6560,terminal
4675,terminal_or_isolated,1,74.0,33.0,125.0,296.0,132.0,500.0,132.0,0,0,,inactive
4676,terminal_or_isolated,1,74.0,75.0,64.0,296.0,300.0,256.0,256.0,0,0,,inactive
4677,terminal_or_isolated,1,74.0,110.0,104.0,296.0,440.0,416.0,296.0,0,0,,inactive
4678,terminal_or_isolated,1,74.0,131.0,82.0,296.0,524.0,328.0,288.0,0,0,,inactive
4679,terminal_or_isolated,1,74.0,140.0,189.0,296.0,560.0,756.0,80.0,0,0,,inactive
4680,terminal_or_isolated,1,74.0,141.0,116.0,296.0,564.0,464.0,248.0,0,0,,inactive
4681,terminal_or_isolated,1,74.0,158.0,192.0,296.0,632.0,768.0,68.0,0,0,,inactive
4682,terminal_or_isolated,1,74.0,170.0,165.0,296.0,680.0,660.0,132.0,0,0,,inactive
4683,terminal_or_isolated,1,74.0,178.0,192.0,296.0,712.0,768.0,68.0,0,0,,inactive
4684,terminal_or_isolated,1,74.0,188.0,104.0,296.0,752.0,416.0,60.0,1,1,6521,terminal
4685,terminal_or_isolated,1,74.0,188.0,124.0,296.0,752.0,496.0,60.0,1,1,6525,terminal
4686,terminal_or_isolated,1,74.0,188.0,143.0,296.0,752.0,572.0,60.0,1,1,6532,terminal
4687,terminal_or_isolated,1,74.0,188.0,163.0,296.0,752.0,652.0,60.0,1,1,6535,terminal
4688,terminal_or_isolated,1,76.0,18.0,98.0,304.0,72.0,392.0,72.0,1,1,6650,terminal
4689,terminal_or_isolated,1,76.0,19.0,148.0,304.0,76.0,592.0,76.0,1,1,6736,terminal
4690,terminal_or_isolated,1,76.0,28.0,185.0,304.0,112.0,740.0,96.0,1,1,6758,terminal
4691,terminal_or_isolated,1,76.0,29.0,30.0,304.0,116.0,120.0,116.0,1,1,6662,terminal
4692,terminal_or_isolated,1,76.0,29.0,127.0,304.0,116.0,508.0,116.0,1,1,6832,terminal
4693,terminal_or_isolated,1,76.0,45.0,155.0,304.0,180.0,620.0,180.0,0,0,,inactive
4694,terminal_or_isolated,1,76.0,46.0,187.0,304.0,184.0,748.0,88.0,1,1,6894,terminal
4695,terminal_or_isolated,1,76.0,47.0,128.0,304.0,188.0,512.0,188.0,1,1,6887,terminal
4696,terminal_or_isolated,1,76.0,48.0,39.0,304.0,192.0,156.0,156.0,1,1,6909,terminal
4697,terminal_or_isolated,1,76.0,49.0,88.0,304.0,196.0,352.0,196.0,1,1,6921,terminal
4698,terminal_or_isolated,1,76.0,55.0,159.0,304.0,220.0,636.0,200.0,0,0,,inactive
4699,terminal_or_isolated,1,76.0,56.0,139.0,304.0,224.0,556.0,224.0,1,1,6944,terminal
4700,terminal_or_isolated,1,76.0,60.0,116.0,304.0,240.0,464.0,240.0,0,0,,inactive
4701,terminal_or_isolated,1,76.0,66.0,117.0,304.0,264.0,468.0,264.0,1,1,6938,terminal
4702,terminal_or_isolated,1,76.0,66.0,187.0,304.0,264.0,748.0,88.0,1,1,6973,terminal
4703,terminal_or_isolated,1,76.0,67.0,89.0,304.0,268.0,356.0,268.0,1,1,6966,terminal
4704,terminal_or_isolated,1,76.0,67.0,128.0,304.0,268.0,512.0,268.0,1,1,6946,terminal
4705,terminal_or_isolated,1,76.0,69.0,120.0,304.0,276.0,480.0,276.0,0,0,,inactive
4706,terminal_or_isolated,1,76.0,70.0,81.0,304.0,280.0,324.0,280.0,0,0,,inactive
4707,terminal_or_isolated,1,76.0,70.0,125.0,304.0,280.0,500.0,280.0,0,0,,inactive
4708,terminal_or_isolated,1,76.0,75.0,81.0,304.0,300.0,324.0,300.0,0,0,,inactive
4709,terminal_or_isolated,1,76.0,75.0,165.0,304.0,300.0,660.0,176.0,0,0,,inactive
4710,terminal_or_isolated,1,76.0,77.0,118.0,304.0,308.0,472.0,304.0,1,1,6987,terminal
4711,terminal_or_isolated,1,76.0,77.0,127.0,304.0,308.0,508.0,304.0,1,1,7044,terminal
4712,terminal_or_isolated,1,76.0,78.0,79.0,304.0,312.0,316.0,304.0,1,1,7026,terminal
4713,terminal_or_isolated,1,76.0,84.0,155.0,304.0,336.0,620.0,216.0,0,0,,inactive
4714,terminal_or_isolated,1,76.0,89.0,107.0,304.0,356.0,428.0,304.0,0,0,,inactive
4715,terminal_or_isolated,1,76.0,94.0,140.0,304.0,376.0,560.0,276.0,0,0,,inactive
4716,terminal_or_isolated,1,76.0,94.0,165.0,304.0,376.0,660.0,176.0,0,0,,inactive
4717,terminal_or_isolated,1,76.0,95.0,120.0,304.0,380.0,480.0,304.0,0,0,,inactive
4718,terminal_or_isolated,1,76.0,97.0,157.0,304.0,388.0,628.0,208.0,1,1,7111,terminal
4719,terminal_or_isolated,1,76.0,98.0,117.0,304.0,392.0,468.0,304.0,1,1,7148,terminal
4720,terminal_or_isolated,1,76.0,104.0,155.0,304.0,416.0,620.0,216.0,0,0,,inactive
4721,terminal_or_isolated,1,76.0,105.0,110.0,304.0,420.0,440.0,304.0,0,0,,inactive
4722,terminal_or_isolated,1,76.0,105.0,168.0,304.0,420.0,672.0,164.0,1,1,7563,terminal
4723,terminal_or_isolated,1,76.0,106.0,129.0,304.0,424.0,516.0,304.0,1,1,7162,terminal
4724,terminal_or_isolated,1,76.0,107.0,158.0,304.0,428.0,632.0,204.0,1,1,7174,terminal
4725,terminal_or_isolated,1,76.0,108.0,80.0,304.0,432.0,320.0,304.0,1,1,7197,terminal
4726,terminal_or_isolated,1,76.0,109.0,68.0,304.0,436.0,272.0,272.0,0,0,,inactive
4727,terminal_or_isolated,1,76.0,113.0,184.0,304.0,452.0,736.0,100.0,0,0,,inactive
4728,terminal_or_isolated,1,76.0,114.0,165.0,304.0,456.0,660.0,176.0,0,0,,inactive
4729,terminal_or_isolated,1,76.0,117.0,89.0,304.0,468.0,356.0,304.0,1,1,7214,terminal
4730,terminal_or_isolated,1,76.0,117.0,129.0,304.0,468.0,516.0,304.0,1,1,7161,terminal
4731,terminal_or_isolated,1,76.0,118.0,20.0,304.0,472.0,80.0,80.0,0,0,,inactive
4732,terminal_or_isolated,1,76.0,135.0,158.0,304.0,540.0,632.0,204.0,1,1,7294,terminal
4733,terminal_or_isolated,1,76.0,136.0,60.0,304.0,544.0,240.0,240.0,1,1,7261,terminal
4734,terminal_or_isolated,1,76.0,144.0,117.0,304.0,576.0,468.0,236.0,0,0,,inactive
4735,terminal_or_isolated,1,76.0,146.0,128.0,304.0,584.0,512.0,228.0,1,1,7327,terminal
4736,terminal_or_isolated,1,76.0,146.0,167.0,304.0,584.0,668.0,168.0,1,1,7349,terminal
4737,terminal_or_isolated,1,76.0,149.0,87.0,304.0,596.0,348.0,216.0,0,0,,inactive
4738,terminal_or_isolated,1,76.0,154.0,121.0,304.0,616.0,484.0,196.0,0,0,,inactive
4739,terminal_or_isolated,1,76.0,154.0,186.0,304.0,616.0,744.0,92.0,1,1,7355,terminal
4740,terminal_or_isolated,1,76.0,156.0,89.0,304.0,624.0,356.0,188.0,1,1,7381,terminal
4741,terminal_or_isolated,1,76.0,157.0,118.0,304.0,628.0,472.0,184.0,1,1,7435,terminal
4742,terminal_or_isolated,1,76.0,159.0,92.0,304.0,636.0,368.0,176.0,0,0,,inactive
4743,terminal_or_isolated,1,76.0,163.0,175.0,304.0,652.0,700.0,136.0,0,0,,inactive
4744,terminal_or_isolated,1,76.0,164.0,97.0,304.0,656.0,388.0,156.0,0,0,,inactive
4745,terminal_or_isolated,1,76.0,164.0,150.0,304.0,656.0,600.0,156.0,0,0,,inactive
4746,terminal_or_isolated,1,76.0,166.0,50.0,304.0,664.0,200.0,148.0,1,1,7417,terminal
4747,terminal_or_isolated,1,76.0,167.0,100.0,304.0,668.0,400.0,144.0,1,1,7491,terminal
4748,terminal_or_isolated,1,76.0,173.0,121.0,304.0,692.0,484.0,120.0,0,0,,inactive
4749,terminal_or_isolated,1,76.0,174.0,107.0,304.0,696.0,428.0,116.0,0,0,,inactive
4750,terminal_or_isolated,1,76.0,175.0,42.0,304.0,700.0,168.0,112.0,1,1,7523,terminal
4751,terminal_or_isolated,1,76.0,185.0,51.0,304.0,740.0,204.0,72.0,1,1,7530,terminal
4752,terminal_or_isolated,1,76.0,186.0,159.0,304.0,744.0,636.0,68.0,1,1,7512,terminal
4753,terminal_or_isolated,1,76.0,187.0,42.0,304.0,748.0,168.0,64.0,1,1,7525,terminal
4754,terminal_or_isolated,1,76.0,188.0,23.0,304.0,752.0,92.0,60.0,1,1,6731,terminal
4755,terminal_or_isolated,1,76.0,188.0,62.0,304.0,752.0,248.0,60.0,1,1,7532,terminal
4756,terminal_or_isolated,1,76.0,188.0,68.0,304.0,752.0,272.0,60.0,1,1,7538,terminal
4757,terminal_or_isolated,1,76.0,188.0,82.0,304.0,752.0,328.0,60.0,1,1,7539,terminal
4758,terminal_or_isolated,1,76.0,188.0,87.0,304.0,752.0,348.0,60.0,1,1,7544,terminal
4759,terminal_or_isolated,1,76.0,188.0,102.0,304.0,752.0,408.0,60.0,1,1,7546,terminal
4760,terminal_or_isolated,1,76.0,188.0,107.0,304.0,752.0,428.0,60.0,1,1,7498,terminal
4761,terminal_or_isolated,1,76.0,188.0,121.0,304.0,752.0,484.0,60.0,1,1,7499,terminal
4762,terminal_or_isolated,1,76.0,188.0,126.0,304.0,752.0,504.0,60.0,1,1,7504,terminal
4763,terminal_or_isolated,1,76.0,188.0,141.0,304.0,752.0,564.0,60.0,1,1,7506,terminal
4764,terminal_or_isolated,1,76.0,188.0,165.0,304.0,752.0,660.0,60.0,1,1,7518,terminal
4765,terminal_or_isolated,1,76.0,189.0,28.0,304.0,756.0,112.0,56.0,1,1,7524,terminal
4766,terminal_or_isolated,1,77.0,118.0,189.0,308.0,472.0,756.0,80.0,0,0,,inactive
4767,terminal_or_isolated,1,78.0,13.0,101.0,312.0,52.0,404.0,52.0,0,0,,inactive
4768,terminal_or_isolated,1,78.0,13.0,105.0,312.0,52.0,420.0,52.0,0,0,,inactive
4769,terminal_or_isolated,1,78.0,21.0,35.0,312.0,84.0,140.0,84.0,0,0,,inactive
4770,terminal_or_isolated,1,78.0,21.0,93.0,312.0,84.0,372.0,84.0,0,0,,inactive
4771,terminal_or_isolated,1,78.0,31.0,103.0,312.0,124.0,412.0,124.0,0,0,,inactive
4772,terminal_or_isolated,1,78.0,188.0,143.0,312.0,752.0,572.0,60.0,1,1,8474,terminal
4773,terminal_or_isolated,1,78.0,189.0,26.0,312.0,756.0,104.0,56.0,1,1,7818,terminal
4774,terminal_or_isolated,1,79.0,14.0,28.0,316.0,56.0,112.0,56.0,1,1,6746,terminal
4775,terminal_or_isolated,1,79.0,30.0,45.0,316.0,120.0,180.0,120.0,0,0,,inactive
4776,terminal_or_isolated,1,79.0,32.0,184.0,316.0,128.0,736.0,100.0,0,0,,inactive
4777,terminal_or_isolated,1,79.0,36.0,45.0,316.0,144.0,180.0,144.0,0,0,,inactive
4778,terminal_or_isolated,1,79.0,43.0,71.0,316.0,172.0,284.0,172.0,0,0,,inactive
4779,terminal_or_isolated,1,79.0,60.0,16.0,316.0,240.0,64.0,64.0,0,0,,inactive
4780,terminal_or_isolated,1,79.0,70.0,103.0,316.0,280.0,412.0,280.0,0,0,,inactive
4781,terminal_or_isolated,1,79.0,82.0,116.0,316.0,328.0,464.0,316.0,0,0,,inactive
4782,terminal_or_isolated,1,79.0,112.0,101.0,316.0,448.0,404.0,316.0,0,0,,inactive
4783,terminal_or_isolated,1,79.0,138.0,75.0,316.0,552.0,300.0,260.0,0,0,,inactive
4784,terminal_or_isolated,1,79.0,144.0,16.0,316.0,576.0,64.0,64.0,0,0,,inactive
4785,terminal_or_isolated,1,79.0,171.0,68.0,316.0,684.0,272.0,128.0,0,0,,inactive
4786,terminal_or_isolated,1,79.0,183.0,133.0,316.0,732.0,532.0,80.0,0,0,,inactive
4787,terminal_or_isolated,1,79.0,187.0,124.0,316.0,748.0,496.0,64.0,1,1,8467,terminal
4788,terminal_or_isolated,1,79.0,187.0,163.0,316.0,748.0,652.0,64.0,1,1,8481,terminal
4789,terminal_or_isolated,1,79.0,188.0,65.0,316.0,752.0,260.0,60.0,1,1,7827,terminal
4790,terminal_or_isolated,1,79.0,188.0,182.0,316.0,752.0,728.0,60.0,1,1,8486,terminal
4791,terminal_or_isolated,1,80.0,12.0,177.0,320.0,48.0,708.0,48.0,1,1,6742,terminal
4792,terminal_or_isolated,1,80.0,13.0,119.0,320.0,52.0,476.0,52.0,1,1,7550,terminal
4793,terminal_or_isolated,1,80.0,19.0,132.0,320.0,76.0,528.0,76.0,1,1,6780,terminal
4794,terminal_or_isolated,1,80.0,22.0,175.0,320.0,88.0,700.0,88.0,1,1,6784,terminal
4795,terminal_or_isolated,1,80.0,43.0,31.0,320.0,172.0,124.0,124.0,1,1,6862,terminal
4796,terminal_or_isolated,1,80.0,47.0,16.0,320.0,188.0,64.0,64.0,1,1,6886,terminal
4797,terminal_or_isolated,1,80.0,91.0,178.0,320.0,364.0,712.0,124.0,1,1,7064,terminal
4798,terminal_or_isolated,1,80.0,92.0,49.0,320.0,368.0,196.0,196.0,1,1,7071,terminal
4799,terminal_or_isolated,1,80.0,92.0,139.0,320.0,368.0,556.0,280.0,1,1,7103,terminal
4800,terminal_or_isolated,1,80.0,121.0,117.0,320.0,484.0,468.0,320.0,0,0,,inactive
4801,terminal_or_isolated,1,80.0,137.0,192.0,320.0,548.0,768.0,68.0,1,1,7299,terminal
4802,terminal_or_isolated,1,80.0,141.0,110.0,320.0,564.0,440.0,248.0,1,1,7324,terminal
4803,terminal_or_isolated,1,80.0,146.0,36.0,320.0,584.0,144.0,144.0,1,1,7768,terminal
4804,terminal_or_isolated,1,80.0,171.0,22.0,320.0,684.0,88.0,88.0,1,1,7472,terminal
4805,terminal_or_isolated,1,80.0,184.0,114.0,320.0,736.0,456.0,76.0,1,1,7502,terminal
4806,terminal_or_isolated,1,80.0,185.0,36.0,320.0,740.0,144.0,72.0,1,1,7528,terminal
4807,terminal_or_isolated,1,81.0,39.0,45.0,324.0,156.0,180.0,156.0,1,1,7607,terminal
4808,terminal_or_isolated,1,81.0,41.0,187.0,324.0,164.0,748.0,88.0,1,1,7557,terminal
4809,terminal_or_isolated,1,81.0,43.0,137.0,324.0,172.0,548.0,172.0,1,1,6889,terminal
4810,terminal_or_isolated,1,81.0,52.0,177.0,324.0,208.0,708.0,128.0,1,1,8517,terminal
4811,terminal_or_isolated,1,81.0,72.0,108.0,324.0,288.0,432.0,288.0,1,1,8060,terminal
4812,terminal_or_isolated,1,81.0,77.0,133.0,324.0,308.0,532.0,304.0,1,1,7046,terminal
4813,terminal_or_isolated,1,81.0,101.0,157.0,324.0,404.0,628.0,208.0,1,1,7113,terminal
4814,terminal_or_isolated,1,81.0,107.0,113.0,324.0,428.0,452.0,324.0,1,1,7154,terminal
4815,terminal_or_isolated,1,81.0,121.0,148.0,324.0,484.0,592.0,244.0,1,1,7232,terminal
4816,terminal_or_isolated,1,81.0,165.0,192.0,324.0,660.0,768.0,68.0,1,1,8444,terminal
4817,terminal_or_isolated,1,81.0,181.0,109.0,324.0,724.0,436.0,88.0,1,1,7500,terminal
4818,terminal_or_isolated,1,81.0,186.0,45.0,324.0,744.0,180.0,68.0,1,1,8493,terminal
4819,terminal_or_isolated,1,82.0,13.0,117.0,328.0,52.0,468.0,52.0,1,1,7840,terminal
4820,terminal_or_isolated,1,82.0,17.0,74.0,328.0,68.0,296.0,68.0,0,0,,inactive
4821,terminal_or_isolated,1,82.0,17.0,191.0,328.0,68.0,764.0,68.0,1,1,8510,terminal
4822,terminal_or_isolated,1,82.0,19.0,181.0,328.0,76.0,724.0,76.0,1,1,7863,terminal
4823,terminal_or_isolated,1,82.0,27.0,181.0,328.0,108.0,724.0,108.0,1,1,6812,terminal
4824,terminal_or_isolated,1,82.0,42.0,177.0,328.0,168.0,708.0,128.0,1,1,7952,terminal
4825,terminal_or_isolated,1,82.0,56.0,172.0,328.0,224.0,688.0,148.0,1,1,6970,terminal
4826,terminal_or_isolated,1,82.0,78.0,182.0,328.0,312.0,728.0,108.0,1,1,8098,terminal
4827,terminal_or_isolated,1,82.0,86.0,103.0,328.0,344.0,412.0,328.0,1,1,8125,terminal
4828,terminal_or_isolated,1,82.0,102.0,88.0,328.0,408.0,352.0,328.0,1,1,7143,terminal
4829,terminal_or_isolated,1,82.0,112.0,98.0,328.0,448.0,392.0,328.0,1,1,7700,terminal
4830,terminal_or_isolated,1,82.0,117.0,104.0,328.0,468.0,416.0,328.0,0,0,,inactive
4831,terminal_or_isolated,1,82.0,128.0,75.0,328.0,512.0,300.0,300.0,0,0,,inactive
4832,terminal_or_isolated,1,82.0,141.0,42.0,328.0,564.0,168.0,168.0,0,0,,inactive
4833,terminal_or_isolated,1,82.0,157.0,45.0,328.0,628.0,180.0,180.0,1,1,7370,terminal
4834,terminal_or_isolated,1,82.0,184.0,104.0,328.0,736.0,416.0,76.0,1,1,8504,terminal
4835,terminal_or_isolated,1,82.0,186.0,173.0,328.0,744.0,692.0,68.0,1,1,7521,terminal
4836,terminal_or_isolated,1,83.0,13.0,96.0,332.0,52.0,384.0,52.0,0,0,,inactive
4837,terminal_or_isolated,1,83.0,13.0,110.0,332.0,52.0,440.0,52.0,0,0,,inactive
4838,terminal_or_isolated,1,83.0,17.0,35.0,332.0,68.0,140.0,68.0,0,0,,inactive
4839,terminal_or_isolated,1,83.0,23.0,67.0,332.0,92.0,268.0,92.0,0,0,,inactive
4840,terminal_or_isolated,1,83.0,43.0,28.0,332.0,172.0,112.0,112.0,0,0,,inactive
4841,terminal_or_isolated,1,83.0,66.0,64.0,332.0,264.0,256.0,256.0,0,0,,inactive
4842,terminal_or_isolated,1,83.0,66.0,103.0,332.0,264.0,412.0,264.0,0,0,,inactive
4843,terminal_or_isolated,1,83.0,82.0,120.0,332.0,328.0,480.0,328.0,0,0,,inactive
4844,terminal_or_isolated,1,83.0,82.0,126.0,332.0,328.0,504.0,328.0,0,0,,inactive
4845,terminal_or_isolated,1,83.0,91.0,175.0,332.0,364.0,700.0,136.0,0,0,,inactive
4846,terminal_or_isolated,1,83.0,92.0,52.0,332.0,368.0,208.0,208.0,0,0,,inactive
4847,terminal_or_isolated,1,83.0,114.0,152.0,332.0,456.0,608.0,228.0,0,0,,inactive
4848,terminal_or_isolated,1,83.0,141.0,107.0,332.0,564.0,428.0,248.0,0,0,,inactive
4849,terminal_or_isolated,1,83.0,168.0,16.0,332.0,672.0,64.0,64.0,1,1,6729,terminal
4850,terminal_or_isolated,1,83.0,171.0,19.0,332.0,684.0,76.0,76.0,0,0,,inactive
4851,terminal_or_isolated,1,83.0,180.0,107.0,332.0,720.0,428.0,92.0,0,0,,inactive
4852,terminal_or_isolated,1,83.0,188.0,55.0,332.0,752.0,220.0,60.0,1,1,7536,terminal
4853,terminal_or_isolated,1,83.0,188.0,75.0,332.0,752.0,300.0,60.0,1,1,7543,terminal
4854,terminal_or_isolated,1,84.0,13.0,174.0,336.0,52.0,696.0,52.0,0,0,,inactive
4855,terminal_or_isolated,1,84.0,32.0,174.0,336.0,128.0,696.0,128.0,0,0,,inactive
4856,terminal_or_isolated,1,84.0,89.0,191.0,336.0,356.0,764.0,72.0,0,0,,inactive
4857,terminal_or_isolated,1,84.0,121.0,145.0,336.0,484.0,580.0,256.0,0,0,,inactive
4858,terminal_or_isolated,1,84.0,188.0,153.0,336.0,752.0,612.0,60.0,1,1,7515,terminal
4859,terminal_or_isolated,1,86.0,15.0,169.0,344.0,60.0,676.0,60.0,0,0,,inactive
4860,terminal_or_isolated,1,86.0,16.0,96.0,344.0,64.0,384.0,64.0,0,0,,inactive
4861,terminal_or_isolated,1,86.0,17.0,109.0,344.0,68.0,436.0,68.0,1,1,7841,terminal
4862,terminal_or_isolated,1,86.0,19.0,87.0,344.0,76.0,348.0,76.0,1,1,7835,terminal
4863,terminal_or_isolated,1,86.0,20.0,41.0,344.0,80.0,164.0,80.0,0,0,,inactive
4864,terminal_or_isolated,1,86.0,20.0,105.0,344.0,80.0,420.0,80.0,0,0,,inactive
4865,terminal_or_isolated,1,86.0,21.0,62.0,344.0,84.0,248.0,84.0,0,0,,inactive
4866,terminal_or_isolated,1,86.0,27.0,100.0,344.0,108.0,400.0,108.0,1,1,7932,terminal
4867,terminal_or_isolated,1,86.0,27.0,177.0,344.0,108.0,708.0,108.0,1,1,7899,terminal
4868,terminal_or_isolated,1,86.0,27.0,185.0,344.0,108.0,740.0,96.0,1,1,8512,terminal
4869,terminal_or_isolated,1,86.0,29.0,39.0,344.0,116.0,156.0,116.0,1,1,7589,terminal
4870,terminal_or_isolated,1,86.0,36.0,32.0,344.0,144.0,128.0,128.0,0,0,,inactive
4871,terminal_or_isolated,1,86.0,37.0,128.0,344.0,148.0,512.0,148.0,1,1,7916,terminal
4872,terminal_or_isolated,1,86.0,38.0,39.0,344.0,152.0,156.0,152.0,1,1,7602,terminal
4873,terminal_or_isolated,1,86.0,38.0,138.0,344.0,152.0,552.0,152.0,1,1,7940,terminal
4874,terminal_or_isolated,1,86.0,38.0,186.0,344.0,152.0,744.0,92.0,1,1,8513,terminal
4875,terminal_or_isolated,1,86.0,45.0,106.0,344.0,180.0,424.0,180.0,0,0,,inactive
4876,terminal_or_isolated,1,86.0,46.0,22.0,344.0,184.0,88.0,88.0,0,0,,inactive
4877,terminal_or_isolated,1,86.0,46.0,166.0,344.0,184.0,664.0,172.0,1,1,7947,terminal
4878,terminal_or_isolated,1,86.0,47.0,48.0,344.0,188.0,192.0,188.0,1,1,7987,terminal
4879,terminal_or_isolated,1,86.0,47.0,60.0,344.0,188.0,240.0,188.0,1,1,7957,terminal
4880,terminal_or_isolated,1,86.0,48.0,187.0,344.0,192.0,748.0,88.0,0,0,,inactive
4881,terminal_or_isolated,1,86.0,49.0,39.0,344.0,196.0,156.0,156.0,1,1,7609,terminal
4882,terminal_or_isolated,1,86.0,49.0,168.0,344.0,196.0,672.0,164.0,0,0,,inactive
4883,terminal_or_isolated,1,86.0,51.0,111.0,344.0,204.0,444.0,204.0,0,0,,inactive
4884,terminal_or_isolated,1,86.0,55.0,149.0,344.0,220.0,596.0,220.0,0,0,,inactive
4885,terminal_or_isolated,1,86.0,55.0,188.0,344.0,220.0,752.0,84.0,1,1,8012,terminal
4886,terminal_or_isolated,1,86.0,58.0,50.0,344.0,232.0,200.0,200.0,1,1,8041,terminal
4887,terminal_or_isolated,1,86.0,66.0,139.0,344.0,264.0,556.0,264.0,1,1,8067,terminal
4888,terminal_or_isolated,1,86.0,67.0,186.0,344.0,268.0,744.0,92.0,1,1,8056,terminal
4889,terminal_or_isolated,1,86.0,69.0,71.0,344.0,276.0,284.0,276.0,1,1,7636,terminal
4890,terminal_or_isolated,1,86.0,69.0,78.0,344.0,276.0,312.0,276.0,0,0,,inactive
4891,terminal_or_isolated,1,86.0,77.0,157.0,344.0,308.0,628.0,208.0,1,1,8077,terminal
4892,terminal_or_isolated,1,86.0,78.0,50.0,344.0,312.0,200.0,200.0,1,1,7668,terminal
4893,terminal_or_isolated,1,86.0,85.0,43.0,344.0,340.0,172.0,172.0,0,0,,inactive
4894,terminal_or_isolated,1,86.0,86.0,166.0,344.0,344.0,664.0,172.0,1,1,8092,terminal
4895,terminal_or_isolated,1,86.0,87.0,49.0,344.0,348.0,196.0,196.0,1,1,8150,terminal
4896,terminal_or_isolated,1,86.0,88.0,40.0,344.0,352.0,160.0,160.0,1,1,7688,terminal
4897,terminal_or_isolated,1,86.0,96.0,109.0,344.0,384.0,436.0,344.0,1,1,8161,terminal
4898,terminal_or_isolated,1,86.0,96.0,186.0,344.0,384.0,744.0,92.0,1,1,8142,terminal
4899,terminal_or_isolated,1,86.0,97.0,31.0,344.0,388.0,124.0,124.0,1,1,8178,terminal
4900,terminal_or_isolated,1,86.0,97.0,178.0,344.0,388.0,712.0,124.0,0,0,,inactive
4901,terminal_or_isolated,1,86.0,105.0,29.0,344.0,420.0,116.0,116.0,0,0,,inactive
4902,terminal_or_isolated,1,86.0,105.0,68.0,344.0,420.0,272.0,272.0,0,0,,inactive
4903,terminal_or_isolated,1,86.0,106.0,158.0,344.0,424.0,632.0,204.0,1,1,8217,terminal
4904,terminal_or_isolated,1,86.0,109.0,72.0,344.0,436.0,288.0,288.0,0,0,,inactive
4905,terminal_or_isolated,1,86.0,113.0,131.0,344.0,452.0,524.0,312.0,0,0,,inactive
4906,terminal_or_isolated,1,86.0,115.0,78.0,344.0,460.0,312.0,312.0,0,0,,inactive
4907,terminal_or_isolated,1,86.0,116.0,39.0,344.0,464.0,156.0,156.0,1,1,8233,terminal
4908,terminal_or_isolated,1,86.0,116.0,138.0,344.0,464.0,552.0,284.0,1,1,8210,terminal
4909,terminal_or_isolated,1,86.0,117.0,158.0,344.0,468.0,632.0,204.0,1,1,8216,terminal
4910,terminal_or_isolated,1,86.0,118.0,81.0,344.0,472.0,324.0,324.0,0,0,,inactive
4911,terminal_or_isolated,1,86.0,119.0,42.0,344.0,476.0,168.0,168.0,0,0,,inactive
4912,terminal_or_isolated,1,86.0,119.0,126.0,344.0,476.0,504.0,332.0,0,0,,inactive
4913,terminal_or_isolated,1,86.0,123.0,179.0,344.0,492.0,716.0,120.0,0,0,,inactive
4914,terminal_or_isolated,1,86.0,126.0,21.0,344.0,504.0,84.0,84.0,1,1,8278,terminal
4915,terminal_or_isolated,1,86.0,126.0,177.0,344.0,504.0,708.0,128.0,1,1,8291,terminal
4916,terminal_or_isolated,1,86.0,129.0,19.0,344.0,516.0,76.0,76.0,0,0,,inactive
4917,terminal_or_isolated,1,86.0,136.0,90.0,344.0,544.0,360.0,268.0,1,1,8300,terminal
4918,terminal_or_isolated,1,86.0,139.0,87.0,344.0,556.0,348.0,256.0,0,0,,inactive
4919,terminal_or_isolated,1,86.0,143.0,179.0,344.0,572.0,716.0,120.0,0,0,,inactive
4920,terminal_or_isolated,1,86.0,156.0,79.0,344.0,624.0,316.0,188.0,1,1,8374,terminal
4921,terminal_or_isolated,1,86.0,159.0,82.0,344.0,636.0,328.0,176.0,0,0,,inactive
4922,terminal_or_isolated,1,86.0,165.0,22.0,344.0,660.0,88.0,88.0,1,1,8418,terminal
4923,terminal_or_isolated,1,86.0,166.0,80.0,344.0,664.0,320.0,148.0,1,1,8453,terminal
4924,terminal_or_isolated,1,86.0,168.0,151.0,344.0,672.0,604.0,140.0,0,0,,inactive
4925,terminal_or_isolated,1,86.0,175.0,39.0,344.0,700.0,156.0,112.0,0,0,,inactive
4926,terminal_or_isolated,1,86.0,177.0,49.0,344.0,708.0,196.0,104.0,1,1,7812,terminal
4927,terminal_or_isolated,1,86.0,178.0,145.0,344.0,712.0,580.0,100.0,0,0,,inactive
4928,terminal_or_isolated,1,86.0,183.0,82.0,344.0,732.0,328.0,80.0,0,0,,inactive
4929,terminal_or_isolated,1,86.0,184.0,23.0,344.0,736.0,92.0,76.0,0,0,,inactive
4930,terminal_or_isolated,1,86.0,186.0,31.0,344.0,744.0,124.0,68.0,1,1,7822,terminal
4931,terminal_or_isolated,1,86.0,187.0,189.0,344.0,748.0,756.0,64.0,1,1,8488,terminal
4932,terminal_or_isolated,1,86.0,188.0,52.0,344.0,752.0,208.0,60.0,1,1,8496,terminal
4933,terminal_or_isolated,1,86.0,188.0,58.0,344.0,752.0,232.0,60.0,1,1,7829,terminal
4934,terminal_or_isolated,1,86.0,188.0,72.0,344.0,752.0,288.0,60.0,1,1,7832,terminal
4935,terminal_or_isolated,1,86.0,188.0,92.0,344.0,752.0,368.0,60.0,1,1,8499,terminal
4936,terminal_or_isolated,1,86.0,188.0,97.0,344.0,752.0,388.0,60.0,1,1,8505,terminal
4937,terminal_or_isolated,1,86.0,188.0,116.0,344.0,752.0,464.0,60.0,1,1,8469,terminal
4938,terminal_or_isolated,1,86.0,188.0,131.0,344.0,752.0,524.0,60.0,1,1,8468,terminal
4939,terminal_or_isolated,1,86.0,188.0,136.0,344.0,752.0,544.0,60.0,1,1,8476,terminal
4940,terminal_or_isolated,1,86.0,188.0,151.0,344.0,752.0,604.0,60.0,1,1,8475,terminal
4941,terminal_or_isolated,1,86.0,188.0,155.0,344.0,752.0,620.0,60.0,1,1,8482,terminal
4942,terminal_or_isolated,1,86.0,188.0,175.0,344.0,752.0,700.0,60.0,1,1,8487,terminal
4943,terminal_or_isolated,1,88.0,53.0,72.0,352.0,212.0,288.0,212.0,0,0,,inactive
4944,terminal_or_isolated,1,88.0,183.0,26.0,352.0,732.0,104.0,80.0,0,0,,inactive
4945,terminal_or_isolated,1,88.0,188.0,114.0,352.0,752.0,456.0,60.0,1,1,8864,terminal
4946,terminal_or_isolated,1,89.0,13.0,32.0,356.0,52.0,128.0,52.0,1,1,7585,terminal
4947,terminal_or_isolated,1,89.0,14.0,38.0,356.0,56.0,152.0,56.0,1,1,7586,terminal
4948,terminal_or_isolated,1,89.0,32.0,110.0,356.0,128.0,440.0,128.0,0,0,,inactive
4949,terminal_or_isolated,1,89.0,36.0,132.0,356.0,144.0,528.0,144.0,0,0,,inactive
4950,terminal_or_isolated,1,89.0,50.0,94.0,356.0,200.0,376.0,200.0,0,0,,inactive
4951,terminal_or_isolated,1,89.0,50.0,133.0,356.0,200.0,532.0,200.0,0,0,,inactive
4952,terminal_or_isolated,1,89.0,53.0,19.0,356.0,212.0,76.0,76.0,0,0,,inactive
4953,terminal_or_isolated,1,89.0,59.0,25.0,356.0,236.0,100.0,100.0,1,1,8583,terminal
4954,terminal_or_isolated,1,89.0,62.0,159.0,356.0,248.0,636.0,200.0,0,0,,inactive
4955,terminal_or_isolated,1,89.0,81.0,184.0,356.0,324.0,736.0,100.0,0,0,,inactive
4956,terminal_or_isolated,1,89.0,82.0,120.0,356.0,328.0,480.0,328.0,0,0,,inactive
4957,terminal_or_isolated,1,89.0,92.0,91.0,356.0,368.0,364.0,356.0,0,0,,inactive
4958,terminal_or_isolated,1,89.0,128.0,114.0,356.0,512.0,456.0,300.0,0,0,,inactive
4959,terminal_or_isolated,1,89.0,141.0,140.0,356.0,564.0,560.0,248.0,0,0,,inactive
4960,terminal_or_isolated,1,89.0,187.0,153.0,356.0,748.0,612.0,64.0,1,1,9359,terminal
4961,terminal_or_isolated,1,89.0,188.0,36.0,356.0,752.0,144.0,60.0,1,1,8872,terminal
4962,terminal_or_isolated,1,89.0,188.0,55.0,356.0,752.0,220.0,60.0,1,1,8883,terminal
4963,terminal_or_isolated,1,90.0,17.0,132.0,360.0,68.0,528.0,68.0,1,1,7850,terminal
4964,terminal_or_isolated,1,90.0,32.0,175.0,360.0,128.0,700.0,128.0,0,0,,inactive
4965,terminal_or_isolated,1,90.0,35.0,191.0,360.0,140.0,764.0,72.0,1,1,8515,terminal
4966,terminal_or_isolated,1,90.0,42.0,119.0,360.0,168.0,476.0,168.0,0,0,,inactive
4967,terminal_or_isolated,1,90.0,42.0,146.0,360.0,168.0,584.0,168.0,1,1,7942,terminal
4968,terminal_or_isolated,1,90.0,46.0,142.0,360.0,184.0,568.0,184.0,1,1,7944,terminal
4969,terminal_or_isolated,1,90.0,72.0,117.0,360.0,288.0,468.0,288.0,1,1,8065,terminal
4970,terminal_or_isolated,1,90.0,87.0,65.0,360.0,348.0,260.0,260.0,1,1,8672,terminal
4971,terminal_or_isolated,1,90.0,95.0,191.0,360.0,380.0,764.0,72.0,1,1,8144,terminal
4972,terminal_or_isolated,1,90.0,101.0,127.0,360.0,404.0,508.0,328.0,1,1,8202,terminal
4973,terminal_or_isolated,1,90.0,118.0,65.0,360.0,472.0,260.0,260.0,1,1,8281,terminal
4974,terminal_or_isolated,1,90.0,121.0,139.0,360.0,484.0,556.0,280.0,1,1,8268,terminal
4975,terminal_or_isolated,1,90.0,157.0,163.0,360.0,628.0,652.0,184.0,1,1,8408,terminal
4976,terminal_or_isolated,1,90.0,171.0,51.0,360.0,684.0,204.0,128.0,1,1,7814,terminal
4977,terminal_or_isolated,1,90.0,186.0,94.0,360.0,744.0,376.0,68.0,1,1,8876,terminal
4978,terminal_or_isolated,1,91.0,12.0,68.0,364.0,48.0,272.0,48.0,1,1,7581,terminal
4979,terminal_or_isolated,1,91.0,14.0,40.0,364.0,56.0,160.0,56.0,1,1,8528,terminal
4980,terminal_or_isolated,1,91.0,33.0,79.0,364.0,132.0,316.0,132.0,1,1,8557,terminal
4981,terminal_or_isolated,1,91.0,39.0,15.0,364.0,156.0,60.0,60.0,1,1,9012,terminal
4982,terminal_or_isolated,1,91.0,52.0,147.0,364.0,208.0,588.0,208.0,1,1,7984,terminal
4983,terminal_or_isolated,1,91.0,82.0,118.0,364.0,328.0,472.0,328.0,1,1,8655,terminal
4984,terminal_or_isolated,1,91.0,82.0,128.0,364.0,328.0,512.0,324.0,1,1,8114,terminal
4985,terminal_or_isolated,1,91.0,91.0,41.0,364.0,364.0,164.0,164.0,1,1,7691,terminal
4986,terminal_or_isolated,1,91.0,91.0,167.0,364.0,364.0,668.0,168.0,1,1,8138,terminal
4987,terminal_or_isolated,1,91.0,97.0,152.0,364.0,388.0,608.0,228.0,1,1,8133,terminal
4988,terminal_or_isolated,1,91.0,115.0,191.0,364.0,460.0,764.0,72.0,1,1,8251,terminal
4989,terminal_or_isolated,1,91.0,117.0,104.0,364.0,468.0,416.0,344.0,1,1,7719,terminal
4990,terminal_or_isolated,1,91.0,137.0,75.0,364.0,548.0,300.0,264.0,1,1,8774,terminal
4991,terminal_or_isolated,1,91.0,141.0,138.0,364.0,564.0,552.0,248.0,1,1,8782,terminal
4992,terminal_or_isolated,1,91.0,170.0,187.0,364.0,680.0,748.0,88.0,1,1,9349,terminal
4993,terminal_or_isolated,1,92.0,19.0,74.0,368.0,76.0,296.0,76.0,1,1,7583,terminal
4994,terminal_or_isolated,1,92.0,23.0,97.0,368.0,92.0,388.0,92.0,1,1,8540,terminal
4995,terminal_or_isolated,1,92.0,42.0,148.0,368.0,168.0,592.0,168.0,1,1,8976,terminal
4996,terminal_or_isolated,1,92.0,59.0,16.0,368.0,236.0,64.0,64.0,1,1,8522,terminal
4997,terminal_or_isolated,1,92.0,62.0,109.0,368.0,248.0,436.0,248.0,1,1,9045,terminal
4998,terminal_or_isolated,1,92.0,67.0,55.0,368.0,268.0,220.0,220.0,1,1,7644,terminal
4999,terminal_or_isolated,1,92.0,67.0,181.0,368.0,268.0,724.0,112.0,1,1,8040,terminal
5000,terminal_or_isolated,1,92.0,68.0,142.0,368.0,272.0,568.0,268.0,1,1,8028,terminal
5001,terminal_or_isolated,1,92.0,76.0,103.0,368.0,304.0,412.0,304.0,1,1,9095,terminal
5002,terminal_or_isolated,1,92.0,96.0,26.0,368.0,384.0,104.0,104.0,1,1,8181,terminal
5003,terminal_or_isolated,1,92.0,121.0,137.0,368.0,484.0,548.0,288.0,1,1,9202,terminal
5004,terminal_or_isolated,1,92.0,125.0,36.0,368.0,500.0,144.0,144.0,1,1,9223,terminal
5005,terminal_or_isolated,1,92.0,150.0,108.0,368.0,600.0,432.0,212.0,1,1,8385,terminal
5006,terminal_or_isolated,1,92.0,161.0,98.0,368.0,644.0,392.0,168.0,0,0,,inactive
5007,terminal_or_isolated,1,92.0,181.0,40.0,368.0,724.0,160.0,88.0,1,1,8495,terminal
5008,terminal_or_isolated,1,92.0,186.0,143.0,368.0,744.0,572.0,68.0,1,1,8480,terminal
5009,terminal_or_isolated,1,92.0,186.0,182.0,368.0,744.0,728.0,68.0,1,1,8492,terminal
5010,terminal_or_isolated,1,92.0,187.0,85.0,368.0,748.0,340.0,64.0,1,1,8502,terminal
5011,terminal_or_isolated,1,93.0,13.0,66.0,372.0,52.0,264.0,52.0,0,0,,inactive
5012,terminal_or_isolated,1,93.0,13.0,86.0,372.0,52.0,344.0,52.0,0,0,,inactive
5013,terminal_or_isolated,1,93.0,29.0,162.0,372.0,116.0,648.0,116.0,1,1,8969,terminal
5014,terminal_or_isolated,1,93.0,31.0,84.0,372.0,124.0,336.0,124.0,0,0,,inactive
5015,terminal_or_isolated,1,93.0,32.0,178.0,372.0,128.0,712.0,124.0,0,0,,inactive
5016,terminal_or_isolated,1,93.0,39.0,191.0,372.0,156.0,764.0,72.0,0,0,,inactive
5017,terminal_or_isolated,1,93.0,53.0,23.0,372.0,212.0,92.0,92.0,0,0,,inactive
5018,terminal_or_isolated,1,93.0,92.0,87.0,372.0,368.0,348.0,348.0,0,0,,inactive
5019,terminal_or_isolated,1,93.0,99.0,35.0,372.0,396.0,140.0,140.0,0,0,,inactive
5020,terminal_or_isolated,1,93.0,101.0,130.0,372.0,404.0,520.0,316.0,0,0,,inactive
5021,terminal_or_isolated,1,93.0,105.0,35.0,372.0,420.0,140.0,140.0,0,0,,inactive
5022,terminal_or_isolated,1,93.0,148.0,163.0,372.0,592.0,652.0,184.0,0,0,,inactive
5023,terminal_or_isolated,1,93.0,174.0,84.0,372.0,696.0,336.0,116.0,0,0,,inactive
5024,terminal_or_isolated,1,93.0,183.0,192.0,372.0,732.0,768.0,68.0,0,0,,inactive
5025,terminal_or_isolated,1,93.0,188.0,65.0,372.0,752.0,260.0,60.0,1,1,7834,terminal
5026,terminal_or_isolated,1,93.0,188.0,104.0,372.0,752.0,416.0,60.0,1,1,8506,terminal
5027,terminal_or_isolated,1,94.0,62.0,154.0,376.0,248.0,616.0,220.0,0,0,,inactive
5028,terminal_or_isolated,1,94.0,109.0,143.0,376.0,436.0,572.0,264.0,0,0,,inactive
5029,terminal_or_isolated,1,94.0,188.0,163.0,376.0,752.0,652.0,60.0,1,1,8485,terminal
5030,terminal_or_isolated,1,95.0,21.0,57.0,380.0,84.0,228.0,84.0,0,0,,inactive
5031,terminal_or_isolated,1,95.0,186.0,70.0,380.0,744.0,280.0,68.0,1,1,9375,terminal
5032,terminal_or_isolated,1,95.0,188.0,23.0,380.0,752.0,92.0,60.0,1,1,9391,terminal
5033,terminal_or_isolated,1,96.0,18.0,98.0,384.0,72.0,392.0,72.0,1,1,8891,terminal
5034,terminal_or_isolated,1,96.0,26.0,71.0,384.0,104.0,284.0,104.0,0,0,,inactive
5035,terminal_or_isolated,1,96.0,26.0,187.0,384.0,104.0,748.0,88.0,1,1,9384,terminal
5036,terminal_or_isolated,1,96.0,36.0,61.0,384.0,144.0,244.0,144.0,0,0,,inactive
5037,terminal_or_isolated,1,96.0,37.0,99.0,384.0,148.0,396.0,148.0,1,1,8951,terminal
5038,terminal_or_isolated,1,96.0,39.0,59.0,384.0,156.0,236.0,156.0,1,1,8570,terminal
5039,terminal_or_isolated,1,96.0,39.0,70.0,384.0,156.0,280.0,156.0,1,1,8551,terminal
5040,terminal_or_isolated,1,96.0,39.0,155.0,384.0,156.0,620.0,156.0,1,1,8971,terminal
5041,terminal_or_isolated,1,96.0,41.0,72.0,384.0,164.0,288.0,164.0,0,0,,inactive
5042,terminal_or_isolated,1,96.0,48.0,50.0,384.0,192.0,200.0,192.0,1,1,8587,terminal
5043,terminal_or_isolated,1,96.0,50.0,87.0,384.0,200.0,348.0,200.0,0,0,,inactive
5044,terminal_or_isolated,1,96.0,50.0,101.0,384.0,200.0,404.0,200.0,0,0,,inactive
5045,terminal_or_isolated,1,96.0,54.0,121.0,384.0,216.0,484.0,216.0,0,0,,inactive
5046,terminal_or_isolated,1,96.0,58.0,187.0,384.0,232.0,748.0,88.0,0,0,,inactive
5047,terminal_or_isolated,1,96.0,59.0,117.0,384.0,236.0,468.0,236.0,0,0,,inactive
5048,terminal_or_isolated,1,96.0,64.0,169.0,384.0,256.0,676.0,160.0,0,0,,inactive
5049,terminal_or_isolated,1,96.0,65.0,116.0,384.0,260.0,464.0,260.0,0,0,,inactive
5050,terminal_or_isolated,1,96.0,66.0,148.0,384.0,264.0,592.0,244.0,1,1,9053,terminal
5051,terminal_or_isolated,1,96.0,66.0,187.0,384.0,264.0,748.0,88.0,1,1,9091,terminal
5052,terminal_or_isolated,1,96.0,67.0,109.0,384.0,268.0,436.0,268.0,1,1,9096,terminal
5053,terminal_or_isolated,1,96.0,69.0,146.0,384.0,276.0,584.0,252.0,0,0,,inactive
5054,terminal_or_isolated,1,96.0,69.0,165.0,384.0,276.0,660.0,176.0,0,0,,inactive
5055,terminal_or_isolated,1,96.0,70.0,48.0,384.0,280.0,192.0,192.0,0,0,,inactive
5056,terminal_or_isolated,1,96.0,76.0,61.0,384.0,304.0,244.0,244.0,1,1,8627,terminal
5057,terminal_or_isolated,1,96.0,77.0,118.0,384.0,308.0,472.0,308.0,1,1,9077,terminal
5058,terminal_or_isolated,1,96.0,77.0,138.0,384.0,308.0,552.0,284.0,1,1,9104,terminal
5059,terminal_or_isolated,1,96.0,85.0,91.0,384.0,340.0,364.0,340.0,0,0,,inactive
5060,terminal_or_isolated,1,96.0,85.0,111.0,384.0,340.0,444.0,340.0,0,0,,inactive
5061,terminal_or_isolated,1,96.0,86.0,51.0,384.0,344.0,204.0,204.0,1,1,9122,terminal
5062,terminal_or_isolated,1,96.0,88.0,158.0,384.0,352.0,632.0,204.0,1,1,9112,terminal
5063,terminal_or_isolated,1,96.0,89.0,68.0,384.0,356.0,272.0,272.0,0,0,,inactive
5064,terminal_or_isolated,1,96.0,94.0,140.0,384.0,376.0,560.0,276.0,0,0,,inactive
5065,terminal_or_isolated,1,96.0,99.0,97.0,384.0,396.0,388.0,376.0,0,0,,inactive
5066,terminal_or_isolated,1,96.0,105.0,52.0,384.0,420.0,208.0,208.0,0,0,,inactive
5067,terminal_or_isolated,1,96.0,106.0,109.0,384.0,424.0,436.0,376.0,1,1,8692,terminal
5068,terminal_or_isolated,1,96.0,115.0,87.0,384.0,460.0,348.0,348.0,0,0,,inactive
5069,terminal_or_isolated,1,96.0,116.0,108.0,384.0,464.0,432.0,348.0,1,1,8728,terminal
5070,terminal_or_isolated,1,96.0,118.0,59.0,384.0,472.0,236.0,236.0,1,1,8740,terminal
5071,terminal_or_isolated,1,96.0,118.0,90.0,384.0,472.0,360.0,340.0,0,0,,inactive
5072,terminal_or_isolated,1,96.0,124.0,136.0,384.0,496.0,544.0,292.0,0,0,,inactive
5073,terminal_or_isolated,1,96.0,125.0,78.0,384.0,500.0,312.0,312.0,1,1,9230,terminal
5074,terminal_or_isolated,1,96.0,125.0,129.0,384.0,500.0,516.0,312.0,1,1,9203,terminal
5075,terminal_or_isolated,1,96.0,126.0,51.0,384.0,504.0,204.0,204.0,1,1,8758,terminal
5076,terminal_or_isolated,1,96.0,127.0,69.0,384.0,508.0,276.0,276.0,1,1,9228,terminal
5077,terminal_or_isolated,1,96.0,128.0,81.0,384.0,512.0,324.0,300.0,0,0,,inactive
5078,terminal_or_isolated,1,96.0,128.0,140.0,384.0,512.0,560.0,276.0,0,0,,inactive
5079,terminal_or_isolated,1,96.0,129.0,23.0,384.0,516.0,92.0,92.0,0,0,,inactive
5080,terminal_or_isolated,1,96.0,129.0,87.0,384.0,516.0,348.0,296.0,0,0,,inactive
5081,terminal_or_isolated,1,96.0,129.0,126.0,384.0,516.0,504.0,296.0,0,0,,inactive
5082,terminal_or_isolated,1,96.0,134.0,43.0,384.0,536.0,172.0,172.0,0,0,,inactive
5083,terminal_or_isolated,1,96.0,134.0,82.0,384.0,536.0,328.0,276.0,0,0,,inactive
5084,terminal_or_isolated,1,96.0,135.0,186.0,384.0,540.0,744.0,92.0,1,1,9234,terminal
5085,terminal_or_isolated,1,96.0,136.0,89.0,384.0,544.0,356.0,268.0,1,1,9274,terminal
5086,terminal_or_isolated,1,96.0,138.0,78.0,384.0,552.0,312.0,260.0,0,0,,inactive
5087,terminal_or_isolated,1,96.0,144.0,91.0,384.0,576.0,364.0,236.0,0,0,,inactive
5088,terminal_or_isolated,1,96.0,146.0,178.0,384.0,584.0,712.0,124.0,1,1,9293,terminal
5089,terminal_or_isolated,1,96.0,148.0,120.0,384.0,592.0,480.0,220.0,0,0,,inactive
5090,terminal_or_isolated,1,96.0,153.0,185.0,384.0,612.0,740.0,96.0,0,0,,inactive
5091,terminal_or_isolated,1,96.0,155.0,120.0,384.0,620.0,480.0,192.0,1,1,9330,terminal
5092,terminal_or_isolated,1,96.0,156.0,188.0,384.0,624.0,752.0,84.0,1,1,9325,terminal
5093,terminal_or_isolated,1,96.0,158.0,52.0,384.0,632.0,208.0,180.0,0,0,,inactive
5094,terminal_or_isolated,1,96.0,159.0,33.0,384.0,636.0,132.0,132.0,0,0,,inactive
5095,terminal_or_isolated,1,96.0,165.0,157.0,384.0,660.0,628.0,152.0,1,1,8810,terminal
5096,terminal_or_isolated,1,96.0,166.0,70.0,384.0,664.0,280.0,148.0,1,1,8857,terminal
5097,terminal_or_isolated,1,96.0,166.0,89.0,384.0,664.0,356.0,148.0,1,1,8828,terminal
5098,terminal_or_isolated,1,96.0,167.0,61.0,384.0,668.0,244.0,144.0,1,1,8856,terminal
5099,terminal_or_isolated,1,96.0,174.0,48.0,384.0,696.0,192.0,116.0,0,0,,inactive
5100,terminal_or_isolated,1,96.0,174.0,62.0,384.0,696.0,248.0,116.0,0,0,,inactive
5101,terminal_or_isolated,1,96.0,177.0,176.0,384.0,708.0,704.0,104.0,0,0,,inactive
5102,terminal_or_isolated,1,96.0,178.0,151.0,384.0,712.0,604.0,100.0,0,0,,inactive
5103,terminal_or_isolated,1,96.0,184.0,111.0,384.0,736.0,444.0,76.0,0,0,,inactive
5104,terminal_or_isolated,1,96.0,185.0,99.0,384.0,740.0,396.0,72.0,1,1,8880,terminal
5105,terminal_or_isolated,1,96.0,186.0,89.0,384.0,744.0,356.0,68.0,1,1,8877,terminal
5106,terminal_or_isolated,1,96.0,187.0,146.0,384.0,748.0,584.0,64.0,1,1,9361,terminal
5107,terminal_or_isolated,1,96.0,187.0,179.0,384.0,748.0,716.0,64.0,1,1,9367,terminal
5108,terminal_or_isolated,1,96.0,188.0,62.0,384.0,752.0,248.0,60.0,1,1,8886,terminal
5109,terminal_or_isolated,1,96.0,188.0,82.0,384.0,752.0,328.0,60.0,1,1,9376,terminal
5110,terminal_or_isolated,1,96.0,188.0,121.0,384.0,752.0,484.0,60.0,1,1,8867,terminal
5111,terminal_or_isolated,1,96.0,188.0,141.0,384.0,752.0,564.0,60.0,1,1,9382,terminal
5112,terminal_or_isolated,1,96.0,188.0,165.0,384.0,752.0,660.0,60.0,1,1,9366,terminal
5113,terminal_or_isolated,1,96.0,188.0,184.0,384.0,752.0,736.0,60.0,1,1,9371,terminal
5114,terminal_or_isolated,1,98.0,23.0,154.0,392.0,92.0,616.0,92.0,0,0,,inactive
5115,terminal_or_isolated,1,98.0,24.0,32.0,392.0,96.0,128.0,96.0,0,0,,inactive
5116,terminal_or_isolated,1,98.0,43.0,18.0,392.0,172.0,72.0,72.0,0,0,,inactive
5117,terminal_or_isolated,1,98.0,65.0,16.0,392.0,260.0,64.0,64.0,0,0,,inactive
5118,terminal_or_isolated,1,98.0,72.0,23.0,392.0,288.0,92.0,92.0,0,0,,inactive
5119,terminal_or_isolated,1,98.0,82.0,111.0,392.0,328.0,444.0,328.0,0,0,,inactive
5120,terminal_or_isolated,1,98.0,110.0,65.0,392.0,440.0,260.0,260.0,0,0,,inactive
5121,terminal_or_isolated,1,98.0,112.0,67.0,392.0,448.0,268.0,268.0,0,0,,inactive
5122,terminal_or_isolated,1,98.0,119.0,35.0,392.0,476.0,140.0,140.0,0,0,,inactive
5123,terminal_or_isolated,1,98.0,151.0,107.0,392.0,604.0,428.0,208.0,0,0,,inactive
5124,terminal_or_isolated,1,98.0,171.0,43.0,392.0,684.0,172.0,128.0,0,0,,inactive
5125,terminal_or_isolated,1,98.0,181.0,92.0,392.0,724.0,368.0,88.0,0,0,,inactive
5126,terminal_or_isolated,1,98.0,188.0,104.0,392.0,752.0,416.0,60.0,1,1,9899,terminal
5127,terminal_or_isolated,1,98.0,188.0,143.0,392.0,752.0,572.0,60.0,1,1,9904,terminal
5128,terminal_or_isolated,1,98.0,188.0,163.0,392.0,752.0,652.0,60.0,1,1,10205,terminal
5129,terminal_or_isolated,1,98.0,189.0,26.0,392.0,756.0,104.0,56.0,1,1,9911,terminal
5130,terminal_or_isolated,1,99.0,12.0,80.0,396.0,48.0,320.0,48.0,1,1,8890,terminal
5131,terminal_or_isolated,1,99.0,13.0,184.0,396.0,52.0,736.0,52.0,0,0,,inactive
5132,terminal_or_isolated,1,99.0,20.0,15.0,396.0,80.0,60.0,60.0,1,1,9403,terminal
5133,terminal_or_isolated,1,99.0,23.0,116.0,396.0,92.0,464.0,92.0,0,0,,inactive
5134,terminal_or_isolated,1,99.0,26.0,113.0,396.0,104.0,452.0,104.0,0,0,,inactive
5135,terminal_or_isolated,1,99.0,32.0,184.0,396.0,128.0,736.0,100.0,0,0,,inactive
5136,terminal_or_isolated,1,99.0,42.0,188.0,396.0,168.0,752.0,84.0,0,0,,inactive
5137,terminal_or_isolated,1,99.0,53.0,28.0,396.0,212.0,112.0,112.0,1,1,8584,terminal
5138,terminal_or_isolated,1,99.0,56.0,142.0,396.0,224.0,568.0,224.0,0,0,,inactive
5139,terminal_or_isolated,1,99.0,99.0,35.0,396.0,396.0,140.0,140.0,0,0,,inactive
5140,terminal_or_isolated,1,99.0,99.0,152.0,396.0,396.0,608.0,228.0,0,0,,inactive
5141,terminal_or_isolated,1,99.0,123.0,191.0,396.0,492.0,764.0,72.0,0,0,,inactive
5142,terminal_or_isolated,1,99.0,154.0,162.0,396.0,616.0,648.0,188.0,0,0,,inactive
5143,terminal_or_isolated,1,99.0,163.0,172.0,396.0,652.0,688.0,148.0,0,0,,inactive
5144,terminal_or_isolated,1,99.0,187.0,65.0,396.0,748.0,260.0,64.0,1,1,9919,terminal
5145,terminal_or_isolated,1,99.0,187.0,182.0,396.0,748.0,728.0,64.0,1,1,10194,terminal
5146,terminal_or_isolated,1,100.0,13.0,138.0,400.0,52.0,552.0,52.0,1,1,8911,terminal
5147,terminal_or_isolated,1,100.0,57.0,64.0,400.0,228.0,256.0,228.0,1,1,9028,terminal
5148,terminal_or_isolated,1,100.0,62.0,51.0,400.0,248.0,204.0,204.0,1,1,9068,terminal
5149,terminal_or_isolated,1,100.0,82.0,31.0,400.0,328.0,124.0,124.0,1,1,8643,terminal
5150,terminal_or_isolated,1,100.0,86.0,172.0,400.0,344.0,688.0,148.0,1,1,9638,terminal
5151,terminal_or_isolated,1,100.0,101.0,168.0,400.0,404.0,672.0,164.0,1,1,9159,terminal
5152,terminal_or_isolated,1,100.0,121.0,137.0,400.0,484.0,548.0,288.0,1,1,9207,terminal
5153,terminal_or_isolated,1,100.0,135.0,104.0,400.0,540.0,416.0,272.0,1,1,9802,terminal
5154,terminal_or_isolated,1,100.0,141.0,70.0,400.0,564.0,280.0,248.0,1,1,8779,terminal
5155,terminal_or_isolated,1,100.0,141.0,129.0,400.0,564.0,516.0,248.0,1,1,8787,terminal
5156,terminal_or_isolated,1,100.0,145.0,114.0,400.0,580.0,456.0,232.0,1,1,9853,terminal
5157,terminal_or_isolated,1,100.0,170.0,186.0,400.0,680.0,744.0,92.0,1,1,9353,terminal
5158,terminal_or_isolated,1,100.0,180.0,188.0,400.0,720.0,752.0,84.0,1,1,9373,terminal
5159,terminal_or_isolated,1,101.0,13.0,69.0,404.0,52.0,276.0,52.0,1,1,9415,terminal
5160,terminal_or_isolated,1,101.0,18.0,103.0,404.0,72.0,412.0,72.0,1,1,8894,terminal
5161,terminal_or_isolated,1,101.0,19.0,84.0,404.0,76.0,336.0,76.0,1,1,9443,terminal
5162,terminal_or_isolated,1,101.0,48.0,45.0,404.0,192.0,180.0,180.0,1,1,8589,terminal
5163,terminal_or_isolated,1,101.0,48.0,93.0,404.0,192.0,372.0,192.0,1,1,9003,terminal
5164,terminal_or_isolated,1,101.0,68.0,55.0,404.0,272.0,220.0,220.0,1,1,9070,terminal
5165,terminal_or_isolated,1,101.0,77.0,172.0,404.0,308.0,688.0,148.0,1,1,9121,terminal
5166,terminal_or_isolated,1,101.0,96.0,152.0,404.0,384.0,608.0,228.0,1,1,9632,terminal
5167,terminal_or_isolated,1,101.0,101.0,21.0,404.0,404.0,84.0,84.0,1,1,9177,terminal
5168,terminal_or_isolated,1,101.0,106.0,26.0,404.0,424.0,104.0,104.0,1,1,9669,terminal
5169,terminal_or_isolated,1,101.0,112.0,70.0,404.0,448.0,280.0,280.0,1,1,10087,terminal
5170,terminal_or_isolated,1,101.0,116.0,35.0,404.0,464.0,140.0,140.0,1,1,9699,terminal
5171,terminal_or_isolated,1,101.0,127.0,114.0,404.0,508.0,456.0,304.0,1,1,9765,terminal
5172,terminal_or_isolated,1,101.0,167.0,16.0,404.0,668.0,64.0,64.0,1,1,10172,terminal
5173,terminal_or_isolated,1,101.0,186.0,75.0,404.0,744.0,300.0,68.0,1,1,9379,terminal
5174,terminal_or_isolated,1,102.0,13.0,90.0,408.0,52.0,360.0,52.0,1,1,9420,terminal
5175,terminal_or_isolated,1,102.0,14.0,51.0,408.0,56.0,204.0,56.0,0,0,,inactive
5176,terminal_or_isolated,1,102.0,23.0,28.0,408.0,92.0,112.0,92.0,0,0,,inactive
5177,terminal_or_isolated,1,102.0,23.0,158.0,408.0,92.0,632.0,92.0,1,1,9943,terminal
5178,terminal_or_isolated,1,102.0,37.0,15.0,408.0,148.0,60.0,60.0,1,1,9476,terminal
5179,terminal_or_isolated,1,102.0,43.0,22.0,408.0,172.0,88.0,88.0,0,0,,inactive
5180,terminal_or_isolated,1,102.0,50.0,15.0,408.0,200.0,60.0,60.0,0,0,,inactive
5181,terminal_or_isolated,1,102.0,50.0,54.0,408.0,200.0,216.0,200.0,0,0,,inactive
5182,terminal_or_isolated,1,102.0,82.0,29.0,408.0,328.0,116.0,116.0,0,0,,inactive
5183,terminal_or_isolated,1,102.0,82.0,107.0,408.0,328.0,428.0,328.0,1,1,10041,terminal
5184,terminal_or_isolated,1,102.0,99.0,65.0,408.0,396.0,260.0,260.0,0,0,,inactive
5185,terminal_or_isolated,1,102.0,151.0,110.0,408.0,604.0,440.0,208.0,1,1,9854,terminal
5186,terminal_or_isolated,1,102.0,171.0,39.0,408.0,684.0,156.0,128.0,0,0,,inactive
5187,terminal_or_isolated,1,102.0,184.0,84.0,408.0,736.0,336.0,76.0,1,1,10215,terminal
5188,terminal_or_isolated,1,102.0,188.0,16.0,408.0,752.0,64.0,60.0,1,1,9392,terminal
5189,terminal_or_isolated,1,102.0,188.0,55.0,408.0,752.0,220.0,60.0,1,1,8888,terminal
5190,terminal_or_isolated,1,103.0,13.0,76.0,412.0,52.0,304.0,52.0,0,0,,inactive
5191,terminal_or_isolated,1,103.0,13.0,135.0,412.0,52.0,540.0,52.0,0,0,,inactive
5192,terminal_or_isolated,1,103.0,21.0,103.0,412.0,84.0,412.0,84.0,0,0,,inactive
5193,terminal_or_isolated,1,103.0,32.0,188.0,412.0,128.0,752.0,84.0,0,0,,inactive
5194,terminal_or_isolated,1,103.0,35.0,171.0,412.0,140.0,684.0,140.0,0,0,,inactive
5195,terminal_or_isolated,1,103.0,60.0,64.0,412.0,240.0,256.0,240.0,0,0,,inactive
5196,terminal_or_isolated,1,103.0,95.0,35.0,412.0,380.0,140.0,140.0,0,0,,inactive
5197,terminal_or_isolated,1,103.0,101.0,165.0,412.0,404.0,660.0,176.0,0,0,,inactive
5198,terminal_or_isolated,1,103.0,114.0,191.0,412.0,456.0,764.0,72.0,1,1,10098,terminal
5199,terminal_or_isolated,1,103.0,161.0,24.0,412.0,644.0,96.0,96.0,0,0,,inactive
5200,terminal_or_isolated,1,103.0,170.0,189.0,412.0,680.0,756.0,80.0,0,0,,inactive
5201,terminal_or_isolated,1,103.0,187.0,192.0,412.0,748.0,768.0,64.0,1,1,9374,terminal
5202,terminal_or_isolated,1,103.0,188.0,94.0,412.0,752.0,376.0,60.0,1,1,8882,terminal
5203,terminal_or_isolated,1,103.0,188.0,114.0,412.0,752.0,456.0,60.0,1,1,8871,terminal
5204,terminal_or_isolated,1,103.0,188.0,153.0,412.0,752.0,612.0,60.0,1,1,9364,terminal
5205,terminal_or_isolated,1,104.0,13.0,95.0,416.0,52.0,380.0,52.0,0,0,,inactive
5206,terminal_or_isolated,1,104.0,13.0,189.0,416.0,52.0,756.0,52.0,0,0,,inactive
5207,terminal_or_isolated,1,104.0,172.0,172.0,416.0,688.0,688.0,124.0,0,0,,inactive
5208,terminal_or_isolated,1,105.0,26.0,47.0,420.0,104.0,188.0,104.0,0,0,,inactive
5209,terminal_or_isolated,1,105.0,49.0,20.0,420.0,196.0,80.0,80.0,1,1,9518,terminal
5210,terminal_or_isolated,1,105.0,58.0,21.0,420.0,232.0,84.0,84.0,1,1,10222,terminal
5211,terminal_or_isolated,1,105.0,60.0,48.0,420.0,240.0,192.0,192.0,0,0,,inactive
5212,terminal_or_isolated,1,105.0,67.0,21.0,420.0,268.0,84.0,84.0,1,1,9560,terminal
5213,terminal_or_isolated,1,105.0,67.0,60.0,420.0,268.0,240.0,240.0,1,1,9544,terminal
5214,terminal_or_isolated,1,105.0,70.0,18.0,420.0,280.0,72.0,72.0,0,0,,inactive
5215,terminal_or_isolated,1,105.0,75.0,52.0,420.0,300.0,208.0,208.0,0,0,,inactive
5216,terminal_or_isolated,1,105.0,87.0,60.0,420.0,348.0,240.0,240.0,1,1,9610,terminal
5217,terminal_or_isolated,1,105.0,100.0,28.0,420.0,400.0,112.0,112.0,0,0,,inactive
5218,terminal_or_isolated,1,105.0,100.0,47.0,420.0,400.0,188.0,188.0,0,0,,inactive
5219,terminal_or_isolated,1,105.0,105.0,29.0,420.0,420.0,116.0,116.0,0,0,,inactive
5220,terminal_or_isolated,1,105.0,107.0,60.0,420.0,428.0,240.0,240.0,1,1,9693,terminal
5221,terminal_or_isolated,1,105.0,110.0,33.0,420.0,440.0,132.0,132.0,0,0,,inactive
5222,terminal_or_isolated,1,105.0,115.0,52.0,420.0,460.0,208.0,208.0,0,0,,inactive
5223,terminal_or_isolated,1,105.0,119.0,48.0,420.0,476.0,192.0,192.0,0,0,,inactive
5224,terminal_or_isolated,1,105.0,129.0,18.0,420.0,516.0,72.0,72.0,0,0,,inactive
5225,terminal_or_isolated,1,105.0,136.0,70.0,420.0,544.0,280.0,268.0,1,1,9757,terminal
5226,terminal_or_isolated,1,105.0,137.0,21.0,420.0,548.0,84.0,84.0,1,1,9786,terminal
5227,terminal_or_isolated,1,105.0,139.0,48.0,420.0,556.0,192.0,192.0,0,0,,inactive
5228,terminal_or_isolated,1,105.0,144.0,48.0,420.0,576.0,192.0,192.0,0,0,,inactive
5229,terminal_or_isolated,1,105.0,146.0,30.0,420.0,584.0,120.0,120.0,1,1,9824,terminal
5230,terminal_or_isolated,1,105.0,149.0,18.0,420.0,596.0,72.0,72.0,0,0,,inactive
5231,terminal_or_isolated,1,105.0,157.0,50.0,420.0,628.0,200.0,184.0,1,1,9874,terminal
5232,terminal_or_isolated,1,105.0,158.0,62.0,420.0,632.0,248.0,180.0,0,0,,inactive
5233,terminal_or_isolated,1,105.0,164.0,29.0,420.0,656.0,116.0,116.0,0,0,,inactive
5234,terminal_or_isolated,1,105.0,164.0,62.0,420.0,656.0,248.0,156.0,0,0,,inactive
5235,terminal_or_isolated,1,105.0,174.0,39.0,420.0,696.0,156.0,116.0,0,0,,inactive
5236,terminal_or_isolated,1,105.0,177.0,61.0,420.0,708.0,244.0,104.0,1,1,9894,terminal
5237,terminal_or_isolated,1,105.0,184.0,23.0,420.0,736.0,92.0,76.0,0,0,,inactive
5238,terminal_or_isolated,1,105.0,188.0,33.0,420.0,752.0,132.0,60.0,1,1,9916,terminal
5239,terminal_or_isolated,1,105.0,188.0,58.0,420.0,752.0,232.0,60.0,1,1,9921,terminal
5240,terminal_or_isolated,1,106.0,18.0,166.0,424.0,72.0,664.0,72.0,1,1,10218,terminal
5241,terminal_or_isolated,1,106.0,20.0,87.0,424.0,80.0,348.0,80.0,0,0,,inactive
5242,terminal_or_isolated,1,106.0,26.0,139.0,424.0,104.0,556.0,104.0,0,0,,inactive
5243,terminal_or_isolated,1,106.0,27.0,80.0,424.0,108.0,320.0,108.0,1,1,9446,terminal
5244,terminal_or_isolated,1,106.0,35.0,135.0,424.0,140.0,540.0,140.0,0,0,,inactive
5245,terminal_or_isolated,1,106.0,36.0,91.0,424.0,144.0,364.0,144.0,0,0,,inactive
5246,terminal_or_isolated,1,106.0,45.0,164.0,424.0,180.0,656.0,180.0,0,0,,inactive
5247,terminal_or_isolated,1,106.0,45.0,178.0,424.0,180.0,712.0,124.0,0,0,,inactive
5248,terminal_or_isolated,1,106.0,46.0,158.0,424.0,184.0,632.0,184.0,1,1,9972,terminal
5249,terminal_or_isolated,1,106.0,48.0,128.0,424.0,192.0,512.0,192.0,1,1,9984,terminal
5250,terminal_or_isolated,1,106.0,49.0,156.0,424.0,196.0,624.0,196.0,0,0,,inactive
5251,terminal_or_isolated,1,106.0,56.0,116.0,424.0,224.0,464.0,224.0,0,0,,inactive
5252,terminal_or_isolated,1,106.0,59.0,126.0,424.0,236.0,504.0,236.0,1,1,10000,terminal
5253,terminal_or_isolated,1,106.0,60.0,145.0,424.0,240.0,580.0,240.0,0,0,,inactive
5254,terminal_or_isolated,1,106.0,66.0,100.0,424.0,264.0,400.0,264.0,0,0,,inactive
5255,terminal_or_isolated,1,106.0,75.0,149.0,424.0,300.0,596.0,240.0,0,0,,inactive
5256,terminal_or_isolated,1,106.0,87.0,118.0,424.0,348.0,472.0,336.0,1,1,9627,terminal
5257,terminal_or_isolated,1,106.0,87.0,167.0,424.0,348.0,668.0,168.0,1,1,9601,terminal
5258,terminal_or_isolated,1,106.0,88.0,137.0,424.0,352.0,548.0,288.0,1,1,9663,terminal
5259,terminal_or_isolated,1,106.0,94.0,169.0,424.0,376.0,676.0,160.0,0,0,,inactive
5260,terminal_or_isolated,1,106.0,99.0,107.0,424.0,396.0,428.0,336.0,0,0,,inactive
5261,terminal_or_isolated,1,106.0,99.0,140.0,424.0,396.0,560.0,276.0,0,0,,inactive
5262,terminal_or_isolated,1,106.0,99.0,165.0,424.0,396.0,660.0,176.0,0,0,,inactive
5263,terminal_or_isolated,1,106.0,105.0,139.0,424.0,420.0,556.0,280.0,0,0,,inactive
5264,terminal_or_isolated,1,106.0,106.0,147.0,424.0,424.0,588.0,248.0,1,1,10070,terminal
5265,terminal_or_isolated,1,106.0,109.0,150.0,424.0,436.0,600.0,236.0,0,0,,inactive
5266,terminal_or_isolated,1,106.0,119.0,126.0,424.0,476.0,504.0,332.0,0,0,,inactive
5267,terminal_or_isolated,1,106.0,122.0,61.0,424.0,488.0,244.0,244.0,0,0,,inactive
5268,terminal_or_isolated,1,106.0,127.0,118.0,424.0,508.0,472.0,304.0,1,1,9766,terminal
5269,terminal_or_isolated,1,106.0,147.0,188.0,424.0,588.0,752.0,84.0,0,0,,inactive
5270,terminal_or_isolated,1,106.0,158.0,140.0,424.0,632.0,560.0,180.0,0,0,,inactive
5271,terminal_or_isolated,1,106.0,165.0,108.0,424.0,660.0,432.0,152.0,1,1,10155,terminal
5272,terminal_or_isolated,1,106.0,178.0,141.0,424.0,712.0,564.0,100.0,0,0,,inactive
5273,terminal_or_isolated,1,106.0,184.0,186.0,424.0,736.0,744.0,76.0,1,1,10198,terminal
5274,terminal_or_isolated,1,106.0,185.0,69.0,424.0,740.0,276.0,72.0,1,1,9922,terminal
5275,terminal_or_isolated,1,106.0,186.0,157.0,424.0,744.0,628.0,68.0,1,1,10206,terminal
5276,terminal_or_isolated,1,106.0,187.0,137.0,424.0,748.0,548.0,64.0,1,1,9906,terminal
5277,terminal_or_isolated,1,106.0,188.0,131.0,424.0,752.0,524.0,60.0,1,1,10200,terminal
5278,terminal_or_isolated,1,106.0,188.0,175.0,424.0,752.0,700.0,60.0,1,1,10195,terminal
5279,terminal_or_isolated,1,107.0,14.0,17.0,428.0,56.0,68.0,56.0,0,0,,inactive
5280,terminal_or_isolated,1,108.0,13.0,115.0,432.0,52.0,460.0,52.0,0,0,,inactive
5281,terminal_or_isolated,1,108.0,13.0,130.0,432.0,52.0,520.0,52.0,0,0,,inactive
5282,terminal_or_isolated,1,108.0,15.0,191.0,432.0,60.0,764.0,60.0,0,0,,inactive
5283,terminal_or_isolated,1,108.0,23.0,140.0,432.0,92.0,560.0,92.0,0,0,,inactive
5284,terminal_or_isolated,1,108.0,56.0,16.0,432.0,224.0,64.0,64.0,0,0,,inactive
5285,terminal_or_isolated,1,108.0,161.0,82.0,432.0,644.0,328.0,168.0,0,0,,inactive
5286,terminal_or_isolated,1,108.0,178.0,45.0,432.0,712.0,180.0,100.0,0,0,,inactive
5287,terminal_or_isolated,1,108.0,180.0,180.0,432.0,720.0,720.0,92.0,0,0,,inactive
5288,terminal_or_isolated,1,108.0,181.0,87.0,432.0,724.0,348.0,88.0,0,0,,inactive
5289,terminal_or_isolated,1,108.0,188.0,55.0,432.0,752.0,220.0,60.0,1,1,10926,terminal
5290,terminal_or_isolated,1,108.0,188.0,75.0,432.0,752.0,300.0,60.0,1,1,10933,terminal
5291,terminal_or_isolated,1,108.0,188.0,94.0,432.0,752.0,376.0,60.0,1,1,10939,terminal
5292,terminal_or_isolated,1,108.0,188.0,114.0,432.0,752.0,456.0,60.0,1,1,10957,terminal
5293,terminal_or_isolated,1,108.0,188.0,133.0,432.0,752.0,532.0,60.0,1,1,10946,terminal
5294,terminal_or_isolated,1,108.0,188.0,153.0,432.0,752.0,612.0,60.0,1,1,10952,terminal
5295,terminal_or_isolated,1,108.0,188.0,192.0,432.0,752.0,768.0,60.0,1,1,11048,terminal
5296,terminal_or_isolated,1,109.0,13.0,109.0,436.0,52.0,436.0,52.0,1,1,9401,terminal
5297,terminal_or_isolated,1,109.0,13.0,188.0,436.0,52.0,752.0,52.0,0,0,,inactive
5298,terminal_or_isolated,1,109.0,23.0,48.0,436.0,92.0,192.0,92.0,1,1,9435,terminal
5299,terminal_or_isolated,1,109.0,23.0,87.0,436.0,92.0,348.0,92.0,1,1,9445,terminal
5300,terminal_or_isolated,1,109.0,32.0,188.0,436.0,128.0,752.0,84.0,0,0,,inactive
5301,terminal_or_isolated,1,109.0,39.0,123.0,436.0,156.0,492.0,156.0,1,1,9985,terminal
5302,terminal_or_isolated,1,109.0,43.0,41.0,436.0,172.0,164.0,164.0,1,1,9498,terminal
5303,terminal_or_isolated,1,109.0,43.0,88.0,436.0,172.0,352.0,172.0,1,1,9511,terminal
5304,terminal_or_isolated,1,109.0,53.0,90.0,436.0,212.0,360.0,212.0,1,1,9998,terminal
5305,terminal_or_isolated,1,109.0,63.0,29.0,436.0,252.0,116.0,116.0,1,1,9559,terminal
5306,terminal_or_isolated,1,109.0,74.0,191.0,436.0,296.0,764.0,72.0,0,0,,inactive
5307,terminal_or_isolated,1,109.0,82.0,100.0,436.0,328.0,400.0,324.0,1,1,10044,terminal
5308,terminal_or_isolated,1,109.0,89.0,152.0,436.0,356.0,608.0,228.0,0,0,,inactive
5309,terminal_or_isolated,1,109.0,102.0,108.0,436.0,408.0,432.0,324.0,1,1,10076,terminal
5310,terminal_or_isolated,1,109.0,112.0,71.0,436.0,448.0,284.0,284.0,1,1,10088,terminal
5311,terminal_or_isolated,1,109.0,115.0,152.0,436.0,460.0,608.0,228.0,0,0,,inactive
5312,terminal_or_isolated,1,109.0,135.0,114.0,436.0,540.0,456.0,272.0,0,0,,inactive
5313,terminal_or_isolated,1,109.0,137.0,162.0,436.0,548.0,648.0,188.0,0,0,,inactive
5314,terminal_or_isolated,1,109.0,151.0,32.0,436.0,604.0,128.0,128.0,1,1,9827,terminal
5315,terminal_or_isolated,1,109.0,171.0,20.0,436.0,684.0,80.0,80.0,0,0,,inactive
5316,terminal_or_isolated,1,109.0,171.0,32.0,436.0,684.0,128.0,128.0,1,1,9892,terminal
5317,terminal_or_isolated,1,109.0,173.0,192.0,436.0,692.0,768.0,68.0,0,0,,inactive
5318,terminal_or_isolated,1,109.0,187.0,36.0,436.0,748.0,144.0,64.0,1,1,10920,terminal
5319,terminal_or_isolated,1,110.0,12.0,168.0,440.0,48.0,672.0,48.0,1,1,10219,terminal
5320,terminal_or_isolated,1,110.0,13.0,39.0,440.0,52.0,156.0,52.0,1,1,9408,terminal
5321,terminal_or_isolated,1,110.0,23.0,138.0,440.0,92.0,552.0,92.0,1,1,10979,terminal
5322,terminal_or_isolated,1,110.0,43.0,127.0,440.0,172.0,508.0,172.0,1,1,9987,terminal
5323,terminal_or_isolated,1,110.0,51.0,187.0,440.0,204.0,748.0,88.0,1,1,9996,terminal
5324,terminal_or_isolated,1,110.0,67.0,25.0,440.0,268.0,100.0,100.0,1,1,10460,terminal
5325,terminal_or_isolated,1,110.0,67.0,64.0,440.0,268.0,256.0,256.0,1,1,9547,terminal
5326,terminal_or_isolated,1,110.0,87.0,65.0,440.0,348.0,260.0,260.0,1,1,9614,terminal
5327,terminal_or_isolated,1,110.0,97.0,143.0,440.0,388.0,572.0,264.0,1,1,10071,terminal
5328,terminal_or_isolated,1,110.0,112.0,110.0,440.0,448.0,440.0,320.0,1,1,10091,terminal
5329,terminal_or_isolated,1,110.0,126.0,26.0,440.0,504.0,104.0,104.0,1,1,10115,terminal
5330,terminal_or_isolated,1,110.0,126.0,191.0,440.0,504.0,764.0,72.0,1,1,11026,terminal
5331,terminal_or_isolated,1,110.0,160.0,186.0,440.0,640.0,744.0,92.0,1,1,10151,terminal
5332,terminal_or_isolated,1,110.0,181.0,21.0,440.0,724.0,84.0,84.0,1,1,9915,terminal
5333,terminal_or_isolated,1,110.0,186.0,16.0,440.0,744.0,64.0,64.0,1,1,10916,terminal
5334,terminal_or_isolated,1,111.0,22.0,177.0,444.0,88.0,708.0,88.0,1,1,9432,terminal
5335,terminal_or_isolated,1,111.0,42.0,176.0,444.0,168.0,704.0,132.0,1,1,9981,terminal
5336,terminal_or_isolated,1,111.0,43.0,39.0,444.0,172.0,156.0,156.0,1,1,10323,terminal
5337,terminal_or_isolated,1,111.0,67.0,172.0,444.0,268.0,688.0,148.0,1,1,9566,terminal
5338,terminal_or_isolated,1,111.0,87.0,143.0,444.0,348.0,572.0,264.0,1,1,10036,terminal
5339,terminal_or_isolated,1,111.0,102.0,20.0,444.0,408.0,80.0,80.0,1,1,10577,terminal
5340,terminal_or_isolated,1,111.0,106.0,74.0,444.0,424.0,296.0,296.0,1,1,10593,terminal
5341,terminal_or_isolated,1,111.0,159.0,158.0,444.0,636.0,632.0,176.0,1,1,10162,terminal
5342,terminal_or_isolated,1,111.0,160.0,59.0,444.0,640.0,236.0,172.0,1,1,9884,terminal
5343,terminal_or_isolated,1,111.0,161.0,79.0,444.0,644.0,316.0,168.0,1,1,10848,terminal
5344,terminal_or_isolated,1,111.0,187.0,45.0,444.0,748.0,180.0,64.0,1,1,10213,terminal
5345,terminal_or_isolated,1,112.0,13.0,119.0,448.0,52.0,476.0,52.0,1,1,10244,terminal
5346,terminal_or_isolated,1,112.0,43.0,51.0,448.0,172.0,204.0,172.0,0,0,,inactive
5347,terminal_or_isolated,1,112.0,46.0,16.0,448.0,184.0,64.0,64.0,0,0,,inactive
5348,terminal_or_isolated,1,112.0,63.0,32.0,448.0,252.0,128.0,128.0,0,0,,inactive
5349,terminal_or_isolated,1,112.0,70.0,64.0,448.0,280.0,256.0,256.0,0,0,,inactive
5350,terminal_or_isolated,1,112.0,85.0,152.0,448.0,340.0,608.0,228.0,0,0,,inactive
5351,terminal_or_isolated,1,112.0,96.0,65.0,448.0,384.0,260.0,260.0,1,1,10551,terminal
5352,terminal_or_isolated,1,112.0,105.0,113.0,448.0,420.0,452.0,312.0,0,0,,inactive
5353,terminal_or_isolated,1,112.0,109.0,65.0,448.0,436.0,260.0,260.0,0,0,,inactive
5354,terminal_or_isolated,1,112.0,145.0,114.0,448.0,580.0,456.0,232.0,1,1,11034,terminal
5355,terminal_or_isolated,1,112.0,154.0,84.0,448.0,616.0,336.0,196.0,0,0,,inactive
5356,terminal_or_isolated,1,112.0,160.0,91.0,448.0,640.0,364.0,172.0,0,0,,inactive
5357,terminal_or_isolated,1,112.0,174.0,45.0,448.0,696.0,180.0,116.0,0,0,,inactive
5358,terminal_or_isolated,1,112.0,176.0,192.0,448.0,704.0,768.0,68.0,1,1,11047,terminal
5359,terminal_or_isolated,1,112.0,177.0,172.0,448.0,708.0,688.0,104.0,0,0,,inactive
5360,terminal_or_isolated,1,112.0,181.0,19.0,448.0,724.0,76.0,76.0,0,0,,inactive
5361,terminal_or_isolated,1,112.0,188.0,26.0,448.0,752.0,104.0,60.0,1,1,9918,terminal
5362,terminal_or_isolated,1,112.0,188.0,65.0,448.0,752.0,260.0,60.0,1,1,9925,terminal
5363,terminal_or_isolated,1,113.0,13.0,125.0,452.0,52.0,500.0,52.0,0,0,,inactive
5364,terminal_or_isolated,1,113.0,14.0,42.0,452.0,56.0,168.0,56.0,0,0,,inactive
5365,terminal_or_isolated,1,113.0,21.0,113.0,452.0,84.0,452.0,84.0,0,0,,inactive
5366,terminal_or_isolated,1,113.0,23.0,52.0,452.0,92.0,208.0,92.0,0,0,,inactive
5367,terminal_or_isolated,1,113.0,36.0,45.0,452.0,144.0,180.0,144.0,0,0,,inactive
5368,terminal_or_isolated,1,113.0,36.0,123.0,452.0,144.0,492.0,144.0,0,0,,inactive
5369,terminal_or_isolated,1,113.0,53.0,47.0,452.0,212.0,188.0,188.0,0,0,,inactive
5370,terminal_or_isolated,1,113.0,53.0,86.0,452.0,212.0,344.0,212.0,0,0,,inactive
5371,terminal_or_isolated,1,113.0,75.0,103.0,452.0,300.0,412.0,300.0,0,0,,inactive
5372,terminal_or_isolated,1,113.0,75.0,142.0,452.0,300.0,568.0,268.0,0,0,,inactive
5373,terminal_or_isolated,1,113.0,82.0,96.0,452.0,328.0,384.0,308.0,0,0,,inactive
5374,terminal_or_isolated,1,113.0,90.0,104.0,452.0,360.0,416.0,308.0,0,0,,inactive
5375,terminal_or_isolated,1,113.0,91.0,184.0,452.0,364.0,736.0,100.0,0,0,,inactive
5376,terminal_or_isolated,1,113.0,102.0,96.0,452.0,408.0,384.0,308.0,0,0,,inactive
5377,terminal_or_isolated,1,113.0,103.0,191.0,452.0,412.0,764.0,72.0,0,0,,inactive
5378,terminal_or_isolated,1,113.0,134.0,162.0,452.0,536.0,648.0,188.0,0,0,,inactive
5379,terminal_or_isolated,1,113.0,151.0,28.0,452.0,604.0,112.0,112.0,0,0,,inactive
5380,terminal_or_isolated,1,113.0,160.0,155.0,452.0,640.0,620.0,172.0,0,0,,inactive
5381,terminal_or_isolated,1,113.0,160.0,189.0,452.0,640.0,756.0,80.0,0,0,,inactive
5382,terminal_or_isolated,1,113.0,188.0,104.0,452.0,752.0,416.0,60.0,1,1,9903,terminal
5383,terminal_or_isolated,1,113.0,188.0,124.0,452.0,752.0,496.0,60.0,1,1,10204,terminal
5384,terminal_or_isolated,1,113.0,188.0,143.0,452.0,752.0,572.0,60.0,1,1,9910,terminal
5385,terminal_or_isolated,1,113.0,188.0,163.0,452.0,752.0,652.0,60.0,1,1,10207,terminal
5386,terminal_or_isolated,1,115.0,19.0,89.0,460.0,76.0,356.0,76.0,1,1,10265,terminal
5387,terminal_or_isolated,1,115.0,27.0,70.0,460.0,108.0,280.0,108.0,1,1,10260,terminal
5388,terminal_or_isolated,1,115.0,30.0,61.0,460.0,120.0,244.0,120.0,0,0,,inactive
5389,terminal_or_isolated,1,115.0,31.0,86.0,460.0,124.0,344.0,124.0,0,0,,inactive
5390,terminal_or_isolated,1,115.0,36.0,28.0,460.0,144.0,112.0,112.0,0,0,,inactive
5391,terminal_or_isolated,1,115.0,37.0,21.0,460.0,148.0,84.0,84.0,0,0,,inactive
5392,terminal_or_isolated,1,115.0,37.0,80.0,460.0,148.0,320.0,148.0,1,1,10336,terminal
5393,terminal_or_isolated,1,115.0,41.0,18.0,460.0,164.0,72.0,72.0,0,0,,inactive
5394,terminal_or_isolated,1,115.0,41.0,52.0,460.0,164.0,208.0,164.0,0,0,,inactive
5395,terminal_or_isolated,1,115.0,46.0,52.0,460.0,184.0,208.0,184.0,0,0,,inactive
5396,terminal_or_isolated,1,115.0,47.0,19.0,460.0,188.0,76.0,76.0,1,1,10364,terminal
5397,terminal_or_isolated,1,115.0,48.0,69.0,460.0,192.0,276.0,192.0,1,1,10339,terminal
5398,terminal_or_isolated,1,115.0,48.0,108.0,460.0,192.0,432.0,192.0,1,1,10388,terminal
5399,terminal_or_isolated,1,115.0,49.0,49.0,460.0,196.0,196.0,196.0,1,1,10372,terminal
5400,terminal_or_isolated,1,115.0,56.0,42.0,460.0,224.0,168.0,168.0,0,0,,inactive
5401,terminal_or_isolated,1,115.0,59.0,39.0,460.0,236.0,156.0,156.0,1,1,10415,terminal
5402,terminal_or_isolated,1,115.0,59.0,58.0,460.0,236.0,232.0,232.0,1,1,10378,terminal
5403,terminal_or_isolated,1,115.0,59.0,97.0,460.0,236.0,388.0,236.0,0,0,,inactive
5404,terminal_or_isolated,1,115.0,65.0,57.0,460.0,260.0,228.0,228.0,0,0,,inactive
5405,terminal_or_isolated,1,115.0,65.0,91.0,460.0,260.0,364.0,260.0,0,0,,inactive
5406,terminal_or_isolated,1,115.0,69.0,22.0,460.0,276.0,88.0,88.0,1,1,10421,terminal
5407,terminal_or_isolated,1,115.0,69.0,41.0,460.0,276.0,164.0,164.0,0,0,,inactive
5408,terminal_or_isolated,1,115.0,78.0,31.0,460.0,312.0,124.0,124.0,1,1,10464,terminal
5409,terminal_or_isolated,1,115.0,78.0,79.0,460.0,312.0,316.0,300.0,1,1,10507,terminal
5410,terminal_or_isolated,1,115.0,80.0,52.0,460.0,320.0,208.0,208.0,0,0,,inactive
5411,terminal_or_isolated,1,115.0,89.0,81.0,460.0,356.0,324.0,300.0,0,0,,inactive
5412,terminal_or_isolated,1,115.0,89.0,126.0,460.0,356.0,504.0,300.0,0,0,,inactive
5413,terminal_or_isolated,1,115.0,96.0,49.0,460.0,384.0,196.0,196.0,1,1,10543,terminal
5414,terminal_or_isolated,1,115.0,97.0,40.0,460.0,388.0,160.0,160.0,1,1,10542,terminal
5415,terminal_or_isolated,1,115.0,100.0,53.0,460.0,400.0,212.0,212.0,0,0,,inactive
5416,terminal_or_isolated,1,115.0,100.0,96.0,460.0,400.0,384.0,300.0,0,0,,inactive
5417,terminal_or_isolated,1,115.0,107.0,147.0,460.0,428.0,588.0,248.0,1,1,10616,terminal
5418,terminal_or_isolated,1,115.0,109.0,62.0,460.0,436.0,248.0,248.0,0,0,,inactive
5419,terminal_or_isolated,1,115.0,109.0,68.0,460.0,436.0,272.0,272.0,0,0,,inactive
5420,terminal_or_isolated,1,115.0,115.0,107.0,460.0,460.0,428.0,300.0,1,1,10655,terminal
5421,terminal_or_isolated,1,115.0,115.0,139.0,460.0,460.0,556.0,280.0,1,1,10617,terminal
5422,terminal_or_isolated,1,115.0,116.0,30.0,460.0,464.0,120.0,120.0,1,1,10626,terminal
5423,terminal_or_isolated,1,115.0,117.0,21.0,460.0,468.0,84.0,84.0,1,1,10679,terminal
5424,terminal_or_isolated,1,115.0,120.0,33.0,460.0,480.0,132.0,132.0,0,0,,inactive
5425,terminal_or_isolated,1,115.0,120.0,57.0,460.0,480.0,228.0,228.0,0,0,,inactive
5426,terminal_or_isolated,1,115.0,125.0,71.0,460.0,500.0,284.0,284.0,1,1,10666,terminal
5427,terminal_or_isolated,1,115.0,138.0,91.0,460.0,552.0,364.0,260.0,0,0,,inactive
5428,terminal_or_isolated,1,115.0,138.0,97.0,460.0,552.0,388.0,260.0,0,0,,inactive
5429,terminal_or_isolated,1,115.0,148.0,81.0,460.0,592.0,324.0,220.0,0,0,,inactive
5430,terminal_or_isolated,1,115.0,157.0,79.0,460.0,628.0,316.0,184.0,1,1,10849,terminal
5431,terminal_or_isolated,1,115.0,158.0,91.0,460.0,632.0,364.0,180.0,0,0,,inactive
5432,terminal_or_isolated,1,115.0,164.0,52.0,460.0,656.0,208.0,156.0,0,0,,inactive
5433,terminal_or_isolated,1,115.0,164.0,91.0,460.0,656.0,364.0,156.0,0,0,,inactive
5434,terminal_or_isolated,1,115.0,168.0,87.0,460.0,672.0,348.0,140.0,0,0,,inactive
5435,terminal_or_isolated,1,115.0,168.0,107.0,460.0,672.0,428.0,140.0,0,0,,inactive
5436,terminal_or_isolated,1,115.0,169.0,48.0,460.0,676.0,192.0,136.0,0,0,,inactive
5437,terminal_or_isolated,1,115.0,178.0,97.0,460.0,712.0,388.0,100.0,0,0,,inactive
5438,terminal_or_isolated,1,115.0,183.0,97.0,460.0,732.0,388.0,80.0,0,0,,inactive
5439,terminal_or_isolated,1,115.0,188.0,42.0,460.0,752.0,168.0,60.0,1,1,10923,terminal
5440,terminal_or_isolated,1,115.0,188.0,48.0,460.0,752.0,192.0,60.0,1,1,10928,terminal
5441,terminal_or_isolated,1,115.0,188.0,62.0,460.0,752.0,248.0,60.0,1,1,10929,terminal
5442,terminal_or_isolated,1,115.0,188.0,82.0,460.0,752.0,328.0,60.0,1,1,10936,terminal
5443,terminal_or_isolated,1,115.0,188.0,87.0,460.0,752.0,348.0,60.0,1,1,10940,terminal
5444,terminal_or_isolated,1,115.0,188.0,126.0,460.0,752.0,504.0,60.0,1,1,10948,terminal
5445,terminal_or_isolated,1,115.0,189.0,24.0,460.0,756.0,96.0,56.0,1,1,10917,terminal
5446,terminal_or_isolated,1,115.0,189.0,28.0,460.0,756.0,112.0,56.0,1,1,10921,terminal
5447,terminal_or_isolated,1,116.0,18.0,167.0,464.0,72.0,668.0,72.0,1,1,10970,terminal
5448,terminal_or_isolated,1,116.0,19.0,148.0,464.0,76.0,592.0,76.0,1,1,10278,terminal
5449,terminal_or_isolated,1,116.0,25.0,169.0,464.0,100.0,676.0,100.0,0,0,,inactive
5450,terminal_or_isolated,1,116.0,26.0,188.0,464.0,104.0,752.0,84.0,0,0,,inactive
5451,terminal_or_isolated,1,116.0,28.0,147.0,464.0,112.0,588.0,112.0,1,1,10280,terminal
5452,terminal_or_isolated,1,116.0,40.0,155.0,464.0,160.0,620.0,160.0,0,0,,inactive
5453,terminal_or_isolated,1,116.0,47.0,167.0,464.0,188.0,668.0,168.0,1,1,10344,terminal
5454,terminal_or_isolated,1,116.0,50.0,145.0,464.0,200.0,580.0,200.0,0,0,,inactive
5455,terminal_or_isolated,1,116.0,54.0,179.0,464.0,216.0,716.0,120.0,0,0,,inactive
5456,terminal_or_isolated,1,116.0,55.0,159.0,464.0,220.0,636.0,200.0,0,0,,inactive
5457,terminal_or_isolated,1,116.0,56.0,146.0,464.0,224.0,584.0,224.0,0,0,,inactive
5458,terminal_or_isolated,1,116.0,60.0,174.0,464.0,240.0,696.0,140.0,0,0,,inactive
5459,terminal_or_isolated,1,116.0,65.0,130.0,464.0,260.0,520.0,260.0,0,0,,inactive
5460,terminal_or_isolated,1,116.0,66.0,168.0,464.0,264.0,672.0,164.0,1,1,10475,terminal
5461,terminal_or_isolated,1,116.0,78.0,156.0,464.0,312.0,624.0,212.0,1,1,10476,terminal
5462,terminal_or_isolated,1,116.0,78.0,175.0,464.0,312.0,700.0,136.0,1,1,10455,terminal
5463,terminal_or_isolated,1,116.0,87.0,186.0,464.0,348.0,744.0,92.0,1,1,10562,terminal
5464,terminal_or_isolated,1,116.0,94.0,184.0,464.0,376.0,736.0,100.0,0,0,,inactive
5465,terminal_or_isolated,1,116.0,96.0,177.0,464.0,384.0,708.0,128.0,1,1,10565,terminal
5466,terminal_or_isolated,1,116.0,104.0,169.0,464.0,416.0,676.0,160.0,0,0,,inactive
5467,terminal_or_isolated,1,116.0,104.0,188.0,464.0,416.0,752.0,84.0,0,0,,inactive
5468,terminal_or_isolated,1,116.0,107.0,186.0,464.0,428.0,744.0,92.0,1,1,10650,terminal
5469,terminal_or_isolated,1,116.0,125.0,176.0,464.0,500.0,704.0,132.0,1,1,10703,terminal
5470,terminal_or_isolated,1,116.0,136.0,138.0,464.0,544.0,552.0,268.0,1,1,10726,terminal
5471,terminal_or_isolated,1,116.0,146.0,186.0,464.0,584.0,744.0,92.0,1,1,10765,terminal
5472,terminal_or_isolated,1,116.0,168.0,146.0,464.0,672.0,584.0,140.0,0,0,,inactive
5473,terminal_or_isolated,1,116.0,186.0,187.0,464.0,744.0,748.0,68.0,1,1,11049,terminal
5474,terminal_or_isolated,1,116.0,187.0,166.0,464.0,748.0,664.0,64.0,1,1,10913,terminal
5475,terminal_or_isolated,1,117.0,189.0,26.0,468.0,756.0,104.0,56.0,1,1,11859,terminal
5476,terminal_or_isolated,1,118.0,13.0,120.0,472.0,52.0,480.0,52.0,0,0,,inactive
5477,terminal_or_isolated,1,118.0,14.0,22.0,472.0,56.0,88.0,56.0,0,0,,inactive
5478,terminal_or_isolated,1,118.0,50.0,84.0,472.0,200.0,336.0,200.0,0,0,,inactive
5479,terminal_or_isolated,1,118.0,72.0,140.0,472.0,288.0,560.0,276.0,0,0,,inactive
5480,terminal_or_isolated,1,118.0,83.0,191.0,472.0,332.0,764.0,72.0,0,0,,inactive
5481,terminal_or_isolated,1,118.0,121.0,155.0,472.0,484.0,620.0,216.0,0,0,,inactive
5482,terminal_or_isolated,1,118.0,123.0,191.0,472.0,492.0,764.0,72.0,0,0,,inactive
5483,terminal_or_isolated,1,118.0,130.0,184.0,472.0,520.0,736.0,100.0,0,0,,inactive
5484,terminal_or_isolated,1,118.0,144.0,75.0,472.0,576.0,300.0,236.0,0,0,,inactive
5485,terminal_or_isolated,1,118.0,163.0,114.0,472.0,652.0,456.0,160.0,0,0,,inactive
5486,terminal_or_isolated,1,118.0,188.0,45.0,472.0,752.0,180.0,60.0,1,1,11866,terminal
5487,terminal_or_isolated,1,118.0,188.0,65.0,472.0,752.0,260.0,60.0,1,1,11872,terminal
5488,terminal_or_isolated,1,118.0,188.0,104.0,472.0,752.0,416.0,60.0,1,1,11835,terminal
5489,terminal_or_isolated,1,118.0,188.0,124.0,472.0,752.0,496.0,60.0,1,1,11880,terminal
5490,terminal_or_isolated,1,118.0,188.0,143.0,472.0,752.0,572.0,60.0,1,1,11841,terminal
5491,terminal_or_isolated,1,118.0,188.0,163.0,472.0,752.0,652.0,60.0,1,1,11848,terminal
5492,terminal_or_isolated,1,118.0,188.0,182.0,472.0,752.0,728.0,60.0,1,1,11854,terminal
5493,terminal_or_isolated,1,119.0,12.0,165.0,476.0,48.0,660.0,48.0,1,1,11052,terminal
5494,terminal_or_isolated,1,119.0,13.0,178.0,476.0,52.0,712.0,52.0,0,0,,inactive
5495,terminal_or_isolated,1,119.0,29.0,162.0,476.0,116.0,648.0,116.0,1,1,10987,terminal
5496,terminal_or_isolated,1,119.0,39.0,132.0,476.0,156.0,528.0,156.0,1,1,11193,terminal
5497,terminal_or_isolated,1,119.0,53.0,41.0,476.0,212.0,164.0,164.0,1,1,11253,terminal
5498,terminal_or_isolated,1,119.0,82.0,117.0,476.0,328.0,468.0,284.0,1,1,10503,terminal
5499,terminal_or_isolated,1,119.0,92.0,100.0,476.0,368.0,400.0,284.0,1,1,10549,terminal
5500,terminal_or_isolated,1,119.0,101.0,156.0,476.0,404.0,624.0,212.0,0,0,,inactive
5501,terminal_or_isolated,1,119.0,125.0,74.0,476.0,500.0,296.0,284.0,0,0,,inactive
5502,terminal_or_isolated,1,119.0,141.0,20.0,476.0,564.0,80.0,80.0,1,1,10748,terminal
5503,terminal_or_isolated,1,120.0,19.0,132.0,480.0,76.0,528.0,76.0,1,1,11889,terminal
5504,terminal_or_isolated,1,120.0,29.0,45.0,480.0,116.0,180.0,116.0,1,1,10985,terminal
5505,terminal_or_isolated,1,120.0,32.0,186.0,480.0,128.0,744.0,92.0,1,1,10993,terminal
5506,terminal_or_isolated,1,120.0,82.0,128.0,480.0,328.0,512.0,280.0,1,1,10518,terminal
5507,terminal_or_isolated,1,120.0,87.0,142.0,480.0,348.0,568.0,268.0,1,1,11425,terminal
5508,terminal_or_isolated,1,120.0,97.0,104.0,480.0,388.0,416.0,280.0,1,1,11507,terminal
5509,terminal_or_isolated,1,120.0,166.0,94.0,480.0,664.0,376.0,148.0,1,1,11816,terminal
5510,terminal_or_isolated,1,120.0,171.0,50.0,480.0,684.0,200.0,128.0,1,1,10885,terminal
5511,terminal_or_isolated,1,120.0,171.0,119.0,480.0,684.0,476.0,128.0,1,1,10908,terminal
5512,terminal_or_isolated,1,120.0,181.0,70.0,480.0,724.0,280.0,88.0,1,1,10935,terminal
5513,terminal_or_isolated,1,121.0,13.0,156.0,484.0,52.0,624.0,52.0,1,1,11053,terminal
5514,terminal_or_isolated,1,121.0,52.0,137.0,484.0,208.0,548.0,208.0,1,1,10356,terminal
5515,terminal_or_isolated,1,121.0,69.0,16.0,484.0,276.0,64.0,64.0,1,1,11353,terminal
5516,terminal_or_isolated,1,121.0,72.0,137.0,484.0,288.0,548.0,276.0,1,1,11376,terminal
5517,terminal_or_isolated,1,121.0,92.0,98.0,484.0,368.0,392.0,276.0,1,1,11454,terminal
5518,terminal_or_isolated,1,121.0,101.0,158.0,484.0,404.0,632.0,204.0,1,1,11479,terminal
5519,terminal_or_isolated,1,121.0,121.0,108.0,484.0,484.0,432.0,276.0,1,1,10691,terminal
5520,terminal_or_isolated,1,121.0,128.0,74.0,484.0,512.0,296.0,276.0,1,1,11646,terminal
5521,terminal_or_isolated,1,121.0,135.0,191.0,484.0,540.0,764.0,72.0,1,1,10767,terminal
5522,terminal_or_isolated,1,121.0,141.0,22.0,484.0,564.0,88.0,88.0,1,1,11087,terminal
5523,terminal_or_isolated,1,121.0,141.0,69.0,484.0,564.0,276.0,248.0,1,1,10755,terminal
5524,terminal_or_isolated,1,121.0,165.0,123.0,484.0,660.0,492.0,152.0,1,1,10906,terminal
5525,terminal_or_isolated,1,121.0,170.0,129.0,484.0,680.0,516.0,132.0,1,1,10907,terminal
5526,terminal_or_isolated,1,121.0,186.0,173.0,484.0,744.0,692.0,68.0,1,1,10914,terminal
5527,terminal_or_isolated,1,121.0,187.0,36.0,484.0,748.0,144.0,64.0,1,1,10925,terminal
5528,terminal_or_isolated,1,122.0,13.0,175.0,488.0,52.0,700.0,52.0,1,1,11893,terminal
5529,terminal_or_isolated,1,122.0,51.0,129.0,488.0,204.0,516.0,204.0,1,1,10396,terminal
5530,terminal_or_isolated,1,122.0,102.0,87.0,488.0,408.0,348.0,272.0,0,0,,inactive
5531,terminal_or_isolated,1,122.0,129.0,35.0,488.0,516.0,140.0,140.0,0,0,,inactive
5532,terminal_or_isolated,1,122.0,130.0,188.0,488.0,520.0,752.0,84.0,0,0,,inactive
5533,terminal_or_isolated,1,122.0,131.0,149.0,488.0,524.0,596.0,240.0,1,1,11911,terminal
5534,terminal_or_isolated,1,122.0,171.0,117.0,488.0,684.0,468.0,128.0,0,0,,inactive
5535,terminal_or_isolated,1,122.0,188.0,55.0,488.0,752.0,220.0,60.0,1,1,10932,terminal
5536,terminal_or_isolated,1,122.0,188.0,75.0,488.0,752.0,300.0,60.0,1,1,10938,terminal
5537,terminal_or_isolated,1,123.0,13.0,154.0,492.0,52.0,616.0,52.0,0,0,,inactive
5538,terminal_or_isolated,1,123.0,23.0,159.0,492.0,92.0,636.0,92.0,0,0,,inactive
5539,terminal_or_isolated,1,123.0,32.0,188.0,492.0,128.0,752.0,84.0,0,0,,inactive
5540,terminal_or_isolated,1,123.0,36.0,54.0,492.0,144.0,216.0,144.0,0,0,,inactive
5541,terminal_or_isolated,1,123.0,52.0,135.0,492.0,208.0,540.0,208.0,0,0,,inactive
5542,terminal_or_isolated,1,123.0,82.0,121.0,492.0,328.0,484.0,268.0,0,0,,inactive
5543,terminal_or_isolated,1,123.0,82.0,125.0,492.0,328.0,500.0,268.0,0,0,,inactive
5544,terminal_or_isolated,1,123.0,121.0,160.0,492.0,484.0,640.0,196.0,0,0,,inactive
5545,terminal_or_isolated,1,123.0,128.0,191.0,492.0,512.0,764.0,72.0,0,0,,inactive
5546,terminal_or_isolated,1,123.0,188.0,114.0,492.0,752.0,456.0,60.0,1,1,10961,terminal
5547,terminal_or_isolated,1,123.0,188.0,153.0,492.0,752.0,612.0,60.0,1,1,10954,terminal
5548,terminal_or_isolated,1,125.0,17.0,156.0,500.0,68.0,624.0,68.0,1,1,11098,terminal
5549,terminal_or_isolated,1,125.0,18.0,117.0,500.0,72.0,468.0,72.0,1,1,11138,terminal
5550,terminal_or_isolated,1,125.0,20.0,61.0,500.0,80.0,244.0,80.0,1,1,11056,terminal
5551,terminal_or_isolated,1,125.0,26.0,28.0,500.0,104.0,112.0,104.0,0,0,,inactive
5552,terminal_or_isolated,1,125.0,30.0,116.0,500.0,120.0,464.0,120.0,0,0,,inactive
5553,terminal_or_isolated,1,125.0,31.0,72.0,500.0,124.0,288.0,124.0,0,0,,inactive
5554,terminal_or_isolated,1,125.0,38.0,89.0,500.0,152.0,356.0,152.0,1,1,11231,terminal
5555,terminal_or_isolated,1,125.0,41.0,101.0,500.0,164.0,404.0,164.0,0,0,,inactive
5556,terminal_or_isolated,1,125.0,46.0,61.0,500.0,184.0,244.0,184.0,0,0,,inactive
5557,terminal_or_isolated,1,125.0,47.0,107.0,500.0,188.0,428.0,188.0,1,1,11273,terminal
5558,terminal_or_isolated,1,125.0,48.0,118.0,500.0,192.0,472.0,192.0,1,1,11272,terminal
5559,terminal_or_isolated,1,125.0,49.0,50.0,500.0,196.0,200.0,196.0,1,1,11261,terminal
5560,terminal_or_isolated,1,125.0,49.0,129.0,500.0,196.0,516.0,196.0,1,1,11289,terminal
5561,terminal_or_isolated,1,125.0,55.0,135.0,500.0,220.0,540.0,220.0,0,0,,inactive
5562,terminal_or_isolated,1,125.0,65.0,145.0,500.0,260.0,580.0,256.0,0,0,,inactive
5563,terminal_or_isolated,1,125.0,65.0,178.0,500.0,260.0,712.0,124.0,0,0,,inactive
5564,terminal_or_isolated,1,125.0,67.0,118.0,500.0,268.0,472.0,260.0,1,1,11298,terminal
5565,terminal_or_isolated,1,125.0,68.0,79.0,500.0,272.0,316.0,260.0,1,1,11367,terminal
5566,terminal_or_isolated,1,125.0,69.0,31.0,500.0,276.0,124.0,124.0,1,1,11359,terminal
5567,terminal_or_isolated,1,125.0,70.0,135.0,500.0,280.0,540.0,260.0,0,0,,inactive
5568,terminal_or_isolated,1,125.0,75.0,149.0,500.0,300.0,596.0,240.0,0,0,,inactive
5569,terminal_or_isolated,1,125.0,75.0,155.0,500.0,300.0,620.0,216.0,0,0,,inactive
5570,terminal_or_isolated,1,125.0,77.0,78.0,500.0,308.0,312.0,260.0,1,1,11364,terminal
5571,terminal_or_isolated,1,125.0,80.0,106.0,500.0,320.0,424.0,260.0,0,0,,inactive
5572,terminal_or_isolated,1,125.0,88.0,50.0,500.0,352.0,200.0,200.0,1,1,11417,terminal
5573,terminal_or_isolated,1,125.0,88.0,117.0,500.0,352.0,468.0,260.0,1,1,11405,terminal
5574,terminal_or_isolated,1,125.0,88.0,156.0,500.0,352.0,624.0,212.0,1,1,11474,terminal
5575,terminal_or_isolated,1,125.0,88.0,175.0,500.0,352.0,700.0,136.0,0,0,,inactive
5576,terminal_or_isolated,1,125.0,89.0,136.0,500.0,356.0,544.0,260.0,0,0,,inactive
5577,terminal_or_isolated,1,125.0,99.0,68.0,500.0,396.0,272.0,260.0,0,0,,inactive
5578,terminal_or_isolated,1,125.0,99.0,101.0,500.0,396.0,404.0,260.0,0,0,,inactive
5579,terminal_or_isolated,1,125.0,107.0,30.0,500.0,428.0,120.0,120.0,1,1,11544,terminal
5580,terminal_or_isolated,1,125.0,107.0,109.0,500.0,428.0,436.0,260.0,1,1,11574,terminal
5581,terminal_or_isolated,1,125.0,108.0,175.0,500.0,432.0,700.0,136.0,0,0,,inactive
5582,terminal_or_isolated,1,125.0,114.0,116.0,500.0,456.0,464.0,260.0,0,0,,inactive
5583,terminal_or_isolated,1,125.0,114.0,175.0,500.0,456.0,700.0,136.0,0,0,,inactive
5584,terminal_or_isolated,1,125.0,115.0,77.0,500.0,460.0,308.0,260.0,0,0,,inactive
5585,terminal_or_isolated,1,125.0,116.0,186.0,500.0,464.0,744.0,92.0,1,1,11570,terminal
5586,terminal_or_isolated,1,125.0,119.0,160.0,500.0,476.0,640.0,196.0,0,0,,inactive
5587,terminal_or_isolated,1,125.0,135.0,90.0,500.0,540.0,360.0,260.0,1,1,11628,terminal
5588,terminal_or_isolated,1,125.0,136.0,128.0,500.0,544.0,512.0,260.0,1,1,11640,terminal
5589,terminal_or_isolated,1,125.0,136.0,186.0,500.0,544.0,744.0,92.0,1,1,11656,terminal
5590,terminal_or_isolated,1,125.0,139.0,102.0,500.0,556.0,408.0,256.0,0,0,,inactive
5591,terminal_or_isolated,1,125.0,144.0,146.0,500.0,576.0,584.0,236.0,0,0,,inactive
5592,terminal_or_isolated,1,125.0,144.0,178.0,500.0,576.0,712.0,124.0,0,0,,inactive
5593,terminal_or_isolated,1,125.0,146.0,119.0,500.0,584.0,476.0,228.0,1,1,11716,terminal
5594,terminal_or_isolated,1,125.0,154.0,156.0,500.0,616.0,624.0,196.0,0,0,,inactive
5595,terminal_or_isolated,1,125.0,156.0,50.0,500.0,624.0,200.0,188.0,1,1,11764,terminal
5596,terminal_or_isolated,1,125.0,157.0,159.0,500.0,628.0,636.0,184.0,1,1,11745,terminal
5597,terminal_or_isolated,1,125.0,163.0,121.0,500.0,652.0,484.0,160.0,0,0,,inactive
5598,terminal_or_isolated,1,125.0,167.0,79.0,500.0,668.0,316.0,144.0,1,1,11809,terminal
5599,terminal_or_isolated,1,125.0,167.0,90.0,500.0,668.0,360.0,144.0,1,1,11817,terminal
5600,terminal_or_isolated,1,125.0,168.0,170.0,500.0,672.0,680.0,140.0,0,0,,inactive
5601,terminal_or_isolated,1,125.0,173.0,150.0,500.0,692.0,600.0,120.0,0,0,,inactive
5602,terminal_or_isolated,1,125.0,178.0,146.0,500.0,712.0,584.0,100.0,0,0,,inactive
5603,terminal_or_isolated,1,125.0,185.0,22.0,500.0,740.0,88.0,72.0,1,1,11860,terminal
5604,terminal_or_isolated,1,125.0,186.0,90.0,500.0,744.0,360.0,68.0,1,1,11884,terminal
5605,terminal_or_isolated,1,125.0,188.0,33.0,500.0,752.0,132.0,60.0,1,1,11861,terminal
5606,terminal_or_isolated,1,125.0,188.0,52.0,500.0,752.0,208.0,60.0,1,1,11867,terminal
5607,terminal_or_isolated,1,125.0,188.0,58.0,500.0,752.0,232.0,60.0,1,1,11874,terminal
5608,terminal_or_isolated,1,125.0,188.0,72.0,500.0,752.0,288.0,60.0,1,1,11876,terminal
5609,terminal_or_isolated,1,125.0,188.0,97.0,500.0,752.0,388.0,60.0,1,1,11836,terminal
5610,terminal_or_isolated,1,125.0,188.0,116.0,500.0,752.0,464.0,60.0,1,1,11879,terminal
5611,terminal_or_isolated,1,125.0,188.0,136.0,500.0,752.0,544.0,60.0,1,1,11843,terminal
5612,terminal_or_isolated,1,125.0,188.0,155.0,500.0,752.0,620.0,60.0,1,1,11849,terminal
5613,terminal_or_isolated,1,126.0,26.0,178.0,504.0,104.0,712.0,104.0,0,0,,inactive
5614,terminal_or_isolated,1,126.0,29.0,188.0,504.0,116.0,752.0,84.0,0,0,,inactive
5615,terminal_or_isolated,1,126.0,36.0,187.0,504.0,144.0,748.0,88.0,1,1,11903,terminal
5616,terminal_or_isolated,1,126.0,166.0,177.0,504.0,664.0,708.0,128.0,1,1,11794,terminal
5617,terminal_or_isolated,1,127.0,71.0,16.0,508.0,284.0,64.0,64.0,0,0,,inactive
5618,terminal_or_isolated,1,127.0,92.0,18.0,508.0,368.0,72.0,72.0,0,0,,inactive
5619,terminal_or_isolated,1,127.0,144.0,45.0,508.0,576.0,180.0,180.0,0,0,,inactive
5620,terminal_or_isolated,1,127.0,183.0,85.0,508.0,732.0,340.0,80.0,0,0,,inactive
5621,terminal_or_isolated,1,127.0,189.0,16.0,508.0,756.0,64.0,56.0,1,1,12828,terminal
5622,terminal_or_isolated,1,127.0,189.0,36.0,508.0,756.0,144.0,56.0,1,1,12837,terminal
5623,terminal_or_isolated,1,128.0,14.0,57.0,512.0,56.0,228.0,56.0,1,1,11919,terminal
5624,terminal_or_isolated,1,128.0,33.0,32.0,512.0,132.0,128.0,128.0,0,0,,inactive
5625,terminal_or_isolated,1,128.0,72.0,33.0,512.0,288.0,132.0,132.0,0,0,,inactive
5626,terminal_or_isolated,1,128.0,82.0,42.0,512.0,328.0,168.0,168.0,0,0,,inactive
5627,terminal_or_isolated,1,128.0,129.0,35.0,512.0,516.0,140.0,140.0,0,0,,inactive
5628,terminal_or_isolated,1,128.0,138.0,123.0,512.0,552.0,492.0,248.0,0,0,,inactive
5629,terminal_or_isolated,1,128.0,144.0,65.0,512.0,576.0,260.0,236.0,0,0,,inactive
5630,terminal_or_isolated,1,128.0,148.0,192.0,512.0,592.0,768.0,68.0,0,0,,inactive
5631,terminal_or_isolated,1,128.0,154.0,75.0,512.0,616.0,300.0,196.0,0,0,,inactive
5632,terminal_or_isolated,1,128.0,161.0,101.0,512.0,644.0,404.0,168.0,0,0,,inactive
5633,terminal_or_isolated,1,128.0,171.0,58.0,512.0,684.0,232.0,128.0,0,0,,inactive
5634,terminal_or_isolated,1,128.0,181.0,29.0,512.0,724.0,116.0,88.0,0,0,,inactive
5635,terminal_or_isolated,1,128.0,188.0,55.0,512.0,752.0,220.0,60.0,1,1,12807,terminal
5636,terminal_or_isolated,1,128.0,188.0,75.0,512.0,752.0,300.0,60.0,1,1,12814,terminal
5637,terminal_or_isolated,1,128.0,188.0,94.0,512.0,752.0,376.0,60.0,1,1,12822,terminal
5638,terminal_or_isolated,1,128.0,188.0,114.0,512.0,752.0,456.0,60.0,1,1,12110,terminal
5639,terminal_or_isolated,1,128.0,188.0,153.0,512.0,752.0,612.0,60.0,1,1,12790,terminal
5640,terminal_or_isolated,1,129.0,13.0,109.0,516.0,52.0,436.0,52.0,1,1,11117,terminal
5641,terminal_or_isolated,1,129.0,17.0,93.0,516.0,68.0,372.0,68.0,0,0,,inactive
5642,terminal_or_isolated,1,129.0,32.0,187.0,516.0,128.0,748.0,88.0,0,0,,inactive
5643,terminal_or_isolated,1,129.0,39.0,45.0,516.0,156.0,180.0,156.0,1,1,11221,terminal
5644,terminal_or_isolated,1,129.0,43.0,68.0,516.0,172.0,272.0,172.0,1,1,11227,terminal
5645,terminal_or_isolated,1,129.0,43.0,119.0,516.0,172.0,476.0,172.0,1,1,12248,terminal
5646,terminal_or_isolated,1,129.0,72.0,175.0,516.0,288.0,700.0,136.0,1,1,11388,terminal
5647,terminal_or_isolated,1,129.0,77.0,94.0,516.0,308.0,376.0,244.0,1,1,12390,terminal
5648,terminal_or_isolated,1,129.0,78.0,25.0,516.0,312.0,100.0,100.0,1,1,11413,terminal
5649,terminal_or_isolated,1,129.0,82.0,49.0,516.0,328.0,196.0,196.0,1,1,11420,terminal
5650,terminal_or_isolated,1,129.0,92.0,117.0,516.0,368.0,468.0,244.0,1,1,11461,terminal
5651,terminal_or_isolated,1,129.0,92.0,129.0,516.0,368.0,516.0,244.0,1,1,11467,terminal
5652,terminal_or_isolated,1,129.0,92.0,156.0,516.0,368.0,624.0,212.0,1,1,12424,terminal
5653,terminal_or_isolated,1,129.0,94.0,191.0,516.0,376.0,764.0,72.0,0,0,,inactive
5654,terminal_or_isolated,1,129.0,102.0,49.0,516.0,408.0,196.0,196.0,1,1,11493,terminal
5655,terminal_or_isolated,1,129.0,106.0,26.0,516.0,424.0,104.0,104.0,1,1,11488,terminal
5656,terminal_or_isolated,1,129.0,112.0,90.0,516.0,448.0,360.0,244.0,1,1,11565,terminal
5657,terminal_or_isolated,1,129.0,122.0,49.0,516.0,488.0,196.0,196.0,1,1,11598,terminal
5658,terminal_or_isolated,1,129.0,151.0,51.0,516.0,604.0,204.0,204.0,1,1,11707,terminal
5659,terminal_or_isolated,1,129.0,180.0,147.0,516.0,720.0,588.0,92.0,1,1,11844,terminal
5660,terminal_or_isolated,1,130.0,19.0,123.0,520.0,76.0,492.0,76.0,1,1,11140,terminal
5661,terminal_or_isolated,1,130.0,28.0,84.0,520.0,112.0,336.0,112.0,1,1,11158,terminal
5662,terminal_or_isolated,1,130.0,29.0,45.0,520.0,116.0,180.0,116.0,1,1,12208,terminal
5663,terminal_or_isolated,1,130.0,38.0,35.0,520.0,152.0,140.0,140.0,1,1,12226,terminal
5664,terminal_or_isolated,1,130.0,38.0,84.0,520.0,152.0,336.0,152.0,1,1,11233,terminal
5665,terminal_or_isolated,1,130.0,42.0,157.0,520.0,168.0,628.0,168.0,1,1,11207,terminal
5666,terminal_or_isolated,1,130.0,52.0,176.0,520.0,208.0,704.0,132.0,1,1,11297,terminal
5667,terminal_or_isolated,1,130.0,62.0,177.0,520.0,248.0,708.0,128.0,1,1,11341,terminal
5668,terminal_or_isolated,1,130.0,66.0,181.0,520.0,264.0,724.0,112.0,1,1,11342,terminal
5669,terminal_or_isolated,1,130.0,67.0,16.0,520.0,268.0,64.0,64.0,1,1,12327,terminal
5670,terminal_or_isolated,1,130.0,67.0,103.0,520.0,268.0,412.0,240.0,1,1,11333,terminal
5671,terminal_or_isolated,1,130.0,83.0,40.0,520.0,332.0,160.0,160.0,1,1,11988,terminal
5672,terminal_or_isolated,1,130.0,102.0,40.0,520.0,408.0,160.0,160.0,1,1,11492,terminal
5673,terminal_or_isolated,1,130.0,107.0,104.0,520.0,428.0,416.0,240.0,1,1,12526,terminal
5674,terminal_or_isolated,1,130.0,112.0,50.0,520.0,448.0,200.0,200.0,1,1,11554,terminal
5675,terminal_or_isolated,1,130.0,131.0,50.0,520.0,524.0,200.0,200.0,1,1,11083,terminal
5676,terminal_or_isolated,1,130.0,141.0,138.0,520.0,564.0,552.0,240.0,1,1,11687,terminal
5677,terminal_or_isolated,1,130.0,141.0,167.0,520.0,564.0,668.0,168.0,1,1,11695,terminal
5678,terminal_or_isolated,1,130.0,151.0,99.0,520.0,604.0,396.0,208.0,1,1,11712,terminal
5679,terminal_or_isolated,1,130.0,161.0,158.0,520.0,644.0,632.0,168.0,1,1,11748,terminal
5680,terminal_or_isolated,1,130.0,170.0,168.0,520.0,680.0,672.0,132.0,1,1,11796,terminal
5681,terminal_or_isolated,1,131.0,13.0,138.0,524.0,52.0,552.0,52.0,1,1,11891,terminal
5682,terminal_or_isolated,1,131.0,20.0,93.0,524.0,80.0,372.0,80.0,1,1,12146,terminal
5683,terminal_or_isolated,1,131.0,23.0,109.0,524.0,92.0,436.0,92.0,1,1,12154,terminal
5684,terminal_or_isolated,1,131.0,28.0,93.0,524.0,112.0,372.0,112.0,1,1,11169,terminal
5685,terminal_or_isolated,1,131.0,49.0,45.0,524.0,196.0,180.0,180.0,1,1,11224,terminal
5686,terminal_or_isolated,1,131.0,49.0,123.0,524.0,196.0,492.0,196.0,0,0,,inactive
5687,terminal_or_isolated,1,131.0,81.0,156.0,524.0,324.0,624.0,212.0,1,1,11432,terminal
5688,terminal_or_isolated,1,131.0,128.0,104.0,524.0,512.0,416.0,236.0,1,1,12616,terminal
5689,terminal_or_isolated,1,131.0,135.0,123.0,524.0,540.0,492.0,236.0,1,1,12586,terminal
5690,terminal_or_isolated,1,131.0,165.0,192.0,524.0,660.0,768.0,68.0,1,1,11916,terminal
5691,terminal_or_isolated,1,131.0,176.0,133.0,524.0,704.0,532.0,108.0,1,1,11834,terminal
5692,terminal_or_isolated,1,132.0,13.0,106.0,528.0,52.0,424.0,52.0,1,1,12126,terminal
5693,terminal_or_isolated,1,132.0,33.0,28.0,528.0,132.0,112.0,112.0,0,0,,inactive
5694,terminal_or_isolated,1,132.0,40.0,54.0,528.0,160.0,216.0,160.0,0,0,,inactive
5695,terminal_or_isolated,1,132.0,60.0,94.0,528.0,240.0,376.0,232.0,0,0,,inactive
5696,terminal_or_isolated,1,132.0,92.0,23.0,528.0,368.0,92.0,92.0,0,0,,inactive
5697,terminal_or_isolated,1,132.0,92.0,87.0,528.0,368.0,348.0,232.0,0,0,,inactive
5698,terminal_or_isolated,1,132.0,102.0,38.0,528.0,408.0,152.0,152.0,0,0,,inactive
5699,terminal_or_isolated,1,132.0,109.0,26.0,528.0,436.0,104.0,104.0,0,0,,inactive
5700,terminal_or_isolated,1,132.0,124.0,113.0,528.0,496.0,452.0,232.0,0,0,,inactive
5701,terminal_or_isolated,1,132.0,138.0,153.0,528.0,552.0,612.0,224.0,0,0,,inactive
5702,terminal_or_isolated,1,132.0,141.0,136.0,528.0,564.0,544.0,232.0,0,0,,inactive
5703,terminal_or_isolated,1,132.0,141.0,169.0,528.0,564.0,676.0,160.0,0,0,,inactive
5704,terminal_or_isolated,1,132.0,144.0,74.0,528.0,576.0,296.0,232.0,0,0,,inactive
5705,terminal_or_isolated,1,132.0,149.0,65.0,528.0,596.0,260.0,216.0,0,0,,inactive
5706,terminal_or_isolated,1,132.0,151.0,23.0,528.0,604.0,92.0,92.0,0,0,,inactive
5707,terminal_or_isolated,1,132.0,151.0,101.0,528.0,604.0,404.0,208.0,0,0,,inactive
5708,terminal_or_isolated,1,132.0,170.0,166.0,528.0,680.0,664.0,132.0,0,0,,inactive
5709,terminal_or_isolated,1,132.0,188.0,45.0,528.0,752.0,180.0,60.0,1,1,11871,terminal
5710,terminal_or_isolated,1,132.0,188.0,65.0,528.0,752.0,260.0,60.0,1,1,11878,terminal
5711,terminal_or_isolated,1,132.0,188.0,104.0,528.0,752.0,416.0,60.0,1,1,11839,terminal
5712,terminal_or_isolated,1,132.0,189.0,26.0,528.0,756.0,104.0,56.0,1,1,11865,terminal
5713,terminal_or_isolated,1,133.0,45.0,172.0,532.0,180.0,688.0,148.0,0,0,,inactive
5714,terminal_or_isolated,1,133.0,71.0,179.0,532.0,284.0,716.0,120.0,0,0,,inactive
5715,terminal_or_isolated,1,133.0,180.0,190.0,532.0,720.0,760.0,76.0,0,0,,inactive
5716,terminal_or_isolated,1,133.0,188.0,143.0,532.0,752.0,572.0,60.0,1,1,11846,terminal
5717,terminal_or_isolated,1,133.0,188.0,163.0,532.0,752.0,652.0,60.0,1,1,11851,terminal
5718,terminal_or_isolated,1,133.0,188.0,182.0,532.0,752.0,728.0,60.0,1,1,11857,terminal
5719,terminal_or_isolated,1,135.0,19.0,168.0,540.0,76.0,672.0,76.0,1,1,12843,terminal
5720,terminal_or_isolated,1,135.0,20.0,155.0,540.0,80.0,620.0,80.0,0,0,,inactive
5721,terminal_or_isolated,1,135.0,30.0,126.0,540.0,120.0,504.0,120.0,0,0,,inactive
5722,terminal_or_isolated,1,135.0,38.0,187.0,540.0,152.0,748.0,88.0,1,1,12852,terminal
5723,terminal_or_isolated,1,135.0,39.0,148.0,540.0,156.0,592.0,156.0,1,1,12261,terminal
5724,terminal_or_isolated,1,135.0,40.0,174.0,540.0,160.0,696.0,140.0,0,0,,inactive
5725,terminal_or_isolated,1,135.0,45.0,154.0,540.0,180.0,616.0,180.0,0,0,,inactive
5726,terminal_or_isolated,1,135.0,47.0,176.0,540.0,188.0,704.0,132.0,1,1,12279,terminal
5727,terminal_or_isolated,1,135.0,49.0,126.0,540.0,196.0,504.0,196.0,1,1,12255,terminal
5728,terminal_or_isolated,1,135.0,49.0,146.0,540.0,196.0,584.0,196.0,1,1,12266,terminal
5729,terminal_or_isolated,1,135.0,55.0,62.0,540.0,220.0,248.0,220.0,0,0,,inactive
5730,terminal_or_isolated,1,135.0,59.0,51.0,540.0,236.0,204.0,204.0,1,1,12298,terminal
5731,terminal_or_isolated,1,135.0,59.0,117.0,540.0,236.0,468.0,220.0,0,0,,inactive
5732,terminal_or_isolated,1,135.0,65.0,116.0,540.0,260.0,464.0,220.0,0,0,,inactive
5733,terminal_or_isolated,1,135.0,65.0,149.0,540.0,260.0,596.0,220.0,0,0,,inactive
5734,terminal_or_isolated,1,135.0,66.0,19.0,540.0,264.0,76.0,76.0,0,0,,inactive
5735,terminal_or_isolated,1,135.0,66.0,58.0,540.0,264.0,232.0,220.0,0,0,,inactive
5736,terminal_or_isolated,1,135.0,66.0,90.0,540.0,264.0,360.0,220.0,1,1,12320,terminal
5737,terminal_or_isolated,1,135.0,66.0,187.0,540.0,264.0,748.0,88.0,1,1,12380,terminal
5738,terminal_or_isolated,1,135.0,67.0,51.0,540.0,268.0,204.0,204.0,1,1,12357,terminal
5739,terminal_or_isolated,1,135.0,68.0,147.0,540.0,272.0,588.0,220.0,1,1,12337,terminal
5740,terminal_or_isolated,1,135.0,70.0,23.0,540.0,280.0,92.0,92.0,0,0,,inactive
5741,terminal_or_isolated,1,135.0,70.0,87.0,540.0,280.0,348.0,220.0,0,0,,inactive
5742,terminal_or_isolated,1,135.0,70.0,164.0,540.0,280.0,656.0,180.0,0,0,,inactive
5743,terminal_or_isolated,1,135.0,74.0,82.0,540.0,296.0,328.0,220.0,0,0,,inactive
5744,terminal_or_isolated,1,135.0,75.0,67.0,540.0,300.0,268.0,220.0,0,0,,inactive
5745,terminal_or_isolated,1,135.0,75.0,125.0,540.0,300.0,500.0,220.0,0,0,,inactive
5746,terminal_or_isolated,1,135.0,76.0,29.0,540.0,304.0,116.0,116.0,0,0,,inactive
5747,terminal_or_isolated,1,135.0,76.0,186.0,540.0,304.0,744.0,92.0,1,1,12386,terminal
5748,terminal_or_isolated,1,135.0,77.0,118.0,540.0,308.0,472.0,220.0,1,1,12331,terminal
5749,terminal_or_isolated,1,135.0,79.0,71.0,540.0,316.0,284.0,220.0,0,0,,inactive
5750,terminal_or_isolated,1,135.0,80.0,77.0,540.0,320.0,308.0,220.0,0,0,,inactive
5751,terminal_or_isolated,1,135.0,85.0,155.0,540.0,340.0,620.0,216.0,0,0,,inactive
5752,terminal_or_isolated,1,135.0,86.0,167.0,540.0,344.0,668.0,168.0,1,1,12415,terminal
5753,terminal_or_isolated,1,135.0,86.0,187.0,540.0,344.0,748.0,88.0,1,1,12431,terminal
5754,terminal_or_isolated,1,135.0,87.0,109.0,540.0,348.0,436.0,220.0,1,1,12437,terminal
5755,terminal_or_isolated,1,135.0,94.0,140.0,540.0,376.0,560.0,220.0,0,0,,inactive
5756,terminal_or_isolated,1,135.0,96.0,88.0,540.0,384.0,352.0,220.0,1,1,12481,terminal
5757,terminal_or_isolated,1,135.0,98.0,137.0,540.0,392.0,548.0,220.0,1,1,12017,terminal
5758,terminal_or_isolated,1,135.0,100.0,52.0,540.0,400.0,208.0,208.0,0,0,,inactive
5759,terminal_or_isolated,1,135.0,105.0,110.0,540.0,420.0,440.0,220.0,1,1,12488,terminal
5760,terminal_or_isolated,1,135.0,105.0,187.0,540.0,420.0,748.0,88.0,1,1,12858,terminal
5761,terminal_or_isolated,1,135.0,110.0,106.0,540.0,440.0,424.0,220.0,0,0,,inactive
5762,terminal_or_isolated,1,135.0,114.0,101.0,540.0,456.0,404.0,220.0,0,0,,inactive
5763,terminal_or_isolated,1,135.0,116.0,127.0,540.0,464.0,508.0,220.0,1,1,12031,terminal
5764,terminal_or_isolated,1,135.0,124.0,130.0,540.0,496.0,520.0,220.0,0,0,,inactive
5765,terminal_or_isolated,1,135.0,124.0,136.0,540.0,496.0,544.0,220.0,0,0,,inactive
5766,terminal_or_isolated,1,135.0,126.0,157.0,540.0,504.0,628.0,208.0,1,1,12601,terminal
5767,terminal_or_isolated,1,135.0,128.0,29.0,540.0,512.0,116.0,116.0,0,0,,inactive
5768,terminal_or_isolated,1,135.0,129.0,42.0,540.0,516.0,168.0,168.0,0,0,,inactive
5769,terminal_or_isolated,1,135.0,129.0,125.0,540.0,516.0,500.0,220.0,0,0,,inactive
5770,terminal_or_isolated,1,135.0,133.0,184.0,540.0,532.0,736.0,100.0,0,0,,inactive
5771,terminal_or_isolated,1,135.0,134.0,23.0,540.0,536.0,92.0,92.0,0,0,,inactive
5772,terminal_or_isolated,1,135.0,134.0,62.0,540.0,536.0,248.0,220.0,0,0,,inactive
5773,terminal_or_isolated,1,135.0,134.0,165.0,540.0,536.0,660.0,176.0,0,0,,inactive
5774,terminal_or_isolated,1,135.0,135.0,147.0,540.0,540.0,588.0,220.0,1,1,12641,terminal
5775,terminal_or_isolated,1,135.0,135.0,178.0,540.0,540.0,712.0,124.0,1,1,12622,terminal
5776,terminal_or_isolated,1,135.0,136.0,187.0,540.0,544.0,748.0,88.0,1,1,12647,terminal
5777,terminal_or_isolated,1,135.0,138.0,91.0,540.0,552.0,364.0,220.0,0,0,,inactive
5778,terminal_or_isolated,1,135.0,143.0,57.0,540.0,572.0,228.0,220.0,0,0,,inactive
5779,terminal_or_isolated,1,135.0,147.0,60.0,540.0,588.0,240.0,220.0,1,1,12090,terminal
5780,terminal_or_isolated,1,135.0,147.0,89.0,540.0,588.0,356.0,220.0,1,1,12096,terminal
5781,terminal_or_isolated,1,135.0,148.0,29.0,540.0,592.0,116.0,116.0,1,1,12654,terminal
5782,terminal_or_isolated,1,135.0,153.0,179.0,540.0,612.0,716.0,120.0,0,0,,inactive
5783,terminal_or_isolated,1,135.0,153.0,185.0,540.0,612.0,740.0,96.0,0,0,,inactive
5784,terminal_or_isolated,1,135.0,156.0,21.0,540.0,624.0,84.0,84.0,1,1,12083,terminal
5785,terminal_or_isolated,1,135.0,156.0,69.0,540.0,624.0,276.0,188.0,1,1,12734,terminal
5786,terminal_or_isolated,1,135.0,156.0,177.0,540.0,624.0,708.0,128.0,1,1,12695,terminal
5787,terminal_or_isolated,1,135.0,157.0,51.0,540.0,628.0,204.0,184.0,1,1,12687,terminal
5788,terminal_or_isolated,1,135.0,159.0,131.0,540.0,636.0,524.0,176.0,0,0,,inactive
5789,terminal_or_isolated,1,135.0,164.0,149.0,540.0,656.0,596.0,156.0,0,0,,inactive
5790,terminal_or_isolated,1,135.0,165.0,157.0,540.0,660.0,628.0,152.0,1,1,12747,terminal
5791,terminal_or_isolated,1,135.0,166.0,50.0,540.0,664.0,200.0,148.0,1,1,12704,terminal
5792,terminal_or_isolated,1,135.0,168.0,62.0,540.0,672.0,248.0,140.0,0,0,,inactive
5793,terminal_or_isolated,1,135.0,168.0,146.0,540.0,672.0,584.0,140.0,0,0,,inactive
5794,terminal_or_isolated,1,135.0,174.0,87.0,540.0,696.0,348.0,116.0,0,0,,inactive
5795,terminal_or_isolated,1,135.0,176.0,21.0,540.0,704.0,84.0,84.0,1,1,12105,terminal
5796,terminal_or_isolated,1,135.0,176.0,31.0,540.0,704.0,124.0,108.0,1,1,12838,terminal
5797,terminal_or_isolated,1,135.0,176.0,188.0,540.0,704.0,752.0,84.0,1,1,12802,terminal
5798,terminal_or_isolated,1,135.0,178.0,91.0,540.0,712.0,364.0,100.0,0,0,,inactive
5799,terminal_or_isolated,1,135.0,187.0,30.0,540.0,748.0,120.0,64.0,1,1,12840,terminal
5800,terminal_or_isolated,1,135.0,187.0,49.0,540.0,748.0,196.0,64.0,1,1,12808,terminal
5801,terminal_or_isolated,1,135.0,187.0,108.0,540.0,748.0,432.0,64.0,1,1,12113,terminal
5802,terminal_or_isolated,1,135.0,188.0,23.0,540.0,752.0,92.0,60.0,1,1,12829,terminal
5803,terminal_or_isolated,1,135.0,188.0,62.0,540.0,752.0,248.0,60.0,1,1,12809,terminal
5804,terminal_or_isolated,1,135.0,188.0,68.0,540.0,752.0,272.0,60.0,1,1,12815,terminal
5805,terminal_or_isolated,1,135.0,188.0,82.0,540.0,752.0,328.0,60.0,1,1,12816,terminal
5806,terminal_or_isolated,1,135.0,188.0,87.0,540.0,752.0,348.0,60.0,1,1,12823,terminal
5807,terminal_or_isolated,1,135.0,188.0,121.0,540.0,752.0,484.0,60.0,1,1,12114,terminal
5808,terminal_or_isolated,1,135.0,188.0,126.0,540.0,752.0,504.0,60.0,1,1,12832,terminal
5809,terminal_or_isolated,1,135.0,188.0,141.0,540.0,752.0,564.0,60.0,1,1,12833,terminal
5810,terminal_or_isolated,1,135.0,188.0,145.0,540.0,752.0,580.0,60.0,1,1,12791,terminal
5811,terminal_or_isolated,1,135.0,188.0,165.0,540.0,752.0,660.0,60.0,1,1,12798,terminal
5812,terminal_or_isolated,1,135.0,188.0,180.0,540.0,752.0,720.0,60.0,1,1,12796,terminal
5813,terminal_or_isolated,1,135.0,188.0,184.0,540.0,752.0,736.0,60.0,1,1,12803,terminal
5814,terminal_or_isolated,1,137.0,14.0,66.0,548.0,56.0,264.0,56.0,0,0,,inactive
5815,terminal_or_isolated,1,137.0,14.0,101.0,548.0,56.0,404.0,56.0,0,0,,inactive
5816,terminal_or_isolated,1,137.0,43.0,33.0,548.0,172.0,132.0,132.0,0,0,,inactive
5817,terminal_or_isolated,1,137.0,164.0,36.0,548.0,656.0,144.0,144.0,0,0,,inactive
5818,terminal_or_isolated,1,137.0,171.0,67.0,548.0,684.0,268.0,128.0,0,0,,inactive
5819,terminal_or_isolated,1,137.0,178.0,192.0,548.0,712.0,768.0,68.0,0,0,,inactive
5820,terminal_or_isolated,1,137.0,189.0,26.0,548.0,756.0,104.0,56.0,1,1,13207,terminal
5821,terminal_or_isolated,1,138.0,15.0,181.0,552.0,60.0,724.0,60.0,0,0,,inactive
5822,terminal_or_isolated,1,138.0,20.0,113.0,552.0,80.0,452.0,80.0,0,0,,inactive
5823,terminal_or_isolated,1,138.0,46.0,35.0,552.0,184.0,140.0,140.0,0,0,,inactive
5824,terminal_or_isolated,1,138.0,66.0,16.0,552.0,264.0,64.0,64.0,0,0,,inactive
5825,terminal_or_isolated,1,138.0,79.0,94.0,552.0,316.0,376.0,208.0,0,0,,inactive
5826,terminal_or_isolated,1,138.0,112.0,81.0,552.0,448.0,324.0,208.0,0,0,,inactive
5827,terminal_or_isolated,1,138.0,133.0,182.0,552.0,532.0,728.0,108.0,0,0,,inactive
5828,terminal_or_isolated,1,138.0,154.0,84.0,552.0,616.0,336.0,196.0,0,0,,inactive
5829,terminal_or_isolated,1,138.0,160.0,189.0,552.0,640.0,756.0,80.0,0,0,,inactive
5830,terminal_or_isolated,1,138.0,168.0,123.0,552.0,672.0,492.0,140.0,0,0,,inactive
5831,terminal_or_isolated,1,138.0,187.0,143.0,552.0,748.0,572.0,64.0,1,1,13642,terminal
5832,terminal_or_isolated,1,138.0,187.0,182.0,552.0,748.0,728.0,64.0,1,1,13648,terminal
5833,terminal_or_isolated,1,138.0,188.0,65.0,552.0,752.0,260.0,60.0,1,1,13654,terminal
5834,terminal_or_isolated,1,138.0,188.0,104.0,552.0,752.0,416.0,60.0,1,1,13200,terminal
5835,terminal_or_isolated,1,139.0,13.0,107.0,556.0,52.0,428.0,52.0,1,1,12130,terminal
5836,terminal_or_isolated,1,139.0,23.0,59.0,556.0,92.0,236.0,92.0,1,1,12877,terminal
5837,terminal_or_isolated,1,139.0,28.0,74.0,556.0,112.0,296.0,112.0,1,1,12893,terminal
5838,terminal_or_isolated,1,139.0,33.0,107.0,556.0,132.0,428.0,132.0,1,1,12192,terminal
5839,terminal_or_isolated,1,139.0,42.0,175.0,556.0,168.0,700.0,136.0,1,1,12223,terminal
5840,terminal_or_isolated,1,139.0,67.0,55.0,556.0,268.0,220.0,204.0,1,1,12317,terminal
5841,terminal_or_isolated,1,139.0,69.0,123.0,556.0,276.0,492.0,204.0,0,0,,inactive
5842,terminal_or_isolated,1,139.0,102.0,59.0,556.0,408.0,236.0,204.0,1,1,12497,terminal
5843,terminal_or_isolated,1,139.0,102.0,70.0,556.0,408.0,280.0,204.0,1,1,12477,terminal
5844,terminal_or_isolated,1,139.0,106.0,74.0,556.0,424.0,296.0,204.0,1,1,12480,terminal
5845,terminal_or_isolated,1,139.0,108.0,104.0,556.0,432.0,416.0,204.0,1,1,12530,terminal
5846,terminal_or_isolated,1,139.0,116.0,65.0,556.0,464.0,260.0,204.0,1,1,12520,terminal
5847,terminal_or_isolated,1,139.0,117.0,152.0,556.0,468.0,608.0,204.0,1,1,13477,terminal
5848,terminal_or_isolated,1,139.0,128.0,104.0,556.0,512.0,416.0,204.0,1,1,12618,terminal
5849,terminal_or_isolated,1,139.0,145.0,114.0,556.0,580.0,456.0,204.0,1,1,12632,terminal
5850,terminal_or_isolated,1,140.0,28.0,93.0,560.0,112.0,372.0,112.0,1,1,12153,terminal
5851,terminal_or_isolated,1,140.0,42.0,21.0,560.0,168.0,84.0,84.0,1,1,12254,terminal
5852,terminal_or_isolated,1,140.0,43.0,30.0,560.0,172.0,120.0,120.0,1,1,12918,terminal
5853,terminal_or_isolated,1,140.0,43.0,69.0,560.0,172.0,276.0,172.0,1,1,12239,terminal
5854,terminal_or_isolated,1,140.0,47.0,191.0,560.0,188.0,764.0,72.0,1,1,13344,terminal
5855,terminal_or_isolated,1,140.0,49.0,35.0,560.0,196.0,140.0,140.0,1,1,12934,terminal
5856,terminal_or_isolated,1,140.0,62.0,49.0,560.0,248.0,196.0,196.0,1,1,12315,terminal
5857,terminal_or_isolated,1,140.0,66.0,191.0,560.0,264.0,764.0,72.0,1,1,12325,terminal
5858,terminal_or_isolated,1,140.0,87.0,182.0,560.0,348.0,728.0,108.0,1,1,12434,terminal
5859,terminal_or_isolated,1,140.0,88.0,94.0,560.0,352.0,376.0,200.0,1,1,13034,terminal
5860,terminal_or_isolated,1,140.0,91.0,128.0,560.0,364.0,512.0,200.0,1,1,12445,terminal
5861,terminal_or_isolated,1,140.0,102.0,30.0,560.0,408.0,120.0,120.0,1,1,13045,terminal
5862,terminal_or_isolated,1,140.0,161.0,89.0,560.0,644.0,356.0,168.0,1,1,12713,terminal
5863,terminal_or_isolated,1,140.0,167.0,36.0,560.0,668.0,144.0,144.0,1,1,13185,terminal
5864,terminal_or_isolated,1,140.0,176.0,45.0,560.0,704.0,180.0,108.0,1,1,12761,terminal
5865,terminal_or_isolated,1,140.0,185.0,172.0,560.0,740.0,688.0,72.0,1,1,12800,terminal
5866,terminal_or_isolated,1,141.0,13.0,109.0,564.0,52.0,436.0,52.0,1,1,13230,terminal
5867,terminal_or_isolated,1,141.0,39.0,84.0,564.0,156.0,336.0,156.0,1,1,12218,terminal
5868,terminal_or_isolated,1,141.0,42.0,177.0,564.0,168.0,708.0,128.0,1,1,13300,terminal
5869,terminal_or_isolated,1,141.0,49.0,93.0,564.0,196.0,372.0,196.0,1,1,12247,terminal
5870,terminal_or_isolated,1,141.0,50.0,54.0,564.0,200.0,216.0,196.0,0,0,,inactive
5871,terminal_or_isolated,1,141.0,51.0,176.0,564.0,204.0,704.0,132.0,1,1,12282,terminal
5872,terminal_or_isolated,1,141.0,66.0,123.0,564.0,264.0,492.0,196.0,1,1,12958,terminal
5873,terminal_or_isolated,1,141.0,79.0,103.0,564.0,316.0,412.0,196.0,0,0,,inactive
5874,terminal_or_isolated,1,141.0,135.0,113.0,564.0,540.0,452.0,196.0,1,1,13098,terminal
5875,terminal_or_isolated,1,141.0,138.0,104.0,564.0,552.0,416.0,196.0,0,0,,inactive
5876,terminal_or_isolated,1,141.0,141.0,169.0,564.0,564.0,676.0,160.0,0,0,,inactive
5877,terminal_or_isolated,1,141.0,179.0,167.0,564.0,716.0,668.0,96.0,1,1,12799,terminal
5878,terminal_or_isolated,1,141.0,186.0,153.0,564.0,744.0,612.0,68.0,1,1,12794,terminal
5879,terminal_or_isolated,1,142.0,20.0,181.0,568.0,80.0,724.0,80.0,0,0,,inactive
5880,terminal_or_isolated,1,142.0,26.0,84.0,568.0,104.0,336.0,104.0,0,0,,inactive
5881,terminal_or_isolated,1,142.0,33.0,110.0,568.0,132.0,440.0,132.0,0,0,,inactive
5882,terminal_or_isolated,1,142.0,43.0,67.0,568.0,172.0,268.0,172.0,0,0,,inactive
5883,terminal_or_isolated,1,142.0,43.0,106.0,568.0,172.0,424.0,172.0,0,0,,inactive
5884,terminal_or_isolated,1,142.0,93.0,60.0,568.0,372.0,240.0,192.0,0,0,,inactive
5885,terminal_or_isolated,1,142.0,102.0,62.0,568.0,408.0,248.0,192.0,0,0,,inactive
5886,terminal_or_isolated,1,142.0,102.0,67.0,568.0,408.0,268.0,192.0,0,0,,inactive
5887,terminal_or_isolated,1,142.0,112.0,77.0,568.0,448.0,308.0,192.0,0,0,,inactive
5888,terminal_or_isolated,1,142.0,188.0,55.0,568.0,752.0,220.0,60.0,1,1,12813,terminal
5889,terminal_or_isolated,1,142.0,188.0,75.0,568.0,752.0,300.0,60.0,1,1,12820,terminal
5890,terminal_or_isolated,1,142.0,188.0,94.0,568.0,752.0,376.0,60.0,1,1,12825,terminal
5891,terminal_or_isolated,1,142.0,188.0,114.0,568.0,752.0,456.0,60.0,1,1,12117,terminal
5892,terminal_or_isolated,1,143.0,188.0,192.0,572.0,752.0,768.0,60.0,1,1,12806,terminal
5893,terminal_or_isolated,1,144.0,46.0,42.0,576.0,184.0,168.0,168.0,0,0,,inactive
5894,terminal_or_isolated,1,144.0,53.0,16.0,576.0,212.0,64.0,64.0,1,1,11961,terminal
5895,terminal_or_isolated,1,144.0,79.0,29.0,576.0,316.0,116.0,116.0,0,0,,inactive
5896,terminal_or_isolated,1,144.0,110.0,18.0,576.0,440.0,72.0,72.0,0,0,,inactive
5897,terminal_or_isolated,1,144.0,146.0,30.0,576.0,584.0,120.0,120.0,1,1,13136,terminal
5898,terminal_or_isolated,1,144.0,179.0,28.0,576.0,716.0,112.0,96.0,0,0,,inactive
5899,terminal_or_isolated,1,145.0,17.0,187.0,580.0,68.0,748.0,68.0,1,1,13240,terminal
5900,terminal_or_isolated,1,145.0,18.0,58.0,580.0,72.0,232.0,72.0,1,1,12868,terminal
5901,terminal_or_isolated,1,145.0,27.0,158.0,580.0,108.0,632.0,108.0,1,1,13278,terminal
5902,terminal_or_isolated,1,145.0,28.0,49.0,580.0,112.0,196.0,112.0,1,1,13284,terminal
5903,terminal_or_isolated,1,145.0,37.0,109.0,580.0,148.0,436.0,148.0,1,1,13268,terminal
5904,terminal_or_isolated,1,145.0,37.0,148.0,580.0,148.0,592.0,148.0,1,1,12911,terminal
5905,terminal_or_isolated,1,145.0,39.0,49.0,580.0,156.0,196.0,156.0,1,1,13286,terminal
5906,terminal_or_isolated,1,145.0,39.0,127.0,580.0,156.0,508.0,156.0,1,1,13313,terminal
5907,terminal_or_isolated,1,145.0,41.0,62.0,580.0,164.0,248.0,164.0,0,0,,inactive
5908,terminal_or_isolated,1,145.0,45.0,101.0,580.0,180.0,404.0,180.0,0,0,,inactive
5909,terminal_or_isolated,1,145.0,45.0,159.0,580.0,180.0,636.0,180.0,0,0,,inactive
5910,terminal_or_isolated,1,145.0,45.0,178.0,580.0,180.0,712.0,124.0,0,0,,inactive
5911,terminal_or_isolated,1,145.0,46.0,62.0,580.0,184.0,248.0,180.0,0,0,,inactive
5912,terminal_or_isolated,1,145.0,49.0,59.0,580.0,196.0,236.0,180.0,1,1,12940,terminal
5913,terminal_or_isolated,1,145.0,50.0,97.0,580.0,200.0,388.0,180.0,0,0,,inactive
5914,terminal_or_isolated,1,145.0,55.0,154.0,580.0,220.0,616.0,180.0,0,0,,inactive
5915,terminal_or_isolated,1,145.0,56.0,57.0,580.0,224.0,228.0,180.0,0,0,,inactive
5916,terminal_or_isolated,1,145.0,56.0,96.0,580.0,224.0,384.0,180.0,0,0,,inactive
5917,terminal_or_isolated,1,145.0,56.0,129.0,580.0,224.0,516.0,180.0,0,0,,inactive
5918,terminal_or_isolated,1,145.0,57.0,70.0,580.0,228.0,280.0,180.0,1,1,12945,terminal
5919,terminal_or_isolated,1,145.0,57.0,109.0,580.0,228.0,436.0,180.0,1,1,13339,terminal
5920,terminal_or_isolated,1,145.0,58.0,147.0,580.0,232.0,588.0,180.0,1,1,13352,terminal
5921,terminal_or_isolated,1,145.0,59.0,49.0,580.0,236.0,196.0,180.0,1,1,12965,terminal
5922,terminal_or_isolated,1,145.0,59.0,159.0,580.0,236.0,636.0,180.0,0,0,,inactive
5923,terminal_or_isolated,1,145.0,60.0,106.0,580.0,240.0,424.0,180.0,0,0,,inactive
5924,terminal_or_isolated,1,145.0,66.0,166.0,580.0,264.0,664.0,172.0,1,1,13391,terminal
5925,terminal_or_isolated,1,145.0,67.0,99.0,580.0,268.0,396.0,180.0,1,1,12953,terminal
5926,terminal_or_isolated,1,145.0,70.0,97.0,580.0,280.0,388.0,180.0,0,0,,inactive
5927,terminal_or_isolated,1,145.0,71.0,57.0,580.0,284.0,228.0,180.0,0,0,,inactive
5928,terminal_or_isolated,1,145.0,75.0,130.0,580.0,300.0,520.0,180.0,0,0,,inactive
5929,terminal_or_isolated,1,145.0,76.0,168.0,580.0,304.0,672.0,164.0,1,1,12984,terminal
5930,terminal_or_isolated,1,145.0,77.0,118.0,580.0,308.0,472.0,180.0,1,1,13408,terminal
5931,terminal_or_isolated,1,145.0,78.0,108.0,580.0,312.0,432.0,180.0,1,1,13007,terminal
5932,terminal_or_isolated,1,145.0,80.0,145.0,580.0,320.0,580.0,180.0,0,0,,inactive
5933,terminal_or_isolated,1,145.0,85.0,101.0,580.0,340.0,404.0,180.0,0,0,,inactive
5934,terminal_or_isolated,1,145.0,86.0,107.0,580.0,344.0,428.0,180.0,0,0,,inactive
5935,terminal_or_isolated,1,145.0,86.0,139.0,580.0,344.0,556.0,180.0,1,1,13423,terminal
5936,terminal_or_isolated,1,145.0,86.0,146.0,580.0,344.0,584.0,180.0,0,0,,inactive
5937,terminal_or_isolated,1,145.0,89.0,110.0,580.0,356.0,440.0,180.0,0,0,,inactive
5938,terminal_or_isolated,1,145.0,90.0,116.0,580.0,360.0,464.0,180.0,0,0,,inactive
5939,terminal_or_isolated,1,145.0,90.0,150.0,580.0,360.0,600.0,180.0,0,0,,inactive
5940,terminal_or_isolated,1,145.0,98.0,185.0,580.0,392.0,740.0,96.0,1,1,13446,terminal
5941,terminal_or_isolated,1,145.0,106.0,139.0,580.0,424.0,556.0,180.0,1,1,13059,terminal
5942,terminal_or_isolated,1,145.0,116.0,129.0,580.0,464.0,516.0,180.0,1,1,13508,terminal
5943,terminal_or_isolated,1,145.0,117.0,99.0,580.0,468.0,396.0,180.0,1,1,13503,terminal
5944,terminal_or_isolated,1,145.0,120.0,43.0,580.0,480.0,172.0,172.0,0,0,,inactive
5945,terminal_or_isolated,1,145.0,126.0,147.0,580.0,504.0,588.0,180.0,1,1,13513,terminal
5946,terminal_or_isolated,1,145.0,134.0,155.0,580.0,536.0,620.0,180.0,0,0,,inactive
5947,terminal_or_isolated,1,145.0,137.0,99.0,580.0,548.0,396.0,180.0,1,1,13086,terminal
5948,terminal_or_isolated,1,145.0,144.0,62.0,580.0,576.0,248.0,180.0,0,0,,inactive
5949,terminal_or_isolated,1,145.0,144.0,101.0,580.0,576.0,404.0,180.0,0,0,,inactive
5950,terminal_or_isolated,1,145.0,145.0,81.0,580.0,580.0,324.0,180.0,0,0,,inactive
5951,terminal_or_isolated,1,145.0,145.0,158.0,580.0,580.0,632.0,180.0,1,1,13552,terminal
5952,terminal_or_isolated,1,145.0,147.0,118.0,580.0,588.0,472.0,180.0,1,1,13583,terminal
5953,terminal_or_isolated,1,145.0,149.0,97.0,580.0,596.0,388.0,180.0,0,0,,inactive
5954,terminal_or_isolated,1,145.0,149.0,155.0,580.0,596.0,620.0,180.0,0,0,,inactive
5955,terminal_or_isolated,1,145.0,154.0,19.0,580.0,616.0,76.0,76.0,0,0,,inactive
5956,terminal_or_isolated,1,145.0,156.0,99.0,580.0,624.0,396.0,180.0,1,1,13594,terminal
5957,terminal_or_isolated,1,145.0,164.0,186.0,580.0,656.0,744.0,92.0,1,1,13591,terminal
5958,terminal_or_isolated,1,145.0,166.0,80.0,580.0,664.0,320.0,148.0,1,1,13638,terminal
5959,terminal_or_isolated,1,145.0,168.0,190.0,580.0,672.0,760.0,76.0,0,0,,inactive
5960,terminal_or_isolated,1,145.0,174.0,137.0,580.0,696.0,548.0,116.0,0,0,,inactive
5961,terminal_or_isolated,1,145.0,175.0,90.0,580.0,700.0,360.0,112.0,1,1,13193,terminal
5962,terminal_or_isolated,1,145.0,183.0,106.0,580.0,732.0,424.0,80.0,0,0,,inactive
5963,terminal_or_isolated,1,145.0,185.0,89.0,580.0,740.0,356.0,72.0,1,1,13661,terminal
5964,terminal_or_isolated,1,145.0,187.0,51.0,580.0,748.0,204.0,64.0,1,1,13673,terminal
5965,terminal_or_isolated,1,145.0,187.0,71.0,580.0,748.0,284.0,64.0,1,1,13656,terminal
5966,terminal_or_isolated,1,145.0,188.0,97.0,580.0,752.0,388.0,60.0,1,1,13201,terminal
5967,terminal_or_isolated,1,145.0,188.0,116.0,580.0,752.0,464.0,60.0,1,1,13665,terminal
5968,terminal_or_isolated,1,145.0,188.0,131.0,580.0,752.0,524.0,60.0,1,1,13667,terminal
5969,terminal_or_isolated,1,145.0,188.0,136.0,580.0,752.0,544.0,60.0,1,1,13643,terminal
5970,terminal_or_isolated,1,145.0,188.0,155.0,580.0,752.0,620.0,60.0,1,1,13669,terminal
5971,terminal_or_isolated,1,145.0,188.0,170.0,580.0,752.0,680.0,60.0,1,1,13670,terminal
5972,terminal_or_isolated,1,145.0,188.0,175.0,580.0,752.0,700.0,60.0,1,1,13649,terminal
5973,terminal_or_isolated,1,146.0,110.0,16.0,584.0,440.0,64.0,64.0,0,0,,inactive
5974,terminal_or_isolated,1,147.0,36.0,15.0,588.0,144.0,60.0,60.0,0,0,,inactive
5975,terminal_or_isolated,1,147.0,61.0,84.0,588.0,244.0,336.0,172.0,0,0,,inactive
5976,terminal_or_isolated,1,147.0,85.0,103.0,588.0,340.0,412.0,172.0,0,0,,inactive
5977,terminal_or_isolated,1,147.0,90.0,16.0,588.0,360.0,64.0,64.0,0,0,,inactive
5978,terminal_or_isolated,1,147.0,102.0,23.0,588.0,408.0,92.0,92.0,0,0,,inactive
5979,terminal_or_isolated,1,147.0,113.0,191.0,588.0,452.0,764.0,72.0,0,0,,inactive
5980,terminal_or_isolated,1,147.0,161.0,82.0,588.0,644.0,328.0,168.0,0,0,,inactive
5981,terminal_or_isolated,1,147.0,170.0,190.0,588.0,680.0,760.0,76.0,0,0,,inactive
5982,terminal_or_isolated,1,147.0,183.0,65.0,588.0,732.0,260.0,80.0,0,0,,inactive
5983,terminal_or_isolated,1,147.0,188.0,55.0,588.0,752.0,220.0,60.0,1,1,14199,terminal
5984,terminal_or_isolated,1,147.0,188.0,133.0,588.0,752.0,532.0,60.0,1,1,14218,terminal
5985,terminal_or_isolated,1,147.0,188.0,153.0,588.0,752.0,612.0,60.0,1,1,14183,terminal
5986,terminal_or_isolated,1,148.0,13.0,149.0,592.0,52.0,596.0,52.0,0,0,,inactive
5987,terminal_or_isolated,1,148.0,14.0,38.0,592.0,56.0,152.0,56.0,1,1,13678,terminal
5988,terminal_or_isolated,1,148.0,17.0,113.0,592.0,68.0,452.0,68.0,1,1,13728,terminal
5989,terminal_or_isolated,1,148.0,23.0,139.0,592.0,92.0,556.0,92.0,0,0,,inactive
5990,terminal_or_isolated,1,148.0,52.0,188.0,592.0,208.0,752.0,84.0,0,0,,inactive
5991,terminal_or_isolated,1,148.0,66.0,45.0,592.0,264.0,180.0,168.0,1,1,12968,terminal
5992,terminal_or_isolated,1,148.0,69.0,94.0,592.0,276.0,376.0,168.0,1,1,13384,terminal
5993,terminal_or_isolated,1,148.0,72.0,155.0,592.0,288.0,620.0,168.0,0,0,,inactive
5994,terminal_or_isolated,1,148.0,92.0,32.0,592.0,368.0,128.0,128.0,0,0,,inactive
5995,terminal_or_isolated,1,148.0,92.0,71.0,592.0,368.0,284.0,168.0,0,0,,inactive
5996,terminal_or_isolated,1,148.0,101.0,165.0,592.0,404.0,660.0,168.0,0,0,,inactive
5997,terminal_or_isolated,1,148.0,102.0,61.0,592.0,408.0,244.0,168.0,1,1,13462,terminal
5998,terminal_or_isolated,1,148.0,106.0,65.0,592.0,424.0,260.0,168.0,1,1,13983,terminal
5999,terminal_or_isolated,1,148.0,108.0,113.0,592.0,432.0,452.0,168.0,1,1,13959,terminal
6000,terminal_or_isolated,1,148.0,108.0,152.0,592.0,432.0,608.0,168.0,1,1,13933,terminal
6001,terminal_or_isolated,1,148.0,144.0,123.0,592.0,576.0,492.0,168.0,0,0,,inactive
6002,terminal_or_isolated,1,148.0,168.0,75.0,592.0,672.0,300.0,140.0,0,0,,inactive
6003,terminal_or_isolated,1,148.0,171.0,39.0,592.0,684.0,156.0,128.0,0,0,,inactive
6004,terminal_or_isolated,1,148.0,173.0,172.0,592.0,692.0,688.0,120.0,0,0,,inactive
6005,terminal_or_isolated,1,148.0,181.0,140.0,592.0,724.0,560.0,88.0,0,0,,inactive
6006,terminal_or_isolated,1,148.0,184.0,85.0,592.0,736.0,340.0,76.0,0,0,,inactive
6007,terminal_or_isolated,1,149.0,13.0,187.0,596.0,52.0,748.0,52.0,1,1,13223,terminal
6008,terminal_or_isolated,1,149.0,14.0,78.0,596.0,56.0,312.0,56.0,1,1,13227,terminal
6009,terminal_or_isolated,1,149.0,28.0,84.0,596.0,112.0,336.0,112.0,1,1,13254,terminal
6010,terminal_or_isolated,1,149.0,33.0,78.0,596.0,132.0,312.0,132.0,1,1,12897,terminal
6011,terminal_or_isolated,1,149.0,33.0,117.0,596.0,132.0,468.0,132.0,1,1,13272,terminal
6012,terminal_or_isolated,1,149.0,33.0,148.0,596.0,132.0,592.0,132.0,0,0,,inactive
6013,terminal_or_isolated,1,149.0,43.0,60.0,596.0,172.0,240.0,164.0,1,1,12932,terminal
6014,terminal_or_isolated,1,149.0,47.0,84.0,596.0,188.0,336.0,164.0,1,1,13327,terminal
6015,terminal_or_isolated,1,149.0,56.0,191.0,596.0,224.0,764.0,72.0,1,1,14342,terminal
6016,terminal_or_isolated,1,149.0,57.0,94.0,596.0,228.0,376.0,164.0,1,1,13682,terminal
6017,terminal_or_isolated,1,149.0,58.0,123.0,596.0,232.0,492.0,164.0,0,0,,inactive
6018,terminal_or_isolated,1,149.0,62.0,88.0,596.0,248.0,352.0,164.0,1,1,13377,terminal
6019,terminal_or_isolated,1,149.0,73.0,59.0,596.0,292.0,236.0,164.0,1,1,13401,terminal
6020,terminal_or_isolated,1,149.0,82.0,21.0,596.0,328.0,84.0,84.0,1,1,12994,terminal
6021,terminal_or_isolated,1,149.0,112.0,31.0,596.0,448.0,124.0,124.0,1,1,13066,terminal
6022,terminal_or_isolated,1,149.0,141.0,119.0,596.0,564.0,476.0,164.0,1,1,14092,terminal
6023,terminal_or_isolated,1,149.0,157.0,162.0,596.0,628.0,648.0,164.0,1,1,13605,terminal
6024,terminal_or_isolated,1,149.0,161.0,41.0,596.0,644.0,164.0,164.0,1,1,13170,terminal
6025,terminal_or_isolated,1,149.0,166.0,192.0,596.0,664.0,768.0,68.0,1,1,13616,terminal
6026,terminal_or_isolated,1,149.0,167.0,36.0,596.0,668.0,144.0,144.0,1,1,13188,terminal
6027,terminal_or_isolated,1,149.0,170.0,99.0,596.0,680.0,396.0,132.0,1,1,13197,terminal
6028,terminal_or_isolated,1,149.0,186.0,172.0,596.0,744.0,688.0,68.0,1,1,14487,terminal
6029,terminal_or_isolated,1,150.0,13.0,176.0,600.0,52.0,704.0,52.0,1,1,13220,terminal
6030,terminal_or_isolated,1,150.0,18.0,83.0,600.0,72.0,332.0,72.0,1,1,13710,terminal
6031,terminal_or_isolated,1,150.0,23.0,98.0,600.0,92.0,392.0,92.0,1,1,12886,terminal
6032,terminal_or_isolated,1,150.0,38.0,93.0,600.0,152.0,372.0,152.0,1,1,12905,terminal
6033,terminal_or_isolated,1,150.0,57.0,25.0,600.0,228.0,100.0,100.0,1,1,13793,terminal
6034,terminal_or_isolated,1,150.0,62.0,137.0,600.0,248.0,548.0,160.0,1,1,13356,terminal
6035,terminal_or_isolated,1,150.0,69.0,45.0,600.0,276.0,180.0,160.0,1,1,13839,terminal
6036,terminal_or_isolated,1,150.0,77.0,103.0,600.0,308.0,412.0,160.0,1,1,13011,terminal
6037,terminal_or_isolated,1,150.0,87.0,16.0,600.0,348.0,64.0,64.0,1,1,13868,terminal
6038,terminal_or_isolated,1,150.0,87.0,143.0,600.0,348.0,572.0,160.0,1,1,13419,terminal
6039,terminal_or_isolated,1,150.0,96.0,181.0,600.0,384.0,724.0,112.0,1,1,14375,terminal
6040,terminal_or_isolated,1,150.0,112.0,41.0,600.0,448.0,164.0,160.0,1,1,13067,terminal
6041,terminal_or_isolated,1,150.0,127.0,143.0,600.0,508.0,572.0,160.0,1,1,14049,terminal
6042,terminal_or_isolated,1,150.0,146.0,182.0,600.0,584.0,728.0,108.0,1,1,14095,terminal
6043,terminal_or_isolated,1,150.0,147.0,104.0,600.0,588.0,416.0,160.0,1,1,14116,terminal
6044,terminal_or_isolated,1,150.0,156.0,123.0,600.0,624.0,492.0,160.0,1,1,14445,terminal
6045,terminal_or_isolated,1,150.0,171.0,80.0,600.0,684.0,320.0,128.0,1,1,14475,terminal
6046,terminal_or_isolated,1,150.0,181.0,79.0,600.0,724.0,316.0,88.0,1,1,13660,terminal
6047,terminal_or_isolated,1,150.0,185.0,94.0,600.0,740.0,376.0,72.0,1,1,14213,terminal
6048,terminal_or_isolated,1,151.0,33.0,80.0,604.0,132.0,320.0,132.0,0,0,,inactive
6049,terminal_or_isolated,1,151.0,33.0,187.0,604.0,132.0,748.0,88.0,0,0,,inactive
6050,terminal_or_isolated,1,151.0,38.0,171.0,604.0,152.0,684.0,152.0,1,1,13295,terminal
6051,terminal_or_isolated,1,151.0,43.0,90.0,604.0,172.0,360.0,156.0,1,1,14306,terminal
6052,terminal_or_isolated,1,151.0,66.0,16.0,604.0,264.0,64.0,64.0,0,0,,inactive
6053,terminal_or_isolated,1,151.0,79.0,133.0,604.0,316.0,532.0,156.0,0,0,,inactive
6054,terminal_or_isolated,1,151.0,96.0,65.0,604.0,384.0,260.0,156.0,0,0,,inactive
6055,terminal_or_isolated,1,151.0,102.0,19.0,604.0,408.0,76.0,76.0,1,1,13940,terminal
6056,terminal_or_isolated,1,151.0,105.0,16.0,604.0,420.0,64.0,64.0,1,1,13941,terminal
6057,terminal_or_isolated,1,151.0,112.0,107.0,604.0,448.0,428.0,156.0,1,1,13474,terminal
6058,terminal_or_isolated,1,151.0,161.0,78.0,604.0,644.0,312.0,156.0,0,0,,inactive
6059,terminal_or_isolated,1,151.0,171.0,42.0,604.0,684.0,168.0,128.0,0,0,,inactive
6060,terminal_or_isolated,1,152.0,14.0,86.0,608.0,56.0,344.0,56.0,0,0,,inactive
6061,terminal_or_isolated,1,152.0,20.0,152.0,608.0,80.0,608.0,80.0,1,1,13217,terminal
6062,terminal_or_isolated,1,152.0,23.0,135.0,608.0,92.0,540.0,92.0,0,0,,inactive
6063,terminal_or_isolated,1,152.0,43.0,97.0,608.0,172.0,388.0,152.0,0,0,,inactive
6064,terminal_or_isolated,1,152.0,46.0,54.0,608.0,184.0,216.0,152.0,0,0,,inactive
6065,terminal_or_isolated,1,152.0,50.0,162.0,608.0,200.0,648.0,152.0,0,0,,inactive
6066,terminal_or_isolated,1,152.0,52.0,184.0,608.0,208.0,736.0,100.0,0,0,,inactive
6067,terminal_or_isolated,1,152.0,62.0,135.0,608.0,248.0,540.0,152.0,1,1,14352,terminal
6068,terminal_or_isolated,1,152.0,65.0,133.0,608.0,260.0,532.0,152.0,0,0,,inactive
6069,terminal_or_isolated,1,152.0,73.0,62.0,608.0,292.0,248.0,152.0,0,0,,inactive
6070,terminal_or_isolated,1,152.0,82.0,18.0,608.0,328.0,72.0,72.0,0,0,,inactive
6071,terminal_or_isolated,1,152.0,101.0,169.0,608.0,404.0,676.0,152.0,0,0,,inactive
6072,terminal_or_isolated,1,152.0,112.0,67.0,608.0,448.0,268.0,152.0,0,0,,inactive
6073,terminal_or_isolated,1,152.0,164.0,75.0,608.0,656.0,300.0,152.0,0,0,,inactive
6074,terminal_or_isolated,1,152.0,184.0,16.0,608.0,736.0,64.0,64.0,0,0,,inactive
6075,terminal_or_isolated,1,152.0,188.0,104.0,608.0,752.0,416.0,60.0,1,1,13206,terminal
6076,terminal_or_isolated,1,152.0,188.0,124.0,608.0,752.0,496.0,60.0,1,1,13668,terminal
6077,terminal_or_isolated,1,152.0,188.0,143.0,608.0,752.0,572.0,60.0,1,1,13644,terminal
6078,terminal_or_isolated,1,152.0,188.0,182.0,608.0,752.0,728.0,60.0,1,1,13653,terminal
6079,terminal_or_isolated,1,152.0,189.0,26.0,608.0,756.0,104.0,56.0,1,1,13212,terminal
6080,terminal_or_isolated,1,153.0,13.0,144.0,612.0,52.0,576.0,52.0,0,0,,inactive
6081,terminal_or_isolated,1,154.0,21.0,57.0,616.0,84.0,228.0,84.0,0,0,,inactive
6082,terminal_or_isolated,1,154.0,29.0,40.0,616.0,116.0,160.0,116.0,1,1,14244,terminal
6083,terminal_or_isolated,1,154.0,39.0,20.0,616.0,156.0,80.0,80.0,1,1,14620,terminal
6084,terminal_or_isolated,1,154.0,40.0,38.0,616.0,160.0,152.0,144.0,0,0,,inactive
6085,terminal_or_isolated,1,154.0,41.0,52.0,616.0,164.0,208.0,144.0,0,0,,inactive
6086,terminal_or_isolated,1,154.0,49.0,21.0,616.0,196.0,84.0,84.0,1,1,13794,terminal
6087,terminal_or_isolated,1,154.0,56.0,28.0,616.0,224.0,112.0,112.0,0,0,,inactive
6088,terminal_or_isolated,1,154.0,59.0,31.0,616.0,236.0,124.0,124.0,1,1,13812,terminal
6089,terminal_or_isolated,1,154.0,70.0,48.0,616.0,280.0,192.0,144.0,0,0,,inactive
6090,terminal_or_isolated,1,154.0,95.0,67.0,616.0,380.0,268.0,144.0,1,1,13921,terminal
6091,terminal_or_isolated,1,154.0,106.0,51.0,616.0,424.0,204.0,144.0,1,1,14386,terminal
6092,terminal_or_isolated,1,154.0,109.0,29.0,616.0,436.0,116.0,116.0,0,0,,inactive
6093,terminal_or_isolated,1,154.0,110.0,67.0,616.0,440.0,268.0,144.0,0,0,,inactive
6094,terminal_or_isolated,1,154.0,117.0,89.0,616.0,468.0,356.0,144.0,1,1,14017,terminal
6095,terminal_or_isolated,1,154.0,119.0,58.0,616.0,476.0,232.0,144.0,0,0,,inactive
6096,terminal_or_isolated,1,154.0,124.0,33.0,616.0,496.0,132.0,132.0,0,0,,inactive
6097,terminal_or_isolated,1,154.0,128.0,29.0,616.0,512.0,116.0,116.0,0,0,,inactive
6098,terminal_or_isolated,1,154.0,129.0,48.0,616.0,516.0,192.0,144.0,0,0,,inactive
6099,terminal_or_isolated,1,154.0,139.0,18.0,616.0,556.0,72.0,72.0,0,0,,inactive
6100,terminal_or_isolated,1,154.0,148.0,29.0,616.0,592.0,116.0,116.0,0,0,,inactive
6101,terminal_or_isolated,1,154.0,149.0,82.0,616.0,596.0,328.0,144.0,0,0,,inactive
6102,terminal_or_isolated,1,154.0,158.0,39.0,616.0,632.0,156.0,144.0,1,1,14142,terminal
6103,terminal_or_isolated,1,154.0,159.0,53.0,616.0,636.0,212.0,144.0,0,0,,inactive
6104,terminal_or_isolated,1,154.0,159.0,77.0,616.0,636.0,308.0,144.0,0,0,,inactive
6105,terminal_or_isolated,1,154.0,166.0,31.0,616.0,664.0,124.0,124.0,1,1,14169,terminal
6106,terminal_or_isolated,1,154.0,167.0,61.0,616.0,668.0,244.0,144.0,1,1,14180,terminal
6107,terminal_or_isolated,1,154.0,178.0,39.0,616.0,712.0,156.0,100.0,0,0,,inactive
6108,terminal_or_isolated,1,154.0,179.0,18.0,616.0,716.0,72.0,72.0,0,0,,inactive
6109,terminal_or_isolated,1,154.0,188.0,62.0,616.0,752.0,248.0,60.0,1,1,14202,terminal
6110,terminal_or_isolated,1,154.0,189.0,24.0,616.0,756.0,96.0,56.0,1,1,14193,terminal
6111,terminal_or_isolated,1,155.0,17.0,61.0,620.0,68.0,244.0,68.0,0,0,,inactive
6112,terminal_or_isolated,1,155.0,18.0,88.0,620.0,72.0,352.0,72.0,1,1,14495,terminal
6113,terminal_or_isolated,1,155.0,18.0,107.0,620.0,72.0,428.0,72.0,1,1,13714,terminal
6114,terminal_or_isolated,1,155.0,19.0,156.0,620.0,76.0,624.0,76.0,1,1,14230,terminal
6115,terminal_or_isolated,1,155.0,20.0,116.0,620.0,80.0,464.0,80.0,0,0,,inactive
6116,terminal_or_isolated,1,155.0,21.0,135.0,620.0,84.0,540.0,84.0,0,0,,inactive
6117,terminal_or_isolated,1,155.0,26.0,91.0,620.0,104.0,364.0,104.0,0,0,,inactive
6118,terminal_or_isolated,1,155.0,26.0,110.0,620.0,104.0,440.0,104.0,0,0,,inactive
6119,terminal_or_isolated,1,155.0,28.0,128.0,620.0,112.0,512.0,112.0,1,1,14283,terminal
6120,terminal_or_isolated,1,155.0,31.0,106.0,620.0,124.0,424.0,124.0,0,0,,inactive
6121,terminal_or_isolated,1,155.0,37.0,119.0,620.0,148.0,476.0,140.0,1,1,14284,terminal
6122,terminal_or_isolated,1,155.0,37.0,138.0,620.0,148.0,552.0,140.0,1,1,14274,terminal
6123,terminal_or_isolated,1,155.0,40.0,116.0,620.0,160.0,464.0,140.0,0,0,,inactive
6124,terminal_or_isolated,1,155.0,49.0,146.0,620.0,196.0,584.0,140.0,0,0,,inactive
6125,terminal_or_isolated,1,155.0,55.0,178.0,620.0,220.0,712.0,124.0,0,0,,inactive
6126,terminal_or_isolated,1,155.0,56.0,139.0,620.0,224.0,556.0,140.0,0,0,,inactive
6127,terminal_or_isolated,1,155.0,57.0,107.0,620.0,228.0,428.0,140.0,1,1,13809,terminal
6128,terminal_or_isolated,1,155.0,58.0,175.0,620.0,232.0,700.0,136.0,0,0,,inactive
6129,terminal_or_isolated,1,155.0,76.0,158.0,620.0,304.0,632.0,140.0,1,1,14357,terminal
6130,terminal_or_isolated,1,155.0,90.0,145.0,620.0,360.0,580.0,140.0,0,0,,inactive
6131,terminal_or_isolated,1,155.0,97.0,128.0,620.0,388.0,512.0,140.0,1,1,13963,terminal
6132,terminal_or_isolated,1,155.0,97.0,167.0,620.0,388.0,668.0,140.0,1,1,13904,terminal
6133,terminal_or_isolated,1,155.0,104.0,150.0,620.0,416.0,600.0,140.0,0,0,,inactive
6134,terminal_or_isolated,1,155.0,104.0,169.0,620.0,416.0,676.0,140.0,0,0,,inactive
6135,terminal_or_isolated,1,155.0,105.0,130.0,620.0,420.0,520.0,140.0,0,0,,inactive
6136,terminal_or_isolated,1,155.0,109.0,140.0,620.0,436.0,560.0,140.0,0,0,,inactive
6137,terminal_or_isolated,1,155.0,109.0,165.0,620.0,436.0,660.0,140.0,0,0,,inactive
6138,terminal_or_isolated,1,155.0,134.0,121.0,620.0,536.0,484.0,140.0,0,0,,inactive
6139,terminal_or_isolated,1,155.0,135.0,107.0,620.0,540.0,428.0,140.0,0,0,,inactive
6140,terminal_or_isolated,1,155.0,139.0,170.0,620.0,556.0,680.0,140.0,0,0,,inactive
6141,terminal_or_isolated,1,155.0,143.0,174.0,620.0,572.0,696.0,140.0,0,0,,inactive
6142,terminal_or_isolated,1,155.0,148.0,120.0,620.0,592.0,480.0,140.0,0,0,,inactive
6143,terminal_or_isolated,1,155.0,148.0,160.0,620.0,592.0,640.0,140.0,0,0,,inactive
6144,terminal_or_isolated,1,155.0,148.0,179.0,620.0,592.0,716.0,120.0,0,0,,inactive
6145,terminal_or_isolated,1,155.0,149.0,126.0,620.0,596.0,504.0,140.0,0,0,,inactive
6146,terminal_or_isolated,1,155.0,155.0,139.0,620.0,620.0,556.0,140.0,1,1,14122,terminal
6147,terminal_or_isolated,1,155.0,155.0,159.0,620.0,620.0,636.0,140.0,1,1,14128,terminal
6148,terminal_or_isolated,1,155.0,158.0,117.0,620.0,632.0,468.0,140.0,1,1,14446,terminal
6149,terminal_or_isolated,1,155.0,164.0,117.0,620.0,656.0,468.0,140.0,0,0,,inactive
6150,terminal_or_isolated,1,155.0,166.0,99.0,620.0,664.0,396.0,140.0,1,1,14461,terminal
6151,terminal_or_isolated,1,155.0,168.0,127.0,620.0,672.0,508.0,140.0,0,0,,inactive
6152,terminal_or_isolated,1,155.0,174.0,101.0,620.0,696.0,404.0,116.0,0,0,,inactive
6153,terminal_or_isolated,1,155.0,176.0,129.0,620.0,704.0,516.0,108.0,1,1,14219,terminal
6154,terminal_or_isolated,1,155.0,178.0,117.0,620.0,712.0,468.0,100.0,0,0,,inactive
6155,terminal_or_isolated,1,155.0,178.0,190.0,620.0,712.0,760.0,76.0,0,0,,inactive
6156,terminal_or_isolated,1,155.0,184.0,111.0,620.0,736.0,444.0,76.0,1,1,14205,terminal
6157,terminal_or_isolated,1,155.0,185.0,129.0,620.0,740.0,516.0,72.0,1,1,14223,terminal
6158,terminal_or_isolated,1,155.0,186.0,139.0,620.0,744.0,556.0,68.0,1,1,14221,terminal
6159,terminal_or_isolated,1,155.0,187.0,179.0,620.0,748.0,716.0,64.0,1,1,14488,terminal
6160,terminal_or_isolated,1,155.0,188.0,121.0,620.0,752.0,484.0,60.0,1,1,14206,terminal
6161,terminal_or_isolated,1,155.0,188.0,146.0,620.0,752.0,584.0,60.0,1,1,14185,terminal
6162,terminal_or_isolated,1,155.0,188.0,165.0,620.0,752.0,660.0,60.0,1,1,14492,terminal
6163,terminal_or_isolated,1,155.0,188.0,184.0,620.0,752.0,736.0,60.0,1,1,14484,terminal
6164,terminal_or_isolated,1,157.0,13.0,101.0,628.0,52.0,404.0,52.0,0,0,,inactive
6165,terminal_or_isolated,1,157.0,13.0,140.0,628.0,52.0,560.0,52.0,0,0,,inactive
6166,terminal_or_isolated,1,157.0,23.0,154.0,628.0,92.0,616.0,92.0,0,0,,inactive
6167,terminal_or_isolated,1,157.0,26.0,15.0,628.0,104.0,60.0,60.0,0,0,,inactive
6168,terminal_or_isolated,1,157.0,43.0,57.0,628.0,172.0,228.0,132.0,0,0,,inactive
6169,terminal_or_isolated,1,157.0,53.0,42.0,628.0,212.0,168.0,132.0,0,0,,inactive
6170,terminal_or_isolated,1,157.0,73.0,67.0,628.0,292.0,268.0,132.0,0,0,,inactive
6171,terminal_or_isolated,1,157.0,100.0,94.0,628.0,400.0,376.0,132.0,0,0,,inactive
6172,terminal_or_isolated,1,157.0,112.0,23.0,628.0,448.0,92.0,92.0,0,0,,inactive
6173,terminal_or_isolated,1,157.0,123.0,191.0,628.0,492.0,764.0,72.0,0,0,,inactive
6174,terminal_or_isolated,1,157.0,178.0,114.0,628.0,712.0,456.0,100.0,0,0,,inactive
6175,terminal_or_isolated,1,157.0,188.0,65.0,628.0,752.0,260.0,60.0,1,1,15229,terminal
6176,terminal_or_isolated,1,157.0,188.0,104.0,628.0,752.0,416.0,60.0,1,1,15241,terminal
6177,terminal_or_isolated,1,157.0,188.0,123.0,628.0,752.0,492.0,60.0,1,1,15197,terminal
6178,terminal_or_isolated,1,157.0,188.0,143.0,628.0,752.0,572.0,60.0,1,1,15201,terminal
6179,terminal_or_isolated,1,157.0,188.0,182.0,628.0,752.0,728.0,60.0,1,1,15211,terminal
6180,terminal_or_isolated,1,158.0,14.0,21.0,632.0,56.0,84.0,56.0,1,1,15542,terminal
6181,terminal_or_isolated,1,158.0,16.0,162.0,632.0,64.0,648.0,64.0,0,0,,inactive
6182,terminal_or_isolated,1,158.0,25.0,191.0,632.0,100.0,764.0,72.0,0,0,,inactive
6183,terminal_or_isolated,1,158.0,36.0,123.0,632.0,144.0,492.0,128.0,0,0,,inactive
6184,terminal_or_isolated,1,158.0,52.0,178.0,632.0,208.0,712.0,124.0,0,0,,inactive
6185,terminal_or_isolated,1,158.0,53.0,29.0,632.0,212.0,116.0,116.0,0,0,,inactive
6186,terminal_or_isolated,1,158.0,89.0,25.0,632.0,356.0,100.0,100.0,0,0,,inactive
6187,terminal_or_isolated,1,158.0,95.0,142.0,632.0,380.0,568.0,128.0,0,0,,inactive
6188,terminal_or_isolated,1,158.0,98.0,113.0,632.0,392.0,452.0,128.0,1,1,13960,terminal
6189,terminal_or_isolated,1,158.0,122.0,39.0,632.0,488.0,156.0,128.0,1,1,14014,terminal
6190,terminal_or_isolated,1,158.0,141.0,156.0,632.0,564.0,624.0,128.0,0,0,,inactive
6191,terminal_or_isolated,1,158.0,151.0,120.0,632.0,604.0,480.0,128.0,0,0,,inactive
6192,terminal_or_isolated,1,158.0,171.0,49.0,632.0,684.0,196.0,128.0,1,1,14176,terminal
6193,terminal_or_isolated,1,158.0,174.0,104.0,632.0,696.0,416.0,116.0,0,0,,inactive
6194,terminal_or_isolated,1,158.0,178.0,75.0,632.0,712.0,300.0,100.0,0,0,,inactive
6195,terminal_or_isolated,1,158.0,187.0,45.0,632.0,748.0,180.0,64.0,1,1,15222,terminal
6196,terminal_or_isolated,1,158.0,187.0,163.0,632.0,748.0,652.0,64.0,1,1,15206,terminal
6197,terminal_or_isolated,1,159.0,19.0,152.0,636.0,76.0,608.0,76.0,1,1,15249,terminal
6198,terminal_or_isolated,1,159.0,33.0,88.0,636.0,132.0,352.0,124.0,1,1,13760,terminal
6199,terminal_or_isolated,1,159.0,53.0,79.0,636.0,212.0,316.0,124.0,1,1,14328,terminal
6200,terminal_or_isolated,1,159.0,62.0,50.0,636.0,248.0,200.0,124.0,1,1,14348,terminal
6201,terminal_or_isolated,1,159.0,72.0,79.0,636.0,288.0,316.0,124.0,1,1,13857,terminal
6202,terminal_or_isolated,1,159.0,88.0,103.0,636.0,352.0,412.0,124.0,1,1,14785,terminal
6203,terminal_or_isolated,1,159.0,92.0,21.0,636.0,368.0,84.0,84.0,1,1,13912,terminal
6204,terminal_or_isolated,1,159.0,101.0,187.0,636.0,404.0,748.0,88.0,1,1,15329,terminal
6205,terminal_or_isolated,1,159.0,106.0,113.0,636.0,424.0,452.0,124.0,1,1,14931,terminal
6206,terminal_or_isolated,1,159.0,111.0,80.0,636.0,444.0,320.0,124.0,1,1,13991,terminal
6207,terminal_or_isolated,1,159.0,112.0,60.0,636.0,448.0,240.0,124.0,1,1,13987,terminal
6208,terminal_or_isolated,1,159.0,136.0,26.0,636.0,544.0,104.0,104.0,1,1,14037,terminal
6209,terminal_or_isolated,1,159.0,146.0,35.0,636.0,584.0,140.0,124.0,1,1,14074,terminal
6210,terminal_or_isolated,1,159.0,156.0,192.0,636.0,624.0,768.0,68.0,1,1,14453,terminal
6211,terminal_or_isolated,1,159.0,166.0,84.0,636.0,664.0,336.0,124.0,1,1,15124,terminal
6212,terminal_or_isolated,1,159.0,170.0,178.0,636.0,680.0,712.0,124.0,1,1,14459,terminal
6213,terminal_or_isolated,1,159.0,186.0,84.0,636.0,744.0,336.0,68.0,1,1,15237,terminal
6214,terminal_or_isolated,1,160.0,18.0,74.0,640.0,72.0,296.0,72.0,1,1,13718,terminal
6215,terminal_or_isolated,1,160.0,33.0,128.0,640.0,132.0,512.0,120.0,1,1,15276,terminal
6216,terminal_or_isolated,1,160.0,38.0,93.0,640.0,152.0,372.0,120.0,1,1,14308,terminal
6217,terminal_or_isolated,1,160.0,52.0,176.0,640.0,208.0,704.0,120.0,1,1,14686,terminal
6218,terminal_or_isolated,1,160.0,57.0,162.0,640.0,228.0,648.0,120.0,1,1,14704,terminal
6219,terminal_or_isolated,1,160.0,67.0,172.0,640.0,268.0,688.0,120.0,1,1,14341,terminal
6220,terminal_or_isolated,1,160.0,82.0,138.0,640.0,328.0,552.0,120.0,1,1,13887,terminal
6221,terminal_or_isolated,1,160.0,98.0,103.0,640.0,392.0,412.0,120.0,1,1,14885,terminal
6222,terminal_or_isolated,1,160.0,135.0,191.0,640.0,540.0,764.0,72.0,1,1,15353,terminal
6223,terminal_or_isolated,1,160.0,136.0,16.0,640.0,544.0,64.0,64.0,1,1,14067,terminal
6224,terminal_or_isolated,1,160.0,136.0,113.0,640.0,544.0,452.0,120.0,1,1,14997,terminal
6225,terminal_or_isolated,1,160.0,141.0,158.0,640.0,564.0,632.0,120.0,1,1,15057,terminal
6226,terminal_or_isolated,1,160.0,151.0,118.0,640.0,604.0,472.0,120.0,1,1,15357,terminal
6227,terminal_or_isolated,1,160.0,161.0,30.0,640.0,644.0,120.0,120.0,1,1,15107,terminal
6228,terminal_or_isolated,1,160.0,165.0,192.0,640.0,660.0,768.0,68.0,1,1,14454,terminal
6229,terminal_or_isolated,1,160.0,171.0,90.0,640.0,684.0,360.0,120.0,1,1,14477,terminal
6230,terminal_or_isolated,1,160.0,187.0,16.0,640.0,748.0,64.0,64.0,1,1,14195,terminal
6231,terminal_or_isolated,1,160.0,187.0,36.0,640.0,748.0,144.0,64.0,1,1,14198,terminal
6232,terminal_or_isolated,1,161.0,13.0,136.0,644.0,52.0,544.0,52.0,1,1,14532,terminal
6233,terminal_or_isolated,1,161.0,13.0,187.0,644.0,52.0,748.0,52.0,1,1,15257,terminal
6234,terminal_or_isolated,1,161.0,21.0,44.0,644.0,84.0,176.0,84.0,0,0,,inactive
6235,terminal_or_isolated,1,161.0,30.0,15.0,644.0,120.0,60.0,60.0,1,1,14604,terminal
6236,terminal_or_isolated,1,161.0,32.0,148.0,644.0,128.0,592.0,116.0,1,1,14276,terminal
6237,terminal_or_isolated,1,161.0,43.0,61.0,644.0,172.0,244.0,116.0,0,0,,inactive
6238,terminal_or_isolated,1,161.0,53.0,32.0,644.0,212.0,128.0,116.0,0,0,,inactive
6239,terminal_or_isolated,1,161.0,60.0,84.0,644.0,240.0,336.0,116.0,0,0,,inactive
6240,terminal_or_isolated,1,161.0,87.0,191.0,644.0,348.0,764.0,72.0,1,1,14374,terminal
6241,terminal_or_isolated,1,161.0,95.0,133.0,644.0,380.0,532.0,116.0,0,0,,inactive
6242,terminal_or_isolated,1,161.0,108.0,133.0,644.0,432.0,532.0,116.0,1,1,13967,terminal
6243,terminal_or_isolated,1,161.0,112.0,19.0,644.0,448.0,76.0,76.0,0,0,,inactive
6244,terminal_or_isolated,1,161.0,112.0,58.0,644.0,448.0,232.0,116.0,0,0,,inactive
6245,terminal_or_isolated,1,161.0,135.0,153.0,644.0,540.0,612.0,116.0,1,1,15350,terminal
6246,terminal_or_isolated,1,161.0,168.0,35.0,644.0,672.0,140.0,116.0,0,0,,inactive
6247,terminal_or_isolated,1,161.0,170.0,176.0,644.0,680.0,704.0,116.0,0,0,,inactive
6248,terminal_or_isolated,1,161.0,181.0,68.0,644.0,724.0,272.0,88.0,0,0,,inactive
6249,terminal_or_isolated,1,161.0,187.0,94.0,644.0,748.0,376.0,64.0,1,1,14217,terminal
6250,terminal_or_isolated,1,161.0,187.0,114.0,644.0,748.0,456.0,64.0,1,1,14207,terminal
6251,terminal_or_isolated,1,161.0,188.0,55.0,644.0,752.0,220.0,60.0,1,1,14204,terminal
6252,terminal_or_isolated,1,162.0,14.0,96.0,648.0,56.0,384.0,56.0,0,0,,inactive
6253,terminal_or_isolated,1,162.0,31.0,35.0,648.0,124.0,140.0,112.0,0,0,,inactive
6254,terminal_or_isolated,1,162.0,43.0,86.0,648.0,172.0,344.0,112.0,0,0,,inactive
6255,terminal_or_isolated,1,162.0,53.0,37.0,648.0,212.0,148.0,112.0,0,0,,inactive
6256,terminal_or_isolated,1,162.0,63.0,47.0,648.0,252.0,188.0,112.0,0,0,,inactive
6257,terminal_or_isolated,1,162.0,82.0,140.0,648.0,328.0,560.0,112.0,0,0,,inactive
6258,terminal_or_isolated,1,162.0,101.0,179.0,648.0,404.0,716.0,112.0,0,0,,inactive
6259,terminal_or_isolated,1,162.0,114.0,191.0,648.0,456.0,764.0,72.0,1,1,15334,terminal
6260,terminal_or_isolated,1,162.0,122.0,43.0,648.0,488.0,172.0,112.0,0,0,,inactive
6261,terminal_or_isolated,1,162.0,164.0,26.0,648.0,656.0,104.0,104.0,0,0,,inactive
6262,terminal_or_isolated,1,162.0,171.0,53.0,648.0,684.0,212.0,112.0,0,0,,inactive
6263,terminal_or_isolated,1,162.0,171.0,92.0,648.0,684.0,368.0,112.0,0,0,,inactive
6264,terminal_or_isolated,1,162.0,178.0,104.0,648.0,712.0,416.0,100.0,0,0,,inactive
6265,terminal_or_isolated,1,162.0,188.0,133.0,648.0,752.0,532.0,60.0,1,1,14226,terminal
6266,terminal_or_isolated,1,162.0,188.0,153.0,648.0,752.0,612.0,60.0,1,1,14186,terminal
6267,terminal_or_isolated,1,163.0,30.0,191.0,652.0,120.0,764.0,72.0,0,0,,inactive
6268,terminal_or_isolated,1,164.0,17.0,109.0,656.0,68.0,436.0,68.0,0,0,,inactive
6269,terminal_or_isolated,1,164.0,18.0,58.0,656.0,72.0,232.0,72.0,1,1,14540,terminal
6270,terminal_or_isolated,1,164.0,20.0,68.0,656.0,80.0,272.0,80.0,0,0,,inactive
6271,terminal_or_isolated,1,164.0,27.0,48.0,656.0,108.0,192.0,104.0,0,0,,inactive
6272,terminal_or_isolated,1,164.0,27.0,80.0,656.0,108.0,320.0,104.0,0,0,,inactive
6273,terminal_or_isolated,1,164.0,30.0,38.0,656.0,120.0,152.0,104.0,0,0,,inactive
6274,terminal_or_isolated,1,164.0,31.0,52.0,656.0,124.0,208.0,104.0,0,0,,inactive
6275,terminal_or_isolated,1,164.0,36.0,71.0,656.0,144.0,284.0,104.0,0,0,,inactive
6276,terminal_or_isolated,1,164.0,40.0,87.0,656.0,160.0,348.0,104.0,0,0,,inactive
6277,terminal_or_isolated,1,164.0,41.0,67.0,656.0,164.0,268.0,104.0,0,0,,inactive
6278,terminal_or_isolated,1,164.0,48.0,60.0,656.0,192.0,240.0,104.0,1,1,14666,terminal
6279,terminal_or_isolated,1,164.0,60.0,106.0,656.0,240.0,424.0,104.0,0,0,,inactive
6280,terminal_or_isolated,1,164.0,65.0,62.0,656.0,260.0,248.0,104.0,0,0,,inactive
6281,terminal_or_isolated,1,164.0,68.0,98.0,656.0,272.0,392.0,104.0,1,1,14767,terminal
6282,terminal_or_isolated,1,164.0,70.0,58.0,656.0,280.0,232.0,104.0,0,0,,inactive
6283,terminal_or_isolated,1,164.0,70.0,116.0,656.0,280.0,464.0,104.0,0,0,,inactive
6284,terminal_or_isolated,1,164.0,70.0,135.0,656.0,280.0,540.0,104.0,0,0,,inactive
6285,terminal_or_isolated,1,164.0,75.0,111.0,656.0,300.0,444.0,104.0,0,0,,inactive
6286,terminal_or_isolated,1,164.0,75.0,130.0,656.0,300.0,520.0,104.0,0,0,,inactive
6287,terminal_or_isolated,1,164.0,76.0,90.0,656.0,304.0,360.0,104.0,1,1,14766,terminal
6288,terminal_or_isolated,1,164.0,77.0,50.0,656.0,308.0,200.0,104.0,1,1,14509,terminal
6289,terminal_or_isolated,1,164.0,79.0,107.0,656.0,316.0,428.0,104.0,0,0,,inactive
6290,terminal_or_isolated,1,164.0,80.0,81.0,656.0,320.0,324.0,104.0,0,0,,inactive
6291,terminal_or_isolated,1,164.0,80.0,87.0,656.0,320.0,348.0,104.0,0,0,,inactive
6292,terminal_or_isolated,1,164.0,80.0,125.0,656.0,320.0,500.0,104.0,0,0,,inactive
6293,terminal_or_isolated,1,164.0,85.0,120.0,656.0,340.0,480.0,104.0,0,0,,inactive
6294,terminal_or_isolated,1,164.0,89.0,117.0,656.0,356.0,468.0,104.0,0,0,,inactive
6295,terminal_or_isolated,1,164.0,90.0,135.0,656.0,360.0,540.0,104.0,0,0,,inactive
6296,terminal_or_isolated,1,164.0,95.0,97.0,656.0,380.0,388.0,104.0,0,0,,inactive
6297,terminal_or_isolated,1,164.0,95.0,149.0,656.0,380.0,596.0,104.0,0,0,,inactive
6298,terminal_or_isolated,1,164.0,100.0,106.0,656.0,400.0,424.0,104.0,0,0,,inactive
6299,terminal_or_isolated,1,164.0,106.0,29.0,656.0,424.0,116.0,104.0,1,1,14909,terminal
6300,terminal_or_isolated,1,164.0,106.0,119.0,656.0,424.0,476.0,104.0,1,1,14892,terminal
6301,terminal_or_isolated,1,164.0,106.0,127.0,656.0,424.0,508.0,104.0,1,1,14936,terminal
6302,terminal_or_isolated,1,164.0,115.0,136.0,656.0,460.0,544.0,104.0,0,0,,inactive
6303,terminal_or_isolated,1,164.0,116.0,109.0,656.0,464.0,436.0,104.0,1,1,14932,terminal
6304,terminal_or_isolated,1,164.0,117.0,69.0,656.0,468.0,276.0,104.0,1,1,14961,terminal
6305,terminal_or_isolated,1,164.0,118.0,127.0,656.0,472.0,508.0,104.0,1,1,14977,terminal
6306,terminal_or_isolated,1,164.0,119.0,62.0,656.0,476.0,248.0,104.0,0,0,,inactive
6307,terminal_or_isolated,1,164.0,119.0,106.0,656.0,476.0,424.0,104.0,0,0,,inactive
6308,terminal_or_isolated,1,164.0,119.0,145.0,656.0,476.0,580.0,104.0,0,0,,inactive
6309,terminal_or_isolated,1,164.0,124.0,140.0,656.0,496.0,560.0,104.0,0,0,,inactive
6310,terminal_or_isolated,1,164.0,125.0,62.0,656.0,500.0,248.0,104.0,1,1,14962,terminal
6311,terminal_or_isolated,1,164.0,125.0,101.0,656.0,500.0,404.0,104.0,0,0,,inactive
6312,terminal_or_isolated,1,164.0,128.0,59.0,656.0,512.0,236.0,104.0,1,1,15009,terminal
6313,terminal_or_isolated,1,164.0,129.0,96.0,656.0,516.0,384.0,104.0,0,0,,inactive
6314,terminal_or_isolated,1,164.0,129.0,131.0,656.0,516.0,524.0,104.0,0,0,,inactive
6315,terminal_or_isolated,1,164.0,136.0,79.0,656.0,544.0,316.0,104.0,1,1,15022,terminal
6316,terminal_or_isolated,1,164.0,137.0,41.0,656.0,548.0,164.0,104.0,1,1,15017,terminal
6317,terminal_or_isolated,1,164.0,138.0,146.0,656.0,552.0,584.0,104.0,0,0,,inactive
6318,terminal_or_isolated,1,164.0,144.0,126.0,656.0,576.0,504.0,104.0,0,0,,inactive
6319,terminal_or_isolated,1,164.0,146.0,119.0,656.0,584.0,476.0,104.0,1,1,15358,terminal
6320,terminal_or_isolated,1,164.0,146.0,138.0,656.0,584.0,552.0,104.0,1,1,15092,terminal
6321,terminal_or_isolated,1,164.0,149.0,92.0,656.0,596.0,368.0,104.0,0,0,,inactive
6322,terminal_or_isolated,1,164.0,149.0,131.0,656.0,596.0,524.0,104.0,0,0,,inactive
6323,terminal_or_isolated,1,164.0,154.0,91.0,656.0,616.0,364.0,104.0,0,0,,inactive
6324,terminal_or_isolated,1,164.0,158.0,87.0,656.0,632.0,348.0,104.0,0,0,,inactive
6325,terminal_or_isolated,1,164.0,158.0,126.0,656.0,632.0,504.0,104.0,0,0,,inactive
6326,terminal_or_isolated,1,164.0,163.0,121.0,656.0,652.0,484.0,104.0,0,0,,inactive
6327,terminal_or_isolated,1,164.0,164.0,29.0,656.0,656.0,116.0,104.0,0,0,,inactive
6328,terminal_or_isolated,1,164.0,167.0,31.0,656.0,668.0,124.0,104.0,1,1,15172,terminal
6329,terminal_or_isolated,1,164.0,167.0,137.0,656.0,668.0,548.0,104.0,1,1,15150,terminal
6330,terminal_or_isolated,1,164.0,168.0,72.0,656.0,672.0,288.0,104.0,0,0,,inactive
6331,terminal_or_isolated,1,164.0,169.0,77.0,656.0,676.0,308.0,104.0,0,0,,inactive
6332,terminal_or_isolated,1,164.0,176.0,99.0,656.0,704.0,396.0,104.0,1,1,15243,terminal
6333,terminal_or_isolated,1,164.0,185.0,80.0,656.0,740.0,320.0,72.0,1,1,15236,terminal
6334,terminal_or_isolated,1,164.0,186.0,70.0,656.0,744.0,280.0,68.0,1,1,15233,terminal
6335,terminal_or_isolated,1,164.0,187.0,20.0,656.0,748.0,80.0,64.0,1,1,15218,terminal
6336,terminal_or_isolated,1,164.0,188.0,32.0,656.0,752.0,128.0,60.0,1,1,15219,terminal
6337,terminal_or_isolated,1,164.0,188.0,52.0,656.0,752.0,208.0,60.0,1,1,15224,terminal
6338,terminal_or_isolated,1,164.0,188.0,97.0,656.0,752.0,388.0,60.0,1,1,15245,terminal
6339,terminal_or_isolated,1,164.0,188.0,111.0,656.0,752.0,444.0,60.0,1,1,15246,terminal
6340,terminal_or_isolated,1,164.0,189.0,38.0,656.0,756.0,152.0,56.0,1,1,15223,terminal
6341,terminal_or_isolated,1,164.0,189.0,57.0,656.0,756.0,228.0,56.0,1,1,15231,terminal
6342,terminal_or_isolated,1,165.0,16.0,130.0,660.0,64.0,520.0,64.0,0,0,,inactive
6343,terminal_or_isolated,1,165.0,17.0,116.0,660.0,68.0,464.0,68.0,0,0,,inactive
6344,terminal_or_isolated,1,165.0,17.0,148.0,660.0,68.0,592.0,68.0,1,1,15250,terminal
6345,terminal_or_isolated,1,165.0,21.0,159.0,660.0,84.0,636.0,84.0,0,0,,inactive
6346,terminal_or_isolated,1,165.0,26.0,120.0,660.0,104.0,480.0,100.0,0,0,,inactive
6347,terminal_or_isolated,1,165.0,38.0,166.0,660.0,152.0,664.0,100.0,1,1,14610,terminal
6348,terminal_or_isolated,1,165.0,55.0,150.0,660.0,220.0,600.0,100.0,0,0,,inactive
6349,terminal_or_isolated,1,165.0,57.0,167.0,660.0,228.0,668.0,100.0,1,1,14692,terminal
6350,terminal_or_isolated,1,165.0,60.0,164.0,660.0,240.0,656.0,100.0,0,0,,inactive
6351,terminal_or_isolated,1,165.0,65.0,184.0,660.0,260.0,736.0,100.0,0,0,,inactive
6352,terminal_or_isolated,1,165.0,69.0,188.0,660.0,276.0,752.0,84.0,0,0,,inactive
6353,terminal_or_isolated,1,165.0,77.0,177.0,660.0,308.0,708.0,100.0,1,1,15308,terminal
6354,terminal_or_isolated,1,165.0,86.0,177.0,660.0,344.0,708.0,100.0,1,1,14775,terminal
6355,terminal_or_isolated,1,165.0,95.0,175.0,660.0,380.0,700.0,100.0,0,0,,inactive
6356,terminal_or_isolated,1,165.0,97.0,167.0,660.0,388.0,668.0,100.0,1,1,14862,terminal
6357,terminal_or_isolated,1,165.0,99.0,179.0,660.0,396.0,716.0,100.0,0,0,,inactive
6358,terminal_or_isolated,1,165.0,109.0,189.0,660.0,436.0,756.0,80.0,0,0,,inactive
6359,terminal_or_isolated,1,165.0,117.0,167.0,660.0,468.0,668.0,100.0,1,1,14942,terminal
6360,terminal_or_isolated,1,165.0,136.0,167.0,660.0,544.0,668.0,100.0,1,1,15347,terminal
6361,terminal_or_isolated,1,165.0,145.0,186.0,660.0,580.0,744.0,92.0,1,1,15031,terminal
6362,terminal_or_isolated,1,165.0,148.0,156.0,660.0,592.0,624.0,100.0,0,0,,inactive
6363,terminal_or_isolated,1,165.0,154.0,150.0,660.0,616.0,600.0,100.0,0,0,,inactive
6364,terminal_or_isolated,1,165.0,163.0,165.0,660.0,652.0,660.0,100.0,0,0,,inactive
6365,terminal_or_isolated,1,165.0,188.0,175.0,660.0,752.0,700.0,60.0,1,1,15213,terminal
6366,terminal_or_isolated,1,166.0,55.0,16.0,664.0,220.0,64.0,64.0,0,0,,inactive
6367,terminal_or_isolated,1,166.0,159.0,104.0,664.0,636.0,416.0,96.0,0,0,,inactive
6368,terminal_or_isolated,1,166.0,189.0,16.0,664.0,756.0,64.0,56.0,1,1,16255,terminal
6369,terminal_or_isolated,1,167.0,13.0,111.0,668.0,52.0,444.0,52.0,0,0,,inactive
6370,terminal_or_isolated,1,167.0,14.0,18.0,668.0,56.0,72.0,56.0,1,1,15494,terminal
6371,terminal_or_isolated,1,167.0,14.0,57.0,668.0,56.0,228.0,56.0,0,0,,inactive
6372,terminal_or_isolated,1,167.0,36.0,35.0,668.0,144.0,140.0,92.0,0,0,,inactive
6373,terminal_or_isolated,1,167.0,36.0,54.0,668.0,144.0,216.0,92.0,0,0,,inactive
6374,terminal_or_isolated,1,167.0,43.0,28.0,668.0,172.0,112.0,92.0,0,0,,inactive
6375,terminal_or_isolated,1,167.0,75.0,133.0,668.0,300.0,532.0,92.0,0,0,,inactive
6376,terminal_or_isolated,1,167.0,80.0,25.0,668.0,320.0,100.0,92.0,0,0,,inactive
6377,terminal_or_isolated,1,167.0,102.0,48.0,668.0,408.0,192.0,92.0,0,0,,inactive
6378,terminal_or_isolated,1,167.0,109.0,191.0,668.0,436.0,764.0,72.0,0,0,,inactive
6379,terminal_or_isolated,1,167.0,111.0,189.0,668.0,444.0,756.0,80.0,0,0,,inactive
6380,terminal_or_isolated,1,167.0,171.0,111.0,668.0,684.0,444.0,92.0,1,1,15368,terminal
6381,terminal_or_isolated,1,167.0,174.0,36.0,668.0,696.0,144.0,92.0,0,0,,inactive
6382,terminal_or_isolated,1,167.0,181.0,62.0,668.0,724.0,248.0,88.0,0,0,,inactive
6383,terminal_or_isolated,1,167.0,188.0,94.0,668.0,752.0,376.0,60.0,1,1,16274,terminal
6384,terminal_or_isolated,1,167.0,188.0,114.0,668.0,752.0,456.0,60.0,1,1,16280,terminal
6385,terminal_or_isolated,1,167.0,188.0,133.0,668.0,752.0,532.0,60.0,1,1,16235,terminal
6386,terminal_or_isolated,1,167.0,188.0,153.0,668.0,752.0,612.0,60.0,1,1,16241,terminal
6387,terminal_or_isolated,1,167.0,188.0,172.0,668.0,752.0,688.0,60.0,1,1,16248,terminal
6388,terminal_or_isolated,1,168.0,20.0,162.0,672.0,80.0,648.0,80.0,1,1,16298,terminal
6389,terminal_or_isolated,1,168.0,27.0,84.0,672.0,108.0,336.0,88.0,0,0,,inactive
6390,terminal_or_isolated,1,168.0,33.0,129.0,672.0,132.0,516.0,88.0,0,0,,inactive
6391,terminal_or_isolated,1,168.0,36.0,132.0,672.0,144.0,528.0,88.0,0,0,,inactive
6392,terminal_or_isolated,1,168.0,43.0,41.0,672.0,172.0,164.0,88.0,1,1,14628,terminal
6393,terminal_or_isolated,1,168.0,53.0,70.0,672.0,212.0,280.0,88.0,1,1,14673,terminal
6394,terminal_or_isolated,1,168.0,55.0,171.0,672.0,220.0,684.0,88.0,0,0,,inactive
6395,terminal_or_isolated,1,168.0,62.0,178.0,672.0,248.0,712.0,88.0,0,0,,inactive
6396,terminal_or_isolated,1,168.0,63.0,41.0,672.0,252.0,164.0,88.0,1,1,14719,terminal
6397,terminal_or_isolated,1,168.0,63.0,80.0,672.0,252.0,320.0,88.0,1,1,14732,terminal
6398,terminal_or_isolated,1,168.0,69.0,16.0,672.0,276.0,64.0,64.0,1,1,15316,terminal
6399,terminal_or_isolated,1,168.0,92.0,90.0,672.0,368.0,360.0,88.0,1,1,14842,terminal
6400,terminal_or_isolated,1,168.0,98.0,26.0,672.0,392.0,104.0,88.0,1,1,15854,terminal
6401,terminal_or_isolated,1,168.0,98.0,64.0,672.0,392.0,256.0,88.0,1,1,14875,terminal
6402,terminal_or_isolated,1,168.0,101.0,178.0,672.0,404.0,712.0,88.0,0,0,,inactive
6403,terminal_or_isolated,1,168.0,111.0,110.0,672.0,444.0,440.0,88.0,1,1,14934,terminal
6404,terminal_or_isolated,1,168.0,135.0,94.0,672.0,540.0,376.0,88.0,1,1,14995,terminal
6405,terminal_or_isolated,1,168.0,140.0,185.0,672.0,560.0,740.0,88.0,0,0,,inactive
6406,terminal_or_isolated,1,168.0,146.0,45.0,672.0,584.0,180.0,88.0,1,1,15476,terminal
6407,terminal_or_isolated,1,168.0,151.0,20.0,672.0,604.0,80.0,80.0,1,1,15073,terminal
6408,terminal_or_isolated,1,168.0,151.0,59.0,672.0,604.0,236.0,88.0,1,1,15077,terminal
6409,terminal_or_isolated,1,168.0,161.0,61.0,672.0,644.0,244.0,88.0,1,1,15122,terminal
6410,terminal_or_isolated,1,168.0,181.0,120.0,672.0,724.0,480.0,88.0,1,1,16279,terminal
6411,terminal_or_isolated,1,168.0,185.0,26.0,672.0,740.0,104.0,72.0,1,1,15221,terminal
6412,terminal_or_isolated,1,169.0,14.0,59.0,676.0,56.0,236.0,56.0,1,1,15504,terminal
6413,terminal_or_isolated,1,169.0,17.0,171.0,676.0,68.0,684.0,68.0,1,1,15256,terminal
6414,terminal_or_isolated,1,169.0,39.0,84.0,676.0,156.0,336.0,84.0,1,1,15590,terminal
6415,terminal_or_isolated,1,169.0,42.0,185.0,676.0,168.0,740.0,84.0,1,1,15291,terminal
6416,terminal_or_isolated,1,169.0,48.0,93.0,676.0,192.0,372.0,84.0,1,1,15628,terminal
6417,terminal_or_isolated,1,169.0,87.0,142.0,676.0,348.0,568.0,84.0,1,1,15845,terminal
6418,terminal_or_isolated,1,169.0,92.0,79.0,676.0,368.0,316.0,84.0,1,1,14837,terminal
6419,terminal_or_isolated,1,169.0,112.0,21.0,676.0,448.0,84.0,84.0,1,1,15923,terminal
6420,terminal_or_isolated,1,169.0,131.0,148.0,676.0,524.0,592.0,84.0,1,1,16015,terminal
6421,terminal_or_isolated,1,169.0,145.0,162.0,676.0,580.0,648.0,84.0,1,1,15061,terminal
6422,terminal_or_isolated,1,169.0,155.0,153.0,676.0,620.0,612.0,84.0,1,1,15366,terminal
6423,terminal_or_isolated,1,169.0,166.0,192.0,676.0,664.0,768.0,68.0,1,1,15370,terminal
6424,terminal_or_isolated,1,169.0,170.0,168.0,676.0,680.0,672.0,84.0,1,1,15164,terminal
6425,terminal_or_isolated,1,169.0,186.0,75.0,676.0,744.0,300.0,68.0,1,1,16266,terminal
6426,terminal_or_isolated,1,170.0,14.0,68.0,680.0,56.0,272.0,56.0,1,1,15505,terminal
6427,terminal_or_isolated,1,170.0,23.0,117.0,680.0,92.0,468.0,80.0,1,1,15531,terminal
6428,terminal_or_isolated,1,170.0,29.0,123.0,680.0,116.0,492.0,80.0,1,1,15579,terminal
6429,terminal_or_isolated,1,170.0,39.0,132.0,680.0,156.0,528.0,80.0,0,0,,inactive
6430,terminal_or_isolated,1,170.0,40.0,35.0,680.0,160.0,140.0,80.0,0,0,,inactive
6431,terminal_or_isolated,1,170.0,43.0,31.0,680.0,172.0,124.0,80.0,1,1,15615,terminal
6432,terminal_or_isolated,1,170.0,43.0,39.0,680.0,172.0,156.0,80.0,1,1,15616,terminal
6433,terminal_or_isolated,1,170.0,43.0,117.0,680.0,172.0,468.0,80.0,1,1,15401,terminal
6434,terminal_or_isolated,1,170.0,49.0,123.0,680.0,196.0,492.0,80.0,1,1,15687,terminal
6435,terminal_or_isolated,1,170.0,58.0,93.0,680.0,232.0,372.0,80.0,1,1,15729,terminal
6436,terminal_or_isolated,1,170.0,63.0,78.0,680.0,252.0,312.0,80.0,1,1,15723,terminal
6437,terminal_or_isolated,1,170.0,92.0,49.0,680.0,368.0,196.0,80.0,1,1,15440,terminal
6438,terminal_or_isolated,1,170.0,108.0,143.0,680.0,432.0,572.0,80.0,1,1,15951,terminal
6439,terminal_or_isolated,1,170.0,145.0,192.0,680.0,580.0,768.0,68.0,1,1,15372,terminal
6440,terminal_or_isolated,1,170.0,155.0,104.0,680.0,620.0,416.0,80.0,1,1,16102,terminal
6441,terminal_or_isolated,1,170.0,161.0,51.0,680.0,644.0,204.0,80.0,1,1,16144,terminal
6442,terminal_or_isolated,1,170.0,165.0,35.0,680.0,660.0,140.0,80.0,1,1,16173,terminal
6443,terminal_or_isolated,1,170.0,180.0,168.0,680.0,720.0,672.0,80.0,1,1,15209,terminal
6444,terminal_or_isolated,1,171.0,17.0,84.0,684.0,68.0,336.0,68.0,0,0,,inactive
6445,terminal_or_isolated,1,171.0,31.0,25.0,684.0,124.0,100.0,76.0,0,0,,inactive
6446,terminal_or_isolated,1,171.0,33.0,126.0,684.0,132.0,504.0,76.0,0,0,,inactive
6447,terminal_or_isolated,1,171.0,37.0,123.0,684.0,148.0,492.0,76.0,1,1,15581,terminal
6448,terminal_or_isolated,1,171.0,40.0,15.0,684.0,160.0,60.0,60.0,1,1,14607,terminal
6449,terminal_or_isolated,1,171.0,53.0,67.0,684.0,212.0,268.0,76.0,0,0,,inactive
6450,terminal_or_isolated,1,171.0,80.0,94.0,684.0,320.0,376.0,76.0,0,0,,inactive
6451,terminal_or_isolated,1,171.0,85.0,16.0,684.0,340.0,64.0,64.0,0,0,,inactive
6452,terminal_or_isolated,1,171.0,85.0,172.0,684.0,340.0,688.0,76.0,0,0,,inactive
6453,terminal_or_isolated,1,171.0,86.0,94.0,684.0,344.0,376.0,76.0,0,0,,inactive
6454,terminal_or_isolated,1,171.0,92.0,23.0,684.0,368.0,92.0,76.0,0,0,,inactive
6455,terminal_or_isolated,1,171.0,97.0,191.0,684.0,388.0,764.0,72.0,1,1,15324,terminal
6456,terminal_or_isolated,1,171.0,100.0,55.0,684.0,400.0,220.0,76.0,0,0,,inactive
6457,terminal_or_isolated,1,171.0,102.0,38.0,684.0,408.0,152.0,76.0,0,0,,inactive
6458,terminal_or_isolated,1,171.0,122.0,158.0,684.0,488.0,632.0,76.0,0,0,,inactive
6459,terminal_or_isolated,1,171.0,149.0,65.0,684.0,596.0,260.0,76.0,0,0,,inactive
6460,terminal_or_isolated,1,171.0,151.0,23.0,684.0,604.0,92.0,76.0,0,0,,inactive
6461,terminal_or_isolated,1,171.0,151.0,62.0,684.0,604.0,248.0,76.0,0,0,,inactive
6462,terminal_or_isolated,1,171.0,161.0,58.0,684.0,644.0,232.0,76.0,0,0,,inactive
6463,terminal_or_isolated,1,171.0,170.0,166.0,684.0,680.0,664.0,76.0,1,1,16190,terminal
6464,terminal_or_isolated,1,171.0,181.0,58.0,684.0,724.0,232.0,76.0,0,0,,inactive
6465,terminal_or_isolated,1,171.0,187.0,143.0,684.0,748.0,572.0,64.0,1,1,15205,terminal
6466,terminal_or_isolated,1,171.0,188.0,65.0,684.0,752.0,260.0,60.0,1,1,15235,terminal
6467,terminal_or_isolated,1,172.0,14.0,28.0,688.0,56.0,112.0,56.0,0,0,,inactive
6468,terminal_or_isolated,1,172.0,14.0,105.0,688.0,56.0,420.0,56.0,0,0,,inactive
6469,terminal_or_isolated,1,172.0,26.0,15.0,688.0,104.0,60.0,60.0,0,0,,inactive
6470,terminal_or_isolated,1,172.0,42.0,188.0,688.0,168.0,752.0,72.0,0,0,,inactive
6471,terminal_or_isolated,1,172.0,45.0,16.0,688.0,180.0,64.0,64.0,0,0,,inactive
6472,terminal_or_isolated,1,172.0,62.0,174.0,688.0,248.0,696.0,72.0,0,0,,inactive
6473,terminal_or_isolated,1,172.0,65.0,16.0,688.0,260.0,64.0,64.0,0,0,,inactive
6474,terminal_or_isolated,1,172.0,92.0,86.0,688.0,368.0,344.0,72.0,0,0,,inactive
6475,terminal_or_isolated,1,172.0,102.0,53.0,688.0,408.0,212.0,72.0,0,0,,inactive
6476,terminal_or_isolated,1,172.0,103.0,191.0,688.0,412.0,764.0,72.0,0,0,,inactive
6477,terminal_or_isolated,1,172.0,188.0,163.0,688.0,752.0,652.0,60.0,1,1,15210,terminal
6478,terminal_or_isolated,1,172.0,188.0,182.0,688.0,752.0,728.0,60.0,1,1,15214,terminal
6479,terminal_or_isolated,1,172.0,189.0,45.0,688.0,756.0,180.0,56.0,1,1,15225,terminal
6480,terminal_or_isolated,1,174.0,16.0,47.0,696.0,64.0,188.0,64.0,0,0,,inactive
6481,terminal_or_isolated,1,174.0,26.0,57.0,696.0,104.0,228.0,64.0,0,0,,inactive
6482,terminal_or_isolated,1,174.0,29.0,79.0,696.0,116.0,316.0,64.0,1,1,15592,terminal
6483,terminal_or_isolated,1,174.0,31.0,23.0,696.0,124.0,92.0,64.0,0,0,,inactive
6484,terminal_or_isolated,1,174.0,38.0,118.0,696.0,152.0,472.0,64.0,1,1,15403,terminal
6485,terminal_or_isolated,1,174.0,47.0,128.0,696.0,188.0,512.0,64.0,1,1,15604,terminal
6486,terminal_or_isolated,1,174.0,50.0,126.0,696.0,200.0,504.0,64.0,0,0,,inactive
6487,terminal_or_isolated,1,174.0,50.0,145.0,696.0,200.0,580.0,64.0,0,0,,inactive
6488,terminal_or_isolated,1,174.0,51.0,62.0,696.0,204.0,248.0,64.0,0,0,,inactive
6489,terminal_or_isolated,1,174.0,57.0,127.0,696.0,228.0,508.0,64.0,1,1,15698,terminal
6490,terminal_or_isolated,1,174.0,59.0,31.0,696.0,236.0,124.0,64.0,1,1,15713,terminal
6491,terminal_or_isolated,1,174.0,59.0,136.0,696.0,236.0,544.0,64.0,0,0,,inactive
6492,terminal_or_isolated,1,174.0,59.0,155.0,696.0,236.0,620.0,64.0,0,0,,inactive
6493,terminal_or_isolated,1,174.0,60.0,150.0,696.0,240.0,600.0,64.0,0,0,,inactive
6494,terminal_or_isolated,1,174.0,65.0,149.0,696.0,260.0,596.0,64.0,0,0,,inactive
6495,terminal_or_isolated,1,174.0,67.0,157.0,696.0,268.0,628.0,64.0,1,1,15756,terminal
6496,terminal_or_isolated,1,174.0,69.0,119.0,696.0,276.0,476.0,64.0,1,1,15774,terminal
6497,terminal_or_isolated,1,174.0,75.0,28.0,696.0,300.0,112.0,64.0,0,0,,inactive
6498,terminal_or_isolated,1,174.0,86.0,136.0,696.0,344.0,544.0,64.0,1,1,15846,terminal
6499,terminal_or_isolated,1,174.0,87.0,59.0,696.0,348.0,236.0,64.0,1,1,15867,terminal
6500,terminal_or_isolated,1,174.0,87.0,157.0,696.0,348.0,628.0,64.0,1,1,15822,terminal
6501,terminal_or_isolated,1,174.0,95.0,87.0,696.0,380.0,348.0,64.0,0,0,,inactive
6502,terminal_or_isolated,1,174.0,95.0,106.0,696.0,380.0,424.0,64.0,0,0,,inactive
6503,terminal_or_isolated,1,174.0,96.0,29.0,696.0,384.0,116.0,64.0,1,1,15888,terminal
6504,terminal_or_isolated,1,174.0,98.0,148.0,696.0,392.0,592.0,64.0,1,1,15871,terminal
6505,terminal_or_isolated,1,174.0,110.0,62.0,696.0,440.0,248.0,64.0,0,0,,inactive
6506,terminal_or_isolated,1,174.0,115.0,166.0,696.0,460.0,664.0,64.0,1,1,15917,terminal
6507,terminal_or_isolated,1,174.0,116.0,108.0,696.0,464.0,432.0,64.0,1,1,16010,terminal
6508,terminal_or_isolated,1,174.0,117.0,128.0,696.0,468.0,512.0,64.0,1,1,15948,terminal
6509,terminal_or_isolated,1,174.0,124.0,116.0,696.0,496.0,464.0,64.0,0,0,,inactive
6510,terminal_or_isolated,1,174.0,129.0,121.0,696.0,516.0,484.0,64.0,0,0,,inactive
6511,terminal_or_isolated,1,174.0,137.0,109.0,696.0,548.0,436.0,64.0,1,1,16060,terminal
6512,terminal_or_isolated,1,174.0,138.0,150.0,696.0,552.0,600.0,64.0,0,0,,inactive
6513,terminal_or_isolated,1,174.0,146.0,59.0,696.0,584.0,236.0,64.0,1,1,15486,terminal
6514,terminal_or_isolated,1,174.0,146.0,138.0,696.0,584.0,552.0,64.0,1,1,16116,terminal
6515,terminal_or_isolated,1,174.0,146.0,186.0,696.0,584.0,744.0,64.0,1,1,16336,terminal
6516,terminal_or_isolated,1,174.0,149.0,121.0,696.0,596.0,484.0,64.0,0,0,,inactive
6517,terminal_or_isolated,1,174.0,153.0,145.0,696.0,612.0,580.0,64.0,0,0,,inactive
6518,terminal_or_isolated,1,174.0,154.0,107.0,696.0,616.0,428.0,64.0,0,0,,inactive
6519,terminal_or_isolated,1,174.0,154.0,126.0,696.0,616.0,504.0,64.0,0,0,,inactive
6520,terminal_or_isolated,1,174.0,159.0,131.0,696.0,636.0,524.0,64.0,0,0,,inactive
6521,terminal_or_isolated,1,174.0,167.0,49.0,696.0,668.0,196.0,64.0,1,1,16146,terminal
6522,terminal_or_isolated,1,174.0,167.0,159.0,696.0,668.0,636.0,64.0,0,0,,inactive
6523,terminal_or_isolated,1,174.0,175.0,88.0,696.0,700.0,352.0,64.0,0,0,,inactive
6524,terminal_or_isolated,1,174.0,176.0,168.0,696.0,704.0,672.0,64.0,1,1,16247,terminal
6525,terminal_or_isolated,1,174.0,177.0,32.0,696.0,708.0,128.0,64.0,1,1,16288,terminal
6526,terminal_or_isolated,1,174.0,185.0,32.0,696.0,740.0,128.0,64.0,1,1,16287,terminal
6527,terminal_or_isolated,1,174.0,187.0,22.0,696.0,748.0,88.0,64.0,1,1,16256,terminal
6528,terminal_or_isolated,1,174.0,187.0,49.0,696.0,748.0,196.0,64.0,1,1,16261,terminal
6529,terminal_or_isolated,1,174.0,187.0,146.0,696.0,748.0,584.0,64.0,1,1,16242,terminal
6530,terminal_or_isolated,1,174.0,188.0,62.0,696.0,752.0,248.0,60.0,1,1,16262,terminal
6531,terminal_or_isolated,1,174.0,188.0,82.0,696.0,752.0,328.0,60.0,1,1,16268,terminal
6532,terminal_or_isolated,1,174.0,188.0,87.0,696.0,752.0,348.0,60.0,1,1,16273,terminal
6533,terminal_or_isolated,1,174.0,188.0,107.0,696.0,752.0,428.0,60.0,1,1,16284,terminal
6534,terminal_or_isolated,1,174.0,188.0,121.0,696.0,752.0,484.0,60.0,1,1,16281,terminal
6535,terminal_or_isolated,1,174.0,188.0,126.0,696.0,752.0,504.0,60.0,1,1,16237,terminal
6536,terminal_or_isolated,1,174.0,188.0,165.0,696.0,752.0,660.0,60.0,1,1,16251,terminal
6537,terminal_or_isolated,1,174.0,189.0,43.0,696.0,756.0,172.0,56.0,1,1,16291,terminal
6538,terminal_or_isolated,1,174.0,189.0,67.0,696.0,756.0,268.0,56.0,1,1,16267,terminal
6539,terminal_or_isolated,1,175.0,15.0,144.0,700.0,60.0,576.0,60.0,0,0,,inactive
6540,terminal_or_isolated,1,175.0,17.0,177.0,700.0,68.0,708.0,60.0,1,1,16303,terminal
6541,terminal_or_isolated,1,175.0,20.0,168.0,700.0,80.0,672.0,60.0,0,0,,inactive
6542,terminal_or_isolated,1,175.0,28.0,137.0,700.0,112.0,548.0,60.0,1,1,15538,terminal
6543,terminal_or_isolated,1,175.0,28.0,147.0,700.0,112.0,588.0,60.0,1,1,15554,terminal
6544,terminal_or_isolated,1,175.0,30.0,165.0,700.0,120.0,660.0,60.0,0,0,,inactive
6545,terminal_or_isolated,1,175.0,37.0,186.0,700.0,148.0,744.0,60.0,1,1,16314,terminal
6546,terminal_or_isolated,1,175.0,38.0,157.0,700.0,152.0,628.0,60.0,1,1,15634,terminal
6547,terminal_or_isolated,1,175.0,45.0,169.0,700.0,180.0,676.0,60.0,0,0,,inactive
6548,terminal_or_isolated,1,175.0,58.0,176.0,700.0,232.0,704.0,60.0,1,1,15741,terminal
6549,terminal_or_isolated,1,175.0,67.0,167.0,700.0,268.0,668.0,60.0,1,1,15743,terminal
6550,terminal_or_isolated,1,175.0,177.0,176.0,700.0,708.0,704.0,60.0,0,0,,inactive
6551,terminal_or_isolated,1,176.0,189.0,26.0,704.0,756.0,104.0,56.0,1,1,16613,terminal
6552,terminal_or_isolated,1,177.0,45.0,132.0,708.0,180.0,528.0,52.0,0,0,,inactive
6553,terminal_or_isolated,1,177.0,103.0,191.0,708.0,412.0,764.0,52.0,0,0,,inactive
6554,terminal_or_isolated,1,177.0,114.0,182.0,708.0,456.0,728.0,52.0,1,1,16326,terminal
6555,terminal_or_isolated,1,177.0,134.0,104.0,708.0,536.0,416.0,52.0,0,0,,inactive
6556,terminal_or_isolated,1,177.0,141.0,188.0,708.0,564.0,752.0,52.0,0,0,,inactive
6557,terminal_or_isolated,1,177.0,178.0,192.0,708.0,712.0,768.0,52.0,0,0,,inactive
6558,terminal_or_isolated,1,178.0,20.0,35.0,712.0,80.0,140.0,48.0,1,1,15379,terminal
6559,terminal_or_isolated,1,178.0,82.0,156.0,712.0,328.0,624.0,48.0,1,1,15795,terminal
6560,terminal_or_isolated,1,178.0,91.0,185.0,712.0,364.0,740.0,48.0,1,1,15828,terminal
6561,terminal_or_isolated,1,178.0,97.0,191.0,712.0,388.0,764.0,48.0,1,1,15913,terminal
6562,terminal_or_isolated,1,178.0,108.0,182.0,712.0,432.0,728.0,48.0,0,0,,inactive
6563,terminal_or_isolated,1,178.0,121.0,188.0,712.0,484.0,752.0,48.0,0,0,,inactive
6564,terminal_or_isolated,1,178.0,144.0,172.0,712.0,576.0,688.0,48.0,0,0,,inactive
6565,terminal_or_isolated,1,178.0,171.0,100.0,712.0,684.0,400.0,48.0,1,1,16228,terminal
6566,terminal_or_isolated,1,178.0,184.0,133.0,712.0,736.0,532.0,48.0,1,1,16238,terminal
6567,terminal_or_isolated,1,178.0,185.0,114.0,712.0,740.0,456.0,48.0,1,1,16286,terminal
6568,terminal_or_isolated,1,178.0,188.0,62.0,712.0,752.0,248.0,48.0,1,1,16437,terminal
6569,terminal_or_isolated,1,179.0,17.0,181.0,716.0,68.0,724.0,44.0,1,1,16305,terminal
6570,terminal_or_isolated,1,179.0,29.0,44.0,716.0,116.0,176.0,44.0,1,1,16454,terminal
6571,terminal_or_isolated,1,179.0,29.0,84.0,716.0,116.0,336.0,44.0,1,1,16450,terminal
6572,terminal_or_isolated,1,179.0,58.0,16.0,716.0,232.0,64.0,44.0,1,1,16474,terminal
6573,terminal_or_isolated,1,179.0,111.0,187.0,716.0,444.0,748.0,44.0,1,1,16325,terminal
6574,terminal_or_isolated,1,179.0,166.0,35.0,716.0,664.0,140.0,44.0,1,1,16604,terminal
6575,terminal_or_isolated,1,179.0,166.0,163.0,716.0,664.0,652.0,44.0,1,1,16191,terminal
6576,terminal_or_isolated,1,179.0,175.0,163.0,716.0,700.0,652.0,44.0,1,1,16194,terminal
6577,terminal_or_isolated,1,179.0,176.0,172.0,716.0,704.0,688.0,44.0,1,1,16253,terminal
6578,terminal_or_isolated,1,179.0,180.0,187.0,716.0,720.0,748.0,44.0,1,1,16335,terminal
6579,terminal_or_isolated,1,179.0,181.0,60.0,716.0,724.0,240.0,44.0,1,1,16436,terminal
6580,terminal_or_isolated,1,179.0,185.0,153.0,716.0,740.0,612.0,44.0,1,1,16243,terminal
6581,terminal_or_isolated,1,180.0,98.0,25.0,720.0,392.0,100.0,40.0,0,0,,inactive
6582,terminal_or_isolated,1,180.0,147.0,35.0,720.0,588.0,140.0,40.0,1,1,16587,terminal
6583,terminal_or_isolated,1,180.0,160.0,186.0,720.0,640.0,744.0,40.0,1,1,16333,terminal
6584,terminal_or_isolated,1,180.0,175.0,153.0,720.0,700.0,612.0,40.0,1,1,16244,terminal
6585,terminal_or_isolated,1,180.0,176.0,143.0,720.0,704.0,572.0,40.0,1,1,16188,terminal
6586,terminal_or_isolated,1,180.0,180.0,167.0,720.0,720.0,668.0,40.0,1,1,16254,terminal
6587,terminal_or_isolated,1,180.0,186.0,172.0,720.0,744.0,688.0,40.0,1,1,16252,terminal
6588,terminal_or_isolated,1,180.0,187.0,16.0,720.0,748.0,64.0,40.0,1,1,16259,terminal
6589,terminal_or_isolated,1,181.0,29.0,152.0,724.0,116.0,608.0,36.0,1,1,16461,terminal
6590,terminal_or_isolated,1,181.0,55.0,191.0,724.0,220.0,764.0,36.0,1,1,16318,terminal
6591,terminal_or_isolated,1,181.0,69.0,172.0,724.0,276.0,688.0,36.0,0,0,,inactive
6592,terminal_or_isolated,1,181.0,79.0,103.0,724.0,316.0,412.0,36.0,1,1,16515,terminal
6593,terminal_or_isolated,1,181.0,130.0,188.0,724.0,520.0,752.0,36.0,1,1,16055,terminal
6594,terminal_or_isolated,1,181.0,183.0,104.0,724.0,732.0,416.0,36.0,0,0,,inactive
6595,terminal_or_isolated,1,181.0,184.0,43.0,724.0,736.0,172.0,36.0,1,1,16822,terminal
6596,terminal_or_isolated,1,181.0,184.0,124.0,724.0,736.0,496.0,36.0,1,1,16824,terminal
6597,terminal_or_isolated,1,181.0,188.0,35.0,724.0,752.0,140.0,36.0,1,1,16293,terminal
6598,terminal_or_isolated,1,181.0,188.0,75.0,724.0,752.0,300.0,36.0,1,1,16272,terminal
6599,terminal_or_isolated,1,181.0,188.0,94.0,724.0,752.0,376.0,36.0,1,1,16277,terminal
6600,terminal_or_isolated,1,182.0,49.0,191.0,728.0,196.0,764.0,32.0,1,1,16317,terminal
6601,terminal_or_isolated,1,182.0,69.0,191.0,728.0,276.0,764.0,32.0,1,1,16320,terminal
6602,terminal_or_isolated,1,182.0,127.0,8.0,728.0,508.0,32.0,32.0,0,0,,inactive
6603,terminal_or_isolated,1,182.0,128.0,191.0,728.0,512.0,764.0,32.0,1,1,16007,terminal
6604,terminal_or_isolated,1,182.0,132.0,14.0,728.0,528.0,56.0,32.0,1,1,16783,terminal
6605,terminal_or_isolated,1,182.0,160.0,184.0,728.0,640.0,736.0,32.0,0,0,,inactive
6606,terminal_or_isolated,1,182.0,189.0,55.0,728.0,756.0,220.0,32.0,1,1,16265,terminal
6607,terminal_or_isolated,1,183.0,51.0,12.0,732.0,204.0,48.0,28.0,1,1,16473,terminal
6608,terminal_or_isolated,1,183.0,54.0,10.0,732.0,216.0,40.0,28.0,1,1,16482,terminal
6609,terminal_or_isolated,1,183.0,68.0,7.0,732.0,272.0,28.0,28.0,0,0,,inactive
6610,terminal_or_isolated,1,183.0,82.0,8.0,732.0,328.0,32.0,28.0,1,1,16511,terminal
6611,terminal_or_isolated,1,183.0,93.0,8.0,732.0,372.0,32.0,28.0,0,0,,inactive
6612,terminal_or_isolated,1,183.0,96.0,8.0,732.0,384.0,32.0,28.0,1,1,16536,terminal
6613,terminal_or_isolated,1,183.0,114.0,8.0,732.0,456.0,32.0,28.0,0,0,,inactive
6614,terminal_or_isolated,1,183.0,131.0,9.0,732.0,524.0,36.0,28.0,0,0,,inactive
6615,terminal_or_isolated,1,183.0,135.0,11.0,732.0,540.0,44.0,28.0,0,0,,inactive
6616,terminal_or_isolated,1,183.0,168.0,11.0,732.0,672.0,44.0,28.0,0,0,,inactive
6617,terminal_or_isolated,1,187.0,64.0,12.0,748.0,256.0,48.0,12.0,1,1,16380,terminal
6618,terminal_or_isolated,1,189.0,118.0,11.0,756.0,472.0,44.0,4.0,1,1,16775,terminal
6619,terminal_or_isolated,1,190.0,101.0,10.0,760.0,404.0,40.0,0.0,0,0,,inactive
